==========================================================
Project 81: Seat-Aware k6 Proof Runner
Seat: cael
Target Candidate SHA: 1cc8f4e3d617ef6f173283ef83d7b739a4995734
Deployed Runtime SHA: OpenClaw 2026.6.11 (1cc8f4e)
Session: agent:main:discord:channel:1466192485440164011
Artifact root: /home/figs/actions-runner/_work/openclaw-bootstrap/openclaw-bootstrap/openclaw-bootstrap/PROOFS/1cc8f4e3d617ef6f173283ef83d7b739a4995734/project81-k6/20260707T194227Z-cael-dgx-2026911
Rows: preflight,R-CD-1,R-CD-2,R-CD-4,R-CD-CHAINED-DEPTH-2,R-CD-MODEL-CHAINED-ALT,R-CD-MODEL-DEFAULT,R-CD-MODEL-TOKEN,R-CD-MODEL-TOOL,R-CD-TOKEN,R-CONFIG-defaults,R-CW-1,R-CW-4,R-CW-DELEGATE-SELF-CONTINUATION,R-CW-TOKEN,R-OBS-status,R-RC-1
Dry Run: false
==========================================================
Running seat-readiness preflight (k6/tooling/gateway/continuation config)...
SEAT READINESS: /home/figs/actions-runner/_work/openclaw-bootstrap/openclaw-bootstrap/openclaw-bootstrap/PROOFS/1cc8f4e3d617ef6f173283ef83d7b739a4995734/project81-k6/20260707T194227Z-cael-dgx-2026911/seat-readiness.json

----------------------------------------
Row: PREFLIGHT
Manifest: /home/figs/actions-runner/_work/openclaw-bootstrap/openclaw-bootstrap/karmaterminal-openclaw-docs/tools/k6-proofs/manifests/preflight.example.json
Scenario: scenarios/preflight.js
Status: runnable
Live Safety: static-preflight-only
[PREFLIGHT] SKIPPED: liveRunSafety classification (static-preflight-only) rejects unattended live fire.

----------------------------------------
Row: R-CD-1
Manifest: /home/figs/actions-runner/_work/openclaw-bootstrap/openclaw-bootstrap/karmaterminal-openclaw-docs/tools/k6-proofs/manifests/r-cd-1.json
Scenario: scenarios/r-cd-1-typed-delegate.js
Status: runnable
Live Safety: k6-runnable
[R-CD-1] RUNNING...

         /\      Grafana   /‾‾/  
    /\  /  \     |\  __   /  /   
   /  \/    \    | |/ /  /   ‾‾\ 
  /          \   |   (  |  (‾)  |
 / __________ \  |_|\_\  \_____/ 


     execution: local
        script: scenarios/r-cd-1-typed-delegate.js
        output: -

     scenarios: (100.00%) 1 scenario, 1 max VUs, 3m0s max duration (incl. graceful stop):
              * r_cd_1_typed_delegate: 1 iterations shared among 1 VUs (maxDuration: 2m30s, gracefulStop: 30s)

time="2026-07-07T12:42:30-07:00" level=info msg="✓ disposable session created: agent:main:r-cd-1-r-cd-1-1783453349730-odmekp7i" source=console
time="2026-07-07T12:42:30-07:00" level=info msg="✓ sessions.send accepted — agent turn triggered (will call continue_delegate)" source=console

running (0m01.0s), 1/1 VUs, 0 complete and 0 interrupted iterations
r_cd_1_typed_delegate   [   0% ] 1 VUs  0m01.0s/2m30s  0/1 shared iters

running (0m02.0s), 1/1 VUs, 0 complete and 0 interrupted iterations
r_cd_1_typed_delegate   [   0% ] 1 VUs  0m02.0s/2m30s  0/1 shared iters

running (0m03.0s), 1/1 VUs, 0 complete and 0 interrupted iterations
r_cd_1_typed_delegate   [   0% ] 1 VUs  0m03.0s/2m30s  0/1 shared iters

running (0m04.0s), 1/1 VUs, 0 complete and 0 interrupted iterations
r_cd_1_typed_delegate   [   0% ] 1 VUs  0m04.0s/2m30s  0/1 shared iters
time="2026-07-07T12:42:34-07:00" level=info msg="ℹ Ignoring harness prompt echo event" source=console

running (0m05.0s), 1/1 VUs, 0 complete and 0 interrupted iterations
r_cd_1_typed_delegate   [   0% ] 1 VUs  0m05.0s/2m30s  0/1 shared iters
time="2026-07-07T12:42:35-07:00" level=info msg="ℹ Ignoring harness prompt echo event" source=console

running (0m06.0s), 1/1 VUs, 0 complete and 0 interrupted iterations
r_cd_1_typed_delegate   [   0% ] 1 VUs  0m06.0s/2m30s  0/1 shared iters
time="2026-07-07T12:42:36-07:00" level=info msg="ℹ Ignoring harness prompt echo event" source=console

running (0m07.0s), 1/1 VUs, 0 complete and 0 interrupted iterations
r_cd_1_typed_delegate   [   0% ] 1 VUs  0m07.0s/2m30s  0/1 shared iters

running (0m08.0s), 1/1 VUs, 0 complete and 0 interrupted iterations
r_cd_1_typed_delegate   [   0% ] 1 VUs  0m08.0s/2m30s  0/1 shared iters

running (0m09.0s), 1/1 VUs, 0 complete and 0 interrupted iterations
r_cd_1_typed_delegate   [   0% ] 1 VUs  0m09.0s/2m30s  0/1 shared iters

running (0m10.0s), 1/1 VUs, 0 complete and 0 interrupted iterations
r_cd_1_typed_delegate   [   0% ] 1 VUs  0m10.0s/2m30s  0/1 shared iters
time="2026-07-07T12:42:40-07:00" level=info msg="✓ CD1-DONE/delegate return evidence observed post-dispatch: session.message" source=console
time="2026-07-07T12:42:40-07:00" level=info msg="ℹ Channel message from delegate return (expected for mode=normal)" source=console
time="2026-07-07T12:42:40-07:00" level=info msg="✓ CD1-DONE/delegate return evidence observed post-dispatch: agent" source=console
time="2026-07-07T12:42:40-07:00" level=info msg="✓ CD1-DONE/delegate return evidence observed post-dispatch: agent" source=console

running (0m11.0s), 1/1 VUs, 0 complete and 0 interrupted iterations
r_cd_1_typed_delegate   [   0% ] 1 VUs  0m11.0s/2m30s  0/1 shared iters

running (0m12.0s), 1/1 VUs, 0 complete and 0 interrupted iterations
r_cd_1_typed_delegate   [   0% ] 1 VUs  0m12.0s/2m30s  0/1 shared iters

running (0m13.0s), 1/1 VUs, 0 complete and 0 interrupted iterations
r_cd_1_typed_delegate   [   0% ] 1 VUs  0m13.0s/2m30s  0/1 shared iters

running (0m14.0s), 1/1 VUs, 0 complete and 0 interrupted iterations
r_cd_1_typed_delegate   [   0% ] 1 VUs  0m14.0s/2m30s  0/1 shared iters

running (0m15.0s), 1/1 VUs, 0 complete and 0 interrupted iterations
r_cd_1_typed_delegate   [   0% ] 1 VUs  0m15.0s/2m30s  0/1 shared iters
time="2026-07-07T12:42:44-07:00" level=info msg="✓ CD1-DELEGATE-SCHEDULED sentinel observed post-dispatch: session.message" source=console
time="2026-07-07T12:42:44-07:00" level=info msg="ℹ Channel message from delegate return (expected for mode=normal)" source=console
time="2026-07-07T12:42:44-07:00" level=info msg="Required R-CD-1 receipts gathered, closing early" source=console
time="2026-07-07T12:42:44-07:00" level=info msg="\n--- R-CD-1 EVIDENCE SUMMARY ---" source=console
time="2026-07-07T12:42:44-07:00" level=info msg="{\n  \"row\": \"R-CD-1\",\n  \"manifest_loaded\": true,\n  \"nonce\": \"R-CD-1-1783453349730-odmekp7i\",\n  \"seat\": \"cael\",\n  \"requestedSessionKey\": \"agent:main:discord:channel:1466192485440164011\",\n  \"sessionKey\": \"agent:main:r-cd-1-r-cd-1-1783453349730-odmekp7i\",\n  \"session_created\": true,\n  \"created_session_key\": \"agent:main:r-cd-1-r-cd-1-1783453349730-odmekp7i\",\n  \"candidateSha\": \"1cc8f4e3d617ef6f173283ef83d7b739a4995734\",\n  \"started\": \"2026-07-07T19:42:29.730Z\",\n  \"tool_invoke_accepted\": true,\n  \"delegate_scheduled_sentinel\": true,\n  \"parent_return_event\": true,\n  \"task_ledger_entry_optional\": false,\n  \"child_session_key\": null,\n  \"channel_message_observed\": true,\n  \"dispatch_accepted_at_ms\": 1783453350567,\n  \"wake_gate_ms\": 5000,\n  \"trace_id\": null,\n  \"redacted_events\": [\n    {\n      \"ts\": 1783453349731,\n      \"kind\": \"event\",\n      \"method\": null,\n      \"event\": \"connect.challenge\",\n      \"ok\": null,\n      \"data\": null\n    },\n    {\n      \"ts\": 1783453349733,\n      \"kind\": \"other\",\n      \"method\": null,\n      \"event\": null,\n      \"ok\": null,\n      \"data\": null\n    },\n    {\n      \"ts\": 1783453349773,\n      \"kind\": \"event\",\n      \"method\": null,\n      \"event\": \"health\",\n      \"ok\": null,\n      \"data\": null\n    },\n    {\n      \"ts\": 1783453349843,\n      \"kind\": \"event\",\n      \"method\": null,\n      \"event\": \"health\",\n      \"ok\": null,\n      \"data\": null\n    },\n    {\n      \"ts\": 1783453350039,\n      \"kind\": \"response\",\n      \"method\": \"sessions.create\",\n      \"event\": null,\n      \"ok\": true,\n      \"data\": {\n        \"ok\": true\n      }\n    },\n    {\n      \"ts\": 1783453350058,\n      \"kind\": \"response\",\n      \"method\": \"sessions.messages.subscribe\",\n      \"event\": null,\n      \"ok\": true,\n      \"data\": {}\n    },\n    {\n      \"ts\": 1783453350058,\n      \"kind\": \"event\",\n      \"method\": null,\n      \"event\": \"tick\",\n      \"ok\": null,\n      \"data\": null\n    },\n    {\n      \"ts\": 1783453350566,\n      \"kind\": \"response\",\n      \"method\": \"sessions.send\",\n      \"event\": null,\n      \"ok\": true,\n      \"data\": {\n        \"runId\": \"R-CD-1-DISPATCH-R-CD-1-1783453349730-odmekp7i\",\n        \"status\": \"started\"\n      }\n    },\n    {\n      \"ts\": 1783453351150,\n      \"kind\": \"event\",\n      \"method\": null,\n      \"event\": \"agent\",\n      \"ok\": null,\n      \"data\": null\n    },\n    {\n      \"ts\": 1783453354205,\n      \"kind\": \"event\",\n      \"method\": null,\n      \"event\": \"agent\",\n      \"ok\": null,\n      \"data\": null\n    },\n    {\n      \"ts\": 1783453355431,\n      \"kind\": \"response\",\n      \"method\": \"tasks.list\",\n      \"event\": null,\n      \"ok\": true,\n      \"data\": {}\n    },\n    {\n      \"ts\": 1783453355485,\n      \"kind\": \"event\",\n      \"method\": null,\n      \"event\": \"health\",\n      \"ok\": null,\n      \"data\": null\n    },\n    {\n      \"ts\": 1783453355496,\n      \"kind\": \"event\",\n      \"method\": null,\n      \"event\": \"presence\",\n      \"ok\": null,\n      \"data\": null\n    },\n    {\n      \"ts\": 1783453355526,\n      \"kind\": \"event\",\n      \"method\": null,\n      \"event\": \"agent\",\n      \"ok\": null,\n      \"data\": null\n    },\n    {\n      \"ts\": 1783453356479,\n      \"kind\": \"event\",\n      \"method\": null,\n      \"event\": \"agent\",\n      \"ok\": null,\n      \"data\": null\n    },\n    {\n      \"ts\": 1783453356479,\n      \"kind\": \"event\",\n      \"method\": null,\n      \"event\": \"chat\",\n      \"ok\": null,\n      \"data\": null\n    },\n    {\n      \"ts\": 1783453356589,\n      \"kind\": \"event\",\n      \"method\": null,\n      \"event\": \"agent\",\n      \"ok\": null,\n      \"data\": null\n    },\n    {\n      \"ts\": 1783453356620,\n      \"kind\": \"event\",\n      \"method\": null,\n      \"event\": \"session.message\",\n      \"ok\": null,\n      \"data\": null\n    },\n    {\n      \"ts\": 1783453360241,\n      \"kind\": \"event\",\n      \"method\": null,\n      \"event\": \"session.message\",\n      \"ok\": null,\n      \"data\": null\n    },\n    {\n      \"ts\": 1783453360262,\n      \"kind\": \"event\",\n      \"method\": null,\n      \"event\": \"agent\",\n      \"ok\": null,\n      \"data\": null\n    },\n    {\n      \"ts\": 1783453360297,\n      \"kind\": \"event\",\n      \"method\": null,\n      \"event\": \"agent\",\n      \"ok\": null,\n      \"data\": null\n    },\n    {\n      \"ts\": 1783453364310,\n      \"kind\": \"event\",\n      \"method\": null,\n      \"event\": \"agent\",\n      \"ok\": null,\n      \"data\": null\n    },\n    {\n      \"ts\": 1783453364310,\n      \"kind\": \"event\",\n      \"method\": null,\n      \"event\": \"chat\",\n      \"ok\": null,\n      \"data\": null\n    },\n    {\n      \"ts\": 1783453364697,\n      \"kind\": \"event\",\n      \"method\": null,\n      \"event\": \"agent\",\n      \"ok\": null,\n      \"data\": null\n    },\n    {\n      \"ts\": 1783453364697,\n      \"kind\": \"event\",\n      \"method\": null,\n      \"event\": \"agent\",\n      \"ok\": null,\n      \"data\": null\n    },\n    {\n      \"ts\": 1783453364697,\n      \"kind\": \"event\",\n      \"method\": null,\n      \"event\": \"chat\",\n      \"ok\": null,\n      \"data\": null\n    },\n    {\n      \"ts\": 1783453364793,\n      \"kind\": \"event\",\n      \"method\": null,\n      \"event\": \"session.message\",\n      \"ok\": null,\n      \"data\": null\n    }\n  ],\n  \"ended\": \"2026-07-07T19:42:44.793Z\",\n  \"duration_ms\": 15063\n}" source=console
time="2026-07-07T12:42:44-07:00" level=info msg="--- END EVIDENCE ---" source=console
time="2026-07-07T12:42:44-07:00" level=info msg="\n[R-CD-1] VERDICT: PASS-candidate" source=console

[R-CD-1] Summary: PASS-candidate | SHA: 1cc8f4e3d617ef6f173283ef83d7b739a4995734 | Seat: cael

running (0m15.1s), 0/1 VUs, 1 complete and 0 interrupted iterations
r_cd_1_typed_delegate ✓ [ 100% ] 1 VUs  0m15.1s/2m30s  1/1 shared iters
./r-cd-1-typed-delegate-summary.json
[R-CD-1] METRICS: /home/figs/actions-runner/_work/openclaw-bootstrap/openclaw-bootstrap/openclaw-bootstrap/PROOFS/1cc8f4e3d617ef6f173283ef83d7b739a4995734/project81-k6/20260707T194227Z-cael-dgx-2026911/1cc8f4e3d617ef6f173283ef83d7b739a4995734/R-CD-1/cael/20260707T194229Z-r-cd-1/openclaw-proofs-k6.prom
[R-CD-1] ARTIFACTS: /home/figs/actions-runner/_work/openclaw-bootstrap/openclaw-bootstrap/openclaw-bootstrap/PROOFS/1cc8f4e3d617ef6f173283ef83d7b739a4995734/project81-k6/20260707T194227Z-cael-dgx-2026911/1cc8f4e3d617ef6f173283ef83d7b739a4995734/R-CD-1/cael/20260707T194229Z-r-cd-1
[R-CD-1] COMPLETED.
Observability check: query Grafana for run/nonce or review Tempo traces if trace ID was emitted.

----------------------------------------
Row: R-CD-2
Manifest: /home/figs/actions-runner/_work/openclaw-bootstrap/openclaw-bootstrap/karmaterminal-openclaw-docs/tools/k6-proofs/manifests/r-cd-2.json
Scenario: scenarios/r-cd-2-silent-wake.js
Status: runnable
Live Safety: k6-runnable
[R-CD-2] RUNNING...

         /\      Grafana   /‾‾/  
    /\  /  \     |\  __   /  /   
   /  \/    \    | |/ /  /   ‾‾\ 
  /          \   |   (  |  (‾)  |
 / __________ \  |_|\_\  \_____/ 


     execution: local
        script: scenarios/r-cd-2-silent-wake.js
        output: -

     scenarios: (100.00%) 1 scenario, 1 max VUs, 2m30s max duration (incl. graceful stop):
              * r_cd_2_silent_wake: 1 iterations shared among 1 VUs (maxDuration: 2m0s, gracefulStop: 30s)

time="2026-07-07T12:42:45-07:00" level=info msg="✓ disposable session created: agent:main:r-cd-2-r-cd-2-1783453365020-kwkkj5zj" source=console

running (0m01.0s), 1/1 VUs, 0 complete and 0 interrupted iterations
r_cd_2_silent_wake   [   0% ] 1 VUs  0m01.0s/2m0s  0/1 shared iters
time="2026-07-07T12:42:46-07:00" level=info msg="✓ sessions.send accepted — agent turn triggered for R-CD-2 (mode=silent-wake)" source=console

running (0m02.0s), 1/1 VUs, 0 complete and 0 interrupted iterations
r_cd_2_silent_wake   [   0% ] 1 VUs  0m02.0s/2m0s  0/1 shared iters

running (0m03.0s), 1/1 VUs, 0 complete and 0 interrupted iterations
r_cd_2_silent_wake   [   0% ] 1 VUs  0m03.0s/2m0s  0/1 shared iters

running (0m04.0s), 1/1 VUs, 0 complete and 0 interrupted iterations
r_cd_2_silent_wake   [   0% ] 1 VUs  0m04.0s/2m0s  0/1 shared iters

running (0m05.0s), 1/1 VUs, 0 complete and 0 interrupted iterations
r_cd_2_silent_wake   [   0% ] 1 VUs  0m05.0s/2m0s  0/1 shared iters

running (0m06.0s), 1/1 VUs, 0 complete and 0 interrupted iterations
r_cd_2_silent_wake   [   0% ] 1 VUs  0m06.0s/2m0s  0/1 shared iters

running (0m07.0s), 1/1 VUs, 0 complete and 0 interrupted iterations
r_cd_2_silent_wake   [   0% ] 1 VUs  0m07.0s/2m0s  0/1 shared iters

running (0m08.0s), 1/1 VUs, 0 complete and 0 interrupted iterations
r_cd_2_silent_wake   [   0% ] 1 VUs  0m08.0s/2m0s  0/1 shared iters

running (0m09.0s), 1/1 VUs, 0 complete and 0 interrupted iterations
r_cd_2_silent_wake   [   0% ] 1 VUs  0m09.0s/2m0s  0/1 shared iters

running (0m10.0s), 1/1 VUs, 0 complete and 0 interrupted iterations
r_cd_2_silent_wake   [   0% ] 1 VUs  0m10.0s/2m0s  0/1 shared iters

running (0m11.0s), 1/1 VUs, 0 complete and 0 interrupted iterations
r_cd_2_silent_wake   [   0% ] 1 VUs  0m11.0s/2m0s  0/1 shared iters

running (0m12.0s), 1/1 VUs, 0 complete and 0 interrupted iterations
r_cd_2_silent_wake   [   0% ] 1 VUs  0m12.0s/2m0s  0/1 shared iters

running (0m13.0s), 1/1 VUs, 0 complete and 0 interrupted iterations
r_cd_2_silent_wake   [   0% ] 1 VUs  0m13.0s/2m0s  0/1 shared iters

running (0m14.0s), 1/1 VUs, 0 complete and 0 interrupted iterations
r_cd_2_silent_wake   [   0% ] 1 VUs  0m14.0s/2m0s  0/1 shared iters
time="2026-07-07T12:42:59-07:00" level=info msg="✓ delayed session.message event observed (silent-wake return candidate)" source=console
time="2026-07-07T12:42:59-07:00" level=info msg="ℹ dispatch instruction channel event observed (not delegate return)" source=console
time="2026-07-07T12:42:59-07:00" level=info msg="Primary silent-wake evidence gathered, closing early" source=console
time="2026-07-07T12:42:59-07:00" level=info msg="R_CD_2_EVIDENCE {\"row\":\"R-CD-2\",\"manifest_loaded\":true,\"nonce\":\"R-CD-2-1783453365020-kwkkj5zj\",\"seat\":\"cael\",\"sessionKey\":\"agent:main:r-cd-2-r-cd-2-1783453365020-kwkkj5zj\",\"requestedSessionKey\":\"agent:main:discord:channel:1466192485440164011\",\"session_created\":true,\"created_session_key\":\"agent:main:r-cd-2-r-cd-2-1783453365020-kwkkj5zj\",\"candidateSha\":\"1cc8f4e3d617ef6f173283ef83d7b739a4995734\",\"started\":\"2026-07-07T19:42:45.020Z\",\"tool_accepted\":true,\"task_created\":false,\"task_mode\":null,\"agent_turn_observed\":true,\"parent_wake_observed\":true,\"dispatch_channel_message_observed\":true,\"channel_message_observed\":false,\"dispatch_accepted_at_ms\":1783453366084,\"wake_gate_ms\":5000,\"child_session\":null,\"trace_id\":null,\"redacted_events\":[{\"ts\":1783453365022,\"kind\":\"event\",\"method\":null,\"event\":\"connect.challenge\",\"ok\":null,\"data\":null},{\"ts\":1783453365023,\"kind\":\"other\",\"method\":null,\"event\":null,\"ok\":null,\"data\":null},{\"ts\":1783453365078,\"kind\":\"event\",\"method\":null,\"event\":\"health\",\"ok\":null,\"data\":null},{\"ts\":1783453365482,\"kind\":\"response\",\"method\":\"sessions.create\",\"event\":null,\"ok\":true,\"data\":{\"ok\":true}},{\"ts\":1783453365525,\"kind\":\"response\",\"method\":\"sessions.messages.subscribe\",\"event\":null,\"ok\":true,\"data\":{}},{\"ts\":1783453365920,\"kind\":\"event\",\"method\":null,\"event\":\"health\",\"ok\":null,\"data\":null},{\"ts\":1783453366084,\"kind\":\"response\",\"method\":\"sessions.send\",\"event\":null,\"ok\":true,\"data\":{\"runId\":\"R-CD-2-R-CD-2-1783453365020-kwkkj5zj\",\"status\":\"started\"}},{\"ts\":1783453366935,\"kind\":\"event\",\"method\":null,\"event\":\"agent\",\"ok\":null,\"data\":null},{\"ts\":1783453369515,\"kind\":\"event\",\"method\":null,\"event\":\"agent\",\"ok\":null,\"data\":null},{\"ts\":1783453370488,\"kind\":\"response\",\"method\":\"tasks.list\",\"event\":null,\"ok\":true,\"data\":{}},{\"ts\":1783453370857,\"kind\":\"event\",\"method\":null,\"event\":\"health\",\"ok\":null,\"data\":null},{\"ts\":1783453370865,\"kind\":\"event\",\"method\":null,\"event\":\"presence\",\"ok\":null,\"data\":null},{\"ts\":1783453371020,\"kind\":\"event\",\"method\":null,\"event\":\"agent\",\"ok\":null,\"data\":null},{\"ts\":1783453375019,\"kind\":\"event\",\"method\":null,\"event\":\"agent\",\"ok\":null,\"data\":null},{\"ts\":1783453375019,\"kind\":\"event\",\"method\":null,\"event\":\"chat\",\"ok\":null,\"data\":null},{\"ts\":1783453375375,\"kind\":\"event\",\"method\":null,\"event\":\"agent\",\"ok\":null,\"data\":null},{\"ts\":1783453375424,\"kind\":\"event\",\"method\":null,\"event\":\"agent\",\"ok\":null,\"data\":null},{\"ts\":1783453377358,\"kind\":\"event\",\"method\":null,\"event\":\"agent\",\"ok\":null,\"data\":null},{\"ts\":1783453378564,\"kind\":\"event\",\"method\":null,\"event\":\"health\",\"ok\":null,\"data\":null},{\"ts\":1783453378575,\"kind\":\"event\",\"method\":null,\"event\":\"presence\",\"ok\":null,\"data\":null},{\"ts\":1783453378736,\"kind\":\"event\",\"method\":null,\"event\":\"agent\",\"ok\":null,\"data\":null},{\"ts\":1783453378819,\"kind\":\"event\",\"method\":null,\"event\":\"agent\",\"ok\":null,\"data\":null},{\"ts\":1783453378819,\"kind\":\"event\",\"method\":null,\"event\":\"chat\",\"ok\":null,\"data\":null},{\"ts\":1783453378890,\"kind\":\"event\",\"method\":null,\"event\":\"agent\",\"ok\":null,\"data\":null},{\"ts\":1783453378890,\"kind\":\"event\",\"method\":null,\"event\":\"agent\",\"ok\":null,\"data\":null},{\"ts\":1783453379010,\"kind\":\"event\",\"method\":null,\"event\":\"agent\",\"ok\":null,\"data\":null},{\"ts\":1783453379010,\"kind\":\"event\",\"method\":null,\"event\":\"chat\",\"ok\":null,\"data\":null},{\"ts\":1783453379010,\"kind\":\"event\",\"method\":null,\"event\":\"chat\",\"ok\":null,\"data\":null},{\"ts\":1783453379050,\"kind\":\"event\",\"method\":null,\"event\":\"presence\",\"ok\":null,\"data\":null},{\"ts\":1783453379131,\"kind\":\"event\",\"method\":null,\"event\":\"health\",\"ok\":null,\"data\":null},{\"ts\":1783453379154,\"kind\":\"event\",\"method\":null,\"event\":\"presence\",\"ok\":null,\"data\":null},{\"ts\":1783453379776,\"kind\":\"event\",\"method\":null,\"event\":\"agent\",\"ok\":null,\"data\":null},{\"ts\":1783453379776,\"kind\":\"event\",\"method\":null,\"event\":\"chat\",\"ok\":null,\"data\":null},{\"ts\":1783453379880,\"kind\":\"event\",\"method\":null,\"event\":\"agent\",\"ok\":null,\"data\":null},{\"ts\":1783453379914,\"kind\":\"event\",\"method\":null,\"event\":\"session.message\",\"ok\":null,\"data\":null}],\"ended\":\"2026-07-07T19:42:59.914Z\",\"duration_ms\":14894}" source=console
time="2026-07-07T12:42:59-07:00" level=info msg="\n--- R-CD-2 EVIDENCE SUMMARY ---" source=console
time="2026-07-07T12:42:59-07:00" level=info msg="{\n  \"row\": \"R-CD-2\",\n  \"manifest_loaded\": true,\n  \"nonce\": \"R-CD-2-1783453365020-kwkkj5zj\",\n  \"seat\": \"cael\",\n  \"sessionKey\": \"agent:main:r-cd-2-r-cd-2-1783453365020-kwkkj5zj\",\n  \"requestedSessionKey\": \"agent:main:discord:channel:1466192485440164011\",\n  \"session_created\": true,\n  \"created_session_key\": \"agent:main:r-cd-2-r-cd-2-1783453365020-kwkkj5zj\",\n  \"candidateSha\": \"1cc8f4e3d617ef6f173283ef83d7b739a4995734\",\n  \"started\": \"2026-07-07T19:42:45.020Z\",\n  \"tool_accepted\": true,\n  \"task_created\": false,\n  \"task_mode\": null,\n  \"agent_turn_observed\": true,\n  \"parent_wake_observed\": true,\n  \"dispatch_channel_message_observed\": true,\n  \"channel_message_observed\": false,\n  \"dispatch_accepted_at_ms\": 1783453366084,\n  \"wake_gate_ms\": 5000,\n  \"child_session\": null,\n  \"trace_id\": null,\n  \"redacted_events\": [\n    {\n      \"ts\": 1783453365022,\n      \"kind\": \"event\",\n      \"method\": null,\n      \"event\": \"connect.challenge\",\n      \"ok\": null,\n      \"data\": null\n    },\n    {\n      \"ts\": 1783453365023,\n      \"kind\": \"other\",\n      \"method\": null,\n      \"event\": null,\n      \"ok\": null,\n      \"data\": null\n    },\n    {\n      \"ts\": 1783453365078,\n      \"kind\": \"event\",\n      \"method\": null,\n      \"event\": \"health\",\n      \"ok\": null,\n      \"data\": null\n    },\n    {\n      \"ts\": 1783453365482,\n      \"kind\": \"response\",\n      \"method\": \"sessions.create\",\n      \"event\": null,\n      \"ok\": true,\n      \"data\": {\n        \"ok\": true\n      }\n    },\n    {\n      \"ts\": 1783453365525,\n      \"kind\": \"response\",\n      \"method\": \"sessions.messages.subscribe\",\n      \"event\": null,\n      \"ok\": true,\n      \"data\": {}\n    },\n    {\n      \"ts\": 1783453365920,\n      \"kind\": \"event\",\n      \"method\": null,\n      \"event\": \"health\",\n      \"ok\": null,\n      \"data\": null\n    },\n    {\n      \"ts\": 1783453366084,\n      \"kind\": \"response\",\n      \"method\": \"sessions.send\",\n      \"event\": null,\n      \"ok\": true,\n      \"data\": {\n        \"runId\": \"R-CD-2-R-CD-2-1783453365020-kwkkj5zj\",\n        \"status\": \"started\"\n      }\n    },\n    {\n      \"ts\": 1783453366935,\n      \"kind\": \"event\",\n      \"method\": null,\n      \"event\": \"agent\",\n      \"ok\": null,\n      \"data\": null\n    },\n    {\n      \"ts\": 1783453369515,\n      \"kind\": \"event\",\n      \"method\": null,\n      \"event\": \"agent\",\n      \"ok\": null,\n      \"data\": null\n    },\n    {\n      \"ts\": 1783453370488,\n      \"kind\": \"response\",\n      \"method\": \"tasks.list\",\n      \"event\": null,\n      \"ok\": true,\n      \"data\": {}\n    },\n    {\n      \"ts\": 1783453370857,\n      \"kind\": \"event\",\n      \"method\": null,\n      \"event\": \"health\",\n      \"ok\": null,\n      \"data\": null\n    },\n    {\n      \"ts\": 1783453370865,\n      \"kind\": \"event\",\n      \"method\": null,\n      \"event\": \"presence\",\n      \"ok\": null,\n      \"data\": null\n    },\n    {\n      \"ts\": 1783453371020,\n      \"kind\": \"event\",\n      \"method\": null,\n      \"event\": \"agent\",\n      \"ok\": null,\n      \"data\": null\n    },\n    {\n      \"ts\": 1783453375019,\n      \"kind\": \"event\",\n      \"method\": null,\n      \"event\": \"agent\",\n      \"ok\": null,\n      \"data\": null\n    },\n    {\n      \"ts\": 1783453375019,\n      \"kind\": \"event\",\n      \"method\": null,\n      \"event\": \"chat\",\n      \"ok\": null,\n      \"data\": null\n    },\n    {\n      \"ts\": 1783453375375,\n      \"kind\": \"event\",\n      \"method\": null,\n      \"event\": \"agent\",\n      \"ok\": null,\n      \"data\": null\n    },\n    {\n      \"ts\": 1783453375424,\n      \"kind\": \"event\",\n      \"method\": null,\n      \"event\": \"agent\",\n      \"ok\": null,\n      \"data\": null\n    },\n    {\n      \"ts\": 1783453377358,\n      \"kind\": \"event\",\n      \"method\": null,\n      \"event\": \"agent\",\n      \"ok\": null,\n      \"data\": null\n    },\n    {\n      \"ts\": 1783453378564,\n      \"kind\": \"event\",\n      \"method\": null,\n      \"event\": \"health\",\n      \"ok\": null,\n      \"data\": null\n    },\n    {\n      \"ts\": 1783453378575,\n      \"kind\": \"event\",\n      \"method\": null,\n      \"event\": \"presence\",\n      \"ok\": null,\n      \"data\": null\n    },\n    {\n      \"ts\": 1783453378736,\n      \"kind\": \"event\",\n      \"method\": null,\n      \"event\": \"agent\",\n      \"ok\": null,\n      \"data\": null\n    },\n    {\n      \"ts\": 1783453378819,\n      \"kind\": \"event\",\n      \"method\": null,\n      \"event\": \"agent\",\n      \"ok\": null,\n      \"data\": null\n    },\n    {\n      \"ts\": 1783453378819,\n      \"kind\": \"event\",\n      \"method\": null,\n      \"event\": \"chat\",\n      \"ok\": null,\n      \"data\": null\n    },\n    {\n      \"ts\": 1783453378890,\n      \"kind\": \"event\",\n      \"method\": null,\n      \"event\": \"agent\",\n      \"ok\": null,\n      \"data\": null\n    },\n    {\n      \"ts\": 1783453378890,\n      \"kind\": \"event\",\n      \"method\": null,\n      \"event\": \"agent\",\n      \"ok\": null,\n      \"data\": null\n    },\n    {\n      \"ts\": 1783453379010,\n      \"kind\": \"event\",\n      \"method\": null,\n      \"event\": \"agent\",\n      \"ok\": null,\n      \"data\": null\n    },\n    {\n      \"ts\": 1783453379010,\n      \"kind\": \"event\",\n      \"method\": null,\n      \"event\": \"chat\",\n      \"ok\": null,\n      \"data\": null\n    },\n    {\n      \"ts\": 1783453379010,\n      \"kind\": \"event\",\n      \"method\": null,\n      \"event\": \"chat\",\n      \"ok\": null,\n      \"data\": null\n    },\n    {\n      \"ts\": 1783453379050,\n      \"kind\": \"event\",\n      \"method\": null,\n      \"event\": \"presence\",\n      \"ok\": null,\n      \"data\": null\n    },\n    {\n      \"ts\": 1783453379131,\n      \"kind\": \"event\",\n      \"method\": null,\n      \"event\": \"health\",\n      \"ok\": null,\n      \"data\": null\n    },\n    {\n      \"ts\": 1783453379154,\n      \"kind\": \"event\",\n      \"method\": null,\n      \"event\": \"presence\",\n      \"ok\": null,\n      \"data\": null\n    },\n    {\n      \"ts\": 1783453379776,\n      \"kind\": \"event\",\n      \"method\": null,\n      \"event\": \"agent\",\n      \"ok\": null,\n      \"data\": null\n    },\n    {\n      \"ts\": 1783453379776,\n      \"kind\": \"event\",\n      \"method\": null,\n      \"event\": \"chat\",\n      \"ok\": null,\n      \"data\": null\n    },\n    {\n      \"ts\": 1783453379880,\n      \"kind\": \"event\",\n      \"method\": null,\n      \"event\": \"agent\",\n      \"ok\": null,\n      \"data\": null\n    },\n    {\n      \"ts\": 1783453379914,\n      \"kind\": \"event\",\n      \"method\": null,\n      \"event\": \"session.message\",\n      \"ok\": null,\n      \"data\": null\n    }\n  ],\n  \"ended\": \"2026-07-07T19:42:59.914Z\",\n  \"duration_ms\": 14894\n}" source=console
time="2026-07-07T12:42:59-07:00" level=info msg="--- END EVIDENCE ---" source=console
time="2026-07-07T12:42:59-07:00" level=info msg="\n[R-CD-2] VERDICT: PASS-candidate" source=console

[R-CD-2] Summary: PASS-candidate | SHA: 1cc8f4e3d617ef6f173283ef83d7b739a4995734 | Seat: cael

running (0m14.9s), 0/1 VUs, 1 complete and 0 interrupted iterations
r_cd_2_silent_wake ✓ [ 100% ] 1 VUs  0m14.9s/2m0s  1/1 shared iters
./r-cd-2-summary.json
[R-CD-2] METRICS: /home/figs/actions-runner/_work/openclaw-bootstrap/openclaw-bootstrap/openclaw-bootstrap/PROOFS/1cc8f4e3d617ef6f173283ef83d7b739a4995734/project81-k6/20260707T194227Z-cael-dgx-2026911/1cc8f4e3d617ef6f173283ef83d7b739a4995734/R-CD-2/cael/20260707T194244Z-r-cd-2/openclaw-proofs-k6.prom
[R-CD-2] ARTIFACTS: /home/figs/actions-runner/_work/openclaw-bootstrap/openclaw-bootstrap/openclaw-bootstrap/PROOFS/1cc8f4e3d617ef6f173283ef83d7b739a4995734/project81-k6/20260707T194227Z-cael-dgx-2026911/1cc8f4e3d617ef6f173283ef83d7b739a4995734/R-CD-2/cael/20260707T194244Z-r-cd-2
[R-CD-2] COMPLETED.
Observability check: query Grafana for run/nonce or review Tempo traces if trace ID was emitted.

----------------------------------------
Row: R-CD-4
Manifest: /home/figs/actions-runner/_work/openclaw-bootstrap/openclaw-bootstrap/karmaterminal-openclaw-docs/tools/k6-proofs/manifests/r-cd-4.json
Scenario: scenarios/r-cd-4-target-session-key.js
Status: runnable
Live Safety: k6-runnable
[R-CD-4] RUNNING...

         /\      Grafana   /‾‾/  
    /\  /  \     |\  __   /  /   
   /  \/    \    | |/ /  /   ‾‾\ 
  /          \   |   (  |  (‾)  |
 / __________ \  |_|\_\  \_____/ 


     execution: local
        script: scenarios/r-cd-4-target-session-key.js
        output: -

     scenarios: (100.00%) 1 scenario, 1 max VUs, 2m30s max duration (incl. graceful stop):
              * r_cd_4_target_session: 1 iterations shared among 1 VUs (maxDuration: 2m0s, gracefulStop: 30s)

time="2026-07-07T12:43:00-07:00" level=info msg="✓ disposable parent session created: agent:main:r-cd-4-parent-r-cd-4-1783453380127-2x5k6e9o" source=console
time="2026-07-07T12:43:00-07:00" level=info msg="✓ disposable target session created: agent:main:r-cd-4-target-r-cd-4-1783453380127-2x5k6e9o" source=console
time="2026-07-07T12:43:01-07:00" level=info msg="✓ sessions.send accepted — agent turn triggered for R-CD-4 (targetSessionKey)" source=console

running (0m01.0s), 1/1 VUs, 0 complete and 0 interrupted iterations
r_cd_4_target_session   [   0% ] 1 VUs  0m01.0s/2m0s  0/1 shared iters

running (0m02.0s), 1/1 VUs, 0 complete and 0 interrupted iterations
r_cd_4_target_session   [   0% ] 1 VUs  0m02.0s/2m0s  0/1 shared iters

running (0m03.0s), 1/1 VUs, 0 complete and 0 interrupted iterations
r_cd_4_target_session   [   0% ] 1 VUs  0m03.0s/2m0s  0/1 shared iters

running (0m04.0s), 1/1 VUs, 0 complete and 0 interrupted iterations
r_cd_4_target_session   [   0% ] 1 VUs  0m04.0s/2m0s  0/1 shared iters

running (0m05.0s), 1/1 VUs, 0 complete and 0 interrupted iterations
r_cd_4_target_session   [   0% ] 1 VUs  0m05.0s/2m0s  0/1 shared iters

running (0m06.0s), 1/1 VUs, 0 complete and 0 interrupted iterations
r_cd_4_target_session   [   0% ] 1 VUs  0m06.0s/2m0s  0/1 shared iters

running (0m07.0s), 1/1 VUs, 0 complete and 0 interrupted iterations
r_cd_4_target_session   [   0% ] 1 VUs  0m07.0s/2m0s  0/1 shared iters
time="2026-07-07T12:43:07-07:00" level=info msg="✓ Delayed return/wake landed in TARGET session" source=console

running (0m08.0s), 1/1 VUs, 0 complete and 0 interrupted iterations
r_cd_4_target_session   [   0% ] 1 VUs  0m08.0s/2m0s  0/1 shared iters

running (0m09.0s), 1/1 VUs, 0 complete and 0 interrupted iterations
r_cd_4_target_session   [   0% ] 1 VUs  0m09.0s/2m0s  0/1 shared iters
time="2026-07-07T12:43:09-07:00" level=info msg="R_CD_4_EVIDENCE {\"row\":\"R-CD-4\",\"manifest_loaded\":true,\"nonce\":\"R-CD-4-1783453380127-2x5k6e9o\",\"seat\":\"cael\",\"requestedSessionKey\":\"agent:main:discord:channel:1466192485440164011\",\"sessionKey\":\"agent:main:r-cd-4-parent-r-cd-4-1783453380127-2x5k6e9o\",\"targetSessionKey\":\"agent:main:r-cd-4-target-r-cd-4-1783453380127-2x5k6e9o\",\"parent_session_created\":true,\"target_session_created\":true,\"created_parent_session_key\":\"agent:main:r-cd-4-parent-r-cd-4-1783453380127-2x5k6e9o\",\"created_target_session_key\":\"agent:main:r-cd-4-target-r-cd-4-1783453380127-2x5k6e9o\",\"candidateSha\":\"1cc8f4e3d617ef6f173283ef83d7b739a4995734\",\"started\":\"2026-07-07T19:43:00.128Z\",\"tool_accepted\":true,\"agent_turn_observed\":true,\"child_completed\":true,\"return_in_target\":true,\"return_in_parent\":false,\"dispatch_accepted_at_ms\":1783453381048,\"wake_gate_ms\":5000,\"trace_id\":null,\"redacted_events\":[{\"ts\":1783453380130,\"kind\":\"event\",\"method\":null,\"event\":\"connect.challenge\",\"ok\":null,\"data\":null},{\"ts\":1783453380130,\"kind\":\"other\",\"method\":null,\"event\":null,\"ok\":null,\"data\":null},{\"ts\":1783453380181,\"kind\":\"event\",\"method\":null,\"event\":\"health\",\"ok\":null,\"data\":null},{\"ts\":1783453380450,\"kind\":\"response\",\"method\":\"sessions.create\",\"event\":null,\"ok\":true,\"data\":{\"ok\":true}},{\"ts\":1783453380523,\"kind\":\"response\",\"method\":\"sessions.create\",\"event\":null,\"ok\":true,\"data\":{\"ok\":true}},{\"ts\":1783453380550,\"kind\":\"response\",\"method\":\"sessions.messages.subscribe\",\"event\":null,\"ok\":true,\"data\":{}},{\"ts\":1783453380555,\"kind\":\"response\",\"method\":\"sessions.messages.subscribe\",\"event\":null,\"ok\":true,\"data\":{}},{\"ts\":1783453381048,\"kind\":\"response\",\"method\":\"sessions.send\",\"event\":null,\"ok\":true,\"data\":{\"runId\":\"R-CD-4-R-CD-4-1783453380127-2x5k6e9o\",\"status\":\"started\"}},{\"ts\":1783453381592,\"kind\":\"event\",\"method\":null,\"event\":\"agent\",\"ok\":null,\"data\":null},{\"ts\":1783453383633,\"kind\":\"event\",\"method\":null,\"event\":\"agent\",\"ok\":null,\"data\":null},{\"ts\":1783453383669,\"kind\":\"event\",\"method\":null,\"event\":\"agent\",\"ok\":null,\"data\":null},{\"ts\":1783453384472,\"kind\":\"event\",\"method\":null,\"event\":\"agent\",\"ok\":null,\"data\":null},{\"ts\":1783453385692,\"kind\":\"event\",\"method\":null,\"event\":\"health\",\"ok\":null,\"data\":null},{\"ts\":1783453385700,\"kind\":\"event\",\"method\":null,\"event\":\"presence\",\"ok\":null,\"data\":null},{\"ts\":1783453385731,\"kind\":\"event\",\"method\":null,\"event\":\"agent\",\"ok\":null,\"data\":null},{\"ts\":1783453386503,\"kind\":\"event\",\"method\":null,\"event\":\"agent\",\"ok\":null,\"data\":null},{\"ts\":1783453386503,\"kind\":\"event\",\"method\":null,\"event\":\"chat\",\"ok\":null,\"data\":null},{\"ts\":1783453386584,\"kind\":\"event\",\"method\":null,\"event\":\"agent\",\"ok\":null,\"data\":null},{\"ts\":1783453386584,\"kind\":\"event\",\"method\":null,\"event\":\"agent\",\"ok\":null,\"data\":null},{\"ts\":1783453386654,\"kind\":\"event\",\"method\":null,\"event\":\"agent\",\"ok\":null,\"data\":null},{\"ts\":1783453386654,\"kind\":\"event\",\"method\":null,\"event\":\"chat\",\"ok\":null,\"data\":null},{\"ts\":1783453386655,\"kind\":\"event\",\"method\":null,\"event\":\"chat\",\"ok\":null,\"data\":null},{\"ts\":1783453387746,\"kind\":\"event\",\"method\":null,\"event\":\"agent\",\"ok\":null,\"data\":null},{\"ts\":1783453387746,\"kind\":\"event\",\"method\":null,\"event\":\"chat\",\"ok\":null,\"data\":null},{\"ts\":1783453387883,\"kind\":\"event\",\"method\":null,\"event\":\"agent\",\"ok\":null,\"data\":null},{\"ts\":1783453387913,\"kind\":\"event\",\"method\":null,\"event\":\"session.message\",\"ok\":null,\"data\":null},{\"ts\":1783453388531,\"kind\":\"response\",\"method\":\"tasks.list\",\"event\":null,\"ok\":true,\"data\":{}},{\"ts\":1783453389186,\"kind\":\"event\",\"method\":null,\"event\":\"health\",\"ok\":null,\"data\":null},{\"ts\":1783453389713,\"kind\":\"event\",\"method\":null,\"event\":\"agent\",\"ok\":null,\"data\":null}],\"ended\":\"2026-07-07T19:43:09.914Z\",\"duration_ms\":9786}" source=console
time="2026-07-07T12:43:09-07:00" level=info msg="\n--- R-CD-4 EVIDENCE SUMMARY ---" source=console
time="2026-07-07T12:43:09-07:00" level=info msg="{\n  \"row\": \"R-CD-4\",\n  \"manifest_loaded\": true,\n  \"nonce\": \"R-CD-4-1783453380127-2x5k6e9o\",\n  \"seat\": \"cael\",\n  \"requestedSessionKey\": \"agent:main:discord:channel:1466192485440164011\",\n  \"sessionKey\": \"agent:main:r-cd-4-parent-r-cd-4-1783453380127-2x5k6e9o\",\n  \"targetSessionKey\": \"agent:main:r-cd-4-target-r-cd-4-1783453380127-2x5k6e9o\",\n  \"parent_session_created\": true,\n  \"target_session_created\": true,\n  \"created_parent_session_key\": \"agent:main:r-cd-4-parent-r-cd-4-1783453380127-2x5k6e9o\",\n  \"created_target_session_key\": \"agent:main:r-cd-4-target-r-cd-4-1783453380127-2x5k6e9o\",\n  \"candidateSha\": \"1cc8f4e3d617ef6f173283ef83d7b739a4995734\",\n  \"started\": \"2026-07-07T19:43:00.128Z\",\n  \"tool_accepted\": true,\n  \"agent_turn_observed\": true,\n  \"child_completed\": true,\n  \"return_in_target\": true,\n  \"return_in_parent\": false,\n  \"dispatch_accepted_at_ms\": 1783453381048,\n  \"wake_gate_ms\": 5000,\n  \"trace_id\": null,\n  \"redacted_events\": [\n    {\n      \"ts\": 1783453380130,\n      \"kind\": \"event\",\n      \"method\": null,\n      \"event\": \"connect.challenge\",\n      \"ok\": null,\n      \"data\": null\n    },\n    {\n      \"ts\": 1783453380130,\n      \"kind\": \"other\",\n      \"method\": null,\n      \"event\": null,\n      \"ok\": null,\n      \"data\": null\n    },\n    {\n      \"ts\": 1783453380181,\n      \"kind\": \"event\",\n      \"method\": null,\n      \"event\": \"health\",\n      \"ok\": null,\n      \"data\": null\n    },\n    {\n      \"ts\": 1783453380450,\n      \"kind\": \"response\",\n      \"method\": \"sessions.create\",\n      \"event\": null,\n      \"ok\": true,\n      \"data\": {\n        \"ok\": true\n      }\n    },\n    {\n      \"ts\": 1783453380523,\n      \"kind\": \"response\",\n      \"method\": \"sessions.create\",\n      \"event\": null,\n      \"ok\": true,\n      \"data\": {\n        \"ok\": true\n      }\n    },\n    {\n      \"ts\": 1783453380550,\n      \"kind\": \"response\",\n      \"method\": \"sessions.messages.subscribe\",\n      \"event\": null,\n      \"ok\": true,\n      \"data\": {}\n    },\n    {\n      \"ts\": 1783453380555,\n      \"kind\": \"response\",\n      \"method\": \"sessions.messages.subscribe\",\n      \"event\": null,\n      \"ok\": true,\n      \"data\": {}\n    },\n    {\n      \"ts\": 1783453381048,\n      \"kind\": \"response\",\n      \"method\": \"sessions.send\",\n      \"event\": null,\n      \"ok\": true,\n      \"data\": {\n        \"runId\": \"R-CD-4-R-CD-4-1783453380127-2x5k6e9o\",\n        \"status\": \"started\"\n      }\n    },\n    {\n      \"ts\": 1783453381592,\n      \"kind\": \"event\",\n      \"method\": null,\n      \"event\": \"agent\",\n      \"ok\": null,\n      \"data\": null\n    },\n    {\n      \"ts\": 1783453383633,\n      \"kind\": \"event\",\n      \"method\": null,\n      \"event\": \"agent\",\n      \"ok\": null,\n      \"data\": null\n    },\n    {\n      \"ts\": 1783453383669,\n      \"kind\": \"event\",\n      \"method\": null,\n      \"event\": \"agent\",\n      \"ok\": null,\n      \"data\": null\n    },\n    {\n      \"ts\": 1783453384472,\n      \"kind\": \"event\",\n      \"method\": null,\n      \"event\": \"agent\",\n      \"ok\": null,\n      \"data\": null\n    },\n    {\n      \"ts\": 1783453385692,\n      \"kind\": \"event\",\n      \"method\": null,\n      \"event\": \"health\",\n      \"ok\": null,\n      \"data\": null\n    },\n    {\n      \"ts\": 1783453385700,\n      \"kind\": \"event\",\n      \"method\": null,\n      \"event\": \"presence\",\n      \"ok\": null,\n      \"data\": null\n    },\n    {\n      \"ts\": 1783453385731,\n      \"kind\": \"event\",\n      \"method\": null,\n      \"event\": \"agent\",\n      \"ok\": null,\n      \"data\": null\n    },\n    {\n      \"ts\": 1783453386503,\n      \"kind\": \"event\",\n      \"method\": null,\n      \"event\": \"agent\",\n      \"ok\": null,\n      \"data\": null\n    },\n    {\n      \"ts\": 1783453386503,\n      \"kind\": \"event\",\n      \"method\": null,\n      \"event\": \"chat\",\n      \"ok\": null,\n      \"data\": null\n    },\n    {\n      \"ts\": 1783453386584,\n      \"kind\": \"event\",\n      \"method\": null,\n      \"event\": \"agent\",\n      \"ok\": null,\n      \"data\": null\n    },\n    {\n      \"ts\": 1783453386584,\n      \"kind\": \"event\",\n      \"method\": null,\n      \"event\": \"agent\",\n      \"ok\": null,\n      \"data\": null\n    },\n    {\n      \"ts\": 1783453386654,\n      \"kind\": \"event\",\n      \"method\": null,\n      \"event\": \"agent\",\n      \"ok\": null,\n      \"data\": null\n    },\n    {\n      \"ts\": 1783453386654,\n      \"kind\": \"event\",\n      \"method\": null,\n      \"event\": \"chat\",\n      \"ok\": null,\n      \"data\": null\n    },\n    {\n      \"ts\": 1783453386655,\n      \"kind\": \"event\",\n      \"method\": null,\n      \"event\": \"chat\",\n      \"ok\": null,\n      \"data\": null\n    },\n    {\n      \"ts\": 1783453387746,\n      \"kind\": \"event\",\n      \"method\": null,\n      \"event\": \"agent\",\n      \"ok\": null,\n      \"data\": null\n    },\n    {\n      \"ts\": 1783453387746,\n      \"kind\": \"event\",\n      \"method\": null,\n      \"event\": \"chat\",\n      \"ok\": null,\n      \"data\": null\n    },\n    {\n      \"ts\": 1783453387883,\n      \"kind\": \"event\",\n      \"method\": null,\n      \"event\": \"agent\",\n      \"ok\": null,\n      \"data\": null\n    },\n    {\n      \"ts\": 1783453387913,\n      \"kind\": \"event\",\n      \"method\": null,\n      \"event\": \"session.message\",\n      \"ok\": null,\n      \"data\": null\n    },\n    {\n      \"ts\": 1783453388531,\n      \"kind\": \"response\",\n      \"method\": \"tasks.list\",\n      \"event\": null,\n      \"ok\": true,\n      \"data\": {}\n    },\n    {\n      \"ts\": 1783453389186,\n      \"kind\": \"event\",\n      \"method\": null,\n      \"event\": \"health\",\n      \"ok\": null,\n      \"data\": null\n    },\n    {\n      \"ts\": 1783453389713,\n      \"kind\": \"event\",\n      \"method\": null,\n      \"event\": \"agent\",\n      \"ok\": null,\n      \"data\": null\n    }\n  ],\n  \"ended\": \"2026-07-07T19:43:09.914Z\",\n  \"duration_ms\": 9786\n}" source=console
time="2026-07-07T12:43:09-07:00" level=info msg="--- END EVIDENCE ---" source=console
time="2026-07-07T12:43:09-07:00" level=info msg="\n[R-CD-4] VERDICT: PASS-candidate" source=console

[R-CD-4] Summary: PASS-candidate | SHA: 1cc8f4e3d617ef6f173283ef83d7b739a4995734 | Seat: cael

running (0m09.8s), 0/1 VUs, 1 complete and 0 interrupted iterations
r_cd_4_target_session ✓ [ 100% ] 1 VUs  0m09.8s/2m0s  1/1 shared iters
./r-cd-4-summary.json
[R-CD-4] METRICS: /home/figs/actions-runner/_work/openclaw-bootstrap/openclaw-bootstrap/openclaw-bootstrap/PROOFS/1cc8f4e3d617ef6f173283ef83d7b739a4995734/project81-k6/20260707T194227Z-cael-dgx-2026911/1cc8f4e3d617ef6f173283ef83d7b739a4995734/R-CD-4/cael/20260707T194300Z-r-cd-4/openclaw-proofs-k6.prom
[R-CD-4] ARTIFACTS: /home/figs/actions-runner/_work/openclaw-bootstrap/openclaw-bootstrap/openclaw-bootstrap/PROOFS/1cc8f4e3d617ef6f173283ef83d7b739a4995734/project81-k6/20260707T194227Z-cael-dgx-2026911/1cc8f4e3d617ef6f173283ef83d7b739a4995734/R-CD-4/cael/20260707T194300Z-r-cd-4
[R-CD-4] COMPLETED.
Observability check: query Grafana for run/nonce or review Tempo traces if trace ID was emitted.

----------------------------------------
Row: R-CD-CHAINED-DEPTH-2
Manifest: /home/figs/actions-runner/_work/openclaw-bootstrap/openclaw-bootstrap/karmaterminal-openclaw-docs/tools/k6-proofs/manifests/r-cd-chained-depth-2.json
Scenario: scenarios/r-cd-chained-depth-2.js
Status: runnable
Live Safety: k6-runnable
[R-CD-CHAINED-DEPTH-2] RUNNING...

         /\      Grafana   /‾‾/  
    /\  /  \     |\  __   /  /   
   /  \/    \    | |/ /  /   ‾‾\ 
  /          \   |   (  |  (‾)  |
 / __________ \  |_|\_\  \_____/ 


     execution: local
        script: scenarios/r-cd-chained-depth-2.js
        output: -

     scenarios: (100.00%) 1 scenario, 1 max VUs, 3m30s max duration (incl. graceful stop):
              * r_cd_chained_depth_2: 1 iterations shared among 1 VUs (maxDuration: 3m0s, gracefulStop: 30s)

time="2026-07-07T12:43:10-07:00" level=info msg="✓ disposable session created: agent:main:r-cd-chain-r-cd-chain-1783453390159-y71izhj7" source=console
time="2026-07-07T12:43:11-07:00" level=info msg="✓ sessions.send accepted — agent turn triggered for depth-2 chain" source=console

running (0m01.0s), 1/1 VUs, 0 complete and 0 interrupted iterations
r_cd_chained_depth_2   [   0% ] 1 VUs  0m01.0s/3m0s  0/1 shared iters

running (0m02.0s), 1/1 VUs, 0 complete and 0 interrupted iterations
r_cd_chained_depth_2   [   0% ] 1 VUs  0m02.0s/3m0s  0/1 shared iters

running (0m03.0s), 1/1 VUs, 0 complete and 0 interrupted iterations
r_cd_chained_depth_2   [   0% ] 1 VUs  0m03.0s/3m0s  0/1 shared iters

running (0m04.0s), 1/1 VUs, 0 complete and 0 interrupted iterations
r_cd_chained_depth_2   [   0% ] 1 VUs  0m04.0s/3m0s  0/1 shared iters

running (0m05.0s), 1/1 VUs, 0 complete and 0 interrupted iterations
r_cd_chained_depth_2   [   0% ] 1 VUs  0m05.0s/3m0s  0/1 shared iters

running (0m06.0s), 1/1 VUs, 0 complete and 0 interrupted iterations
r_cd_chained_depth_2   [   0% ] 1 VUs  0m06.0s/3m0s  0/1 shared iters

running (0m07.0s), 1/1 VUs, 0 complete and 0 interrupted iterations
r_cd_chained_depth_2   [   0% ] 1 VUs  0m07.0s/3m0s  0/1 shared iters

running (0m08.0s), 1/1 VUs, 0 complete and 0 interrupted iterations
r_cd_chained_depth_2   [   0% ] 1 VUs  0m08.0s/3m0s  0/1 shared iters

running (0m09.0s), 1/1 VUs, 0 complete and 0 interrupted iterations
r_cd_chained_depth_2   [   0% ] 1 VUs  0m09.0s/3m0s  0/1 shared iters
time="2026-07-07T12:43:19-07:00" level=info msg="ℹ Ignoring harness prompt echo event" source=console

running (0m10.0s), 1/1 VUs, 0 complete and 0 interrupted iterations
r_cd_chained_depth_2   [   0% ] 1 VUs  0m10.0s/3m0s  0/1 shared iters
time="2026-07-07T12:43:20-07:00" level=info msg="ℹ Ignoring harness prompt echo event" source=console

running (0m11.0s), 1/1 VUs, 0 complete and 0 interrupted iterations
r_cd_chained_depth_2   [   0% ] 1 VUs  0m11.0s/3m0s  0/1 shared iters

running (0m12.0s), 1/1 VUs, 0 complete and 0 interrupted iterations
r_cd_chained_depth_2   [   0% ] 1 VUs  0m12.0s/3m0s  0/1 shared iters

running (0m13.0s), 1/1 VUs, 0 complete and 0 interrupted iterations
r_cd_chained_depth_2   [   0% ] 1 VUs  0m13.0s/3m0s  0/1 shared iters
time="2026-07-07T12:43:23-07:00" level=info msg="ℹ Ignoring harness prompt echo event" source=console

running (0m14.0s), 1/1 VUs, 0 complete and 0 interrupted iterations
r_cd_chained_depth_2   [   0% ] 1 VUs  0m14.0s/3m0s  0/1 shared iters

running (0m15.0s), 1/1 VUs, 0 complete and 0 interrupted iterations
r_cd_chained_depth_2   [   0% ] 1 VUs  0m15.0s/3m0s  0/1 shared iters

running (0m16.0s), 1/1 VUs, 0 complete and 0 interrupted iterations
r_cd_chained_depth_2   [   0% ] 1 VUs  0m16.0s/3m0s  0/1 shared iters

running (0m17.0s), 1/1 VUs, 0 complete and 0 interrupted iterations
r_cd_chained_depth_2   [   0% ] 1 VUs  0m17.0s/3m0s  0/1 shared iters
time="2026-07-07T12:43:27-07:00" level=info msg="✓ CHILD-DONE/CHILD-DELEGATE-SCHEDULED sentinel observed post-dispatch" source=console
time="2026-07-07T12:43:27-07:00" level=info msg="✓ GRANDCHILD-DONE sentinel observed post-dispatch" source=console
time="2026-07-07T12:43:27-07:00" level=info msg="Full chain evidence gathered, closing early" source=console
time="2026-07-07T12:43:27-07:00" level=info msg="\n--- R-CD-CHAINED-DEPTH-2 EVIDENCE SUMMARY ---" source=console
time="2026-07-07T12:43:27-07:00" level=info msg="{\n  \"row\": \"R-CD-CHAINED-DEPTH-2\",\n  \"manifest_loaded\": true,\n  \"nonce\": \"R-CD-CHAIN-1783453390159-y71izhj7\",\n  \"seat\": \"cael\",\n  \"requestedSessionKey\": \"agent:main:discord:channel:1466192485440164011\",\n  \"sessionKey\": \"agent:main:r-cd-chain-r-cd-chain-1783453390159-y71izhj7\",\n  \"session_created\": true,\n  \"created_session_key\": \"agent:main:r-cd-chain-r-cd-chain-1783453390159-y71izhj7\",\n  \"candidateSha\": \"1cc8f4e3d617ef6f173283ef83d7b739a4995734\",\n  \"started\": \"2026-07-07T19:43:10.159Z\",\n  \"parent_dispatch_accepted\": true,\n  \"child_spawned\": true,\n  \"grandchild_spawned\": true,\n  \"child_done_sentinel\": true,\n  \"grandchild_done_sentinel\": true,\n  \"chain_return_received\": true,\n  \"dispatch_accepted_at_ms\": 1783453391005,\n  \"max_depth_observed\": 2,\n  \"child_session\": null,\n  \"grandchild_session\": null,\n  \"trace_id\": null,\n  \"redacted_events\": [\n    {\n      \"ts\": 1783453390161,\n      \"kind\": \"event\",\n      \"method\": null,\n      \"event\": \"connect.challenge\",\n      \"ok\": null,\n      \"data\": null\n    },\n    {\n      \"ts\": 1783453390162,\n      \"kind\": \"other\",\n      \"method\": null,\n      \"event\": null,\n      \"ok\": null,\n      \"data\": null\n    },\n    {\n      \"ts\": 1783453390208,\n      \"kind\": \"event\",\n      \"method\": null,\n      \"event\": \"health\",\n      \"ok\": null,\n      \"data\": null\n    },\n    {\n      \"ts\": 1783453390475,\n      \"kind\": \"response\",\n      \"method\": \"sessions.create\",\n      \"event\": null,\n      \"ok\": true,\n      \"data\": {\n        \"ok\": true\n      }\n    },\n    {\n      \"ts\": 1783453390495,\n      \"kind\": \"response\",\n      \"method\": \"sessions.messages.subscribe\",\n      \"event\": null,\n      \"ok\": true,\n      \"data\": {}\n    },\n    {\n      \"ts\": 1783453391005,\n      \"kind\": \"response\",\n      \"method\": \"sessions.send\",\n      \"event\": null,\n      \"ok\": true,\n      \"data\": {\n        \"runId\": \"R-CD-CHAIN-R-CD-CHAIN-1783453390159-y71izhj7\",\n        \"status\": \"started\"\n      }\n    },\n    {\n      \"ts\": 1783453391666,\n      \"kind\": \"event\",\n      \"method\": null,\n      \"event\": \"agent\",\n      \"ok\": null,\n      \"data\": null\n    },\n    {\n      \"ts\": 1783453391698,\n      \"kind\": \"event\",\n      \"method\": null,\n      \"event\": \"agent\",\n      \"ok\": null,\n      \"data\": null\n    },\n    {\n      \"ts\": 1783453392464,\n      \"kind\": \"event\",\n      \"method\": null,\n      \"event\": \"agent\",\n      \"ok\": null,\n      \"data\": null\n    },\n    {\n      \"ts\": 1783453393911,\n      \"kind\": \"event\",\n      \"method\": null,\n      \"event\": \"health\",\n      \"ok\": null,\n      \"data\": null\n    },\n    {\n      \"ts\": 1783453393919,\n      \"kind\": \"event\",\n      \"method\": null,\n      \"event\": \"presence\",\n      \"ok\": null,\n      \"data\": null\n    },\n    {\n      \"ts\": 1783453394055,\n      \"kind\": \"event\",\n      \"method\": null,\n      \"event\": \"agent\",\n      \"ok\": null,\n      \"data\": null\n    },\n    {\n      \"ts\": 1783453396047,\n      \"kind\": \"event\",\n      \"method\": null,\n      \"event\": \"agent\",\n      \"ok\": null,\n      \"data\": null\n    },\n    {\n      \"ts\": 1783453396070,\n      \"kind\": \"event\",\n      \"method\": null,\n      \"event\": \"agent\",\n      \"ok\": null,\n      \"data\": null\n    },\n    {\n      \"ts\": 1783453396085,\n      \"kind\": \"event\",\n      \"method\": null,\n      \"event\": \"agent\",\n      \"ok\": null,\n      \"data\": null\n    },\n    {\n      \"ts\": 1783453396085,\n      \"kind\": \"event\",\n      \"method\": null,\n      \"event\": \"chat\",\n      \"ok\": null,\n      \"data\": null\n    },\n    {\n      \"ts\": 1783453396100,\n      \"kind\": \"event\",\n      \"method\": null,\n      \"event\": \"agent\",\n      \"ok\": null,\n      \"data\": null\n    },\n    {\n      \"ts\": 1783453396154,\n      \"kind\": \"event\",\n      \"method\": null,\n      \"event\": \"agent\",\n      \"ok\": null,\n      \"data\": null\n    },\n    {\n      \"ts\": 1783453396330,\n      \"kind\": \"event\",\n      \"method\": null,\n      \"event\": \"chat\",\n      \"ok\": null,\n      \"data\": null\n    },\n    {\n      \"ts\": 1783453396798,\n      \"kind\": \"event\",\n      \"method\": null,\n      \"event\": \"agent\",\n      \"ok\": null,\n      \"data\": null\n    },\n    {\n      \"ts\": 1783453396798,\n      \"kind\": \"event\",\n      \"method\": null,\n      \"event\": \"chat\",\n      \"ok\": null,\n      \"data\": null\n    },\n    {\n      \"ts\": 1783453397031,\n      \"kind\": \"event\",\n      \"method\": null,\n      \"event\": \"agent\",\n      \"ok\": null,\n      \"data\": null\n    },\n    {\n      \"ts\": 1783453397080,\n      \"kind\": \"event\",\n      \"method\": null,\n      \"event\": \"agent\",\n      \"ok\": null,\n      \"data\": null\n    },\n    {\n      \"ts\": 1783453398483,\n      \"kind\": \"response\",\n      \"method\": \"tasks.list\",\n      \"event\": null,\n      \"ok\": true,\n      \"data\": {}\n    },\n    {\n      \"ts\": 1783453399178,\n      \"kind\": \"event\",\n      \"method\": null,\n      \"event\": \"agent\",\n      \"ok\": null,\n      \"data\": null\n    },\n    {\n      \"ts\": 1783453399517,\n      \"kind\": \"event\",\n      \"method\": null,\n      \"event\": \"agent\",\n      \"ok\": null,\n      \"data\": null\n    },\n    {\n      \"ts\": 1783453399517,\n      \"kind\": \"event\",\n      \"method\": null,\n      \"event\": \"chat\",\n      \"ok\": null,\n      \"data\": null\n    },\n    {\n      \"ts\": 1783453399590,\n      \"kind\": \"event\",\n      \"method\": null,\n      \"event\": \"agent\",\n      \"ok\": null,\n      \"data\": null\n    },\n    {\n      \"ts\": 1783453399590,\n      \"kind\": \"event\",\n      \"method\": null,\n      \"event\": \"agent\",\n      \"ok\": null,\n      \"data\": null\n    },\n    {\n      \"ts\": 1783453399732,\n      \"kind\": \"event\",\n      \"method\": null,\n      \"event\": \"agent\",\n      \"ok\": null,\n      \"data\": null\n    },\n    {\n      \"ts\": 1783453399732,\n      \"kind\": \"event\",\n      \"method\": null,\n      \"event\": \"chat\",\n      \"ok\": null,\n      \"data\": null\n    },\n    {\n      \"ts\": 1783453399732,\n      \"kind\": \"event\",\n      \"method\": null,\n      \"event\": \"chat\",\n      \"ok\": null,\n      \"data\": null\n    },\n    {\n      \"ts\": 1783453399758,\n      \"kind\": \"event\",\n      \"method\": null,\n      \"event\": \"presence\",\n      \"ok\": null,\n      \"data\": null\n    },\n    {\n      \"ts\": 1783453399852,\n      \"kind\": \"event\",\n      \"method\": null,\n      \"event\": \"health\",\n      \"ok\": null,\n      \"data\": null\n    },\n    {\n      \"ts\": 1783453399864,\n      \"kind\": \"event\",\n      \"method\": null,\n      \"event\": \"presence\",\n      \"ok\": null,\n      \"data\": null\n    },\n    {\n      \"ts\": 1783453400624,\n      \"kind\": \"event\",\n      \"method\": null,\n      \"event\": \"health\",\n      \"ok\": null,\n      \"data\": null\n    },\n    {\n      \"ts\": 1783453400632,\n      \"kind\": \"event\",\n      \"method\": null,\n      \"event\": \"presence\",\n      \"ok\": null,\n      \"data\": null\n    },\n    {\n      \"ts\": 1783453400660,\n      \"kind\": \"event\",\n      \"method\": null,\n      \"event\": \"agent\",\n      \"ok\": null,\n      \"data\": null\n    },\n    {\n      \"ts\": 1783453403455,\n      \"kind\": \"event\",\n      \"method\": null,\n      \"event\": \"agent\",\n      \"ok\": null,\n      \"data\": null\n    },\n    {\n      \"ts\": 1783453403455,\n      \"kind\": \"event\",\n      \"method\": null,\n      \"event\": \"chat\",\n      \"ok\": null,\n      \"data\": null\n    },\n    {\n      \"ts\": 1783453403573,\n      \"kind\": \"event\",\n      \"method\": null,\n      \"event\": \"agent\",\n      \"ok\": null,\n      \"data\": null\n    },\n    {\n      \"ts\": 1783453403611,\n      \"kind\": \"event\",\n      \"method\": null,\n      \"event\": \"session.message\",\n      \"ok\": null,\n      \"data\": null\n    },\n    {\n      \"ts\": 1783453407754,\n      \"kind\": \"event\",\n      \"method\": null,\n      \"event\": \"session.message\",\n      \"ok\": null,\n      \"data\": null\n    }\n  ],\n  \"ended\": \"2026-07-07T19:43:27.754Z\",\n  \"duration_ms\": 17595\n}" source=console
time="2026-07-07T12:43:27-07:00" level=info msg="--- END EVIDENCE ---" source=console
time="2026-07-07T12:43:27-07:00" level=info msg="\n[R-CD-CHAINED-DEPTH-2] VERDICT: PASS-candidate" source=console
time="2026-07-07T12:43:27-07:00" level=info msg="  Max depth observed: 2" source=console

[R-CD-CHAINED-DEPTH-2] Summary: PASS-candidate | SHA: 1cc8f4e3d617ef6f173283ef83d7b739a4995734 | Seat: cael

running (0m17.6s), 0/1 VUs, 1 complete and 0 interrupted iterations
r_cd_chained_depth_2 ✓ [ 100% ] 1 VUs  0m17.6s/3m0s  1/1 shared iters
./r-cd-chained-depth-2-summary.json
[R-CD-CHAINED-DEPTH-2] METRICS: /home/figs/actions-runner/_work/openclaw-bootstrap/openclaw-bootstrap/openclaw-bootstrap/PROOFS/1cc8f4e3d617ef6f173283ef83d7b739a4995734/project81-k6/20260707T194227Z-cael-dgx-2026911/1cc8f4e3d617ef6f173283ef83d7b739a4995734/R-CD-CHAINED-DEPTH-2/cael/20260707T194310Z-r-cd-chained-depth-2/openclaw-proofs-k6.prom
[R-CD-CHAINED-DEPTH-2] ARTIFACTS: /home/figs/actions-runner/_work/openclaw-bootstrap/openclaw-bootstrap/openclaw-bootstrap/PROOFS/1cc8f4e3d617ef6f173283ef83d7b739a4995734/project81-k6/20260707T194227Z-cael-dgx-2026911/1cc8f4e3d617ef6f173283ef83d7b739a4995734/R-CD-CHAINED-DEPTH-2/cael/20260707T194310Z-r-cd-chained-depth-2
[R-CD-CHAINED-DEPTH-2] COMPLETED.
Observability check: query Grafana for run/nonce or review Tempo traces if trace ID was emitted.

----------------------------------------
Row: R-CD-MODEL-CHAINED-ALT
Manifest: /home/figs/actions-runner/_work/openclaw-bootstrap/openclaw-bootstrap/karmaterminal-openclaw-docs/tools/k6-proofs/manifests/r-cd-model-chained-alt.json
Scenario: scenarios/r-cd-model-chained-alt.js
Status: runnable
Live Safety: k6-runnable
[R-CD-MODEL-CHAINED-ALT] RUNNING...

         /\      Grafana   /‾‾/  
    /\  /  \     |\  __   /  /   
   /  \/    \    | |/ /  /   ‾‾\ 
  /          \   |   (  |  (‾)  |
 / __________ \  |_|\_\  \_____/ 


     execution: local
        script: scenarios/r-cd-model-chained-alt.js
        output: -

     scenarios: (100.00%) 1 scenario, 1 max VUs, 4m30s max duration (incl. graceful stop):
              * r_cd_model_chained_alt: 1 iterations shared among 1 VUs (maxDuration: 4m0s, gracefulStop: 30s)

time="2026-07-07T12:43:28-07:00" level=info msg="✓ disposable session created: agent:main:r-cd-model-chain-r-cd-model-chained-alt-1783453407992-4qfkq9jg" source=console
time="2026-07-07T12:43:28-07:00" level=info msg="✓ sessions.send accepted — chained model parent turn triggered" source=console

running (0m01.0s), 1/1 VUs, 0 complete and 0 interrupted iterations
r_cd_model_chained_alt   [   0% ] 1 VUs  0m01.0s/4m0s  0/1 shared iters

running (0m02.0s), 1/1 VUs, 0 complete and 0 interrupted iterations
r_cd_model_chained_alt   [   0% ] 1 VUs  0m02.0s/4m0s  0/1 shared iters

running (0m03.0s), 1/1 VUs, 0 complete and 0 interrupted iterations
r_cd_model_chained_alt   [   0% ] 1 VUs  0m03.0s/4m0s  0/1 shared iters

running (0m04.0s), 1/1 VUs, 0 complete and 0 interrupted iterations
r_cd_model_chained_alt   [   0% ] 1 VUs  0m04.0s/4m0s  0/1 shared iters

running (0m05.0s), 1/1 VUs, 0 complete and 0 interrupted iterations
r_cd_model_chained_alt   [   0% ] 1 VUs  0m05.0s/4m0s  0/1 shared iters

running (0m06.0s), 1/1 VUs, 0 complete and 0 interrupted iterations
r_cd_model_chained_alt   [   0% ] 1 VUs  0m06.0s/4m0s  0/1 shared iters

running (0m07.0s), 1/1 VUs, 0 complete and 0 interrupted iterations
r_cd_model_chained_alt   [   0% ] 1 VUs  0m07.0s/4m0s  0/1 shared iters

running (0m08.0s), 1/1 VUs, 0 complete and 0 interrupted iterations
r_cd_model_chained_alt   [   0% ] 1 VUs  0m08.0s/4m0s  0/1 shared iters

running (0m09.0s), 1/1 VUs, 0 complete and 0 interrupted iterations
r_cd_model_chained_alt   [   0% ] 1 VUs  0m09.0s/4m0s  0/1 shared iters

running (0m10.0s), 1/1 VUs, 0 complete and 0 interrupted iterations
r_cd_model_chained_alt   [   0% ] 1 VUs  0m10.0s/4m0s  0/1 shared iters

running (0m11.0s), 1/1 VUs, 0 complete and 0 interrupted iterations
r_cd_model_chained_alt   [   0% ] 1 VUs  0m11.0s/4m0s  0/1 shared iters

running (0m12.0s), 1/1 VUs, 0 complete and 0 interrupted iterations
r_cd_model_chained_alt   [   0% ] 1 VUs  0m12.0s/4m0s  0/1 shared iters

running (0m13.0s), 1/1 VUs, 0 complete and 0 interrupted iterations
r_cd_model_chained_alt   [   0% ] 1 VUs  0m13.0s/4m0s  0/1 shared iters

running (0m14.0s), 1/1 VUs, 0 complete and 0 interrupted iterations
r_cd_model_chained_alt   [   0% ] 1 VUs  0m14.0s/4m0s  0/1 shared iters
time="2026-07-07T12:43:42-07:00" level=info msg="✓ depth-1 scheduled depth-2 sentinel observed" source=console
time="2026-07-07T12:43:42-07:00" level=info msg="✓ depth-2 model return observed" source=console
time="2026-07-07T12:43:42-07:00" level=info msg="All required R-CD-MODEL-CHAINED-ALT evidence gathered, closing early" source=console
time="2026-07-07T12:43:42-07:00" level=info msg="\n--- R-CD-MODEL-CHAINED-ALT EVIDENCE SUMMARY ---" source=console
time="2026-07-07T12:43:42-07:00" level=info msg="{\n  \"row\": \"R-CD-MODEL-CHAINED-ALT\",\n  \"manifest_loaded\": true,\n  \"nonce\": \"R-CD-MODEL-CHAINED-ALT-1783453407992-4qfkq9jg\",\n  \"seat\": \"cael\",\n  \"requestedSessionKey\": \"agent:main:discord:channel:1466192485440164011\",\n  \"sessionKey\": \"agent:main:r-cd-model-chain-r-cd-model-chained-alt-1783453407992-4qfkq9jg\",\n  \"session_created\": true,\n  \"created_session_key\": \"agent:main:r-cd-model-chain-r-cd-model-chained-alt-1783453407992-4qfkq9jg\",\n  \"candidateSha\": \"1cc8f4e3d617ef6f173283ef83d7b739a4995734\",\n  \"started\": \"2026-07-07T19:43:27.993Z\",\n  \"requested_model_byte\": \"gpt\",\n  \"dispatch_accepted\": true,\n  \"dispatch_accepted_at_ms\": 1783453408851,\n  \"depth_1_child_observed\": true,\n  \"depth_2_child_observed\": true,\n  \"depth_1_scheduled_inner\": true,\n  \"depth_2_model_byte\": \"gpt.\",\n  \"model_matches\": true,\n  \"return_payload\": true,\n  \"trace_id\": null,\n  \"redacted_events\": [\n    {\n      \"ts\": 1783453407994,\n      \"kind\": \"event\",\n      \"method\": null,\n      \"event\": \"connect.challenge\",\n      \"ok\": null,\n      \"data\": null\n    },\n    {\n      \"ts\": 1783453407995,\n      \"kind\": \"other\",\n      \"method\": null,\n      \"event\": null,\n      \"ok\": null,\n      \"data\": null\n    },\n    {\n      \"ts\": 1783453408035,\n      \"kind\": \"event\",\n      \"method\": null,\n      \"event\": \"health\",\n      \"ok\": null,\n      \"data\": null\n    },\n    {\n      \"ts\": 1783453408326,\n      \"kind\": \"response\",\n      \"method\": \"sessions.create\",\n      \"event\": null,\n      \"ok\": true,\n      \"data\": {\n        \"ok\": true\n      }\n    },\n    {\n      \"ts\": 1783453408344,\n      \"kind\": \"response\",\n      \"method\": \"sessions.messages.subscribe\",\n      \"event\": null,\n      \"ok\": true,\n      \"data\": {}\n    },\n    {\n      \"ts\": 1783453408851,\n      \"kind\": \"response\",\n      \"method\": \"sessions.send\",\n      \"event\": null,\n      \"ok\": true,\n      \"data\": {\n        \"runId\": \"R-CD-MODEL-CHAINED-ALT-DISPATCH-R-CD-MODEL-CHAINED-ALT-1783453407992-4qfkq9jg\",\n        \"status\": \"started\"\n      }\n    },\n    {\n      \"ts\": 1783453409415,\n      \"kind\": \"event\",\n      \"method\": null,\n      \"event\": \"agent\",\n      \"ok\": null,\n      \"data\": null\n    },\n    {\n      \"ts\": 1783453409838,\n      \"kind\": \"event\",\n      \"method\": null,\n      \"event\": \"health\",\n      \"ok\": null,\n      \"data\": null\n    },\n    {\n      \"ts\": 1783453410058,\n      \"kind\": \"event\",\n      \"method\": null,\n      \"event\": \"tick\",\n      \"ok\": null,\n      \"data\": null\n    },\n    {\n      \"ts\": 1783453410297,\n      \"kind\": \"event\",\n      \"method\": null,\n      \"event\": \"agent\",\n      \"ok\": null,\n      \"data\": null\n    },\n    {\n      \"ts\": 1783453410342,\n      \"kind\": \"event\",\n      \"method\": null,\n      \"event\": \"agent\",\n      \"ok\": null,\n      \"data\": null\n    },\n    {\n      \"ts\": 1783453410481,\n      \"kind\": \"event\",\n      \"method\": null,\n      \"event\": \"chat\",\n      \"ok\": null,\n      \"data\": null\n    },\n    {\n      \"ts\": 1783453411155,\n      \"kind\": \"event\",\n      \"method\": null,\n      \"event\": \"chat\",\n      \"ok\": null,\n      \"data\": null\n    },\n    {\n      \"ts\": 1783453413148,\n      \"kind\": \"event\",\n      \"method\": null,\n      \"event\": \"agent\",\n      \"ok\": null,\n      \"data\": null\n    },\n    {\n      \"ts\": 1783453414683,\n      \"kind\": \"event\",\n      \"method\": null,\n      \"event\": \"health\",\n      \"ok\": null,\n      \"data\": null\n    },\n    {\n      \"ts\": 1783453414698,\n      \"kind\": \"event\",\n      \"method\": null,\n      \"event\": \"presence\",\n      \"ok\": null,\n      \"data\": null\n    },\n    {\n      \"ts\": 1783453414730,\n      \"kind\": \"event\",\n      \"method\": null,\n      \"event\": \"agent\",\n      \"ok\": null,\n      \"data\": null\n    },\n    {\n      \"ts\": 1783453417124,\n      \"kind\": \"event\",\n      \"method\": null,\n      \"event\": \"agent\",\n      \"ok\": null,\n      \"data\": null\n    },\n    {\n      \"ts\": 1783453417124,\n      \"kind\": \"event\",\n      \"method\": null,\n      \"event\": \"chat\",\n      \"ok\": null,\n      \"data\": null\n    },\n    {\n      \"ts\": 1783453417258,\n      \"kind\": \"event\",\n      \"method\": null,\n      \"event\": \"agent\",\n      \"ok\": null,\n      \"data\": null\n    },\n    {\n      \"ts\": 1783453417297,\n      \"kind\": \"event\",\n      \"method\": null,\n      \"event\": \"session.message\",\n      \"ok\": null,\n      \"data\": null\n    },\n    {\n      \"ts\": 1783453422475,\n      \"kind\": \"event\",\n      \"method\": null,\n      \"event\": \"session.message\",\n      \"ok\": null,\n      \"data\": null\n    }\n  ],\n  \"ended\": \"2026-07-07T19:43:42.475Z\",\n  \"duration_ms\": 14482\n}" source=console
time="2026-07-07T12:43:42-07:00" level=info msg="--- END EVIDENCE ---" source=console
time="2026-07-07T12:43:42-07:00" level=info msg="\n[R-CD-MODEL-CHAINED-ALT] VERDICT: PASS-candidate" source=console

[R-CD-MODEL-CHAINED-ALT] Summary: PASS-candidate | SHA: 1cc8f4e3d617ef6f173283ef83d7b739a4995734 | Seat: cael

running (0m14.5s), 0/1 VUs, 1 complete and 0 interrupted iterations
r_cd_model_chained_alt ✓ [ 100% ] 1 VUs  0m14.5s/4m0s  1/1 shared iters
./r-cd-model-chained-alt-summary.json
[R-CD-MODEL-CHAINED-ALT] METRICS: /home/figs/actions-runner/_work/openclaw-bootstrap/openclaw-bootstrap/openclaw-bootstrap/PROOFS/1cc8f4e3d617ef6f173283ef83d7b739a4995734/project81-k6/20260707T194227Z-cael-dgx-2026911/1cc8f4e3d617ef6f173283ef83d7b739a4995734/R-CD-MODEL-CHAINED-ALT/cael/20260707T194327Z-r-cd-model-chained-alt/openclaw-proofs-k6.prom
[R-CD-MODEL-CHAINED-ALT] ARTIFACTS: /home/figs/actions-runner/_work/openclaw-bootstrap/openclaw-bootstrap/openclaw-bootstrap/PROOFS/1cc8f4e3d617ef6f173283ef83d7b739a4995734/project81-k6/20260707T194227Z-cael-dgx-2026911/1cc8f4e3d617ef6f173283ef83d7b739a4995734/R-CD-MODEL-CHAINED-ALT/cael/20260707T194327Z-r-cd-model-chained-alt
[R-CD-MODEL-CHAINED-ALT] COMPLETED.
Observability check: query Grafana for run/nonce or review Tempo traces if trace ID was emitted.

----------------------------------------
Row: R-CD-MODEL-DEFAULT
Manifest: /home/figs/actions-runner/_work/openclaw-bootstrap/openclaw-bootstrap/karmaterminal-openclaw-docs/tools/k6-proofs/manifests/r-cd-model-default.json
Scenario: scenarios/r-cd-model-default.js
Status: runnable
Live Safety: k6-runnable
[R-CD-MODEL-DEFAULT] RUNNING...

         /\      Grafana   /‾‾/  
    /\  /  \     |\  __   /  /   
   /  \/    \    | |/ /  /   ‾‾\ 
  /          \   |   (  |  (‾)  |
 / __________ \  |_|\_\  \_____/ 


     execution: local
        script: scenarios/r-cd-model-default.js
        output: -

     scenarios: (100.00%) 1 scenario, 1 max VUs, 3m30s max duration (incl. graceful stop):
              * r_cd_model_default: 1 iterations shared among 1 VUs (maxDuration: 3m0s, gracefulStop: 30s)

time="2026-07-07T12:43:43-07:00" level=info msg="✓ disposable session created: agent:main:r-cd-model-default-r-cd-model-default-1783453422710-ef47a8p8" source=console
time="2026-07-07T12:43:43-07:00" level=info msg="✓ sessions.send accepted — default model delegate turn triggered" source=console

running (0m01.0s), 1/1 VUs, 0 complete and 0 interrupted iterations
r_cd_model_default   [   0% ] 1 VUs  0m01.0s/3m0s  0/1 shared iters

running (0m02.0s), 1/1 VUs, 0 complete and 0 interrupted iterations
r_cd_model_default   [   0% ] 1 VUs  0m02.0s/3m0s  0/1 shared iters

running (0m03.0s), 1/1 VUs, 0 complete and 0 interrupted iterations
r_cd_model_default   [   0% ] 1 VUs  0m03.0s/3m0s  0/1 shared iters

running (0m04.0s), 1/1 VUs, 0 complete and 0 interrupted iterations
r_cd_model_default   [   0% ] 1 VUs  0m04.0s/3m0s  0/1 shared iters

running (0m05.0s), 1/1 VUs, 0 complete and 0 interrupted iterations
r_cd_model_default   [   0% ] 1 VUs  0m05.0s/3m0s  0/1 shared iters

running (0m06.0s), 1/1 VUs, 0 complete and 0 interrupted iterations
r_cd_model_default   [   0% ] 1 VUs  0m06.0s/3m0s  0/1 shared iters

running (0m07.0s), 1/1 VUs, 0 complete and 0 interrupted iterations
r_cd_model_default   [   0% ] 1 VUs  0m07.0s/3m0s  0/1 shared iters

running (0m08.0s), 1/1 VUs, 0 complete and 0 interrupted iterations
r_cd_model_default   [   0% ] 1 VUs  0m08.0s/3m0s  0/1 shared iters

running (0m09.0s), 1/1 VUs, 0 complete and 0 interrupted iterations
r_cd_model_default   [   0% ] 1 VUs  0m09.0s/3m0s  0/1 shared iters

running (0m10.0s), 1/1 VUs, 0 complete and 0 interrupted iterations
r_cd_model_default   [   0% ] 1 VUs  0m10.0s/3m0s  0/1 shared iters

running (0m11.0s), 1/1 VUs, 0 complete and 0 interrupted iterations
r_cd_model_default   [   0% ] 1 VUs  0m11.0s/3m0s  0/1 shared iters
time="2026-07-07T12:43:54-07:00" level=info msg="✓ MODEL-DEFAULT-CHILD return payload observed" source=console
time="2026-07-07T12:43:54-07:00" level=info msg="All required R-CD-MODEL-DEFAULT evidence gathered, closing early" source=console
time="2026-07-07T12:43:54-07:00" level=info msg="\n--- R-CD-MODEL-DEFAULT EVIDENCE SUMMARY ---" source=console
time="2026-07-07T12:43:54-07:00" level=info msg="{\n  \"row\": \"R-CD-MODEL-DEFAULT\",\n  \"manifest_loaded\": true,\n  \"nonce\": \"R-CD-MODEL-DEFAULT-1783453422710-ef47a8p8\",\n  \"seat\": \"cael\",\n  \"requestedSessionKey\": \"agent:main:discord:channel:1466192485440164011\",\n  \"sessionKey\": \"agent:main:r-cd-model-default-r-cd-model-default-1783453422710-ef47a8p8\",\n  \"session_created\": true,\n  \"created_session_key\": \"agent:main:r-cd-model-default-r-cd-model-default-1783453422710-ef47a8p8\",\n  \"candidateSha\": \"1cc8f4e3d617ef6f173283ef83d7b739a4995734\",\n  \"started\": \"2026-07-07T19:43:42.710Z\",\n  \"parent_model_byte\": \"github-copilot/gpt-5.5\",\n  \"dispatch_accepted\": true,\n  \"child_session_observed\": true,\n  \"child_model_byte\": \"github-copilot/gpt-5.5\",\n  \"model_matches\": true,\n  \"return_payload\": true,\n  \"trace_id\": null,\n  \"redacted_events\": [\n    {\n      \"ts\": 1783453422712,\n      \"kind\": \"event\",\n      \"method\": null,\n      \"event\": \"connect.challenge\",\n      \"ok\": null,\n      \"data\": null\n    },\n    {\n      \"ts\": 1783453422713,\n      \"kind\": \"other\",\n      \"method\": null,\n      \"event\": null,\n      \"ok\": null,\n      \"data\": null\n    },\n    {\n      \"ts\": 1783453422754,\n      \"kind\": \"event\",\n      \"method\": null,\n      \"event\": \"health\",\n      \"ok\": null,\n      \"data\": null\n    },\n    {\n      \"ts\": 1783453423055,\n      \"kind\": \"response\",\n      \"method\": \"sessions.create\",\n      \"event\": null,\n      \"ok\": true,\n      \"data\": {\n        \"ok\": true\n      }\n    },\n    {\n      \"ts\": 1783453423078,\n      \"kind\": \"response\",\n      \"method\": \"sessions.messages.subscribe\",\n      \"event\": null,\n      \"ok\": true,\n      \"data\": {}\n    },\n    {\n      \"ts\": 1783453423588,\n      \"kind\": \"response\",\n      \"method\": \"sessions.send\",\n      \"event\": null,\n      \"ok\": true,\n      \"data\": {\n        \"runId\": \"R-CD-MODEL-DEFAULT-DISPATCH-R-CD-MODEL-DEFAULT-1783453422710-ef47a8p8\",\n        \"status\": \"started\"\n      }\n    },\n    {\n      \"ts\": 1783453424196,\n      \"kind\": \"event\",\n      \"method\": null,\n      \"event\": \"agent\",\n      \"ok\": null,\n      \"data\": null\n    },\n    {\n      \"ts\": 1783453425342,\n      \"kind\": \"event\",\n      \"method\": null,\n      \"event\": \"chat\",\n      \"ok\": null,\n      \"data\": null\n    },\n    {\n      \"ts\": 1783453427163,\n      \"kind\": \"event\",\n      \"method\": null,\n      \"event\": \"agent\",\n      \"ok\": null,\n      \"data\": null\n    },\n    {\n      \"ts\": 1783453428368,\n      \"kind\": \"event\",\n      \"method\": null,\n      \"event\": \"health\",\n      \"ok\": null,\n      \"data\": null\n    },\n    {\n      \"ts\": 1783453428377,\n      \"kind\": \"event\",\n      \"method\": null,\n      \"event\": \"agent\",\n      \"ok\": null,\n      \"data\": null\n    },\n    {\n      \"ts\": 1783453428391,\n      \"kind\": \"event\",\n      \"method\": null,\n      \"event\": \"presence\",\n      \"ok\": null,\n      \"data\": null\n    },\n    {\n      \"ts\": 1783453428424,\n      \"kind\": \"event\",\n      \"method\": null,\n      \"event\": \"agent\",\n      \"ok\": null,\n      \"data\": null\n    },\n    {\n      \"ts\": 1783453428435,\n      \"kind\": \"event\",\n      \"method\": null,\n      \"event\": \"agent\",\n      \"ok\": null,\n      \"data\": null\n    },\n    {\n      \"ts\": 1783453428443,\n      \"kind\": \"event\",\n      \"method\": null,\n      \"event\": \"agent\",\n      \"ok\": null,\n      \"data\": null\n    },\n    {\n      \"ts\": 1783453428443,\n      \"kind\": \"event\",\n      \"method\": null,\n      \"event\": \"chat\",\n      \"ok\": null,\n      \"data\": null\n    },\n    {\n      \"ts\": 1783453428449,\n      \"kind\": \"event\",\n      \"method\": null,\n      \"event\": \"agent\",\n      \"ok\": null,\n      \"data\": null\n    },\n    {\n      \"ts\": 1783453428495,\n      \"kind\": \"event\",\n      \"method\": null,\n      \"event\": \"agent\",\n      \"ok\": null,\n      \"data\": null\n    },\n    {\n      \"ts\": 1783453428622,\n      \"kind\": \"event\",\n      \"method\": null,\n      \"event\": \"chat\",\n      \"ok\": null,\n      \"data\": null\n    },\n    {\n      \"ts\": 1783453430005,\n      \"kind\": \"event\",\n      \"method\": null,\n      \"event\": \"agent\",\n      \"ok\": null,\n      \"data\": null\n    },\n    {\n      \"ts\": 1783453430005,\n      \"kind\": \"event\",\n      \"method\": null,\n      \"event\": \"chat\",\n      \"ok\": null,\n      \"data\": null\n    },\n    {\n      \"ts\": 1783453430119,\n      \"kind\": \"event\",\n      \"method\": null,\n      \"event\": \"agent\",\n      \"ok\": null,\n      \"data\": null\n    },\n    {\n      \"ts\": 1783453430155,\n      \"kind\": \"event\",\n      \"method\": null,\n      \"event\": \"session.message\",\n      \"ok\": null,\n      \"data\": null\n    },\n    {\n      \"ts\": 1783453434297,\n      \"kind\": \"event\",\n      \"method\": null,\n      \"event\": \"session.message\",\n      \"ok\": null,\n      \"data\": null\n    }\n  ],\n  \"ended\": \"2026-07-07T19:43:54.297Z\",\n  \"duration_ms\": 11587\n}" source=console
time="2026-07-07T12:43:54-07:00" level=info msg="--- END EVIDENCE ---" source=console
time="2026-07-07T12:43:54-07:00" level=info msg="\n[R-CD-MODEL-DEFAULT] VERDICT: PASS-candidate" source=console

[R-CD-MODEL-DEFAULT] Summary: PASS-candidate | SHA: 1cc8f4e3d617ef6f173283ef83d7b739a4995734 | Seat: cael

running (0m11.6s), 0/1 VUs, 1 complete and 0 interrupted iterations
r_cd_model_default ✓ [ 100% ] 1 VUs  0m11.6s/3m0s  1/1 shared iters
./r-cd-model-default-summary.json
[R-CD-MODEL-DEFAULT] METRICS: /home/figs/actions-runner/_work/openclaw-bootstrap/openclaw-bootstrap/openclaw-bootstrap/PROOFS/1cc8f4e3d617ef6f173283ef83d7b739a4995734/project81-k6/20260707T194227Z-cael-dgx-2026911/1cc8f4e3d617ef6f173283ef83d7b739a4995734/R-CD-MODEL-DEFAULT/cael/20260707T194342Z-r-cd-model-default/openclaw-proofs-k6.prom
[R-CD-MODEL-DEFAULT] ARTIFACTS: /home/figs/actions-runner/_work/openclaw-bootstrap/openclaw-bootstrap/openclaw-bootstrap/PROOFS/1cc8f4e3d617ef6f173283ef83d7b739a4995734/project81-k6/20260707T194227Z-cael-dgx-2026911/1cc8f4e3d617ef6f173283ef83d7b739a4995734/R-CD-MODEL-DEFAULT/cael/20260707T194342Z-r-cd-model-default
[R-CD-MODEL-DEFAULT] COMPLETED.
Observability check: query Grafana for run/nonce or review Tempo traces if trace ID was emitted.

----------------------------------------
Row: R-CD-MODEL-TOKEN
Manifest: /home/figs/actions-runner/_work/openclaw-bootstrap/openclaw-bootstrap/karmaterminal-openclaw-docs/tools/k6-proofs/manifests/r-cd-model-token.json
Scenario: scenarios/r-cd-model-token.js
Status: runnable
Live Safety: k6-runnable
[R-CD-MODEL-TOKEN] RUNNING...

         /\      Grafana   /‾‾/  
    /\  /  \     |\  __   /  /   
   /  \/    \    | |/ /  /   ‾‾\ 
  /          \   |   (  |  (‾)  |
 / __________ \  |_|\_\  \_____/ 


     execution: local
        script: scenarios/r-cd-model-token.js
        output: -

     scenarios: (100.00%) 1 scenario, 1 max VUs, 4m0s max duration (incl. graceful stop):
              * r_cd_model_token: 1 iterations shared among 1 VUs (maxDuration: 3m30s, gracefulStop: 30s)

time="2026-07-07T12:43:54-07:00" level=info msg="✓ disposable session created: agent:main:r-cd-model-token-r-cd-model-token-1783453434506-rmhh5vdc" source=console
time="2026-07-07T12:43:55-07:00" level=info msg="✓ sessions.send accepted — parent agent turn triggered" source=console

running (0m01.0s), 1/1 VUs, 0 complete and 0 interrupted iterations
r_cd_model_token   [   0% ] 1 VUs  0m01.0s/3m30s  0/1 shared iters

running (0m02.0s), 1/1 VUs, 0 complete and 0 interrupted iterations
r_cd_model_token   [   0% ] 1 VUs  0m02.0s/3m30s  0/1 shared iters

running (0m03.0s), 1/1 VUs, 0 complete and 0 interrupted iterations
r_cd_model_token   [   0% ] 1 VUs  0m03.0s/3m30s  0/1 shared iters

running (0m04.0s), 1/1 VUs, 0 complete and 0 interrupted iterations
r_cd_model_token   [   0% ] 1 VUs  0m04.0s/3m30s  0/1 shared iters

running (0m05.0s), 1/1 VUs, 0 complete and 0 interrupted iterations
r_cd_model_token   [   0% ] 1 VUs  0m05.0s/3m30s  0/1 shared iters

running (0m06.0s), 1/1 VUs, 0 complete and 0 interrupted iterations
r_cd_model_token   [   0% ] 1 VUs  0m06.0s/3m30s  0/1 shared iters

running (0m07.0s), 1/1 VUs, 0 complete and 0 interrupted iterations
r_cd_model_token   [   0% ] 1 VUs  0m07.0s/3m30s  0/1 shared iters

running (0m08.0s), 1/1 VUs, 0 complete and 0 interrupted iterations
r_cd_model_token   [   0% ] 1 VUs  0m08.0s/3m30s  0/1 shared iters

running (0m09.0s), 1/1 VUs, 0 complete and 0 interrupted iterations
r_cd_model_token   [   0% ] 1 VUs  0m09.0s/3m30s  0/1 shared iters
time="2026-07-07T12:44:03-07:00" level=info msg="ℹ Ignoring harness prompt echo event" source=console

running (0m10.0s), 1/1 VUs, 0 complete and 0 interrupted iterations
r_cd_model_token   [   0% ] 1 VUs  0m10.0s/3m30s  0/1 shared iters

running (0m11.0s), 1/1 VUs, 0 complete and 0 interrupted iterations
r_cd_model_token   [   0% ] 1 VUs  0m11.0s/3m30s  0/1 shared iters

running (0m12.0s), 1/1 VUs, 0 complete and 0 interrupted iterations
r_cd_model_token   [   0% ] 1 VUs  0m12.0s/3m30s  0/1 shared iters

running (0m13.0s), 1/1 VUs, 0 complete and 0 interrupted iterations
r_cd_model_token   [   0% ] 1 VUs  0m13.0s/3m30s  0/1 shared iters

running (0m14.0s), 1/1 VUs, 0 complete and 0 interrupted iterations
r_cd_model_token   [   0% ] 1 VUs  0m14.0s/3m30s  0/1 shared iters

running (0m15.0s), 1/1 VUs, 0 complete and 0 interrupted iterations
r_cd_model_token   [   0% ] 1 VUs  0m15.0s/3m30s  0/1 shared iters

running (0m16.0s), 1/1 VUs, 0 complete and 0 interrupted iterations
r_cd_model_token   [   0% ] 1 VUs  0m16.0s/3m30s  0/1 shared iters

running (0m17.0s), 1/1 VUs, 0 complete and 0 interrupted iterations
r_cd_model_token   [   0% ] 1 VUs  0m17.0s/3m30s  0/1 shared iters
time="2026-07-07T12:44:11-07:00" level=info msg="✓ parent sessions_spawn acceptance signal observed" source=console
time="2026-07-07T12:44:11-07:00" level=info msg="✓ bracket-token child turn observed" source=console
time="2026-07-07T12:44:11-07:00" level=info msg="✓ bracket model modifier observed" source=console
time="2026-07-07T12:44:11-07:00" level=info msg="✓ MODEL-TOKEN-DELEGATE-DONE return sentinel observed" source=console
time="2026-07-07T12:44:11-07:00" level=info msg="All required R-CD-MODEL-TOKEN evidence gathered, closing early" source=console
time="2026-07-07T12:44:11-07:00" level=info msg="\n--- R-CD-MODEL-TOKEN EVIDENCE SUMMARY ---" source=console
time="2026-07-07T12:44:11-07:00" level=info msg="{\n  \"row\": \"R-CD-MODEL-TOKEN\",\n  \"manifest_loaded\": true,\n  \"nonce\": \"R-CD-MODEL-TOKEN-1783453434506-rmhh5vdc\",\n  \"seat\": \"cael\",\n  \"requestedSessionKey\": \"agent:main:discord:channel:1466192485440164011\",\n  \"sessionKey\": \"agent:main:r-cd-model-token-r-cd-model-token-1783453434506-rmhh5vdc\",\n  \"session_created\": true,\n  \"created_session_key\": \"agent:main:r-cd-model-token-r-cd-model-token-1783453434506-rmhh5vdc\",\n  \"candidateSha\": \"1cc8f4e3d617ef6f173283ef83d7b739a4995734\",\n  \"started\": \"2026-07-07T19:43:54.506Z\",\n  \"requested_model_byte\": \"gpt\",\n  \"prompt_injected\": true,\n  \"subagent_spawn_requested\": true,\n  \"subagent_spawn_accepted\": true,\n  \"bracket_token_observed\": true,\n  \"bracket_model_modifier_observed\": true,\n  \"child_session_observed\": true,\n  \"child_model_byte\": \"gpt\",\n  \"model_matches\": true,\n  \"return_payload\": true,\n  \"dispatch_accepted_at_ms\": 1783453435361,\n  \"child_session_key\": null,\n  \"trace_id\": null,\n  \"redacted_events\": [\n    {\n      \"ts\": 1783453434508,\n      \"kind\": \"event\",\n      \"method\": null,\n      \"event\": \"connect.challenge\",\n      \"ok\": null,\n      \"data\": null\n    },\n    {\n      \"ts\": 1783453434509,\n      \"kind\": \"other\",\n      \"method\": null,\n      \"event\": null,\n      \"ok\": null,\n      \"data\": null\n    },\n    {\n      \"ts\": 1783453434549,\n      \"kind\": \"event\",\n      \"method\": null,\n      \"event\": \"health\",\n      \"ok\": null,\n      \"data\": null\n    },\n    {\n      \"ts\": 1783453434832,\n      \"kind\": \"response\",\n      \"method\": \"sessions.create\",\n      \"event\": null,\n      \"ok\": true,\n      \"data\": {\n        \"ok\": true\n      }\n    },\n    {\n      \"ts\": 1783453434853,\n      \"kind\": \"response\",\n      \"method\": \"sessions.messages.subscribe\",\n      \"event\": null,\n      \"ok\": true,\n      \"data\": {}\n    },\n    {\n      \"ts\": 1783453435361,\n      \"kind\": \"response\",\n      \"method\": \"sessions.send\",\n      \"event\": null,\n      \"ok\": true,\n      \"data\": {\n        \"runId\": \"R-CD-MODEL-TOKEN-DISPATCH-R-CD-MODEL-TOKEN-1783453434506-rmhh5vdc\",\n        \"status\": \"started\"\n      }\n    },\n    {\n      \"ts\": 1783453435947,\n      \"kind\": \"event\",\n      \"method\": null,\n      \"event\": \"agent\",\n      \"ok\": null,\n      \"data\": null\n    },\n    {\n      \"ts\": 1783453437050,\n      \"kind\": \"event\",\n      \"method\": null,\n      \"event\": \"agent\",\n      \"ok\": null,\n      \"data\": null\n    },\n    {\n      \"ts\": 1783453437051,\n      \"kind\": \"event\",\n      \"method\": null,\n      \"event\": \"chat\",\n      \"ok\": null,\n      \"data\": null\n    },\n    {\n      \"ts\": 1783453437238,\n      \"kind\": \"event\",\n      \"method\": null,\n      \"event\": \"agent\",\n      \"ok\": null,\n      \"data\": null\n    },\n    {\n      \"ts\": 1783453437238,\n      \"kind\": \"event\",\n      \"method\": null,\n      \"event\": \"agent\",\n      \"ok\": null,\n      \"data\": null\n    },\n    {\n      \"ts\": 1783453437239,\n      \"kind\": \"event\",\n      \"method\": null,\n      \"event\": \"chat\",\n      \"ok\": null,\n      \"data\": null\n    },\n    {\n      \"ts\": 1783453437558,\n      \"kind\": \"event\",\n      \"method\": null,\n      \"event\": \"agent\",\n      \"ok\": null,\n      \"data\": null\n    },\n    {\n      \"ts\": 1783453437558,\n      \"kind\": \"event\",\n      \"method\": null,\n      \"event\": \"agent\",\n      \"ok\": null,\n      \"data\": null\n    },\n    {\n      \"ts\": 1783453437558,\n      \"kind\": \"event\",\n      \"method\": null,\n      \"event\": \"chat\",\n      \"ok\": null,\n      \"data\": null\n    },\n    {\n      \"ts\": 1783453437573,\n      \"kind\": \"event\",\n      \"method\": null,\n      \"event\": \"agent\",\n      \"ok\": null,\n      \"data\": null\n    },\n    {\n      \"ts\": 1783453437573,\n      \"kind\": \"event\",\n      \"method\": null,\n      \"event\": \"agent\",\n      \"ok\": null,\n      \"data\": null\n    },\n    {\n      \"ts\": 1783453437617,\n      \"kind\": \"event\",\n      \"method\": null,\n      \"event\": \"agent\",\n      \"ok\": null,\n      \"data\": null\n    },\n    {\n      \"ts\": 1783453437617,\n      \"kind\": \"event\",\n      \"method\": null,\n      \"event\": \"chat\",\n      \"ok\": null,\n      \"data\": null\n    },\n    {\n      \"ts\": 1783453437617,\n      \"kind\": \"event\",\n      \"method\": null,\n      \"event\": \"chat\",\n      \"ok\": null,\n      \"data\": null\n    },\n    {\n      \"ts\": 1783453439470,\n      \"kind\": \"event\",\n      \"method\": null,\n      \"event\": \"agent\",\n      \"ok\": null,\n      \"data\": null\n    },\n    {\n      \"ts\": 1783453440042,\n      \"kind\": \"event\",\n      \"method\": null,\n      \"event\": \"health\",\n      \"ok\": null,\n      \"data\": null\n    },\n    {\n      \"ts\": 1783453440058,\n      \"kind\": \"event\",\n      \"method\": null,\n      \"event\": \"tick\",\n      \"ok\": null,\n      \"data\": null\n    },\n    {\n      \"ts\": 1783453440790,\n      \"kind\": \"event\",\n      \"method\": null,\n      \"event\": \"health\",\n      \"ok\": null,\n      \"data\": null\n    },\n    {\n      \"ts\": 1783453440803,\n      \"kind\": \"event\",\n      \"method\": null,\n      \"event\": \"presence\",\n      \"ok\": null,\n      \"data\": null\n    },\n    {\n      \"ts\": 1783453440831,\n      \"kind\": \"event\",\n      \"method\": null,\n      \"event\": \"agent\",\n      \"ok\": null,\n      \"data\": null\n    },\n    {\n      \"ts\": 1783453443495,\n      \"kind\": \"event\",\n      \"method\": null,\n      \"event\": \"chat\",\n      \"ok\": null,\n      \"data\": null\n    },\n    {\n      \"ts\": 1783453443554,\n      \"kind\": \"event\",\n      \"method\": null,\n      \"event\": \"agent\",\n      \"ok\": null,\n      \"data\": null\n    },\n    {\n      \"ts\": 1783453443554,\n      \"kind\": \"event\",\n      \"method\": null,\n      \"event\": \"chat\",\n      \"ok\": null,\n      \"data\": null\n    },\n    {\n      \"ts\": 1783453443767,\n      \"kind\": \"event\",\n      \"method\": null,\n      \"event\": \"agent\",\n      \"ok\": null,\n      \"data\": null\n    },\n    {\n      \"ts\": 1783453443854,\n      \"kind\": \"event\",\n      \"method\": null,\n      \"event\": \"agent\",\n      \"ok\": null,\n      \"data\": null\n    },\n    {\n      \"ts\": 1783453443857,\n      \"kind\": \"event\",\n      \"method\": null,\n      \"event\": \"session.message\",\n      \"ok\": null,\n      \"data\": null\n    },\n    {\n      \"ts\": 1783453446407,\n      \"kind\": \"event\",\n      \"method\": null,\n      \"event\": \"agent\",\n      \"ok\": null,\n      \"data\": null\n    },\n    {\n      \"ts\": 1783453447547,\n      \"kind\": \"event\",\n      \"method\": null,\n      \"event\": \"health\",\n      \"ok\": null,\n      \"data\": null\n    },\n    {\n      \"ts\": 1783453447555,\n      \"kind\": \"event\",\n      \"method\": null,\n      \"event\": \"presence\",\n      \"ok\": null,\n      \"data\": null\n    },\n    {\n      \"ts\": 1783453447586,\n      \"kind\": \"event\",\n      \"method\": null,\n      \"event\": \"agent\",\n      \"ok\": null,\n      \"data\": null\n    },\n    {\n      \"ts\": 1783453448697,\n      \"kind\": \"event\",\n      \"method\": null,\n      \"event\": \"agent\",\n      \"ok\": null,\n      \"data\": null\n    },\n    {\n      \"ts\": 1783453448697,\n      \"kind\": \"event\",\n      \"method\": null,\n      \"event\": \"chat\",\n      \"ok\": null,\n      \"data\": null\n    },\n    {\n      \"ts\": 1783453448830,\n      \"kind\": \"event\",\n      \"method\": null,\n      \"event\": \"agent\",\n      \"ok\": null,\n      \"data\": null\n    },\n    {\n      \"ts\": 1783453451105,\n      \"kind\": \"event\",\n      \"method\": null,\n      \"event\": \"agent\",\n      \"ok\": null,\n      \"data\": null\n    },\n    {\n      \"ts\": 1783453451105,\n      \"kind\": \"event\",\n      \"method\": null,\n      \"event\": \"chat\",\n      \"ok\": null,\n      \"data\": null\n    },\n    {\n      \"ts\": 1783453451382,\n      \"kind\": \"event\",\n      \"method\": null,\n      \"event\": \"agent\",\n      \"ok\": null,\n      \"data\": null\n    },\n    {\n      \"ts\": 1783453451383,\n      \"kind\": \"event\",\n      \"method\": null,\n      \"event\": \"agent\",\n      \"ok\": null,\n      \"data\": null\n    },\n    {\n      \"ts\": 1783453451383,\n      \"kind\": \"event\",\n      \"method\": null,\n      \"event\": \"chat\",\n      \"ok\": null,\n      \"data\": null\n    },\n    {\n      \"ts\": 1783453451394,\n      \"kind\": \"event\",\n      \"method\": null,\n      \"event\": \"agent\",\n      \"ok\": null,\n      \"data\": null\n    },\n    {\n      \"ts\": 1783453451394,\n      \"kind\": \"event\",\n      \"method\": null,\n      \"event\": \"agent\",\n      \"ok\": null,\n      \"data\": null\n    },\n    {\n      \"ts\": 1783453451518,\n      \"kind\": \"event\",\n      \"method\": null,\n      \"event\": \"agent\",\n      \"ok\": null,\n      \"data\": null\n    },\n    {\n      \"ts\": 1783453451518,\n      \"kind\": \"event\",\n      \"method\": null,\n      \"event\": \"chat\",\n      \"ok\": null,\n      \"data\": null\n    },\n    {\n      \"ts\": 1783453451518,\n      \"kind\": \"event\",\n      \"method\": null,\n      \"event\": \"chat\",\n      \"ok\": null,\n      \"data\": null\n    },\n    {\n      \"ts\": 1783453451543,\n      \"kind\": \"event\",\n      \"method\": null,\n      \"event\": \"presence\",\n      \"ok\": null,\n      \"data\": null\n    },\n    {\n      \"ts\": 1783453451641,\n      \"kind\": \"event\",\n      \"method\": null,\n      \"event\": \"health\",\n      \"ok\": null,\n      \"data\": null\n    },\n    {\n      \"ts\": 1783453451655,\n      \"kind\": \"event\",\n      \"method\": null,\n      \"event\": \"presence\",\n      \"ok\": null,\n      \"data\": null\n    },\n    {\n      \"ts\": 1783453451717,\n      \"kind\": \"event\",\n      \"method\": null,\n      \"event\": \"session.message\",\n      \"ok\": null,\n      \"data\": null\n    }\n  ],\n  \"ended\": \"2026-07-07T19:44:11.717Z\",\n  \"duration_ms\": 17211\n}" source=console
time="2026-07-07T12:44:11-07:00" level=info msg="--- END EVIDENCE ---" source=console
time="2026-07-07T12:44:11-07:00" level=info msg="\n[R-CD-MODEL-TOKEN] VERDICT: PASS-candidate" source=console

[R-CD-MODEL-TOKEN] Summary: PASS-candidate | SHA: 1cc8f4e3d617ef6f173283ef83d7b739a4995734 | Seat: cael

running (0m17.2s), 0/1 VUs, 1 complete and 0 interrupted iterations
r_cd_model_token ✓ [ 100% ] 1 VUs  0m17.2s/3m30s  1/1 shared iters
./r-cd-model-token-summary.json
[R-CD-MODEL-TOKEN] METRICS: /home/figs/actions-runner/_work/openclaw-bootstrap/openclaw-bootstrap/openclaw-bootstrap/PROOFS/1cc8f4e3d617ef6f173283ef83d7b739a4995734/project81-k6/20260707T194227Z-cael-dgx-2026911/1cc8f4e3d617ef6f173283ef83d7b739a4995734/R-CD-MODEL-TOKEN/cael/20260707T194354Z-r-cd-model-token/openclaw-proofs-k6.prom
[R-CD-MODEL-TOKEN] ARTIFACTS: /home/figs/actions-runner/_work/openclaw-bootstrap/openclaw-bootstrap/openclaw-bootstrap/PROOFS/1cc8f4e3d617ef6f173283ef83d7b739a4995734/project81-k6/20260707T194227Z-cael-dgx-2026911/1cc8f4e3d617ef6f173283ef83d7b739a4995734/R-CD-MODEL-TOKEN/cael/20260707T194354Z-r-cd-model-token
[R-CD-MODEL-TOKEN] COMPLETED.
Observability check: query Grafana for run/nonce or review Tempo traces if trace ID was emitted.

----------------------------------------
Row: R-CD-MODEL-TOOL
Manifest: /home/figs/actions-runner/_work/openclaw-bootstrap/openclaw-bootstrap/karmaterminal-openclaw-docs/tools/k6-proofs/manifests/r-cd-model-tool.json
Scenario: scenarios/r-cd-model-tool.js
Status: runnable
Live Safety: k6-runnable
[R-CD-MODEL-TOOL] RUNNING...

         /\      Grafana   /‾‾/  
    /\  /  \     |\  __   /  /   
   /  \/    \    | |/ /  /   ‾‾\ 
  /          \   |   (  |  (‾)  |
 / __________ \  |_|\_\  \_____/ 


     execution: local
        script: scenarios/r-cd-model-tool.js
        output: -

     scenarios: (100.00%) 1 scenario, 1 max VUs, 4m0s max duration (incl. graceful stop):
              * r_cd_model_tool: 1 iterations shared among 1 VUs (maxDuration: 3m30s, gracefulStop: 30s)

time="2026-07-07T12:44:12-07:00" level=info msg="✓ disposable session created: agent:main:r-cd-model-tool-r-cd-model-tool-1783453451971-9xbqqsv3" source=console

running (0m01.0s), 1/1 VUs, 0 complete and 0 interrupted iterations
r_cd_model_tool   [   0% ] 1 VUs  0m01.0s/3m30s  0/1 shared iters
time="2026-07-07T12:44:13-07:00" level=info msg="✓ sessions.send accepted — explicit model delegate turn triggered" source=console

running (0m02.0s), 1/1 VUs, 0 complete and 0 interrupted iterations
r_cd_model_tool   [   0% ] 1 VUs  0m02.0s/3m30s  0/1 shared iters

running (0m03.0s), 1/1 VUs, 0 complete and 0 interrupted iterations
r_cd_model_tool   [   0% ] 1 VUs  0m03.0s/3m30s  0/1 shared iters

running (0m04.0s), 1/1 VUs, 0 complete and 0 interrupted iterations
r_cd_model_tool   [   0% ] 1 VUs  0m04.0s/3m30s  0/1 shared iters

running (0m05.0s), 1/1 VUs, 0 complete and 0 interrupted iterations
r_cd_model_tool   [   0% ] 1 VUs  0m05.0s/3m30s  0/1 shared iters

running (0m06.0s), 1/1 VUs, 0 complete and 0 interrupted iterations
r_cd_model_tool   [   0% ] 1 VUs  0m06.0s/3m30s  0/1 shared iters

running (0m07.0s), 1/1 VUs, 0 complete and 0 interrupted iterations
r_cd_model_tool   [   0% ] 1 VUs  0m07.0s/3m30s  0/1 shared iters

running (0m08.0s), 1/1 VUs, 0 complete and 0 interrupted iterations
r_cd_model_tool   [   0% ] 1 VUs  0m08.0s/3m30s  0/1 shared iters

running (0m09.0s), 1/1 VUs, 0 complete and 0 interrupted iterations
r_cd_model_tool   [   0% ] 1 VUs  0m09.0s/3m30s  0/1 shared iters

running (0m10.0s), 1/1 VUs, 0 complete and 0 interrupted iterations
r_cd_model_tool   [   0% ] 1 VUs  0m10.0s/3m30s  0/1 shared iters

running (0m11.0s), 1/1 VUs, 0 complete and 0 interrupted iterations
r_cd_model_tool   [   0% ] 1 VUs  0m11.0s/3m30s  0/1 shared iters

running (0m12.0s), 1/1 VUs, 0 complete and 0 interrupted iterations
r_cd_model_tool   [   0% ] 1 VUs  0m12.0s/3m30s  0/1 shared iters

running (0m13.0s), 1/1 VUs, 0 complete and 0 interrupted iterations
r_cd_model_tool   [   0% ] 1 VUs  0m13.0s/3m30s  0/1 shared iters

running (0m14.0s), 1/1 VUs, 0 complete and 0 interrupted iterations
r_cd_model_tool   [   0% ] 1 VUs  0m14.0s/3m30s  0/1 shared iters

running (0m15.0s), 1/1 VUs, 0 complete and 0 interrupted iterations
r_cd_model_tool   [   0% ] 1 VUs  0m15.0s/3m30s  0/1 shared iters

running (0m16.0s), 1/1 VUs, 0 complete and 0 interrupted iterations
r_cd_model_tool   [   0% ] 1 VUs  0m16.0s/3m30s  0/1 shared iters

running (0m17.0s), 1/1 VUs, 0 complete and 0 interrupted iterations
r_cd_model_tool   [   0% ] 1 VUs  0m17.0s/3m30s  0/1 shared iters

running (0m18.0s), 1/1 VUs, 0 complete and 0 interrupted iterations
r_cd_model_tool   [   0% ] 1 VUs  0m18.0s/3m30s  0/1 shared iters

running (0m19.0s), 1/1 VUs, 0 complete and 0 interrupted iterations
r_cd_model_tool   [   0% ] 1 VUs  0m19.0s/3m30s  0/1 shared iters

running (0m20.0s), 1/1 VUs, 0 complete and 0 interrupted iterations
r_cd_model_tool   [   0% ] 1 VUs  0m20.0s/3m30s  0/1 shared iters

running (0m21.0s), 1/1 VUs, 0 complete and 0 interrupted iterations
r_cd_model_tool   [   0% ] 1 VUs  0m21.0s/3m30s  0/1 shared iters

running (0m22.0s), 1/1 VUs, 0 complete and 0 interrupted iterations
r_cd_model_tool   [   0% ] 1 VUs  0m22.0s/3m30s  0/1 shared iters

running (0m23.0s), 1/1 VUs, 0 complete and 0 interrupted iterations
r_cd_model_tool   [   0% ] 1 VUs  0m23.0s/3m30s  0/1 shared iters

running (0m24.0s), 1/1 VUs, 0 complete and 0 interrupted iterations
r_cd_model_tool   [   0% ] 1 VUs  0m24.0s/3m30s  0/1 shared iters
time="2026-07-07T12:44:36-07:00" level=info msg="✓ MODEL-TOOL-CHILD return payload observed" source=console
time="2026-07-07T12:44:36-07:00" level=info msg="R-CD-MODEL-TOOL return gathered, closing early" source=console
time="2026-07-07T12:44:36-07:00" level=info msg="\n--- R-CD-MODEL-TOOL EVIDENCE SUMMARY ---" source=console
time="2026-07-07T12:44:36-07:00" level=info msg="{\n  \"row\": \"R-CD-MODEL-TOOL\",\n  \"manifest_loaded\": true,\n  \"nonce\": \"R-CD-MODEL-TOOL-1783453451971-9xbqqsv3\",\n  \"seat\": \"cael\",\n  \"requestedSessionKey\": \"agent:main:discord:channel:1466192485440164011\",\n  \"sessionKey\": \"agent:main:r-cd-model-tool-r-cd-model-tool-1783453451971-9xbqqsv3\",\n  \"session_created\": true,\n  \"created_session_key\": \"agent:main:r-cd-model-tool-r-cd-model-tool-1783453451971-9xbqqsv3\",\n  \"candidateSha\": \"1cc8f4e3d617ef6f173283ef83d7b739a4995734\",\n  \"started\": \"2026-07-07T19:44:11.971Z\",\n  \"requested_model_byte\": \"github-copilot/goldeneye\",\n  \"dispatch_accepted\": true,\n  \"child_session_observed\": true,\n  \"child_model_byte\": \"github-copilot/goldeneye.\",\n  \"model_matches\": true,\n  \"return_payload\": true,\n  \"trace_id\": null,\n  \"redacted_events\": [\n    {\n      \"ts\": 1783453451996,\n      \"kind\": \"event\",\n      \"method\": null,\n      \"event\": \"connect.challenge\",\n      \"ok\": null,\n      \"data\": null\n    },\n    {\n      \"ts\": 1783453452018,\n      \"kind\": \"other\",\n      \"method\": null,\n      \"event\": null,\n      \"ok\": null,\n      \"data\": null\n    },\n    {\n      \"ts\": 1783453452056,\n      \"kind\": \"event\",\n      \"method\": null,\n      \"event\": \"health\",\n      \"ok\": null,\n      \"data\": null\n    },\n    {\n      \"ts\": 1783453452601,\n      \"kind\": \"response\",\n      \"method\": \"sessions.create\",\n      \"event\": null,\n      \"ok\": true,\n      \"data\": {\n        \"ok\": true\n      }\n    },\n    {\n      \"ts\": 1783453452608,\n      \"kind\": \"response\",\n      \"method\": \"sessions.messages.subscribe\",\n      \"event\": null,\n      \"ok\": true,\n      \"data\": {}\n    },\n    {\n      \"ts\": 1783453452817,\n      \"kind\": \"event\",\n      \"method\": null,\n      \"event\": \"health\",\n      \"ok\": null,\n      \"data\": null\n    },\n    {\n      \"ts\": 1783453452825,\n      \"kind\": \"event\",\n      \"method\": null,\n      \"event\": \"agent\",\n      \"ok\": null,\n      \"data\": null\n    },\n    {\n      \"ts\": 1783453453140,\n      \"kind\": \"response\",\n      \"method\": \"sessions.send\",\n      \"event\": null,\n      \"ok\": true,\n      \"data\": {\n        \"runId\": \"R-CD-MODEL-TOOL-DISPATCH-R-CD-MODEL-TOOL-1783453451971-9xbqqsv3\",\n        \"status\": \"started\"\n      }\n    },\n    {\n      \"ts\": 1783453453587,\n      \"kind\": \"event\",\n      \"method\": null,\n      \"event\": \"agent\",\n      \"ok\": null,\n      \"data\": null\n    },\n    {\n      \"ts\": 1783453454659,\n      \"kind\": \"event\",\n      \"method\": null,\n      \"event\": \"agent\",\n      \"ok\": null,\n      \"data\": null\n    },\n    {\n      \"ts\": 1783453454659,\n      \"kind\": \"event\",\n      \"method\": null,\n      \"event\": \"chat\",\n      \"ok\": null,\n      \"data\": null\n    },\n    {\n      \"ts\": 1783453454810,\n      \"kind\": \"event\",\n      \"method\": null,\n      \"event\": \"agent\",\n      \"ok\": null,\n      \"data\": null\n    },\n    {\n      \"ts\": 1783453454810,\n      \"kind\": \"event\",\n      \"method\": null,\n      \"event\": \"agent\",\n      \"ok\": null,\n      \"data\": null\n    },\n    {\n      \"ts\": 1783453454810,\n      \"kind\": \"event\",\n      \"method\": null,\n      \"event\": \"chat\",\n      \"ok\": null,\n      \"data\": null\n    },\n    {\n      \"ts\": 1783453455018,\n      \"kind\": \"event\",\n      \"method\": null,\n      \"event\": \"agent\",\n      \"ok\": null,\n      \"data\": null\n    },\n    {\n      \"ts\": 1783453455018,\n      \"kind\": \"event\",\n      \"method\": null,\n      \"event\": \"agent\",\n      \"ok\": null,\n      \"data\": null\n    },\n    {\n      \"ts\": 1783453455064,\n      \"kind\": \"event\",\n      \"method\": null,\n      \"event\": \"agent\",\n      \"ok\": null,\n      \"data\": null\n    },\n    {\n      \"ts\": 1783453455064,\n      \"kind\": \"event\",\n      \"method\": null,\n      \"event\": \"chat\",\n      \"ok\": null,\n      \"data\": null\n    },\n    {\n      \"ts\": 1783453455064,\n      \"kind\": \"event\",\n      \"method\": null,\n      \"event\": \"chat\",\n      \"ok\": null,\n      \"data\": null\n    },\n    {\n      \"ts\": 1783453457138,\n      \"kind\": \"event\",\n      \"method\": null,\n      \"event\": \"agent\",\n      \"ok\": null,\n      \"data\": null\n    },\n    {\n      \"ts\": 1783453458398,\n      \"kind\": \"event\",\n      \"method\": null,\n      \"event\": \"health\",\n      \"ok\": null,\n      \"data\": null\n    },\n    {\n      \"ts\": 1783453458406,\n      \"kind\": \"event\",\n      \"method\": null,\n      \"event\": \"presence\",\n      \"ok\": null,\n      \"data\": null\n    },\n    {\n      \"ts\": 1783453458441,\n      \"kind\": \"event\",\n      \"method\": null,\n      \"event\": \"agent\",\n      \"ok\": null,\n      \"data\": null\n    },\n    {\n      \"ts\": 1783453459741,\n      \"kind\": \"event\",\n      \"method\": null,\n      \"event\": \"agent\",\n      \"ok\": null,\n      \"data\": null\n    },\n    {\n      \"ts\": 1783453459741,\n      \"kind\": \"event\",\n      \"method\": null,\n      \"event\": \"chat\",\n      \"ok\": null,\n      \"data\": null\n    },\n    {\n      \"ts\": 1783453459964,\n      \"kind\": \"event\",\n      \"method\": null,\n      \"event\": \"agent\",\n      \"ok\": null,\n      \"data\": null\n    },\n    {\n      \"ts\": 1783453460034,\n      \"kind\": \"event\",\n      \"method\": null,\n      \"event\": \"agent\",\n      \"ok\": null,\n      \"data\": null\n    },\n    {\n      \"ts\": 1783453462487,\n      \"kind\": \"event\",\n      \"method\": null,\n      \"event\": \"agent\",\n      \"ok\": null,\n      \"data\": null\n    },\n    {\n      \"ts\": 1783453462487,\n      \"kind\": \"event\",\n      \"method\": null,\n      \"event\": \"chat\",\n      \"ok\": null,\n      \"data\": null\n    },\n    {\n      \"ts\": 1783453463274,\n      \"kind\": \"event\",\n      \"method\": null,\n      \"event\": \"agent\",\n      \"ok\": null,\n      \"data\": null\n    },\n    {\n      \"ts\": 1783453463274,\n      \"kind\": \"event\",\n      \"method\": null,\n      \"event\": \"agent\",\n      \"ok\": null,\n      \"data\": null\n    },\n    {\n      \"ts\": 1783453463274,\n      \"kind\": \"event\",\n      \"method\": null,\n      \"event\": \"chat\",\n      \"ok\": null,\n      \"data\": null\n    },\n    {\n      \"ts\": 1783453463287,\n      \"kind\": \"event\",\n      \"method\": null,\n      \"event\": \"agent\",\n      \"ok\": null,\n      \"data\": null\n    },\n    {\n      \"ts\": 1783453463416,\n      \"kind\": \"event\",\n      \"method\": null,\n      \"event\": \"agent\",\n      \"ok\": null,\n      \"data\": null\n    },\n    {\n      \"ts\": 1783453463416,\n      \"kind\": \"event\",\n      \"method\": null,\n      \"event\": \"chat\",\n      \"ok\": null,\n      \"data\": null\n    },\n    {\n      \"ts\": 1783453463444,\n      \"kind\": \"event\",\n      \"method\": null,\n      \"event\": \"presence\",\n      \"ok\": null,\n      \"data\": null\n    },\n    {\n      \"ts\": 1783453463537,\n      \"kind\": \"event\",\n      \"method\": null,\n      \"event\": \"health\",\n      \"ok\": null,\n      \"data\": null\n    },\n    {\n      \"ts\": 1783453463550,\n      \"kind\": \"event\",\n      \"method\": null,\n      \"event\": \"presence\",\n      \"ok\": null,\n      \"data\": null\n    },\n    {\n      \"ts\": 1783453463837,\n      \"kind\": \"event\",\n      \"method\": null,\n      \"event\": \"agent\",\n      \"ok\": null,\n      \"data\": null\n    },\n    {\n      \"ts\": 1783453465401,\n      \"kind\": \"event\",\n      \"method\": null,\n      \"event\": \"health\",\n      \"ok\": null,\n      \"data\": null\n    },\n    {\n      \"ts\": 1783453465412,\n      \"kind\": \"event\",\n      \"method\": null,\n      \"event\": \"presence\",\n      \"ok\": null,\n      \"data\": null\n    },\n    {\n      \"ts\": 1783453465572,\n      \"kind\": \"event\",\n      \"method\": null,\n      \"event\": \"agent\",\n      \"ok\": null,\n      \"data\": null\n    },\n    {\n      \"ts\": 1783453469218,\n      \"kind\": \"event\",\n      \"method\": null,\n      \"event\": \"health\",\n      \"ok\": null,\n      \"data\": null\n    },\n    {\n      \"ts\": 1783453469848,\n      \"kind\": \"event\",\n      \"method\": null,\n      \"event\": \"health\",\n      \"ok\": null,\n      \"data\": null\n    },\n    {\n      \"ts\": 1783453470058,\n      \"kind\": \"event\",\n      \"method\": null,\n      \"event\": \"tick\",\n      \"ok\": null,\n      \"data\": null\n    },\n    {\n      \"ts\": 1783453472145,\n      \"kind\": \"event\",\n      \"method\": null,\n      \"event\": \"agent\",\n      \"ok\": null,\n      \"data\": null\n    },\n    {\n      \"ts\": 1783453472145,\n      \"kind\": \"event\",\n      \"method\": null,\n      \"event\": \"chat\",\n      \"ok\": null,\n      \"data\": null\n    },\n    {\n      \"ts\": 1783453472496,\n      \"kind\": \"event\",\n      \"method\": null,\n      \"event\": \"agent\",\n      \"ok\": null,\n      \"data\": null\n    },\n    {\n      \"ts\": 1783453472513,\n      \"kind\": \"event\",\n      \"method\": null,\n      \"event\": \"agent\",\n      \"ok\": null,\n      \"data\": null\n    },\n    {\n      \"ts\": 1783453472552,\n      \"kind\": \"event\",\n      \"method\": null,\n      \"event\": \"session.message\",\n      \"ok\": null,\n      \"data\": null\n    },\n    {\n      \"ts\": 1783453474901,\n      \"kind\": \"event\",\n      \"method\": null,\n      \"event\": \"agent\",\n      \"ok\": null,\n      \"data\": null\n    },\n    {\n      \"ts\": 1783453476353,\n      \"kind\": \"event\",\n      \"method\": null,\n      \"event\": \"session.message\",\n      \"ok\": null,\n      \"data\": null\n    }\n  ],\n  \"ended\": \"2026-07-07T19:44:36.353Z\",\n  \"duration_ms\": 24382\n}" source=console
time="2026-07-07T12:44:36-07:00" level=info msg="--- END EVIDENCE ---" source=console
time="2026-07-07T12:44:36-07:00" level=info msg="\n[R-CD-MODEL-TOOL] VERDICT: PASS-candidate" source=console

[R-CD-MODEL-TOOL] Summary: PASS-candidate | SHA: 1cc8f4e3d617ef6f173283ef83d7b739a4995734 | Seat: cael

running (0m24.4s), 0/1 VUs, 1 complete and 0 interrupted iterations
r_cd_model_tool ✓ [ 100% ] 1 VUs  0m24.4s/3m30s  1/1 shared iters
./r-cd-model-tool-summary.json
[R-CD-MODEL-TOOL] METRICS: /home/figs/actions-runner/_work/openclaw-bootstrap/openclaw-bootstrap/openclaw-bootstrap/PROOFS/1cc8f4e3d617ef6f173283ef83d7b739a4995734/project81-k6/20260707T194227Z-cael-dgx-2026911/1cc8f4e3d617ef6f173283ef83d7b739a4995734/R-CD-MODEL-TOOL/cael/20260707T194411Z-r-cd-model-tool/openclaw-proofs-k6.prom
[R-CD-MODEL-TOOL] ARTIFACTS: /home/figs/actions-runner/_work/openclaw-bootstrap/openclaw-bootstrap/openclaw-bootstrap/PROOFS/1cc8f4e3d617ef6f173283ef83d7b739a4995734/project81-k6/20260707T194227Z-cael-dgx-2026911/1cc8f4e3d617ef6f173283ef83d7b739a4995734/R-CD-MODEL-TOOL/cael/20260707T194411Z-r-cd-model-tool
[R-CD-MODEL-TOOL] COMPLETED.
Observability check: query Grafana for run/nonce or review Tempo traces if trace ID was emitted.

----------------------------------------
Row: R-CD-TOKEN
Manifest: /home/figs/actions-runner/_work/openclaw-bootstrap/openclaw-bootstrap/karmaterminal-openclaw-docs/tools/k6-proofs/manifests/r-cd-token.json
Scenario: scenarios/r-cd-token-bracket-delegate.js
Status: runnable
Live Safety: k6-runnable
[R-CD-TOKEN] RUNNING...

         /\      Grafana   /‾‾/  
    /\  /  \     |\  __   /  /   
   /  \/    \    | |/ /  /   ‾‾\ 
  /          \   |   (  |  (‾)  |
 / __________ \  |_|\_\  \_____/ 


     execution: local
        script: scenarios/r-cd-token-bracket-delegate.js
        output: -

     scenarios: (100.00%) 1 scenario, 1 max VUs, 4m0s max duration (incl. graceful stop):
              * r_cd_token_bracket_delegate: 1 iterations shared among 1 VUs (maxDuration: 3m30s, gracefulStop: 30s)

time="2026-07-07T12:44:36-07:00" level=info msg="✓ disposable session created: agent:main:r-cd-token-r-cd-token-1783453476624-t70o1lg5" source=console
time="2026-07-07T12:44:37-07:00" level=info msg="✓ sessions.send accepted — parent agent turn triggered" source=console

running (0m01.0s), 1/1 VUs, 0 complete and 0 interrupted iterations
r_cd_token_bracket_delegate   [   0% ] 1 VUs  0m01.0s/3m30s  0/1 shared iters

running (0m02.0s), 1/1 VUs, 0 complete and 0 interrupted iterations
r_cd_token_bracket_delegate   [   0% ] 1 VUs  0m02.0s/3m30s  0/1 shared iters

running (0m03.0s), 1/1 VUs, 0 complete and 0 interrupted iterations
r_cd_token_bracket_delegate   [   0% ] 1 VUs  0m03.0s/3m30s  0/1 shared iters

running (0m04.0s), 1/1 VUs, 0 complete and 0 interrupted iterations
r_cd_token_bracket_delegate   [   0% ] 1 VUs  0m04.0s/3m30s  0/1 shared iters

running (0m05.0s), 1/1 VUs, 0 complete and 0 interrupted iterations
r_cd_token_bracket_delegate   [   0% ] 1 VUs  0m05.0s/3m30s  0/1 shared iters

running (0m06.0s), 1/1 VUs, 0 complete and 0 interrupted iterations
r_cd_token_bracket_delegate   [   0% ] 1 VUs  0m06.0s/3m30s  0/1 shared iters

running (0m07.0s), 1/1 VUs, 0 complete and 0 interrupted iterations
r_cd_token_bracket_delegate   [   0% ] 1 VUs  0m07.0s/3m30s  0/1 shared iters

running (0m08.0s), 1/1 VUs, 0 complete and 0 interrupted iterations
r_cd_token_bracket_delegate   [   0% ] 1 VUs  0m08.0s/3m30s  0/1 shared iters

running (0m09.0s), 1/1 VUs, 0 complete and 0 interrupted iterations
r_cd_token_bracket_delegate   [   0% ] 1 VUs  0m09.0s/3m30s  0/1 shared iters

running (0m10.0s), 1/1 VUs, 0 complete and 0 interrupted iterations
r_cd_token_bracket_delegate   [   0% ] 1 VUs  0m10.0s/3m30s  0/1 shared iters

running (0m11.0s), 1/1 VUs, 0 complete and 0 interrupted iterations
r_cd_token_bracket_delegate   [   0% ] 1 VUs  0m11.0s/3m30s  0/1 shared iters

running (0m12.0s), 1/1 VUs, 0 complete and 0 interrupted iterations
r_cd_token_bracket_delegate   [   0% ] 1 VUs  0m12.0s/3m30s  0/1 shared iters

running (0m13.0s), 1/1 VUs, 0 complete and 0 interrupted iterations
r_cd_token_bracket_delegate   [   0% ] 1 VUs  0m13.0s/3m30s  0/1 shared iters

running (0m14.0s), 1/1 VUs, 0 complete and 0 interrupted iterations
r_cd_token_bracket_delegate   [   0% ] 1 VUs  0m14.0s/3m30s  0/1 shared iters

running (0m15.0s), 1/1 VUs, 0 complete and 0 interrupted iterations
r_cd_token_bracket_delegate   [   0% ] 1 VUs  0m15.0s/3m30s  0/1 shared iters

running (0m16.0s), 1/1 VUs, 0 complete and 0 interrupted iterations
r_cd_token_bracket_delegate   [   0% ] 1 VUs  0m16.0s/3m30s  0/1 shared iters
time="2026-07-07T12:44:53-07:00" level=info msg="ℹ Ignoring harness prompt echo event" source=console

running (0m17.0s), 1/1 VUs, 0 complete and 0 interrupted iterations
r_cd_token_bracket_delegate   [   0% ] 1 VUs  0m17.0s/3m30s  0/1 shared iters

running (0m18.0s), 1/1 VUs, 0 complete and 0 interrupted iterations
r_cd_token_bracket_delegate   [   0% ] 1 VUs  0m18.0s/3m30s  0/1 shared iters

running (0m19.0s), 1/1 VUs, 0 complete and 0 interrupted iterations
r_cd_token_bracket_delegate   [   0% ] 1 VUs  0m19.0s/3m30s  0/1 shared iters

running (0m20.0s), 1/1 VUs, 0 complete and 0 interrupted iterations
r_cd_token_bracket_delegate   [   0% ] 1 VUs  0m20.0s/3m30s  0/1 shared iters

running (0m21.0s), 1/1 VUs, 0 complete and 0 interrupted iterations
r_cd_token_bracket_delegate   [   0% ] 1 VUs  0m21.0s/3m30s  0/1 shared iters

running (0m22.0s), 1/1 VUs, 0 complete and 0 interrupted iterations
r_cd_token_bracket_delegate   [   0% ] 1 VUs  0m22.0s/3m30s  0/1 shared iters
time="2026-07-07T12:44:59-07:00" level=info msg="✓ parent sessions_spawn acceptance signal observed" source=console
time="2026-07-07T12:44:59-07:00" level=info msg="✓ bracket-token child turn observed" source=console
time="2026-07-07T12:44:59-07:00" level=info msg="✓ CD-TOKEN-DELEGATE-DONE return sentinel observed" source=console
time="2026-07-07T12:44:59-07:00" level=info msg="All required R-CD-TOKEN evidence gathered, closing early" source=console
time="2026-07-07T12:44:59-07:00" level=info msg="\n--- R-CD-TOKEN EVIDENCE SUMMARY ---" source=console
time="2026-07-07T12:44:59-07:00" level=info msg="{\n  \"row\": \"R-CD-TOKEN\",\n  \"manifest_loaded\": true,\n  \"nonce\": \"R-CD-TOKEN-1783453476624-t70o1lg5\",\n  \"seat\": \"cael\",\n  \"requestedSessionKey\": \"agent:main:discord:channel:1466192485440164011\",\n  \"sessionKey\": \"agent:main:r-cd-token-r-cd-token-1783453476624-t70o1lg5\",\n  \"session_created\": true,\n  \"created_session_key\": \"agent:main:r-cd-token-r-cd-token-1783453476624-t70o1lg5\",\n  \"candidateSha\": \"1cc8f4e3d617ef6f173283ef83d7b739a4995734\",\n  \"started\": \"2026-07-07T19:44:36.624Z\",\n  \"prompt_injected\": true,\n  \"subagent_spawn_requested\": true,\n  \"subagent_spawn_accepted\": true,\n  \"bracket_token_observed\": true,\n  \"delegate_spawn_or_return_observed\": true,\n  \"child_spawned\": true,\n  \"parent_return_event\": true,\n  \"dispatch_accepted_at_ms\": 1783453477475,\n  \"child_session_key\": null,\n  \"trace_id\": null,\n  \"redacted_events\": [\n    {\n      \"ts\": 1783453476627,\n      \"kind\": \"event\",\n      \"method\": null,\n      \"event\": \"connect.challenge\",\n      \"ok\": null,\n      \"data\": null\n    },\n    {\n      \"ts\": 1783453476629,\n      \"kind\": \"other\",\n      \"method\": null,\n      \"event\": null,\n      \"ok\": null,\n      \"data\": null\n    },\n    {\n      \"ts\": 1783453476677,\n      \"kind\": \"event\",\n      \"method\": null,\n      \"event\": \"health\",\n      \"ok\": null,\n      \"data\": null\n    },\n    {\n      \"ts\": 1783453476946,\n      \"kind\": \"response\",\n      \"method\": \"sessions.create\",\n      \"event\": null,\n      \"ok\": true,\n      \"data\": {\n        \"ok\": true\n      }\n    },\n    {\n      \"ts\": 1783453476964,\n      \"kind\": \"response\",\n      \"method\": \"sessions.messages.subscribe\",\n      \"event\": null,\n      \"ok\": true,\n      \"data\": {}\n    },\n    {\n      \"ts\": 1783453477475,\n      \"kind\": \"response\",\n      \"method\": \"sessions.send\",\n      \"event\": null,\n      \"ok\": true,\n      \"data\": {\n        \"runId\": \"R-CD-TOKEN-DISPATCH-R-CD-TOKEN-1783453476624-t70o1lg5\",\n        \"status\": \"started\"\n      }\n    },\n    {\n      \"ts\": 1783453478713,\n      \"kind\": \"event\",\n      \"method\": null,\n      \"event\": \"agent\",\n      \"ok\": null,\n      \"data\": null\n    },\n    {\n      \"ts\": 1783453478713,\n      \"kind\": \"event\",\n      \"method\": null,\n      \"event\": \"chat\",\n      \"ok\": null,\n      \"data\": null\n    },\n    {\n      \"ts\": 1783453478875,\n      \"kind\": \"event\",\n      \"method\": null,\n      \"event\": \"agent\",\n      \"ok\": null,\n      \"data\": null\n    },\n    {\n      \"ts\": 1783453478875,\n      \"kind\": \"event\",\n      \"method\": null,\n      \"event\": \"agent\",\n      \"ok\": null,\n      \"data\": null\n    },\n    {\n      \"ts\": 1783453478875,\n      \"kind\": \"event\",\n      \"method\": null,\n      \"event\": \"chat\",\n      \"ok\": null,\n      \"data\": null\n    },\n    {\n      \"ts\": 1783453479198,\n      \"kind\": \"event\",\n      \"method\": null,\n      \"event\": \"agent\",\n      \"ok\": null,\n      \"data\": null\n    },\n    {\n      \"ts\": 1783453479198,\n      \"kind\": \"event\",\n      \"method\": null,\n      \"event\": \"agent\",\n      \"ok\": null,\n      \"data\": null\n    },\n    {\n      \"ts\": 1783453479198,\n      \"kind\": \"event\",\n      \"method\": null,\n      \"event\": \"chat\",\n      \"ok\": null,\n      \"data\": null\n    },\n    {\n      \"ts\": 1783453479210,\n      \"kind\": \"event\",\n      \"method\": null,\n      \"event\": \"agent\",\n      \"ok\": null,\n      \"data\": null\n    },\n    {\n      \"ts\": 1783453479257,\n      \"kind\": \"event\",\n      \"method\": null,\n      \"event\": \"agent\",\n      \"ok\": null,\n      \"data\": null\n    },\n    {\n      \"ts\": 1783453479257,\n      \"kind\": \"event\",\n      \"method\": null,\n      \"event\": \"chat\",\n      \"ok\": null,\n      \"data\": null\n    },\n    {\n      \"ts\": 1783453479695,\n      \"kind\": \"event\",\n      \"method\": null,\n      \"event\": \"agent\",\n      \"ok\": null,\n      \"data\": null\n    },\n    {\n      \"ts\": 1783453479695,\n      \"kind\": \"event\",\n      \"method\": null,\n      \"event\": \"chat\",\n      \"ok\": null,\n      \"data\": null\n    },\n    {\n      \"ts\": 1783453479928,\n      \"kind\": \"event\",\n      \"method\": null,\n      \"event\": \"agent\",\n      \"ok\": null,\n      \"data\": null\n    },\n    {\n      \"ts\": 1783453480054,\n      \"kind\": \"event\",\n      \"method\": null,\n      \"event\": \"agent\",\n      \"ok\": null,\n      \"data\": null\n    },\n    {\n      \"ts\": 1783453482143,\n      \"kind\": \"event\",\n      \"method\": null,\n      \"event\": \"health\",\n      \"ok\": null,\n      \"data\": null\n    },\n    {\n      \"ts\": 1783453482318,\n      \"kind\": \"event\",\n      \"method\": null,\n      \"event\": \"presence\",\n      \"ok\": null,\n      \"data\": null\n    },\n    {\n      \"ts\": 1783453482493,\n      \"kind\": \"event\",\n      \"method\": null,\n      \"event\": \"health\",\n      \"ok\": null,\n      \"data\": null\n    },\n    {\n      \"ts\": 1783453482512,\n      \"kind\": \"event\",\n      \"method\": null,\n      \"event\": \"presence\",\n      \"ok\": null,\n      \"data\": null\n    },\n    {\n      \"ts\": 1783453482558,\n      \"kind\": \"event\",\n      \"method\": null,\n      \"event\": \"health\",\n      \"ok\": null,\n      \"data\": null\n    },\n    {\n      \"ts\": 1783453482574,\n      \"kind\": \"event\",\n      \"method\": null,\n      \"event\": \"presence\",\n      \"ok\": null,\n      \"data\": null\n    },\n    {\n      \"ts\": 1783453482720,\n      \"kind\": \"event\",\n      \"method\": null,\n      \"event\": \"health\",\n      \"ok\": null,\n      \"data\": null\n    },\n    {\n      \"ts\": 1783453482735,\n      \"kind\": \"event\",\n      \"method\": null,\n      \"event\": \"presence\",\n      \"ok\": null,\n      \"data\": null\n    },\n    {\n      \"ts\": 1783453482744,\n      \"kind\": \"event\",\n      \"method\": null,\n      \"event\": \"agent\",\n      \"ok\": null,\n      \"data\": null\n    },\n    {\n      \"ts\": 1783453482880,\n      \"kind\": \"event\",\n      \"method\": null,\n      \"event\": \"health\",\n      \"ok\": null,\n      \"data\": null\n    },\n    {\n      \"ts\": 1783453482896,\n      \"kind\": \"event\",\n      \"method\": null,\n      \"event\": \"presence\",\n      \"ok\": null,\n      \"data\": null\n    },\n    {\n      \"ts\": 1783453483040,\n      \"kind\": \"event\",\n      \"method\": null,\n      \"event\": \"health\",\n      \"ok\": null,\n      \"data\": null\n    },\n    {\n      \"ts\": 1783453483057,\n      \"kind\": \"event\",\n      \"method\": null,\n      \"event\": \"presence\",\n      \"ok\": null,\n      \"data\": null\n    },\n    {\n      \"ts\": 1783453483210,\n      \"kind\": \"event\",\n      \"method\": null,\n      \"event\": \"health\",\n      \"ok\": null,\n      \"data\": null\n    },\n    {\n      \"ts\": 1783453483222,\n      \"kind\": \"event\",\n      \"method\": null,\n      \"event\": \"presence\",\n      \"ok\": null,\n      \"data\": null\n    },\n    {\n      \"ts\": 1783453483368,\n      \"kind\": \"event\",\n      \"method\": null,\n      \"event\": \"health\",\n      \"ok\": null,\n      \"data\": null\n    },\n    {\n      \"ts\": 1783453483386,\n      \"kind\": \"event\",\n      \"method\": null,\n      \"event\": \"presence\",\n      \"ok\": null,\n      \"data\": null\n    },\n    {\n      \"ts\": 1783453483531,\n      \"kind\": \"event\",\n      \"method\": null,\n      \"event\": \"health\",\n      \"ok\": null,\n      \"data\": null\n    },\n    {\n      \"ts\": 1783453483547,\n      \"kind\": \"event\",\n      \"method\": null,\n      \"event\": \"presence\",\n      \"ok\": null,\n      \"data\": null\n    },\n    {\n      \"ts\": 1783453483699,\n      \"kind\": \"event\",\n      \"method\": null,\n      \"event\": \"health\",\n      \"ok\": null,\n      \"data\": null\n    },\n    {\n      \"ts\": 1783453483719,\n      \"kind\": \"event\",\n      \"method\": null,\n      \"event\": \"presence\",\n      \"ok\": null,\n      \"data\": null\n    },\n    {\n      \"ts\": 1783453484162,\n      \"kind\": \"event\",\n      \"method\": null,\n      \"event\": \"health\",\n      \"ok\": null,\n      \"data\": null\n    },\n    {\n      \"ts\": 1783453484210,\n      \"kind\": \"event\",\n      \"method\": null,\n      \"event\": \"health\",\n      \"ok\": null,\n      \"data\": null\n    },\n    {\n      \"ts\": 1783453484229,\n      \"kind\": \"event\",\n      \"method\": null,\n      \"event\": \"presence\",\n      \"ok\": null,\n      \"data\": null\n    },\n    {\n      \"ts\": 1783453484254,\n      \"kind\": \"event\",\n      \"method\": null,\n      \"event\": \"presence\",\n      \"ok\": null,\n      \"data\": null\n    },\n    {\n      \"ts\": 1783453484265,\n      \"kind\": \"event\",\n      \"method\": null,\n      \"event\": \"agent\",\n      \"ok\": null,\n      \"data\": null\n    },\n    {\n      \"ts\": 1783453484399,\n      \"kind\": \"event\",\n      \"method\": null,\n      \"event\": \"health\",\n      \"ok\": null,\n      \"data\": null\n    },\n    {\n      \"ts\": 1783453484414,\n      \"kind\": \"event\",\n      \"method\": null,\n      \"event\": \"presence\",\n      \"ok\": null,\n      \"data\": null\n    },\n    {\n      \"ts\": 1783453484565,\n      \"kind\": \"event\",\n      \"method\": null,\n      \"event\": \"health\",\n      \"ok\": null,\n      \"data\": null\n    },\n    {\n      \"ts\": 1783453484577,\n      \"kind\": \"event\",\n      \"method\": null,\n      \"event\": \"presence\",\n      \"ok\": null,\n      \"data\": null\n    },\n    {\n      \"ts\": 1783453484723,\n      \"kind\": \"event\",\n      \"method\": null,\n      \"event\": \"health\",\n      \"ok\": null,\n      \"data\": null\n    },\n    {\n      \"ts\": 1783453484744,\n      \"kind\": \"event\",\n      \"method\": null,\n      \"event\": \"presence\",\n      \"ok\": null,\n      \"data\": null\n    },\n    {\n      \"ts\": 1783453484891,\n      \"kind\": \"event\",\n      \"method\": null,\n      \"event\": \"health\",\n      \"ok\": null,\n      \"data\": null\n    },\n    {\n      \"ts\": 1783453484904,\n      \"kind\": \"event\",\n      \"method\": null,\n      \"event\": \"presence\",\n      \"ok\": null,\n      \"data\": null\n    },\n    {\n      \"ts\": 1783453485060,\n      \"kind\": \"event\",\n      \"method\": null,\n      \"event\": \"health\",\n      \"ok\": null,\n      \"data\": null\n    },\n    {\n      \"ts\": 1783453485071,\n      \"kind\": \"event\",\n      \"method\": null,\n      \"event\": \"presence\",\n      \"ok\": null,\n      \"data\": null\n    },\n    {\n      \"ts\": 1783453485217,\n      \"kind\": \"event\",\n      \"method\": null,\n      \"event\": \"health\",\n      \"ok\": null,\n      \"data\": null\n    },\n    {\n      \"ts\": 1783453485235,\n      \"kind\": \"event\",\n      \"method\": null,\n      \"event\": \"presence\",\n      \"ok\": null,\n      \"data\": null\n    },\n    {\n      \"ts\": 1783453485305,\n      \"kind\": \"event\",\n      \"method\": null,\n      \"event\": \"agent\",\n      \"ok\": null,\n      \"data\": null\n    },\n    {\n      \"ts\": 1783453485305,\n      \"kind\": \"event\",\n      \"method\": null,\n      \"event\": \"chat\",\n      \"ok\": null,\n      \"data\": null\n    },\n    {\n      \"ts\": 1783453485481,\n      \"kind\": \"event\",\n      \"method\": null,\n      \"event\": \"health\",\n      \"ok\": null,\n      \"data\": null\n    },\n    {\n      \"ts\": 1783453485505,\n      \"kind\": \"event\",\n      \"method\": null,\n      \"event\": \"presence\",\n      \"ok\": null,\n      \"data\": null\n    },\n    {\n      \"ts\": 1783453485651,\n      \"kind\": \"event\",\n      \"method\": null,\n      \"event\": \"agent\",\n      \"ok\": null,\n      \"data\": null\n    },\n    {\n      \"ts\": 1783453485661,\n      \"kind\": \"event\",\n      \"method\": null,\n      \"event\": \"agent\",\n      \"ok\": null,\n      \"data\": null\n    },\n    {\n      \"ts\": 1783453485734,\n      \"kind\": \"event\",\n      \"method\": null,\n      \"event\": \"health\",\n      \"ok\": null,\n      \"data\": null\n    },\n    {\n      \"ts\": 1783453485780,\n      \"kind\": \"event\",\n      \"method\": null,\n      \"event\": \"presence\",\n      \"ok\": null,\n      \"data\": null\n    },\n    {\n      \"ts\": 1783453485925,\n      \"kind\": \"event\",\n      \"method\": null,\n      \"event\": \"health\",\n      \"ok\": null,\n      \"data\": null\n    },\n    {\n      \"ts\": 1783453485960,\n      \"kind\": \"event\",\n      \"method\": null,\n      \"event\": \"presence\",\n      \"ok\": null,\n      \"data\": null\n    },\n    {\n      \"ts\": 1783453486054,\n      \"kind\": \"event\",\n      \"method\": null,\n      \"event\": \"agent\",\n      \"ok\": null,\n      \"data\": null\n    },\n    {\n      \"ts\": 1783453486054,\n      \"kind\": \"event\",\n      \"method\": null,\n      \"event\": \"agent\",\n      \"ok\": null,\n      \"data\": null\n    },\n    {\n      \"ts\": 1783453486101,\n      \"kind\": \"event\",\n      \"method\": null,\n      \"event\": \"agent\",\n      \"ok\": null,\n      \"data\": null\n    },\n    {\n      \"ts\": 1783453486222,\n      \"kind\": \"event\",\n      \"method\": null,\n      \"event\": \"health\",\n      \"ok\": null,\n      \"data\": null\n    },\n    {\n      \"ts\": 1783453486242,\n      \"kind\": \"event\",\n      \"method\": null,\n      \"event\": \"presence\",\n      \"ok\": null,\n      \"data\": null\n    },\n    {\n      \"ts\": 1783453486397,\n      \"kind\": \"event\",\n      \"method\": null,\n      \"event\": \"health\",\n      \"ok\": null,\n      \"data\": null\n    },\n    {\n      \"ts\": 1783453486415,\n      \"kind\": \"event\",\n      \"method\": null,\n      \"event\": \"presence\",\n      \"ok\": null,\n      \"data\": null\n    },\n    {\n      \"ts\": 1783453486557,\n      \"kind\": \"event\",\n      \"method\": null,\n      \"event\": \"health\",\n      \"ok\": null,\n      \"data\": null\n    },\n    {\n      \"ts\": 1783453486568,\n      \"kind\": \"event\",\n      \"method\": null,\n      \"event\": \"presence\",\n      \"ok\": null,\n      \"data\": null\n    },\n    {\n      \"ts\": 1783453486717,\n      \"kind\": \"event\",\n      \"method\": null,\n      \"event\": \"health\",\n      \"ok\": null,\n      \"data\": null\n    },\n    {\n      \"ts\": 1783453486732,\n      \"kind\": \"event\",\n      \"method\": null,\n      \"event\": \"presence\",\n      \"ok\": null,\n      \"data\": null\n    },\n    {\n      \"ts\": 1783453486875,\n      \"kind\": \"event\",\n      \"method\": null,\n      \"event\": \"health\",\n      \"ok\": null,\n      \"data\": null\n    },\n    {\n      \"ts\": 1783453486890,\n      \"kind\": \"event\",\n      \"method\": null,\n      \"event\": \"presence\",\n      \"ok\": null,\n      \"data\": null\n    },\n    {\n      \"ts\": 1783453487035,\n      \"kind\": \"event\",\n      \"method\": null,\n      \"event\": \"health\",\n      \"ok\": null,\n      \"data\": null\n    },\n    {\n      \"ts\": 1783453487044,\n      \"kind\": \"event\",\n      \"method\": null,\n      \"event\": \"presence\",\n      \"ok\": null,\n      \"data\": null\n    },\n    {\n      \"ts\": 1783453487193,\n      \"kind\": \"event\",\n      \"method\": null,\n      \"event\": \"health\",\n      \"ok\": null,\n      \"data\": null\n    },\n    {\n      \"ts\": 1783453487204,\n      \"kind\": \"event\",\n      \"method\": null,\n      \"event\": \"agent\",\n      \"ok\": null,\n      \"data\": null\n    },\n    {\n      \"ts\": 1783453487207,\n      \"kind\": \"event\",\n      \"method\": null,\n      \"event\": \"agent\",\n      \"ok\": null,\n      \"data\": null\n    },\n    {\n      \"ts\": 1783453487208,\n      \"kind\": \"event\",\n      \"method\": null,\n      \"event\": \"presence\",\n      \"ok\": null,\n      \"data\": null\n    },\n    {\n      \"ts\": 1783453487352,\n      \"kind\": \"event\",\n      \"method\": null,\n      \"event\": \"health\",\n      \"ok\": null,\n      \"data\": null\n    },\n    {\n      \"ts\": 1783453487374,\n      \"kind\": \"event\",\n      \"method\": null,\n      \"event\": \"presence\",\n      \"ok\": null,\n      \"data\": null\n    },\n    {\n      \"ts\": 1783453487516,\n      \"kind\": \"event\",\n      \"method\": null,\n      \"event\": \"health\",\n      \"ok\": null,\n      \"data\": null\n    },\n    {\n      \"ts\": 1783453487528,\n      \"kind\": \"event\",\n      \"method\": null,\n      \"event\": \"presence\",\n      \"ok\": null,\n      \"data\": null\n    },\n    {\n      \"ts\": 1783453487676,\n      \"kind\": \"event\",\n      \"method\": null,\n      \"event\": \"health\",\n      \"ok\": null,\n      \"data\": null\n    },\n    {\n      \"ts\": 1783453487688,\n      \"kind\": \"event\",\n      \"method\": null,\n      \"event\": \"presence\",\n      \"ok\": null,\n      \"data\": null\n    },\n    {\n      \"ts\": 1783453487830,\n      \"kind\": \"event\",\n      \"method\": null,\n      \"event\": \"health\",\n      \"ok\": null,\n      \"data\": null\n    },\n    {\n      \"ts\": 1783453487845,\n      \"kind\": \"event\",\n      \"method\": null,\n      \"event\": \"presence\",\n      \"ok\": null,\n      \"data\": null\n    },\n    {\n      \"ts\": 1783453487989,\n      \"kind\": \"event\",\n      \"method\": null,\n      \"event\": \"health\",\n      \"ok\": null,\n      \"data\": null\n    },\n    {\n      \"ts\": 1783453488004,\n      \"kind\": \"event\",\n      \"method\": null,\n      \"event\": \"presence\",\n      \"ok\": null,\n      \"data\": null\n    },\n    {\n      \"ts\": 1783453488153,\n      \"kind\": \"event\",\n      \"method\": null,\n      \"event\": \"health\",\n      \"ok\": null,\n      \"data\": null\n    },\n    {\n      \"ts\": 1783453488165,\n      \"kind\": \"event\",\n      \"method\": null,\n      \"event\": \"presence\",\n      \"ok\": null,\n      \"data\": null\n    },\n    {\n      \"ts\": 1783453488307,\n      \"kind\": \"event\",\n      \"method\": null,\n      \"event\": \"health\",\n      \"ok\": null,\n      \"data\": null\n    },\n    {\n      \"ts\": 1783453488323,\n      \"kind\": \"event\",\n      \"method\": null,\n      \"event\": \"presence\",\n      \"ok\": null,\n      \"data\": null\n    },\n    {\n      \"ts\": 1783453488466,\n      \"kind\": \"event\",\n      \"method\": null,\n      \"event\": \"health\",\n      \"ok\": null,\n      \"data\": null\n    },\n    {\n      \"ts\": 1783453488476,\n      \"kind\": \"event\",\n      \"method\": null,\n      \"event\": \"presence\",\n      \"ok\": null,\n      \"data\": null\n    },\n    {\n      \"ts\": 1783453488557,\n      \"kind\": \"event\",\n      \"method\": null,\n      \"event\": \"agent\",\n      \"ok\": null,\n      \"data\": null\n    },\n    {\n      \"ts\": 1783453488688,\n      \"kind\": \"event\",\n      \"method\": null,\n      \"event\": \"health\",\n      \"ok\": null,\n      \"data\": null\n    },\n    {\n      \"ts\": 1783453488706,\n      \"kind\": \"event\",\n      \"method\": null,\n      \"event\": \"presence\",\n      \"ok\": null,\n      \"data\": null\n    },\n    {\n      \"ts\": 1783453488848,\n      \"kind\": \"event\",\n      \"method\": null,\n      \"event\": \"health\",\n      \"ok\": null,\n      \"data\": null\n    },\n    {\n      \"ts\": 1783453488864,\n      \"kind\": \"event\",\n      \"method\": null,\n      \"event\": \"presence\",\n      \"ok\": null,\n      \"data\": null\n    },\n    {\n      \"ts\": 1783453489007,\n      \"kind\": \"event\",\n      \"method\": null,\n      \"event\": \"health\",\n      \"ok\": null,\n      \"data\": null\n    },\n    {\n      \"ts\": 1783453489018,\n      \"kind\": \"event\",\n      \"method\": null,\n      \"event\": \"presence\",\n      \"ok\": null,\n      \"data\": null\n    },\n    {\n      \"ts\": 1783453489167,\n      \"kind\": \"event\",\n      \"method\": null,\n      \"event\": \"health\",\n      \"ok\": null,\n      \"data\": null\n    },\n    {\n      \"ts\": 1783453489179,\n      \"kind\": \"event\",\n      \"method\": null,\n      \"event\": \"presence\",\n      \"ok\": null,\n      \"data\": null\n    },\n    {\n      \"ts\": 1783453489841,\n      \"kind\": \"event\",\n      \"method\": null,\n      \"event\": \"agent\",\n      \"ok\": null,\n      \"data\": null\n    },\n    {\n      \"ts\": 1783453489842,\n      \"kind\": \"event\",\n      \"method\": null,\n      \"event\": \"agent\",\n      \"ok\": null,\n      \"data\": null\n    },\n    {\n      \"ts\": 1783453489885,\n      \"kind\": \"event\",\n      \"method\": null,\n      \"event\": \"health\",\n      \"ok\": null,\n      \"data\": null\n    },\n    {\n      \"ts\": 1783453489930,\n      \"kind\": \"event\",\n      \"method\": null,\n      \"event\": \"health\",\n      \"ok\": null,\n      \"data\": null\n    },\n    {\n      \"ts\": 1783453489950,\n      \"kind\": \"event\",\n      \"method\": null,\n      \"event\": \"presence\",\n      \"ok\": null,\n      \"data\": null\n    },\n    {\n      \"ts\": 1783453489972,\n      \"kind\": \"event\",\n      \"method\": null,\n      \"event\": \"presence\",\n      \"ok\": null,\n      \"data\": null\n    },\n    {\n      \"ts\": 1783453489983,\n      \"kind\": \"event\",\n      \"method\": null,\n      \"event\": \"agent\",\n      \"ok\": null,\n      \"data\": null\n    },\n    {\n      \"ts\": 1783453490114,\n      \"kind\": \"event\",\n      \"method\": null,\n      \"event\": \"health\",\n      \"ok\": null,\n      \"data\": null\n    },\n    {\n      \"ts\": 1783453490126,\n      \"kind\": \"event\",\n      \"method\": null,\n      \"event\": \"presence\",\n      \"ok\": null,\n      \"data\": null\n    },\n    {\n      \"ts\": 1783453490278,\n      \"kind\": \"event\",\n      \"method\": null,\n      \"event\": \"health\",\n      \"ok\": null,\n      \"data\": null\n    },\n    {\n      \"ts\": 1783453490291,\n      \"kind\": \"event\",\n      \"method\": null,\n      \"event\": \"presence\",\n      \"ok\": null,\n      \"data\": null\n    },\n    {\n      \"ts\": 1783453490309,\n      \"kind\": \"event\",\n      \"method\": null,\n      \"event\": \"agent\",\n      \"ok\": null,\n      \"data\": null\n    },\n    {\n      \"ts\": 1783453490310,\n      \"kind\": \"event\",\n      \"method\": null,\n      \"event\": \"agent\",\n      \"ok\": null,\n      \"data\": null\n    },\n    {\n      \"ts\": 1783453490311,\n      \"kind\": \"event\",\n      \"method\": null,\n      \"event\": \"agent\",\n      \"ok\": null,\n      \"data\": null\n    },\n    {\n      \"ts\": 1783453490314,\n      \"kind\": \"event\",\n      \"method\": null,\n      \"event\": \"agent\",\n      \"ok\": null,\n      \"data\": null\n    },\n    {\n      \"ts\": 1783453490314,\n      \"kind\": \"event\",\n      \"method\": null,\n      \"event\": \"chat\",\n      \"ok\": null,\n      \"data\": null\n    },\n    {\n      \"ts\": 1783453490455,\n      \"kind\": \"event\",\n      \"method\": null,\n      \"event\": \"health\",\n      \"ok\": null,\n      \"data\": null\n    },\n    {\n      \"ts\": 1783453490458,\n      \"kind\": \"event\",\n      \"method\": null,\n      \"event\": \"agent\",\n      \"ok\": null,\n      \"data\": null\n    },\n    {\n      \"ts\": 1783453490458,\n      \"kind\": \"event\",\n      \"method\": null,\n      \"event\": \"chat\",\n      \"ok\": null,\n      \"data\": null\n    },\n    {\n      \"ts\": 1783453490474,\n      \"kind\": \"event\",\n      \"method\": null,\n      \"event\": \"agent\",\n      \"ok\": null,\n      \"data\": null\n    },\n    {\n      \"ts\": 1783453490474,\n      \"kind\": \"event\",\n      \"method\": null,\n      \"event\": \"agent\",\n      \"ok\": null,\n      \"data\": null\n    },\n    {\n      \"ts\": 1783453490474,\n      \"kind\": \"event\",\n      \"method\": null,\n      \"event\": \"chat\",\n      \"ok\": null,\n      \"data\": null\n    },\n    {\n      \"ts\": 1783453490482,\n      \"kind\": \"event\",\n      \"method\": null,\n      \"event\": \"presence\",\n      \"ok\": null,\n      \"data\": null\n    },\n    {\n      \"ts\": 1783453490628,\n      \"kind\": \"event\",\n      \"method\": null,\n      \"event\": \"health\",\n      \"ok\": null,\n      \"data\": null\n    },\n    {\n      \"ts\": 1783453490630,\n      \"kind\": \"event\",\n      \"method\": null,\n      \"event\": \"agent\",\n      \"ok\": null,\n      \"data\": null\n    },\n    {\n      \"ts\": 1783453490630,\n      \"kind\": \"event\",\n      \"method\": null,\n      \"event\": \"agent\",\n      \"ok\": null,\n      \"data\": null\n    },\n    {\n      \"ts\": 1783453490643,\n      \"kind\": \"event\",\n      \"method\": null,\n      \"event\": \"presence\",\n      \"ok\": null,\n      \"data\": null\n    },\n    {\n      \"ts\": 1783453490656,\n      \"kind\": \"event\",\n      \"method\": null,\n      \"event\": \"agent\",\n      \"ok\": null,\n      \"data\": null\n    },\n    {\n      \"ts\": 1783453490805,\n      \"kind\": \"event\",\n      \"method\": null,\n      \"event\": \"health\",\n      \"ok\": null,\n      \"data\": null\n    },\n    {\n      \"ts\": 1783453490835,\n      \"kind\": \"event\",\n      \"method\": null,\n      \"event\": \"agent\",\n      \"ok\": null,\n      \"data\": null\n    },\n    {\n      \"ts\": 1783453490835,\n      \"kind\": \"event\",\n      \"method\": null,\n      \"event\": \"agent\",\n      \"ok\": null,\n      \"data\": null\n    },\n    {\n      \"ts\": 1783453490835,\n      \"kind\": \"event\",\n      \"method\": null,\n      \"event\": \"chat\",\n      \"ok\": null,\n      \"data\": null\n    },\n    {\n      \"ts\": 1783453490862,\n      \"kind\": \"event\",\n      \"method\": null,\n      \"event\": \"presence\",\n      \"ok\": null,\n      \"data\": null\n    },\n    {\n      \"ts\": 1783453490864,\n      \"kind\": \"event\",\n      \"method\": null,\n      \"event\": \"agent\",\n      \"ok\": null,\n      \"data\": null\n    },\n    {\n      \"ts\": 1783453490864,\n      \"kind\": \"event\",\n      \"method\": null,\n      \"event\": \"agent\",\n      \"ok\": null,\n      \"data\": null\n    },\n    {\n      \"ts\": 1783453490899,\n      \"kind\": \"event\",\n      \"method\": null,\n      \"event\": \"agent\",\n      \"ok\": null,\n      \"data\": null\n    },\n    {\n      \"ts\": 1783453490899,\n      \"kind\": \"event\",\n      \"method\": null,\n      \"event\": \"chat\",\n      \"ok\": null,\n      \"data\": null\n    },\n    {\n      \"ts\": 1783453490899,\n      \"kind\": \"event\",\n      \"method\": null,\n      \"event\": \"chat\",\n      \"ok\": null,\n      \"data\": null\n    },\n    {\n      \"ts\": 1783453490929,\n      \"kind\": \"event\",\n      \"method\": null,\n      \"event\": \"presence\",\n      \"ok\": null,\n      \"data\": null\n    },\n    {\n      \"ts\": 1783453491023,\n      \"kind\": \"event\",\n      \"method\": null,\n      \"event\": \"health\",\n      \"ok\": null,\n      \"data\": null\n    },\n    {\n      \"ts\": 1783453491079,\n      \"kind\": \"event\",\n      \"method\": null,\n      \"event\": \"health\",\n      \"ok\": null,\n      \"data\": null\n    },\n    {\n      \"ts\": 1783453491098,\n      \"kind\": \"event\",\n      \"method\": null,\n      \"event\": \"presence\",\n      \"ok\": null,\n      \"data\": null\n    },\n    {\n      \"ts\": 1783453491152,\n      \"kind\": \"event\",\n      \"method\": null,\n      \"event\": \"presence\",\n      \"ok\": null,\n      \"data\": null\n    },\n    {\n      \"ts\": 1783453491332,\n      \"kind\": \"event\",\n      \"method\": null,\n      \"event\": \"health\",\n      \"ok\": null,\n      \"data\": null\n    },\n    {\n      \"ts\": 1783453491446,\n      \"kind\": \"event\",\n      \"method\": null,\n      \"event\": \"presence\",\n      \"ok\": null,\n      \"data\": null\n    },\n    {\n      \"ts\": 1783453491587,\n      \"kind\": \"event\",\n      \"method\": null,\n      \"event\": \"agent\",\n      \"ok\": null,\n      \"data\": null\n    },\n    {\n      \"ts\": 1783453491587,\n      \"kind\": \"event\",\n      \"method\": null,\n      \"event\": \"chat\",\n      \"ok\": null,\n      \"data\": null\n    },\n    {\n      \"ts\": 1783453491587,\n      \"kind\": \"event\",\n      \"method\": null,\n      \"event\": \"chat\",\n      \"ok\": null,\n      \"data\": null\n    },\n    {\n      \"ts\": 1783453491722,\n      \"kind\": \"event\",\n      \"method\": null,\n      \"event\": \"health\",\n      \"ok\": null,\n      \"data\": null\n    },\n    {\n      \"ts\": 1783453491765,\n      \"kind\": \"event\",\n      \"method\": null,\n      \"event\": \"health\",\n      \"ok\": null,\n      \"data\": null\n    },\n    {\n      \"ts\": 1783453491809,\n      \"kind\": \"event\",\n      \"method\": null,\n      \"event\": \"presence\",\n      \"ok\": null,\n      \"data\": null\n    },\n    {\n      \"ts\": 1783453491981,\n      \"kind\": \"event\",\n      \"method\": null,\n      \"event\": \"health\",\n      \"ok\": null,\n      \"data\": null\n    },\n    {\n      \"ts\": 1783453491995,\n      \"kind\": \"event\",\n      \"method\": null,\n      \"event\": \"presence\",\n      \"ok\": null,\n      \"data\": null\n    },\n    {\n      \"ts\": 1783453492054,\n      \"kind\": \"event\",\n      \"method\": null,\n      \"event\": \"presence\",\n      \"ok\": null,\n      \"data\": null\n    },\n    {\n      \"ts\": 1783453492193,\n      \"kind\": \"event\",\n      \"method\": null,\n      \"event\": \"health\",\n      \"ok\": null,\n      \"data\": null\n    },\n    {\n      \"ts\": 1783453492280,\n      \"kind\": \"event\",\n      \"method\": null,\n      \"event\": \"health\",\n      \"ok\": null,\n      \"data\": null\n    },\n    {\n      \"ts\": 1783453492428,\n      \"kind\": \"event\",\n      \"method\": null,\n      \"event\": \"presence\",\n      \"ok\": null,\n      \"data\": null\n    },\n    {\n      \"ts\": 1783453492498,\n      \"kind\": \"event\",\n      \"method\": null,\n      \"event\": \"presence\",\n      \"ok\": null,\n      \"data\": null\n    },\n    {\n      \"ts\": 1783453492640,\n      \"kind\": \"event\",\n      \"method\": null,\n      \"event\": \"health\",\n      \"ok\": null,\n      \"data\": null\n    },\n    {\n      \"ts\": 1783453492748,\n      \"kind\": \"event\",\n      \"method\": null,\n      \"event\": \"presence\",\n      \"ok\": null,\n      \"data\": null\n    },\n    {\n      \"ts\": 1783453492943,\n      \"kind\": \"event\",\n      \"method\": null,\n      \"event\": \"health\",\n      \"ok\": null,\n      \"data\": null\n    },\n    {\n      \"ts\": 1783453492946,\n      \"kind\": \"event\",\n      \"method\": null,\n      \"event\": \"agent\",\n      \"ok\": null,\n      \"data\": null\n    },\n    {\n      \"ts\": 1783453492946,\n      \"kind\": \"event\",\n      \"method\": null,\n      \"event\": \"chat\",\n      \"ok\": null,\n      \"data\": null\n    },\n    {\n      \"ts\": 1783453492961,\n      \"kind\": \"event\",\n      \"method\": null,\n      \"event\": \"presence\",\n      \"ok\": null,\n      \"data\": null\n    },\n    {\n      \"ts\": 1783453493191,\n      \"kind\": \"event\",\n      \"method\": null,\n      \"event\": \"health\",\n      \"ok\": null,\n      \"data\": null\n    },\n    {\n      \"ts\": 1783453493270,\n      \"kind\": \"event\",\n      \"method\": null,\n      \"event\": \"presence\",\n      \"ok\": null,\n      \"data\": null\n    },\n    {\n      \"ts\": 1783453493307,\n      \"kind\": \"event\",\n      \"method\": null,\n      \"event\": \"agent\",\n      \"ok\": null,\n      \"data\": null\n    },\n    {\n      \"ts\": 1783453493324,\n      \"kind\": \"event\",\n      \"method\": null,\n      \"event\": \"agent\",\n      \"ok\": null,\n      \"data\": null\n    },\n    {\n      \"ts\": 1783453493360,\n      \"kind\": \"event\",\n      \"method\": null,\n      \"event\": \"session.message\",\n      \"ok\": null,\n      \"data\": null\n    },\n    {\n      \"ts\": 1783453493440,\n      \"kind\": \"event\",\n      \"method\": null,\n      \"event\": \"health\",\n      \"ok\": null,\n      \"data\": null\n    },\n    {\n      \"ts\": 1783453493467,\n      \"kind\": \"event\",\n      \"method\": null,\n      \"event\": \"presence\",\n      \"ok\": null,\n      \"data\": null\n    },\n    {\n      \"ts\": 1783453493621,\n      \"kind\": \"event\",\n      \"method\": null,\n      \"event\": \"health\",\n      \"ok\": null,\n      \"data\": null\n    },\n    {\n      \"ts\": 1783453493643,\n      \"kind\": \"event\",\n      \"method\": null,\n      \"event\": \"presence\",\n      \"ok\": null,\n      \"data\": null\n    },\n    {\n      \"ts\": 1783453493786,\n      \"kind\": \"event\",\n      \"method\": null,\n      \"event\": \"health\",\n      \"ok\": null,\n      \"data\": null\n    },\n    {\n      \"ts\": 1783453493806,\n      \"kind\": \"event\",\n      \"method\": null,\n      \"event\": \"presence\",\n      \"ok\": null,\n      \"data\": null\n    },\n    {\n      \"ts\": 1783453493949,\n      \"kind\": \"event\",\n      \"method\": null,\n      \"event\": \"health\",\n      \"ok\": null,\n      \"data\": null\n    },\n    {\n      \"ts\": 1783453493960,\n      \"kind\": \"event\",\n      \"method\": null,\n      \"event\": \"presence\",\n      \"ok\": null,\n      \"data\": null\n    },\n    {\n      \"ts\": 1783453494109,\n      \"kind\": \"event\",\n      \"method\": null,\n      \"event\": \"health\",\n      \"ok\": null,\n      \"data\": null\n    },\n    {\n      \"ts\": 1783453494120,\n      \"kind\": \"event\",\n      \"method\": null,\n      \"event\": \"presence\",\n      \"ok\": null,\n      \"data\": null\n    },\n    {\n      \"ts\": 1783453494261,\n      \"kind\": \"event\",\n      \"method\": null,\n      \"event\": \"health\",\n      \"ok\": null,\n      \"data\": null\n    },\n    {\n      \"ts\": 1783453494276,\n      \"kind\": \"event\",\n      \"method\": null,\n      \"event\": \"presence\",\n      \"ok\": null,\n      \"data\": null\n    },\n    {\n      \"ts\": 1783453494418,\n      \"kind\": \"event\",\n      \"method\": null,\n      \"event\": \"health\",\n      \"ok\": null,\n      \"data\": null\n    },\n    {\n      \"ts\": 1783453494433,\n      \"kind\": \"event\",\n      \"method\": null,\n      \"event\": \"presence\",\n      \"ok\": null,\n      \"data\": null\n    },\n    {\n      \"ts\": 1783453494582,\n      \"kind\": \"event\",\n      \"method\": null,\n      \"event\": \"health\",\n      \"ok\": null,\n      \"data\": null\n    },\n    {\n      \"ts\": 1783453494593,\n      \"kind\": \"event\",\n      \"method\": null,\n      \"event\": \"presence\",\n      \"ok\": null,\n      \"data\": null\n    },\n    {\n      \"ts\": 1783453494734,\n      \"kind\": \"event\",\n      \"method\": null,\n      \"event\": \"health\",\n      \"ok\": null,\n      \"data\": null\n    },\n    {\n      \"ts\": 1783453494751,\n      \"kind\": \"event\",\n      \"method\": null,\n      \"event\": \"presence\",\n      \"ok\": null,\n      \"data\": null\n    },\n    {\n      \"ts\": 1783453494892,\n      \"kind\": \"event\",\n      \"method\": null,\n      \"event\": \"health\",\n      \"ok\": null,\n      \"data\": null\n    },\n    {\n      \"ts\": 1783453494903,\n      \"kind\": \"event\",\n      \"method\": null,\n      \"event\": \"presence\",\n      \"ok\": null,\n      \"data\": null\n    },\n    {\n      \"ts\": 1783453495051,\n      \"kind\": \"event\",\n      \"method\": null,\n      \"event\": \"health\",\n      \"ok\": null,\n      \"data\": null\n    },\n    {\n      \"ts\": 1783453495067,\n      \"kind\": \"event\",\n      \"method\": null,\n      \"event\": \"presence\",\n      \"ok\": null,\n      \"data\": null\n    },\n    {\n      \"ts\": 1783453495208,\n      \"kind\": \"event\",\n      \"method\": null,\n      \"event\": \"health\",\n      \"ok\": null,\n      \"data\": null\n    },\n    {\n      \"ts\": 1783453495222,\n      \"kind\": \"event\",\n      \"method\": null,\n      \"event\": \"presence\",\n      \"ok\": null,\n      \"data\": null\n    },\n    {\n      \"ts\": 1783453495364,\n      \"kind\": \"event\",\n      \"method\": null,\n      \"event\": \"health\",\n      \"ok\": null,\n      \"data\": null\n    },\n    {\n      \"ts\": 1783453495375,\n      \"kind\": \"event\",\n      \"method\": null,\n      \"event\": \"presence\",\n      \"ok\": null,\n      \"data\": null\n    },\n    {\n      \"ts\": 1783453495522,\n      \"kind\": \"event\",\n      \"method\": null,\n      \"event\": \"health\",\n      \"ok\": null,\n      \"data\": null\n    },\n    {\n      \"ts\": 1783453495533,\n      \"kind\": \"event\",\n      \"method\": null,\n      \"event\": \"presence\",\n      \"ok\": null,\n      \"data\": null\n    },\n    {\n      \"ts\": 1783453495675,\n      \"kind\": \"event\",\n      \"method\": null,\n      \"event\": \"health\",\n      \"ok\": null,\n      \"data\": null\n    },\n    {\n      \"ts\": 1783453495695,\n      \"kind\": \"event\",\n      \"method\": null,\n      \"event\": \"presence\",\n      \"ok\": null,\n      \"data\": null\n    },\n    {\n      \"ts\": 1783453495836,\n      \"kind\": \"event\",\n      \"method\": null,\n      \"event\": \"health\",\n      \"ok\": null,\n      \"data\": null\n    },\n    {\n      \"ts\": 1783453495847,\n      \"kind\": \"event\",\n      \"method\": null,\n      \"event\": \"presence\",\n      \"ok\": null,\n      \"data\": null\n    },\n    {\n      \"ts\": 1783453495996,\n      \"kind\": \"event\",\n      \"method\": null,\n      \"event\": \"health\",\n      \"ok\": null,\n      \"data\": null\n    },\n    {\n      \"ts\": 1783453496008,\n      \"kind\": \"event\",\n      \"method\": null,\n      \"event\": \"presence\",\n      \"ok\": null,\n      \"data\": null\n    },\n    {\n      \"ts\": 1783453496148,\n      \"kind\": \"event\",\n      \"method\": null,\n      \"event\": \"health\",\n      \"ok\": null,\n      \"data\": null\n    },\n    {\n      \"ts\": 1783453496164,\n      \"kind\": \"event\",\n      \"method\": null,\n      \"event\": \"presence\",\n      \"ok\": null,\n      \"data\": null\n    },\n    {\n      \"ts\": 1783453496306,\n      \"kind\": \"event\",\n      \"method\": null,\n      \"event\": \"health\",\n      \"ok\": null,\n      \"data\": null\n    },\n    {\n      \"ts\": 1783453496321,\n      \"kind\": \"event\",\n      \"method\": null,\n      \"event\": \"presence\",\n      \"ok\": null,\n      \"data\": null\n    },\n    {\n      \"ts\": 1783453496468,\n      \"kind\": \"event\",\n      \"method\": null,\n      \"event\": \"health\",\n      \"ok\": null,\n      \"data\": null\n    },\n    {\n      \"ts\": 1783453496479,\n      \"kind\": \"event\",\n      \"method\": null,\n      \"event\": \"presence\",\n      \"ok\": null,\n      \"data\": null\n    },\n    {\n      \"ts\": 1783453496621,\n      \"kind\": \"event\",\n      \"method\": null,\n      \"event\": \"health\",\n      \"ok\": null,\n      \"data\": null\n    },\n    {\n      \"ts\": 1783453496637,\n      \"kind\": \"event\",\n      \"method\": null,\n      \"event\": \"presence\",\n      \"ok\": null,\n      \"data\": null\n    },\n    {\n      \"ts\": 1783453496779,\n      \"kind\": \"event\",\n      \"method\": null,\n      \"event\": \"health\",\n      \"ok\": null,\n      \"data\": null\n    },\n    {\n      \"ts\": 1783453496795,\n      \"kind\": \"event\",\n      \"method\": null,\n      \"event\": \"presence\",\n      \"ok\": null,\n      \"data\": null\n    },\n    {\n      \"ts\": 1783453496941,\n      \"kind\": \"event\",\n      \"method\": null,\n      \"event\": \"health\",\n      \"ok\": null,\n      \"data\": null\n    },\n    {\n      \"ts\": 1783453496956,\n      \"kind\": \"event\",\n      \"method\": null,\n      \"event\": \"presence\",\n      \"ok\": null,\n      \"data\": null\n    },\n    {\n      \"ts\": 1783453497098,\n      \"kind\": \"event\",\n      \"method\": null,\n      \"event\": \"health\",\n      \"ok\": null,\n      \"data\": null\n    },\n    {\n      \"ts\": 1783453497113,\n      \"kind\": \"event\",\n      \"method\": null,\n      \"event\": \"presence\",\n      \"ok\": null,\n      \"data\": null\n    },\n    {\n      \"ts\": 1783453497254,\n      \"kind\": \"event\",\n      \"method\": null,\n      \"event\": \"health\",\n      \"ok\": null,\n      \"data\": null\n    },\n    {\n      \"ts\": 1783453497264,\n      \"kind\": \"event\",\n      \"method\": null,\n      \"event\": \"presence\",\n      \"ok\": null,\n      \"data\": null\n    },\n    {\n      \"ts\": 1783453497413,\n      \"kind\": \"event\",\n      \"method\": null,\n      \"event\": \"health\",\n      \"ok\": null,\n      \"data\": null\n    },\n    {\n      \"ts\": 1783453497424,\n      \"kind\": \"event\",\n      \"method\": null,\n      \"event\": \"presence\",\n      \"ok\": null,\n      \"data\": null\n    },\n    {\n      \"ts\": 1783453497564,\n      \"kind\": \"event\",\n      \"method\": null,\n      \"event\": \"health\",\n      \"ok\": null,\n      \"data\": null\n    },\n    {\n      \"ts\": 1783453497587,\n      \"kind\": \"event\",\n      \"method\": null,\n      \"event\": \"presence\",\n      \"ok\": null,\n      \"data\": null\n    },\n    {\n      \"ts\": 1783453497727,\n      \"kind\": \"event\",\n      \"method\": null,\n      \"event\": \"health\",\n      \"ok\": null,\n      \"data\": null\n    },\n    {\n      \"ts\": 1783453497738,\n      \"kind\": \"event\",\n      \"method\": null,\n      \"event\": \"presence\",\n      \"ok\": null,\n      \"data\": null\n    },\n    {\n      \"ts\": 1783453497885,\n      \"kind\": \"event\",\n      \"method\": null,\n      \"event\": \"health\",\n      \"ok\": null,\n      \"data\": null\n    },\n    {\n      \"ts\": 1783453497897,\n      \"kind\": \"event\",\n      \"method\": null,\n      \"event\": \"presence\",\n      \"ok\": null,\n      \"data\": null\n    },\n    {\n      \"ts\": 1783453498044,\n      \"kind\": \"event\",\n      \"method\": null,\n      \"event\": \"health\",\n      \"ok\": null,\n      \"data\": null\n    },\n    {\n      \"ts\": 1783453498056,\n      \"kind\": \"event\",\n      \"method\": null,\n      \"event\": \"presence\",\n      \"ok\": null,\n      \"data\": null\n    },\n    {\n      \"ts\": 1783453498198,\n      \"kind\": \"event\",\n      \"method\": null,\n      \"event\": \"health\",\n      \"ok\": null,\n      \"data\": null\n    },\n    {\n      \"ts\": 1783453498217,\n      \"kind\": \"event\",\n      \"method\": null,\n      \"event\": \"presence\",\n      \"ok\": null,\n      \"data\": null\n    },\n    {\n      \"ts\": 1783453498359,\n      \"kind\": \"event\",\n      \"method\": null,\n      \"event\": \"health\",\n      \"ok\": null,\n      \"data\": null\n    },\n    {\n      \"ts\": 1783453498371,\n      \"kind\": \"event\",\n      \"method\": null,\n      \"event\": \"presence\",\n      \"ok\": null,\n      \"data\": null\n    },\n    {\n      \"ts\": 1783453498512,\n      \"kind\": \"event\",\n      \"method\": null,\n      \"event\": \"health\",\n      \"ok\": null,\n      \"data\": null\n    },\n    {\n      \"ts\": 1783453498527,\n      \"kind\": \"event\",\n      \"method\": null,\n      \"event\": \"presence\",\n      \"ok\": null,\n      \"data\": null\n    },\n    {\n      \"ts\": 1783453498607,\n      \"kind\": \"event\",\n      \"method\": null,\n      \"event\": \"agent\",\n      \"ok\": null,\n      \"data\": null\n    },\n    {\n      \"ts\": 1783453498742,\n      \"kind\": \"event\",\n      \"method\": null,\n      \"event\": \"health\",\n      \"ok\": null,\n      \"data\": null\n    },\n    {\n      \"ts\": 1783453498758,\n      \"kind\": \"event\",\n      \"method\": null,\n      \"event\": \"presence\",\n      \"ok\": null,\n      \"data\": null\n    },\n    {\n      \"ts\": 1783453498899,\n      \"kind\": \"event\",\n      \"method\": null,\n      \"event\": \"health\",\n      \"ok\": null,\n      \"data\": null\n    },\n    {\n      \"ts\": 1783453498914,\n      \"kind\": \"event\",\n      \"method\": null,\n      \"event\": \"presence\",\n      \"ok\": null,\n      \"data\": null\n    },\n    {\n      \"ts\": 1783453499056,\n      \"kind\": \"event\",\n      \"method\": null,\n      \"event\": \"health\",\n      \"ok\": null,\n      \"data\": null\n    },\n    {\n      \"ts\": 1783453499068,\n      \"kind\": \"event\",\n      \"method\": null,\n      \"event\": \"presence\",\n      \"ok\": null,\n      \"data\": null\n    },\n    {\n      \"ts\": 1783453499215,\n      \"kind\": \"event\",\n      \"method\": null,\n      \"event\": \"health\",\n      \"ok\": null,\n      \"data\": null\n    },\n    {\n      \"ts\": 1783453499227,\n      \"kind\": \"event\",\n      \"method\": null,\n      \"event\": \"presence\",\n      \"ok\": null,\n      \"data\": null\n    },\n    {\n      \"ts\": 1783453499368,\n      \"kind\": \"event\",\n      \"method\": null,\n      \"event\": \"health\",\n      \"ok\": null,\n      \"data\": null\n    },\n    {\n      \"ts\": 1783453499390,\n      \"kind\": \"event\",\n      \"method\": null,\n      \"event\": \"presence\",\n      \"ok\": null,\n      \"data\": null\n    },\n    {\n      \"ts\": 1783453499530,\n      \"kind\": \"event\",\n      \"method\": null,\n      \"event\": \"health\",\n      \"ok\": null,\n      \"data\": null\n    },\n    {\n      \"ts\": 1783453499547,\n      \"kind\": \"event\",\n      \"method\": null,\n      \"event\": \"session.message\",\n      \"ok\": null,\n      \"data\": null\n    }\n  ],\n  \"ended\": \"2026-07-07T19:44:59.547Z\",\n  \"duration_ms\": 22923\n}" source=console
time="2026-07-07T12:44:59-07:00" level=info msg="--- END EVIDENCE ---" source=console
time="2026-07-07T12:44:59-07:00" level=info msg="\n[R-CD-TOKEN] VERDICT: PASS-candidate" source=console

[R-CD-TOKEN] Summary: PASS-candidate | SHA: 1cc8f4e3d617ef6f173283ef83d7b739a4995734 | Seat: cael

running (0m22.9s), 0/1 VUs, 1 complete and 0 interrupted iterations
r_cd_token_bracket_delegate ✓ [ 100% ] 1 VUs  0m22.9s/3m30s  1/1 shared iters
./r-cd-token-bracket-delegate-summary.json
[R-CD-TOKEN] METRICS: /home/figs/actions-runner/_work/openclaw-bootstrap/openclaw-bootstrap/openclaw-bootstrap/PROOFS/1cc8f4e3d617ef6f173283ef83d7b739a4995734/project81-k6/20260707T194227Z-cael-dgx-2026911/1cc8f4e3d617ef6f173283ef83d7b739a4995734/R-CD-TOKEN/cael/20260707T194436Z-r-cd-token/openclaw-proofs-k6.prom
[R-CD-TOKEN] ARTIFACTS: /home/figs/actions-runner/_work/openclaw-bootstrap/openclaw-bootstrap/openclaw-bootstrap/PROOFS/1cc8f4e3d617ef6f173283ef83d7b739a4995734/project81-k6/20260707T194227Z-cael-dgx-2026911/1cc8f4e3d617ef6f173283ef83d7b739a4995734/R-CD-TOKEN/cael/20260707T194436Z-r-cd-token
[R-CD-TOKEN] COMPLETED.
Observability check: query Grafana for run/nonce or review Tempo traces if trace ID was emitted.

----------------------------------------
Row: R-CONFIG-DEFAULTS
Manifest: /home/figs/actions-runner/_work/openclaw-bootstrap/openclaw-bootstrap/karmaterminal-openclaw-docs/tools/k6-proofs/manifests/r-config-defaults.json
Scenario: scenarios/r-config-defaults.js
Status: runnable
Live Safety: k6-runnable
[R-CONFIG-DEFAULTS] RUNNING...

         /\      Grafana   /‾‾/  
    /\  /  \     |\  __   /  /   
   /  \/    \    | |/ /  /   ‾‾\ 
  /          \   |   (  |  (‾)  |
 / __________ \  |_|\_\  \_____/ 


     execution: local
        script: scenarios/r-config-defaults.js
        output: -

     scenarios: (100.00%) 1 scenario, 1 max VUs, 2m0s max duration (incl. graceful stop):
              * r_config_defaults: 1 iterations shared among 1 VUs (maxDuration: 1m30s, gracefulStop: 30s)

time="2026-07-07T12:45:00-07:00" level=info msg="✓ disposable session created: agent:main:r-config-defaults-r-config-defaults-1783453499777-fwguf5nv" source=console

running (0m01.0s), 1/1 VUs, 0 complete and 0 interrupted iterations
r_config_defaults   [   0% ] 1 VUs  0m01.0s/1m30s  0/1 shared iters
time="2026-07-07T12:45:01-07:00" level=info msg="✓ sessions.send accepted — agent turn triggered for config defaults read" source=console

running (0m02.0s), 1/1 VUs, 0 complete and 0 interrupted iterations
r_config_defaults   [   0% ] 1 VUs  0m02.0s/1m30s  0/1 shared iters

running (0m03.0s), 1/1 VUs, 0 complete and 0 interrupted iterations
r_config_defaults   [   0% ] 1 VUs  0m03.0s/1m30s  0/1 shared iters

running (0m04.0s), 1/1 VUs, 0 complete and 0 interrupted iterations
r_config_defaults   [   0% ] 1 VUs  0m04.0s/1m30s  0/1 shared iters

running (0m05.0s), 1/1 VUs, 0 complete and 0 interrupted iterations
r_config_defaults   [   0% ] 1 VUs  0m05.0s/1m30s  0/1 shared iters

running (0m06.0s), 1/1 VUs, 0 complete and 0 interrupted iterations
r_config_defaults   [   0% ] 1 VUs  0m06.0s/1m30s  0/1 shared iters

running (0m07.0s), 1/1 VUs, 0 complete and 0 interrupted iterations
r_config_defaults   [   0% ] 1 VUs  0m07.0s/1m30s  0/1 shared iters

running (0m08.0s), 1/1 VUs, 0 complete and 0 interrupted iterations
r_config_defaults   [   0% ] 1 VUs  0m08.0s/1m30s  0/1 shared iters

running (0m09.0s), 1/1 VUs, 0 complete and 0 interrupted iterations
r_config_defaults   [   0% ] 1 VUs  0m09.0s/1m30s  0/1 shared iters

running (0m10.0s), 1/1 VUs, 0 complete and 0 interrupted iterations
r_config_defaults   [   0% ] 1 VUs  0m10.0s/1m30s  0/1 shared iters

running (0m11.0s), 1/1 VUs, 0 complete and 0 interrupted iterations
r_config_defaults   [   0% ] 1 VUs  0m11.0s/1m30s  0/1 shared iters

running (0m12.0s), 1/1 VUs, 0 complete and 0 interrupted iterations
r_config_defaults   [   0% ] 1 VUs  0m12.0s/1m30s  0/1 shared iters

running (0m13.0s), 1/1 VUs, 0 complete and 0 interrupted iterations
r_config_defaults   [   0% ] 1 VUs  0m13.0s/1m30s  0/1 shared iters

running (0m14.0s), 1/1 VUs, 0 complete and 0 interrupted iterations
r_config_defaults   [   0% ] 1 VUs  0m14.0s/1m30s  0/1 shared iters

running (0m15.0s), 1/1 VUs, 0 complete and 0 interrupted iterations
r_config_defaults   [   0% ] 1 VUs  0m15.0s/1m30s  0/1 shared iters

running (0m16.0s), 1/1 VUs, 0 complete and 0 interrupted iterations
r_config_defaults   [   0% ] 1 VUs  0m16.0s/1m30s  0/1 shared iters

running (0m17.0s), 1/1 VUs, 0 complete and 0 interrupted iterations
r_config_defaults   [   0% ] 1 VUs  0m17.0s/1m30s  0/1 shared iters

running (0m18.0s), 1/1 VUs, 0 complete and 0 interrupted iterations
r_config_defaults   [   0% ] 1 VUs  0m18.0s/1m30s  0/1 shared iters

running (0m19.0s), 1/1 VUs, 0 complete and 0 interrupted iterations
r_config_defaults   [   0% ] 1 VUs  0m19.0s/1m30s  0/1 shared iters
time="2026-07-07T12:45:19-07:00" level=info msg="ℹ Ignoring harness prompt echo event" source=console

running (0m20.0s), 1/1 VUs, 0 complete and 0 interrupted iterations
r_config_defaults   [   0% ] 1 VUs  0m20.0s/1m30s  0/1 shared iters

running (0m21.0s), 1/1 VUs, 0 complete and 0 interrupted iterations
r_config_defaults   [   0% ] 1 VUs  0m21.0s/1m30s  0/1 shared iters

running (0m22.0s), 1/1 VUs, 0 complete and 0 interrupted iterations
r_config_defaults   [   0% ] 1 VUs  0m22.0s/1m30s  0/1 shared iters

running (0m23.0s), 1/1 VUs, 0 complete and 0 interrupted iterations
r_config_defaults   [   0% ] 1 VUs  0m23.0s/1m30s  0/1 shared iters

running (0m24.0s), 1/1 VUs, 0 complete and 0 interrupted iterations
r_config_defaults   [   0% ] 1 VUs  0m24.0s/1m30s  0/1 shared iters

running (0m25.0s), 1/1 VUs, 0 complete and 0 interrupted iterations
r_config_defaults   [   0% ] 1 VUs  0m25.0s/1m30s  0/1 shared iters

running (0m26.0s), 1/1 VUs, 0 complete and 0 interrupted iterations
r_config_defaults   [   0% ] 1 VUs  0m26.0s/1m30s  0/1 shared iters

running (0m27.0s), 1/1 VUs, 0 complete and 0 interrupted iterations
r_config_defaults   [   0% ] 1 VUs  0m27.0s/1m30s  0/1 shared iters

running (0m28.0s), 1/1 VUs, 0 complete and 0 interrupted iterations
r_config_defaults   [   0% ] 1 VUs  0m28.0s/1m30s  0/1 shared iters
time="2026-07-07T12:45:28-07:00" level=info msg="ℹ CONFIG-DEFAULTS sentinel prefix observed; waiting for complete streamed sentinel" source=console
time="2026-07-07T12:45:28-07:00" level=info msg="✓ CONFIG-DEFAULTS sentinel observed: enabled=true maxChain=200 maxDelegates=500 costCap=500" source=console
time="2026-07-07T12:45:28-07:00" level=info msg="\n--- R-CONFIG-defaults EVIDENCE SUMMARY ---" source=console
time="2026-07-07T12:45:28-07:00" level=info msg="{\n  \"row\": \"R-CONFIG-defaults\",\n  \"manifest_loaded\": true,\n  \"nonce\": \"R-CONFIG-defaults-1783453499777-fwguf5nv\",\n  \"seat\": \"cael\",\n  \"requestedSessionKey\": \"agent:main:discord:channel:1466192485440164011\",\n  \"sessionKey\": \"agent:main:r-config-defaults-r-config-defaults-1783453499777-fwguf5nv\",\n  \"session_created\": true,\n  \"created_session_key\": \"agent:main:r-config-defaults-r-config-defaults-1783453499777-fwguf5nv\",\n  \"candidateSha\": \"1cc8f4e3d617ef6f173283ef83d7b739a4995734\",\n  \"started\": \"2026-07-07T19:44:59.777Z\",\n  \"dispatch_accepted\": true,\n  \"config_read\": true,\n  \"enabled\": true,\n  \"max_chain_length\": 200,\n  \"max_delegates_per_turn\": 500,\n  \"max_delegates_per_turn_observed\": true,\n  \"cost_cap_tokens\": 500,\n  \"cost_cap_tokens_observed\": true,\n  \"trace_id\": null,\n  \"redacted_events\": [\n    {\n      \"ts\": 1783453500032,\n      \"kind\": \"event\",\n      \"method\": null,\n      \"event\": \"connect.challenge\",\n      \"ok\": null,\n      \"data\": null\n    },\n    {\n      \"ts\": 1783453500044,\n      \"kind\": \"other\",\n      \"method\": null,\n      \"event\": null,\n      \"ok\": null,\n      \"data\": null\n    },\n    {\n      \"ts\": 1783453500087,\n      \"kind\": \"event\",\n      \"method\": null,\n      \"event\": \"health\",\n      \"ok\": null,\n      \"data\": null\n    },\n    {\n      \"ts\": 1783453500087,\n      \"kind\": \"event\",\n      \"method\": null,\n      \"event\": \"tick\",\n      \"ok\": null,\n      \"data\": null\n    },\n    {\n      \"ts\": 1783453500127,\n      \"kind\": \"event\",\n      \"method\": null,\n      \"event\": \"health\",\n      \"ok\": null,\n      \"data\": null\n    },\n    {\n      \"ts\": 1783453500169,\n      \"kind\": \"event\",\n      \"method\": null,\n      \"event\": \"health\",\n      \"ok\": null,\n      \"data\": null\n    },\n    {\n      \"ts\": 1783453500214,\n      \"kind\": \"event\",\n      \"method\": null,\n      \"event\": \"presence\",\n      \"ok\": null,\n      \"data\": null\n    },\n    {\n      \"ts\": 1783453500378,\n      \"kind\": \"event\",\n      \"method\": null,\n      \"event\": \"presence\",\n      \"ok\": null,\n      \"data\": null\n    },\n    {\n      \"ts\": 1783453500385,\n      \"kind\": \"event\",\n      \"method\": null,\n      \"event\": \"agent\",\n      \"ok\": null,\n      \"data\": null\n    },\n    {\n      \"ts\": 1783453500535,\n      \"kind\": \"event\",\n      \"method\": null,\n      \"event\": \"health\",\n      \"ok\": null,\n      \"data\": null\n    },\n    {\n      \"ts\": 1783453500559,\n      \"kind\": \"event\",\n      \"method\": null,\n      \"event\": \"presence\",\n      \"ok\": null,\n      \"data\": null\n    },\n    {\n      \"ts\": 1783453500569,\n      \"kind\": \"response\",\n      \"method\": \"sessions.create\",\n      \"event\": null,\n      \"ok\": true,\n      \"data\": {\n        \"ok\": true\n      }\n    },\n    {\n      \"ts\": 1783453500613,\n      \"kind\": \"response\",\n      \"method\": \"sessions.messages.subscribe\",\n      \"event\": null,\n      \"ok\": true,\n      \"data\": {}\n    },\n    {\n      \"ts\": 1783453500823,\n      \"kind\": \"event\",\n      \"method\": null,\n      \"event\": \"health\",\n      \"ok\": null,\n      \"data\": null\n    },\n    {\n      \"ts\": 1783453500841,\n      \"kind\": \"event\",\n      \"method\": null,\n      \"event\": \"presence\",\n      \"ok\": null,\n      \"data\": null\n    },\n    {\n      \"ts\": 1783453501014,\n      \"kind\": \"event\",\n      \"method\": null,\n      \"event\": \"health\",\n      \"ok\": null,\n      \"data\": null\n    },\n    {\n      \"ts\": 1783453501069,\n      \"kind\": \"event\",\n      \"method\": null,\n      \"event\": \"presence\",\n      \"ok\": null,\n      \"data\": null\n    },\n    {\n      \"ts\": 1783453501240,\n      \"kind\": \"event\",\n      \"method\": null,\n      \"event\": \"health\",\n      \"ok\": null,\n      \"data\": null\n    },\n    {\n      \"ts\": 1783453501250,\n      \"kind\": \"event\",\n      \"method\": null,\n      \"event\": \"agent\",\n      \"ok\": null,\n      \"data\": null\n    },\n    {\n      \"ts\": 1783453501293,\n      \"kind\": \"event\",\n      \"method\": null,\n      \"event\": \"health\",\n      \"ok\": null,\n      \"data\": null\n    },\n    {\n      \"ts\": 1783453501307,\n      \"kind\": \"response\",\n      \"method\": \"sessions.send\",\n      \"event\": null,\n      \"ok\": true,\n      \"data\": {\n        \"runId\": \"R-CONFIG-defaults-R-CONFIG-defaults-1783453499777-fwguf5nv\",\n        \"status\": \"started\"\n      }\n    },\n    {\n      \"ts\": 1783453501377,\n      \"kind\": \"event\",\n      \"method\": null,\n      \"event\": \"presence\",\n      \"ok\": null,\n      \"data\": null\n    },\n    {\n      \"ts\": 1783453501615,\n      \"kind\": \"event\",\n      \"method\": null,\n      \"event\": \"health\",\n      \"ok\": null,\n      \"data\": null\n    },\n    {\n      \"ts\": 1783453501637,\n      \"kind\": \"event\",\n      \"method\": null,\n      \"event\": \"agent\",\n      \"ok\": null,\n      \"data\": null\n    },\n    {\n      \"ts\": 1783453501637,\n      \"kind\": \"event\",\n      \"method\": null,\n      \"event\": \"chat\",\n      \"ok\": null,\n      \"data\": null\n    },\n    {\n      \"ts\": 1783453501647,\n      \"kind\": \"event\",\n      \"method\": null,\n      \"event\": \"presence\",\n      \"ok\": null,\n      \"data\": null\n    },\n    {\n      \"ts\": 1783453501851,\n      \"kind\": \"event\",\n      \"method\": null,\n      \"event\": \"health\",\n      \"ok\": null,\n      \"data\": null\n    },\n    {\n      \"ts\": 1783453501872,\n      \"kind\": \"event\",\n      \"method\": null,\n      \"event\": \"presence\",\n      \"ok\": null,\n      \"data\": null\n    },\n    {\n      \"ts\": 1783453502074,\n      \"kind\": \"event\",\n      \"method\": null,\n      \"event\": \"health\",\n      \"ok\": null,\n      \"data\": null\n    },\n    {\n      \"ts\": 1783453502137,\n      \"kind\": \"event\",\n      \"method\": null,\n      \"event\": \"presence\",\n      \"ok\": null,\n      \"data\": null\n    },\n    {\n      \"ts\": 1783453502185,\n      \"kind\": \"event\",\n      \"method\": null,\n      \"event\": \"agent\",\n      \"ok\": null,\n      \"data\": null\n    },\n    {\n      \"ts\": 1783453502306,\n      \"kind\": \"event\",\n      \"method\": null,\n      \"event\": \"health\",\n      \"ok\": null,\n      \"data\": null\n    },\n    {\n      \"ts\": 1783453502372,\n      \"kind\": \"event\",\n      \"method\": null,\n      \"event\": \"presence\",\n      \"ok\": null,\n      \"data\": null\n    },\n    {\n      \"ts\": 1783453502566,\n      \"kind\": \"event\",\n      \"method\": null,\n      \"event\": \"health\",\n      \"ok\": null,\n      \"data\": null\n    },\n    {\n      \"ts\": 1783453502662,\n      \"kind\": \"event\",\n      \"method\": null,\n      \"event\": \"presence\",\n      \"ok\": null,\n      \"data\": null\n    },\n    {\n      \"ts\": 1783453502769,\n      \"kind\": \"event\",\n      \"method\": null,\n      \"event\": \"agent\",\n      \"ok\": null,\n      \"data\": null\n    },\n    {\n      \"ts\": 1783453502859,\n      \"kind\": \"event\",\n      \"method\": null,\n      \"event\": \"health\",\n      \"ok\": null,\n      \"data\": null\n    },\n    {\n      \"ts\": 1783453502914,\n      \"kind\": \"event\",\n      \"method\": null,\n      \"event\": \"presence\",\n      \"ok\": null,\n      \"data\": null\n    },\n    {\n      \"ts\": 1783453503096,\n      \"kind\": \"event\",\n      \"method\": null,\n      \"event\": \"health\",\n      \"ok\": null,\n      \"data\": null\n    },\n    {\n      \"ts\": 1783453503112,\n      \"kind\": \"event\",\n      \"method\": null,\n      \"event\": \"presence\",\n      \"ok\": null,\n      \"data\": null\n    },\n    {\n      \"ts\": 1783453503256,\n      \"kind\": \"event\",\n      \"method\": null,\n      \"event\": \"health\",\n      \"ok\": null,\n      \"data\": null\n    },\n    {\n      \"ts\": 1783453503276,\n      \"kind\": \"event\",\n      \"method\": null,\n      \"event\": \"presence\",\n      \"ok\": null,\n      \"data\": null\n    },\n    {\n      \"ts\": 1783453503339,\n      \"kind\": \"event\",\n      \"method\": null,\n      \"event\": \"agent\",\n      \"ok\": null,\n      \"data\": null\n    },\n    {\n      \"ts\": 1783453503339,\n      \"kind\": \"event\",\n      \"method\": null,\n      \"event\": \"chat\",\n      \"ok\": null,\n      \"data\": null\n    },\n    {\n      \"ts\": 1783453503419,\n      \"kind\": \"event\",\n      \"method\": null,\n      \"event\": \"health\",\n      \"ok\": null,\n      \"data\": null\n    },\n    {\n      \"ts\": 1783453503437,\n      \"kind\": \"event\",\n      \"method\": null,\n      \"event\": \"presence\",\n      \"ok\": null,\n      \"data\": null\n    },\n    {\n      \"ts\": 1783453503586,\n      \"kind\": \"event\",\n      \"method\": null,\n      \"event\": \"health\",\n      \"ok\": null,\n      \"data\": null\n    },\n    {\n      \"ts\": 1783453503598,\n      \"kind\": \"event\",\n      \"method\": null,\n      \"event\": \"presence\",\n      \"ok\": null,\n      \"data\": null\n    },\n    {\n      \"ts\": 1783453503674,\n      \"kind\": \"event\",\n      \"method\": null,\n      \"event\": \"agent\",\n      \"ok\": null,\n      \"data\": null\n    },\n    {\n      \"ts\": 1783453503674,\n      \"kind\": \"event\",\n      \"method\": null,\n      \"event\": \"agent\",\n      \"ok\": null,\n      \"data\": null\n    },\n    {\n      \"ts\": 1783453503674,\n      \"kind\": \"event\",\n      \"method\": null,\n      \"event\": \"chat\",\n      \"ok\": null,\n      \"data\": null\n    },\n    {\n      \"ts\": 1783453503685,\n      \"kind\": \"event\",\n      \"method\": null,\n      \"event\": \"agent\",\n      \"ok\": null,\n      \"data\": null\n    },\n    {\n      \"ts\": 1783453503737,\n      \"kind\": \"event\",\n      \"method\": null,\n      \"event\": \"health\",\n      \"ok\": null,\n      \"data\": null\n    },\n    {\n      \"ts\": 1783453503755,\n      \"kind\": \"event\",\n      \"method\": null,\n      \"event\": \"presence\",\n      \"ok\": null,\n      \"data\": null\n    },\n    {\n      \"ts\": 1783453503796,\n      \"kind\": \"event\",\n      \"method\": null,\n      \"event\": \"agent\",\n      \"ok\": null,\n      \"data\": null\n    },\n    {\n      \"ts\": 1783453503796,\n      \"kind\": \"event\",\n      \"method\": null,\n      \"event\": \"chat\",\n      \"ok\": null,\n      \"data\": null\n    },\n    {\n      \"ts\": 1783453503949,\n      \"kind\": \"event\",\n      \"method\": null,\n      \"event\": \"health\",\n      \"ok\": null,\n      \"data\": null\n    },\n    {\n      \"ts\": 1783453504003,\n      \"kind\": \"event\",\n      \"method\": null,\n      \"event\": \"presence\",\n      \"ok\": null,\n      \"data\": null\n    },\n    {\n      \"ts\": 1783453504168,\n      \"kind\": \"event\",\n      \"method\": null,\n      \"event\": \"health\",\n      \"ok\": null,\n      \"data\": null\n    },\n    {\n      \"ts\": 1783453504183,\n      \"kind\": \"event\",\n      \"method\": null,\n      \"event\": \"presence\",\n      \"ok\": null,\n      \"data\": null\n    },\n    {\n      \"ts\": 1783453504330,\n      \"kind\": \"event\",\n      \"method\": null,\n      \"event\": \"health\",\n      \"ok\": null,\n      \"data\": null\n    },\n    {\n      \"ts\": 1783453504342,\n      \"kind\": \"event\",\n      \"method\": null,\n      \"event\": \"presence\",\n      \"ok\": null,\n      \"data\": null\n    },\n    {\n      \"ts\": 1783453504484,\n      \"kind\": \"event\",\n      \"method\": null,\n      \"event\": \"health\",\n      \"ok\": null,\n      \"data\": null\n    },\n    {\n      \"ts\": 1783453504502,\n      \"kind\": \"event\",\n      \"method\": null,\n      \"event\": \"presence\",\n      \"ok\": null,\n      \"data\": null\n    },\n    {\n      \"ts\": 1783453504644,\n      \"kind\": \"event\",\n      \"method\": null,\n      \"event\": \"health\",\n      \"ok\": null,\n      \"data\": null\n    },\n    {\n      \"ts\": 1783453504655,\n      \"kind\": \"event\",\n      \"method\": null,\n      \"event\": \"presence\",\n      \"ok\": null,\n      \"data\": null\n    },\n    {\n      \"ts\": 1783453504802,\n      \"kind\": \"event\",\n      \"method\": null,\n      \"event\": \"health\",\n      \"ok\": null,\n      \"data\": null\n    },\n    {\n      \"ts\": 1783453504815,\n      \"kind\": \"event\",\n      \"method\": null,\n      \"event\": \"presence\",\n      \"ok\": null,\n      \"data\": null\n    },\n    {\n      \"ts\": 1783453504958,\n      \"kind\": \"event\",\n      \"method\": null,\n      \"event\": \"health\",\n      \"ok\": null,\n      \"data\": null\n    },\n    {\n      \"ts\": 1783453504975,\n      \"kind\": \"event\",\n      \"method\": null,\n      \"event\": \"presence\",\n      \"ok\": null,\n      \"data\": null\n    },\n    {\n      \"ts\": 1783453505117,\n      \"kind\": \"event\",\n      \"method\": null,\n      \"event\": \"health\",\n      \"ok\": null,\n      \"data\": null\n    },\n    {\n      \"ts\": 1783453505132,\n      \"kind\": \"event\",\n      \"method\": null,\n      \"event\": \"presence\",\n      \"ok\": null,\n      \"data\": null\n    },\n    {\n      \"ts\": 1783453505280,\n      \"kind\": \"event\",\n      \"method\": null,\n      \"event\": \"health\",\n      \"ok\": null,\n      \"data\": null\n    },\n    {\n      \"ts\": 1783453505293,\n      \"kind\": \"event\",\n      \"method\": null,\n      \"event\": \"presence\",\n      \"ok\": null,\n      \"data\": null\n    },\n    {\n      \"ts\": 1783453505434,\n      \"kind\": \"event\",\n      \"method\": null,\n      \"event\": \"health\",\n      \"ok\": null,\n      \"data\": null\n    },\n    {\n      \"ts\": 1783453505451,\n      \"kind\": \"event\",\n      \"method\": null,\n      \"event\": \"presence\",\n      \"ok\": null,\n      \"data\": null\n    },\n    {\n      \"ts\": 1783453505592,\n      \"kind\": \"event\",\n      \"method\": null,\n      \"event\": \"health\",\n      \"ok\": null,\n      \"data\": null\n    },\n    {\n      \"ts\": 1783453505605,\n      \"kind\": \"event\",\n      \"method\": null,\n      \"event\": \"presence\",\n      \"ok\": null,\n      \"data\": null\n    },\n    {\n      \"ts\": 1783453505753,\n      \"kind\": \"event\",\n      \"method\": null,\n      \"event\": \"health\",\n      \"ok\": null,\n      \"data\": null\n    },\n    {\n      \"ts\": 1783453505771,\n      \"kind\": \"event\",\n      \"method\": null,\n      \"event\": \"presence\",\n      \"ok\": null,\n      \"data\": null\n    },\n    {\n      \"ts\": 1783453505910,\n      \"kind\": \"event\",\n      \"method\": null,\n      \"event\": \"health\",\n      \"ok\": null,\n      \"data\": null\n    },\n    {\n      \"ts\": 1783453505927,\n      \"kind\": \"event\",\n      \"method\": null,\n      \"event\": \"presence\",\n      \"ok\": null,\n      \"data\": null\n    },\n    {\n      \"ts\": 1783453506068,\n      \"kind\": \"event\",\n      \"method\": null,\n      \"event\": \"health\",\n      \"ok\": null,\n      \"data\": null\n    },\n    {\n      \"ts\": 1783453506082,\n      \"kind\": \"event\",\n      \"method\": null,\n      \"event\": \"presence\",\n      \"ok\": null,\n      \"data\": null\n    },\n    {\n      \"ts\": 1783453506228,\n      \"kind\": \"event\",\n      \"method\": null,\n      \"event\": \"health\",\n      \"ok\": null,\n      \"data\": null\n    },\n    {\n      \"ts\": 1783453506241,\n      \"kind\": \"event\",\n      \"method\": null,\n      \"event\": \"presence\",\n      \"ok\": null,\n      \"data\": null\n    },\n    {\n      \"ts\": 1783453506276,\n      \"kind\": \"event\",\n      \"method\": null,\n      \"event\": \"agent\",\n      \"ok\": null,\n      \"data\": null\n    },\n    {\n      \"ts\": 1783453506386,\n      \"kind\": \"event\",\n      \"method\": null,\n      \"event\": \"health\",\n      \"ok\": null,\n      \"data\": null\n    },\n    {\n      \"ts\": 1783453506404,\n      \"kind\": \"event\",\n      \"method\": null,\n      \"event\": \"presence\",\n      \"ok\": null,\n      \"data\": null\n    },\n    {\n      \"ts\": 1783453506551,\n      \"kind\": \"event\",\n      \"method\": null,\n      \"event\": \"health\",\n      \"ok\": null,\n      \"data\": null\n    },\n    {\n      \"ts\": 1783453506564,\n      \"kind\": \"event\",\n      \"method\": null,\n      \"event\": \"presence\",\n      \"ok\": null,\n      \"data\": null\n    },\n    {\n      \"ts\": 1783453506704,\n      \"kind\": \"event\",\n      \"method\": null,\n      \"event\": \"health\",\n      \"ok\": null,\n      \"data\": null\n    },\n    {\n      \"ts\": 1783453506718,\n      \"kind\": \"event\",\n      \"method\": null,\n      \"event\": \"presence\",\n      \"ok\": null,\n      \"data\": null\n    },\n    {\n      \"ts\": 1783453506860,\n      \"kind\": \"event\",\n      \"method\": null,\n      \"event\": \"health\",\n      \"ok\": null,\n      \"data\": null\n    },\n    {\n      \"ts\": 1783453506876,\n      \"kind\": \"event\",\n      \"method\": null,\n      \"event\": \"presence\",\n      \"ok\": null,\n      \"data\": null\n    },\n    {\n      \"ts\": 1783453507101,\n      \"kind\": \"event\",\n      \"method\": null,\n      \"event\": \"health\",\n      \"ok\": null,\n      \"data\": null\n    },\n    {\n      \"ts\": 1783453507140,\n      \"kind\": \"event\",\n      \"method\": null,\n      \"event\": \"health\",\n      \"ok\": null,\n      \"data\": null\n    },\n    {\n      \"ts\": 1783453507164,\n      \"kind\": \"event\",\n      \"method\": null,\n      \"event\": \"presence\",\n      \"ok\": null,\n      \"data\": null\n    },\n    {\n      \"ts\": 1783453507169,\n      \"kind\": \"event\",\n      \"method\": null,\n      \"event\": \"presence\",\n      \"ok\": null,\n      \"data\": null\n    },\n    {\n      \"ts\": 1783453507193,\n      \"kind\": \"event\",\n      \"method\": null,\n      \"event\": \"agent\",\n      \"ok\": null,\n      \"data\": null\n    },\n    {\n      \"ts\": 1783453507312,\n      \"kind\": \"event\",\n      \"method\": null,\n      \"event\": \"health\",\n      \"ok\": null,\n      \"data\": null\n    },\n    {\n      \"ts\": 1783453507325,\n      \"kind\": \"event\",\n      \"method\": null,\n      \"event\": \"presence\",\n      \"ok\": null,\n      \"data\": null\n    },\n    {\n      \"ts\": 1783453507467,\n      \"kind\": \"event\",\n      \"method\": null,\n      \"event\": \"health\",\n      \"ok\": null,\n      \"data\": null\n    },\n    {\n      \"ts\": 1783453507479,\n      \"kind\": \"event\",\n      \"method\": null,\n      \"event\": \"presence\",\n      \"ok\": null,\n      \"data\": null\n    },\n    {\n      \"ts\": 1783453507628,\n      \"kind\": \"event\",\n      \"method\": null,\n      \"event\": \"health\",\n      \"ok\": null,\n      \"data\": null\n    },\n    {\n      \"ts\": 1783453507641,\n      \"kind\": \"event\",\n      \"method\": null,\n      \"event\": \"presence\",\n      \"ok\": null,\n      \"data\": null\n    },\n    {\n      \"ts\": 1783453507780,\n      \"kind\": \"event\",\n      \"method\": null,\n      \"event\": \"health\",\n      \"ok\": null,\n      \"data\": null\n    },\n    {\n      \"ts\": 1783453507802,\n      \"kind\": \"event\",\n      \"method\": null,\n      \"event\": \"presence\",\n      \"ok\": null,\n      \"data\": null\n    },\n    {\n      \"ts\": 1783453507941,\n      \"kind\": \"event\",\n      \"method\": null,\n      \"event\": \"health\",\n      \"ok\": null,\n      \"data\": null\n    },\n    {\n      \"ts\": 1783453507953,\n      \"kind\": \"event\",\n      \"method\": null,\n      \"event\": \"presence\",\n      \"ok\": null,\n      \"data\": null\n    },\n    {\n      \"ts\": 1783453508101,\n      \"kind\": \"event\",\n      \"method\": null,\n      \"event\": \"health\",\n      \"ok\": null,\n      \"data\": null\n    },\n    {\n      \"ts\": 1783453508113,\n      \"kind\": \"event\",\n      \"method\": null,\n      \"event\": \"presence\",\n      \"ok\": null,\n      \"data\": null\n    },\n    {\n      \"ts\": 1783453508255,\n      \"kind\": \"event\",\n      \"method\": null,\n      \"event\": \"health\",\n      \"ok\": null,\n      \"data\": null\n    },\n    {\n      \"ts\": 1783453508273,\n      \"kind\": \"event\",\n      \"method\": null,\n      \"event\": \"presence\",\n      \"ok\": null,\n      \"data\": null\n    },\n    {\n      \"ts\": 1783453508415,\n      \"kind\": \"event\",\n      \"method\": null,\n      \"event\": \"health\",\n      \"ok\": null,\n      \"data\": null\n    },\n    {\n      \"ts\": 1783453508430,\n      \"kind\": \"event\",\n      \"method\": null,\n      \"event\": \"presence\",\n      \"ok\": null,\n      \"data\": null\n    },\n    {\n      \"ts\": 1783453508579,\n      \"kind\": \"event\",\n      \"method\": null,\n      \"event\": \"health\",\n      \"ok\": null,\n      \"data\": null\n    },\n    {\n      \"ts\": 1783453508592,\n      \"kind\": \"event\",\n      \"method\": null,\n      \"event\": \"presence\",\n      \"ok\": null,\n      \"data\": null\n    },\n    {\n      \"ts\": 1783453508735,\n      \"kind\": \"event\",\n      \"method\": null,\n      \"event\": \"health\",\n      \"ok\": null,\n      \"data\": null\n    },\n    {\n      \"ts\": 1783453508742,\n      \"kind\": \"event\",\n      \"method\": null,\n      \"event\": \"agent\",\n      \"ok\": null,\n      \"data\": null\n    },\n    {\n      \"ts\": 1783453508742,\n      \"kind\": \"event\",\n      \"method\": null,\n      \"event\": \"chat\",\n      \"ok\": null,\n      \"data\": null\n    },\n    {\n      \"ts\": 1783453508754,\n      \"kind\": \"event\",\n      \"method\": null,\n      \"event\": \"presence\",\n      \"ok\": null,\n      \"data\": null\n    },\n    {\n      \"ts\": 1783453508896,\n      \"kind\": \"event\",\n      \"method\": null,\n      \"event\": \"health\",\n      \"ok\": null,\n      \"data\": null\n    },\n    {\n      \"ts\": 1783453508908,\n      \"kind\": \"event\",\n      \"method\": null,\n      \"event\": \"presence\",\n      \"ok\": null,\n      \"data\": null\n    },\n    {\n      \"ts\": 1783453508997,\n      \"kind\": \"event\",\n      \"method\": null,\n      \"event\": \"agent\",\n      \"ok\": null,\n      \"data\": null\n    },\n    {\n      \"ts\": 1783453508997,\n      \"kind\": \"event\",\n      \"method\": null,\n      \"event\": \"agent\",\n      \"ok\": null,\n      \"data\": null\n    },\n    {\n      \"ts\": 1783453508998,\n      \"kind\": \"event\",\n      \"method\": null,\n      \"event\": \"chat\",\n      \"ok\": null,\n      \"data\": null\n    },\n    {\n      \"ts\": 1783453509056,\n      \"kind\": \"event\",\n      \"method\": null,\n      \"event\": \"health\",\n      \"ok\": null,\n      \"data\": null\n    },\n    {\n      \"ts\": 1783453509076,\n      \"kind\": \"event\",\n      \"method\": null,\n      \"event\": \"presence\",\n      \"ok\": null,\n      \"data\": null\n    },\n    {\n      \"ts\": 1783453509222,\n      \"kind\": \"event\",\n      \"method\": null,\n      \"event\": \"health\",\n      \"ok\": null,\n      \"data\": null\n    },\n    {\n      \"ts\": 1783453509223,\n      \"kind\": \"event\",\n      \"method\": null,\n      \"event\": \"agent\",\n      \"ok\": null,\n      \"data\": null\n    },\n    {\n      \"ts\": 1783453509223,\n      \"kind\": \"event\",\n      \"method\": null,\n      \"event\": \"agent\",\n      \"ok\": null,\n      \"data\": null\n    },\n    {\n      \"ts\": 1783453509223,\n      \"kind\": \"event\",\n      \"method\": null,\n      \"event\": \"chat\",\n      \"ok\": null,\n      \"data\": null\n    },\n    {\n      \"ts\": 1783453509237,\n      \"kind\": \"event\",\n      \"method\": null,\n      \"event\": \"presence\",\n      \"ok\": null,\n      \"data\": null\n    },\n    {\n      \"ts\": 1783453509286,\n      \"kind\": \"event\",\n      \"method\": null,\n      \"event\": \"agent\",\n      \"ok\": null,\n      \"data\": null\n    },\n    {\n      \"ts\": 1783453509286,\n      \"kind\": \"event\",\n      \"method\": null,\n      \"event\": \"agent\",\n      \"ok\": null,\n      \"data\": null\n    },\n    {\n      \"ts\": 1783453509399,\n      \"kind\": \"event\",\n      \"method\": null,\n      \"event\": \"health\",\n      \"ok\": null,\n      \"data\": null\n    },\n    {\n      \"ts\": 1783453509463,\n      \"kind\": \"event\",\n      \"method\": null,\n      \"event\": \"presence\",\n      \"ok\": null,\n      \"data\": null\n    },\n    {\n      \"ts\": 1783453509495,\n      \"kind\": \"event\",\n      \"method\": null,\n      \"event\": \"agent\",\n      \"ok\": null,\n      \"data\": null\n    },\n    {\n      \"ts\": 1783453509495,\n      \"kind\": \"event\",\n      \"method\": null,\n      \"event\": \"chat\",\n      \"ok\": null,\n      \"data\": null\n    },\n    {\n      \"ts\": 1783453509495,\n      \"kind\": \"event\",\n      \"method\": null,\n      \"event\": \"chat\",\n      \"ok\": null,\n      \"data\": null\n    },\n    {\n      \"ts\": 1783453509717,\n      \"kind\": \"event\",\n      \"method\": null,\n      \"event\": \"health\",\n      \"ok\": null,\n      \"data\": null\n    },\n    {\n      \"ts\": 1783453509731,\n      \"kind\": \"event\",\n      \"method\": null,\n      \"event\": \"presence\",\n      \"ok\": null,\n      \"data\": null\n    },\n    {\n      \"ts\": 1783453509888,\n      \"kind\": \"event\",\n      \"method\": null,\n      \"event\": \"health\",\n      \"ok\": null,\n      \"data\": null\n    },\n    {\n      \"ts\": 1783453509910,\n      \"kind\": \"event\",\n      \"method\": null,\n      \"event\": \"presence\",\n      \"ok\": null,\n      \"data\": null\n    },\n    {\n      \"ts\": 1783453510051,\n      \"kind\": \"event\",\n      \"method\": null,\n      \"event\": \"health\",\n      \"ok\": null,\n      \"data\": null\n    },\n    {\n      \"ts\": 1783453510066,\n      \"kind\": \"event\",\n      \"method\": null,\n      \"event\": \"presence\",\n      \"ok\": null,\n      \"data\": null\n    },\n    {\n      \"ts\": 1783453510214,\n      \"kind\": \"event\",\n      \"method\": null,\n      \"event\": \"health\",\n      \"ok\": null,\n      \"data\": null\n    },\n    {\n      \"ts\": 1783453510234,\n      \"kind\": \"event\",\n      \"method\": null,\n      \"event\": \"presence\",\n      \"ok\": null,\n      \"data\": null\n    },\n    {\n      \"ts\": 1783453510317,\n      \"kind\": \"event\",\n      \"method\": null,\n      \"event\": \"agent\",\n      \"ok\": null,\n      \"data\": null\n    },\n    {\n      \"ts\": 1783453510317,\n      \"kind\": \"event\",\n      \"method\": null,\n      \"event\": \"chat\",\n      \"ok\": null,\n      \"data\": null\n    },\n    {\n      \"ts\": 1783453510449,\n      \"kind\": \"event\",\n      \"method\": null,\n      \"event\": \"health\",\n      \"ok\": null,\n      \"data\": null\n    },\n    {\n      \"ts\": 1783453510498,\n      \"kind\": \"event\",\n      \"method\": null,\n      \"event\": \"presence\",\n      \"ok\": null,\n      \"data\": null\n    },\n    {\n      \"ts\": 1783453510577,\n      \"kind\": \"event\",\n      \"method\": null,\n      \"event\": \"agent\",\n      \"ok\": null,\n      \"data\": null\n    },\n    {\n      \"ts\": 1783453510643,\n      \"kind\": \"event\",\n      \"method\": null,\n      \"event\": \"agent\",\n      \"ok\": null,\n      \"data\": null\n    },\n    {\n      \"ts\": 1783453510720,\n      \"kind\": \"event\",\n      \"method\": null,\n      \"event\": \"health\",\n      \"ok\": null,\n      \"data\": null\n    },\n    {\n      \"ts\": 1783453510743,\n      \"kind\": \"event\",\n      \"method\": null,\n      \"event\": \"presence\",\n      \"ok\": null,\n      \"data\": null\n    },\n    {\n      \"ts\": 1783453510902,\n      \"kind\": \"event\",\n      \"method\": null,\n      \"event\": \"health\",\n      \"ok\": null,\n      \"data\": null\n    },\n    {\n      \"ts\": 1783453510917,\n      \"kind\": \"event\",\n      \"method\": null,\n      \"event\": \"presence\",\n      \"ok\": null,\n      \"data\": null\n    },\n    {\n      \"ts\": 1783453511059,\n      \"kind\": \"event\",\n      \"method\": null,\n      \"event\": \"health\",\n      \"ok\": null,\n      \"data\": null\n    },\n    {\n      \"ts\": 1783453511076,\n      \"kind\": \"event\",\n      \"method\": null,\n      \"event\": \"presence\",\n      \"ok\": null,\n      \"data\": null\n    },\n    {\n      \"ts\": 1783453511214,\n      \"kind\": \"event\",\n      \"method\": null,\n      \"event\": \"health\",\n      \"ok\": null,\n      \"data\": null\n    },\n    {\n      \"ts\": 1783453511231,\n      \"kind\": \"event\",\n      \"method\": null,\n      \"event\": \"presence\",\n      \"ok\": null,\n      \"data\": null\n    },\n    {\n      \"ts\": 1783453511381,\n      \"kind\": \"event\",\n      \"method\": null,\n      \"event\": \"health\",\n      \"ok\": null,\n      \"data\": null\n    },\n    {\n      \"ts\": 1783453511394,\n      \"kind\": \"event\",\n      \"method\": null,\n      \"event\": \"presence\",\n      \"ok\": null,\n      \"data\": null\n    },\n    {\n      \"ts\": 1783453513922,\n      \"kind\": \"event\",\n      \"method\": null,\n      \"event\": \"agent\",\n      \"ok\": null,\n      \"data\": null\n    },\n    {\n      \"ts\": 1783453515555,\n      \"kind\": \"event\",\n      \"method\": null,\n      \"event\": \"health\",\n      \"ok\": null,\n      \"data\": null\n    },\n    {\n      \"ts\": 1783453515567,\n      \"kind\": \"event\",\n      \"method\": null,\n      \"event\": \"presence\",\n      \"ok\": null,\n      \"data\": null\n    },\n    {\n      \"ts\": 1783453515695,\n      \"kind\": \"event\",\n      \"method\": null,\n      \"event\": \"agent\",\n      \"ok\": null,\n      \"data\": null\n    },\n    {\n      \"ts\": 1783453515695,\n      \"kind\": \"event\",\n      \"method\": null,\n      \"event\": \"chat\",\n      \"ok\": null,\n      \"data\": null\n    },\n    {\n      \"ts\": 1783453515739,\n      \"kind\": \"event\",\n      \"method\": null,\n      \"event\": \"agent\",\n      \"ok\": null,\n      \"data\": null\n    },\n    {\n      \"ts\": 1783453516293,\n      \"kind\": \"event\",\n      \"method\": null,\n      \"event\": \"agent\",\n      \"ok\": null,\n      \"data\": null\n    },\n    {\n      \"ts\": 1783453516293,\n      \"kind\": \"event\",\n      \"method\": null,\n      \"event\": \"agent\",\n      \"ok\": null,\n      \"data\": null\n    },\n    {\n      \"ts\": 1783453516294,\n      \"kind\": \"event\",\n      \"method\": null,\n      \"event\": \"chat\",\n      \"ok\": null,\n      \"data\": null\n    },\n    {\n      \"ts\": 1783453516304,\n      \"kind\": \"event\",\n      \"method\": null,\n      \"event\": \"agent\",\n      \"ok\": null,\n      \"data\": null\n    },\n    {\n      \"ts\": 1783453516443,\n      \"kind\": \"event\",\n      \"method\": null,\n      \"event\": \"agent\",\n      \"ok\": null,\n      \"data\": null\n    },\n    {\n      \"ts\": 1783453516443,\n      \"kind\": \"event\",\n      \"method\": null,\n      \"event\": \"chat\",\n      \"ok\": null,\n      \"data\": null\n    },\n    {\n      \"ts\": 1783453516471,\n      \"kind\": \"event\",\n      \"method\": null,\n      \"event\": \"presence\",\n      \"ok\": null,\n      \"data\": null\n    },\n    {\n      \"ts\": 1783453516563,\n      \"kind\": \"event\",\n      \"method\": null,\n      \"event\": \"health\",\n      \"ok\": null,\n      \"data\": null\n    },\n    {\n      \"ts\": 1783453516577,\n      \"kind\": \"event\",\n      \"method\": null,\n      \"event\": \"presence\",\n      \"ok\": null,\n      \"data\": null\n    },\n    {\n      \"ts\": 1783453518724,\n      \"kind\": \"event\",\n      \"method\": null,\n      \"event\": \"agent\",\n      \"ok\": null,\n      \"data\": null\n    },\n    {\n      \"ts\": 1783453518724,\n      \"kind\": \"event\",\n      \"method\": null,\n      \"event\": \"chat\",\n      \"ok\": null,\n      \"data\": null\n    },\n    {\n      \"ts\": 1783453518945,\n      \"kind\": \"event\",\n      \"method\": null,\n      \"event\": \"agent\",\n      \"ok\": null,\n      \"data\": null\n    },\n    {\n      \"ts\": 1783453518970,\n      \"kind\": \"event\",\n      \"method\": null,\n      \"event\": \"agent\",\n      \"ok\": null,\n      \"data\": null\n    },\n    {\n      \"ts\": 1783453519002,\n      \"kind\": \"event\",\n      \"method\": null,\n      \"event\": \"session.message\",\n      \"ok\": null,\n      \"data\": null\n    },\n    {\n      \"ts\": 1783453521769,\n      \"kind\": \"event\",\n      \"method\": null,\n      \"event\": \"agent\",\n      \"ok\": null,\n      \"data\": null\n    },\n    {\n      \"ts\": 1783453522376,\n      \"kind\": \"event\",\n      \"method\": null,\n      \"event\": \"health\",\n      \"ok\": null,\n      \"data\": null\n    },\n    {\n      \"ts\": 1783453523062,\n      \"kind\": \"event\",\n      \"method\": null,\n      \"event\": \"health\",\n      \"ok\": null,\n      \"data\": null\n    },\n    {\n      \"ts\": 1783453523072,\n      \"kind\": \"event\",\n      \"method\": null,\n      \"event\": \"presence\",\n      \"ok\": null,\n      \"data\": null\n    },\n    {\n      \"ts\": 1783453523200,\n      \"kind\": \"event\",\n      \"method\": null,\n      \"event\": \"agent\",\n      \"ok\": null,\n      \"data\": null\n    },\n    {\n      \"ts\": 1783453525641,\n      \"kind\": \"event\",\n      \"method\": null,\n      \"event\": \"session.message\",\n      \"ok\": null,\n      \"data\": null\n    },\n    {\n      \"ts\": 1783453525651,\n      \"kind\": \"event\",\n      \"method\": null,\n      \"event\": \"agent\",\n      \"ok\": null,\n      \"data\": null\n    },\n    {\n      \"ts\": 1783453525712,\n      \"kind\": \"event\",\n      \"method\": null,\n      \"event\": \"health\",\n      \"ok\": null,\n      \"data\": null\n    },\n    {\n      \"ts\": 1783453525983,\n      \"kind\": \"event\",\n      \"method\": null,\n      \"event\": \"presence\",\n      \"ok\": null,\n      \"data\": null\n    },\n    {\n      \"ts\": 1783453525984,\n      \"kind\": \"event\",\n      \"method\": null,\n      \"event\": \"agent\",\n      \"ok\": null,\n      \"data\": null\n    },\n    {\n      \"ts\": 1783453525985,\n      \"kind\": \"event\",\n      \"method\": null,\n      \"event\": \"chat\",\n      \"ok\": null,\n      \"data\": null\n    },\n    {\n      \"ts\": 1783453526013,\n      \"kind\": \"event\",\n      \"method\": null,\n      \"event\": \"agent\",\n      \"ok\": null,\n      \"data\": null\n    },\n    {\n      \"ts\": 1783453526257,\n      \"kind\": \"event\",\n      \"method\": null,\n      \"event\": \"agent\",\n      \"ok\": null,\n      \"data\": null\n    },\n    {\n      \"ts\": 1783453526356,\n      \"kind\": \"event\",\n      \"method\": null,\n      \"event\": \"agent\",\n      \"ok\": null,\n      \"data\": null\n    },\n    {\n      \"ts\": 1783453528168,\n      \"kind\": \"event\",\n      \"method\": null,\n      \"event\": \"agent\",\n      \"ok\": null,\n      \"data\": null\n    },\n    {\n      \"ts\": 1783453528168,\n      \"kind\": \"event\",\n      \"method\": null,\n      \"event\": \"chat\",\n      \"ok\": null,\n      \"data\": null\n    },\n    {\n      \"ts\": 1783453528335,\n      \"kind\": \"event\",\n      \"method\": null,\n      \"event\": \"agent\",\n      \"ok\": null,\n      \"data\": null\n    },\n    {\n      \"ts\": 1783453528335,\n      \"kind\": \"event\",\n      \"method\": null,\n      \"event\": \"agent\",\n      \"ok\": null,\n      \"data\": null\n    },\n    {\n      \"ts\": 1783453528335,\n      \"kind\": \"event\",\n      \"method\": null,\n      \"event\": \"chat\",\n      \"ok\": null,\n      \"data\": null\n    },\n    {\n      \"ts\": 1783453528682,\n      \"kind\": \"event\",\n      \"method\": null,\n      \"event\": \"agent\",\n      \"ok\": null,\n      \"data\": null\n    }\n  ],\n  \"ended\": \"2026-07-07T19:45:28.682Z\",\n  \"duration_ms\": 28905\n}" source=console
time="2026-07-07T12:45:28-07:00" level=info msg="--- END EVIDENCE ---" source=console
time="2026-07-07T12:45:28-07:00" level=info msg="\n[R-CONFIG-defaults] VERDICT: PASS-candidate" source=console

[R-CONFIG-defaults] Summary: PASS-candidate | SHA: 1cc8f4e3d617ef6f173283ef83d7b739a4995734 | Seat: cael

running (0m28.9s), 0/1 VUs, 1 complete and 0 interrupted iterations
r_config_defaults ✓ [ 100% ] 1 VUs  0m28.9s/1m30s  1/1 shared iters
./r-config-defaults-summary.json
[R-CONFIG-DEFAULTS] METRICS: /home/figs/actions-runner/_work/openclaw-bootstrap/openclaw-bootstrap/openclaw-bootstrap/PROOFS/1cc8f4e3d617ef6f173283ef83d7b739a4995734/project81-k6/20260707T194227Z-cael-dgx-2026911/1cc8f4e3d617ef6f173283ef83d7b739a4995734/R-CONFIG-DEFAULTS/cael/20260707T194459Z-r-config-defaults/openclaw-proofs-k6.prom
[R-CONFIG-DEFAULTS] ARTIFACTS: /home/figs/actions-runner/_work/openclaw-bootstrap/openclaw-bootstrap/openclaw-bootstrap/PROOFS/1cc8f4e3d617ef6f173283ef83d7b739a4995734/project81-k6/20260707T194227Z-cael-dgx-2026911/1cc8f4e3d617ef6f173283ef83d7b739a4995734/R-CONFIG-DEFAULTS/cael/20260707T194459Z-r-config-defaults
[R-CONFIG-DEFAULTS] COMPLETED.
Observability check: query Grafana for run/nonce or review Tempo traces if trace ID was emitted.

----------------------------------------
Row: R-CW-1
Manifest: /home/figs/actions-runner/_work/openclaw-bootstrap/openclaw-bootstrap/karmaterminal-openclaw-docs/tools/k6-proofs/manifests/r-cw-1.json
Scenario: scenarios/r-cw-1-tool-schedule-wake.js
Status: runnable
Live Safety: k6-runnable
[R-CW-1] RUNNING...

         /\      Grafana   /‾‾/  
    /\  /  \     |\  __   /  /   
   /  \/    \    | |/ /  /   ‾‾\ 
  /          \   |   (  |  (‾)  |
 / __________ \  |_|\_\  \_____/ 


     execution: local
        script: scenarios/r-cw-1-tool-schedule-wake.js
        output: -

     scenarios: (100.00%) 1 scenario, 1 max VUs, 2m30s max duration (incl. graceful stop):
              * r_cw_1_tool_schedule_wake: 1 iterations shared among 1 VUs (maxDuration: 2m0s, gracefulStop: 30s)

time="2026-07-07T12:45:29-07:00" level=info msg="✓ disposable session created: agent:main:r-cw-1-r-cw-1-1783453528925-q0rzblpe" source=console
time="2026-07-07T12:45:29-07:00" level=info msg="✓ sessions.send accepted — agent turn triggered (will call continue_work)" source=console

running (0m01.0s), 1/1 VUs, 0 complete and 0 interrupted iterations
r_cw_1_tool_schedule_wake   [   0% ] 1 VUs  0m01.0s/2m0s  0/1 shared iters

running (0m02.0s), 1/1 VUs, 0 complete and 0 interrupted iterations
r_cw_1_tool_schedule_wake   [   0% ] 1 VUs  0m02.0s/2m0s  0/1 shared iters

running (0m03.0s), 1/1 VUs, 0 complete and 0 interrupted iterations
r_cw_1_tool_schedule_wake   [   0% ] 1 VUs  0m03.0s/2m0s  0/1 shared iters

running (0m04.0s), 1/1 VUs, 0 complete and 0 interrupted iterations
r_cw_1_tool_schedule_wake   [   0% ] 1 VUs  0m04.0s/2m0s  0/1 shared iters

running (0m05.0s), 1/1 VUs, 0 complete and 0 interrupted iterations
r_cw_1_tool_schedule_wake   [   0% ] 1 VUs  0m05.0s/2m0s  0/1 shared iters
time="2026-07-07T12:45:34-07:00" level=info msg="ℹ Ignoring harness prompt echo event" source=console

running (0m06.0s), 1/1 VUs, 0 complete and 0 interrupted iterations
r_cw_1_tool_schedule_wake   [   0% ] 1 VUs  0m06.0s/2m0s  0/1 shared iters

running (0m07.0s), 1/1 VUs, 0 complete and 0 interrupted iterations
r_cw_1_tool_schedule_wake   [   0% ] 1 VUs  0m07.0s/2m0s  0/1 shared iters
time="2026-07-07T12:45:36-07:00" level=info msg="ℹ Ignoring harness prompt echo event" source=console

running (0m08.0s), 1/1 VUs, 0 complete and 0 interrupted iterations
r_cw_1_tool_schedule_wake   [   0% ] 1 VUs  0m08.0s/2m0s  0/1 shared iters

running (0m09.0s), 1/1 VUs, 0 complete and 0 interrupted iterations
r_cw_1_tool_schedule_wake   [   0% ] 1 VUs  0m09.0s/2m0s  0/1 shared iters
time="2026-07-07T12:45:38-07:00" level=info msg="ℹ Ignoring harness prompt echo event" source=console

running (0m10.0s), 1/1 VUs, 0 complete and 0 interrupted iterations
r_cw_1_tool_schedule_wake   [   0% ] 1 VUs  0m10.0s/2m0s  0/1 shared iters

running (0m11.0s), 1/1 VUs, 0 complete and 0 interrupted iterations
r_cw_1_tool_schedule_wake   [   0% ] 1 VUs  0m11.0s/2m0s  0/1 shared iters

running (0m12.0s), 1/1 VUs, 0 complete and 0 interrupted iterations
r_cw_1_tool_schedule_wake   [   0% ] 1 VUs  0m12.0s/2m0s  0/1 shared iters

running (0m13.0s), 1/1 VUs, 0 complete and 0 interrupted iterations
r_cw_1_tool_schedule_wake   [   0% ] 1 VUs  0m13.0s/2m0s  0/1 shared iters

running (0m14.0s), 1/1 VUs, 0 complete and 0 interrupted iterations
r_cw_1_tool_schedule_wake   [   0% ] 1 VUs  0m14.0s/2m0s  0/1 shared iters

running (0m15.0s), 1/1 VUs, 0 complete and 0 interrupted iterations
r_cw_1_tool_schedule_wake   [   0% ] 1 VUs  0m15.0s/2m0s  0/1 shared iters
time="2026-07-07T12:45:44-07:00" level=info msg="✓ CW-SCHEDULED sentinel observed: session.message" source=console

running (0m16.0s), 1/1 VUs, 0 complete and 0 interrupted iterations
r_cw_1_tool_schedule_wake   [   0% ] 1 VUs  0m16.0s/2m0s  0/1 shared iters

running (0m17.0s), 1/1 VUs, 0 complete and 0 interrupted iterations
r_cw_1_tool_schedule_wake   [   0% ] 1 VUs  0m17.0s/2m0s  0/1 shared iters

running (0m18.0s), 1/1 VUs, 0 complete and 0 interrupted iterations
r_cw_1_tool_schedule_wake   [   0% ] 1 VUs  0m18.0s/2m0s  0/1 shared iters

running (0m19.0s), 1/1 VUs, 0 complete and 0 interrupted iterations
r_cw_1_tool_schedule_wake   [   0% ] 1 VUs  0m19.0s/2m0s  0/1 shared iters

running (0m20.0s), 1/1 VUs, 0 complete and 0 interrupted iterations
r_cw_1_tool_schedule_wake   [   0% ] 1 VUs  0m20.0s/2m0s  0/1 shared iters

running (0m21.0s), 1/1 VUs, 0 complete and 0 interrupted iterations
r_cw_1_tool_schedule_wake   [   0% ] 1 VUs  0m21.0s/2m0s  0/1 shared iters

running (0m22.0s), 1/1 VUs, 0 complete and 0 interrupted iterations
r_cw_1_tool_schedule_wake   [   0% ] 1 VUs  0m22.0s/2m0s  0/1 shared iters

running (0m23.0s), 1/1 VUs, 0 complete and 0 interrupted iterations
r_cw_1_tool_schedule_wake   [   0% ] 1 VUs  0m23.0s/2m0s  0/1 shared iters

running (0m24.0s), 1/1 VUs, 0 complete and 0 interrupted iterations
r_cw_1_tool_schedule_wake   [   0% ] 1 VUs  0m24.0s/2m0s  0/1 shared iters

running (0m25.0s), 1/1 VUs, 0 complete and 0 interrupted iterations
r_cw_1_tool_schedule_wake   [   0% ] 1 VUs  0m25.0s/2m0s  0/1 shared iters

running (0m26.0s), 1/1 VUs, 0 complete and 0 interrupted iterations
r_cw_1_tool_schedule_wake   [   0% ] 1 VUs  0m26.0s/2m0s  0/1 shared iters

running (0m27.0s), 1/1 VUs, 0 complete and 0 interrupted iterations
r_cw_1_tool_schedule_wake   [   0% ] 1 VUs  0m27.0s/2m0s  0/1 shared iters

running (0m28.0s), 1/1 VUs, 0 complete and 0 interrupted iterations
r_cw_1_tool_schedule_wake   [   0% ] 1 VUs  0m28.0s/2m0s  0/1 shared iters

running (0m29.0s), 1/1 VUs, 0 complete and 0 interrupted iterations
r_cw_1_tool_schedule_wake   [   0% ] 1 VUs  0m29.0s/2m0s  0/1 shared iters

running (0m30.0s), 1/1 VUs, 0 complete and 0 interrupted iterations
r_cw_1_tool_schedule_wake   [   0% ] 1 VUs  0m30.0s/2m0s  0/1 shared iters

running (0m31.0s), 1/1 VUs, 0 complete and 0 interrupted iterations
r_cw_1_tool_schedule_wake   [   0% ] 1 VUs  0m31.0s/2m0s  0/1 shared iters
time="2026-07-07T12:46:00-07:00" level=info msg="✓ CW-WOKE sentinel observed: session.message (16227ms after scheduled)" source=console
time="2026-07-07T12:46:00-07:00" level=info msg="All required R-CW-1 evidence gathered, closing early" source=console
time="2026-07-07T12:46:00-07:00" level=info msg="\n--- R-CW-1 EVIDENCE SUMMARY ---" source=console
time="2026-07-07T12:46:00-07:00" level=info msg="{\n  \"row\": \"R-CW-1\",\n  \"manifest_loaded\": true,\n  \"nonce\": \"R-CW-1-1783453528925-q0rzblpe\",\n  \"seat\": \"cael\",\n  \"requestedSessionKey\": \"agent:main:discord:channel:1466192485440164011\",\n  \"sessionKey\": \"agent:main:r-cw-1-r-cw-1-1783453528925-q0rzblpe\",\n  \"session_created\": true,\n  \"created_session_key\": \"agent:main:r-cw-1-r-cw-1-1783453528925-q0rzblpe\",\n  \"candidateSha\": \"1cc8f4e3d617ef6f173283ef83d7b739a4995734\",\n  \"started\": \"2026-07-07T19:45:28.925Z\",\n  \"tool_invoke_accepted\": true,\n  \"continue_work_tool_result_scheduled\": true,\n  \"work_woke_event\": true,\n  \"dispatch_accepted_at_ms\": 1783453529792,\n  \"scheduled_result_at_ms\": 1783453544386,\n  \"wake_delay_ms\": 16227,\n  \"trace_id\": null,\n  \"redacted_events\": [\n    {\n      \"ts\": 1783453528927,\n      \"kind\": \"event\",\n      \"method\": null,\n      \"event\": \"connect.challenge\",\n      \"ok\": null,\n      \"data\": null\n    },\n    {\n      \"ts\": 1783453528930,\n      \"kind\": \"other\",\n      \"method\": null,\n      \"event\": null,\n      \"ok\": null,\n      \"data\": null\n    },\n    {\n      \"ts\": 1783453528980,\n      \"kind\": \"event\",\n      \"method\": null,\n      \"event\": \"health\",\n      \"ok\": null,\n      \"data\": null\n    },\n    {\n      \"ts\": 1783453529121,\n      \"kind\": \"event\",\n      \"method\": null,\n      \"event\": \"agent\",\n      \"ok\": null,\n      \"data\": null\n    },\n    {\n      \"ts\": 1783453529261,\n      \"kind\": \"response\",\n      \"method\": \"sessions.create\",\n      \"event\": null,\n      \"ok\": true,\n      \"data\": {\n        \"ok\": true\n      }\n    },\n    {\n      \"ts\": 1783453529291,\n      \"kind\": \"response\",\n      \"method\": \"sessions.messages.subscribe\",\n      \"event\": null,\n      \"ok\": true,\n      \"data\": {}\n    },\n    {\n      \"ts\": 1783453529792,\n      \"kind\": \"response\",\n      \"method\": \"sessions.send\",\n      \"event\": null,\n      \"ok\": true,\n      \"data\": {\n        \"runId\": \"R-CW-1-R-CW-1-1783453528925-q0rzblpe\",\n        \"status\": \"started\"\n      }\n    },\n    {\n      \"ts\": 1783453529886,\n      \"kind\": \"event\",\n      \"method\": null,\n      \"event\": \"health\",\n      \"ok\": null,\n      \"data\": null\n    },\n    {\n      \"ts\": 1783453530292,\n      \"kind\": \"event\",\n      \"method\": null,\n      \"event\": \"tick\",\n      \"ok\": null,\n      \"data\": null\n    },\n    {\n      \"ts\": 1783453530336,\n      \"kind\": \"event\",\n      \"method\": null,\n      \"event\": \"health\",\n      \"ok\": null,\n      \"data\": null\n    },\n    {\n      \"ts\": 1783453530355,\n      \"kind\": \"event\",\n      \"method\": null,\n      \"event\": \"presence\",\n      \"ok\": null,\n      \"data\": null\n    },\n    {\n      \"ts\": 1783453530511,\n      \"kind\": \"event\",\n      \"method\": null,\n      \"event\": \"agent\",\n      \"ok\": null,\n      \"data\": null\n    },\n    {\n      \"ts\": 1783453531879,\n      \"kind\": \"event\",\n      \"method\": null,\n      \"event\": \"agent\",\n      \"ok\": null,\n      \"data\": null\n    },\n    {\n      \"ts\": 1783453531879,\n      \"kind\": \"event\",\n      \"method\": null,\n      \"event\": \"chat\",\n      \"ok\": null,\n      \"data\": null\n    },\n    {\n      \"ts\": 1783453532105,\n      \"kind\": \"event\",\n      \"method\": null,\n      \"event\": \"agent\",\n      \"ok\": null,\n      \"data\": null\n    },\n    {\n      \"ts\": 1783453532150,\n      \"kind\": \"event\",\n      \"method\": null,\n      \"event\": \"agent\",\n      \"ok\": null,\n      \"data\": null\n    },\n    {\n      \"ts\": 1783453534568,\n      \"kind\": \"event\",\n      \"method\": null,\n      \"event\": \"agent\",\n      \"ok\": null,\n      \"data\": null\n    },\n    {\n      \"ts\": 1783453534600,\n      \"kind\": \"event\",\n      \"method\": null,\n      \"event\": \"agent\",\n      \"ok\": null,\n      \"data\": null\n    },\n    {\n      \"ts\": 1783453534805,\n      \"kind\": \"event\",\n      \"method\": null,\n      \"event\": \"agent\",\n      \"ok\": null,\n      \"data\": null\n    },\n    {\n      \"ts\": 1783453534805,\n      \"kind\": \"event\",\n      \"method\": null,\n      \"event\": \"chat\",\n      \"ok\": null,\n      \"data\": null\n    },\n    {\n      \"ts\": 1783453534861,\n      \"kind\": \"event\",\n      \"method\": null,\n      \"event\": \"agent\",\n      \"ok\": null,\n      \"data\": null\n    },\n    {\n      \"ts\": 1783453534861,\n      \"kind\": \"event\",\n      \"method\": null,\n      \"event\": \"agent\",\n      \"ok\": null,\n      \"data\": null\n    },\n    {\n      \"ts\": 1783453534899,\n      \"kind\": \"event\",\n      \"method\": null,\n      \"event\": \"agent\",\n      \"ok\": null,\n      \"data\": null\n    },\n    {\n      \"ts\": 1783453534899,\n      \"kind\": \"event\",\n      \"method\": null,\n      \"event\": \"chat\",\n      \"ok\": null,\n      \"data\": null\n    },\n    {\n      \"ts\": 1783453535057,\n      \"kind\": \"event\",\n      \"method\": null,\n      \"event\": \"health\",\n      \"ok\": null,\n      \"data\": null\n    },\n    {\n      \"ts\": 1783453535213,\n      \"kind\": \"event\",\n      \"method\": null,\n      \"event\": \"presence\",\n      \"ok\": null,\n      \"data\": null\n    },\n    {\n      \"ts\": 1783453535332,\n      \"kind\": \"event\",\n      \"method\": null,\n      \"event\": \"health\",\n      \"ok\": null,\n      \"data\": null\n    },\n    {\n      \"ts\": 1783453535475,\n      \"kind\": \"event\",\n      \"method\": null,\n      \"event\": \"agent\",\n      \"ok\": null,\n      \"data\": null\n    },\n    {\n      \"ts\": 1783453535475,\n      \"kind\": \"event\",\n      \"method\": null,\n      \"event\": \"chat\",\n      \"ok\": null,\n      \"data\": null\n    },\n    {\n      \"ts\": 1783453535475,\n      \"kind\": \"event\",\n      \"method\": null,\n      \"event\": \"chat\",\n      \"ok\": null,\n      \"data\": null\n    },\n    {\n      \"ts\": 1783453535511,\n      \"kind\": \"event\",\n      \"method\": null,\n      \"event\": \"presence\",\n      \"ok\": null,\n      \"data\": null\n    },\n    {\n      \"ts\": 1783453535557,\n      \"kind\": \"event\",\n      \"method\": null,\n      \"event\": \"health\",\n      \"ok\": null,\n      \"data\": null\n    },\n    {\n      \"ts\": 1783453535573,\n      \"kind\": \"event\",\n      \"method\": null,\n      \"event\": \"presence\",\n      \"ok\": null,\n      \"data\": null\n    },\n    {\n      \"ts\": 1783453535663,\n      \"kind\": \"event\",\n      \"method\": null,\n      \"event\": \"presence\",\n      \"ok\": null,\n      \"data\": null\n    },\n    {\n      \"ts\": 1783453535761,\n      \"kind\": \"event\",\n      \"method\": null,\n      \"event\": \"health\",\n      \"ok\": null,\n      \"data\": null\n    },\n    {\n      \"ts\": 1783453536380,\n      \"kind\": \"event\",\n      \"method\": null,\n      \"event\": \"health\",\n      \"ok\": null,\n      \"data\": null\n    },\n    {\n      \"ts\": 1783453536384,\n      \"kind\": \"event\",\n      \"method\": null,\n      \"event\": \"presence\",\n      \"ok\": null,\n      \"data\": null\n    },\n    {\n      \"ts\": 1783453536411,\n      \"kind\": \"event\",\n      \"method\": null,\n      \"event\": \"presence\",\n      \"ok\": null,\n      \"data\": null\n    },\n    {\n      \"ts\": 1783453536473,\n      \"kind\": \"event\",\n      \"method\": null,\n      \"event\": \"agent\",\n      \"ok\": null,\n      \"data\": null\n    },\n    {\n      \"ts\": 1783453538668,\n      \"kind\": \"event\",\n      \"method\": null,\n      \"event\": \"agent\",\n      \"ok\": null,\n      \"data\": null\n    },\n    {\n      \"ts\": 1783453538668,\n      \"kind\": \"event\",\n      \"method\": null,\n      \"event\": \"chat\",\n      \"ok\": null,\n      \"data\": null\n    },\n    {\n      \"ts\": 1783453538854,\n      \"kind\": \"event\",\n      \"method\": null,\n      \"event\": \"agent\",\n      \"ok\": null,\n      \"data\": null\n    },\n    {\n      \"ts\": 1783453538922,\n      \"kind\": \"event\",\n      \"method\": null,\n      \"event\": \"agent\",\n      \"ok\": null,\n      \"data\": null\n    },\n    {\n      \"ts\": 1783453538924,\n      \"kind\": \"event\",\n      \"method\": null,\n      \"event\": \"session.message\",\n      \"ok\": null,\n      \"data\": null\n    },\n    {\n      \"ts\": 1783453541757,\n      \"kind\": \"event\",\n      \"method\": null,\n      \"event\": \"session.message\",\n      \"ok\": null,\n      \"data\": null\n    },\n    {\n      \"ts\": 1783453541779,\n      \"kind\": \"event\",\n      \"method\": null,\n      \"event\": \"agent\",\n      \"ok\": null,\n      \"data\": null\n    },\n    {\n      \"ts\": 1783453541820,\n      \"kind\": \"event\",\n      \"method\": null,\n      \"event\": \"agent\",\n      \"ok\": null,\n      \"data\": null\n    },\n    {\n      \"ts\": 1783453543991,\n      \"kind\": \"event\",\n      \"method\": null,\n      \"event\": \"agent\",\n      \"ok\": null,\n      \"data\": null\n    },\n    {\n      \"ts\": 1783453543991,\n      \"kind\": \"event\",\n      \"method\": null,\n      \"event\": \"chat\",\n      \"ok\": null,\n      \"data\": null\n    },\n    {\n      \"ts\": 1783453544369,\n      \"kind\": \"event\",\n      \"method\": null,\n      \"event\": \"agent\",\n      \"ok\": null,\n      \"data\": null\n    },\n    {\n      \"ts\": 1783453544369,\n      \"kind\": \"event\",\n      \"method\": null,\n      \"event\": \"agent\",\n      \"ok\": null,\n      \"data\": null\n    },\n    {\n      \"ts\": 1783453544369,\n      \"kind\": \"event\",\n      \"method\": null,\n      \"event\": \"chat\",\n      \"ok\": null,\n      \"data\": null\n    },\n    {\n      \"ts\": 1783453544386,\n      \"kind\": \"event\",\n      \"method\": null,\n      \"event\": \"session.message\",\n      \"ok\": null,\n      \"data\": null\n    },\n    {\n      \"ts\": 1783453544389,\n      \"kind\": \"event\",\n      \"method\": null,\n      \"event\": \"agent\",\n      \"ok\": null,\n      \"data\": null\n    },\n    {\n      \"ts\": 1783453544389,\n      \"kind\": \"event\",\n      \"method\": null,\n      \"event\": \"agent\",\n      \"ok\": null,\n      \"data\": null\n    },\n    {\n      \"ts\": 1783453544436,\n      \"kind\": \"event\",\n      \"method\": null,\n      \"event\": \"agent\",\n      \"ok\": null,\n      \"data\": null\n    },\n    {\n      \"ts\": 1783453544436,\n      \"kind\": \"event\",\n      \"method\": null,\n      \"event\": \"chat\",\n      \"ok\": null,\n      \"data\": null\n    },\n    {\n      \"ts\": 1783453544436,\n      \"kind\": \"event\",\n      \"method\": null,\n      \"event\": \"chat\",\n      \"ok\": null,\n      \"data\": null\n    },\n    {\n      \"ts\": 1783453554223,\n      \"kind\": \"event\",\n      \"method\": null,\n      \"event\": \"agent\",\n      \"ok\": null,\n      \"data\": null\n    },\n    {\n      \"ts\": 1783453555719,\n      \"kind\": \"event\",\n      \"method\": null,\n      \"event\": \"health\",\n      \"ok\": null,\n      \"data\": null\n    },\n    {\n      \"ts\": 1783453555729,\n      \"kind\": \"event\",\n      \"method\": null,\n      \"event\": \"presence\",\n      \"ok\": null,\n      \"data\": null\n    },\n    {\n      \"ts\": 1783453555863,\n      \"kind\": \"event\",\n      \"method\": null,\n      \"event\": \"agent\",\n      \"ok\": null,\n      \"data\": null\n    },\n    {\n      \"ts\": 1783453556843,\n      \"kind\": \"event\",\n      \"method\": null,\n      \"event\": \"agent\",\n      \"ok\": null,\n      \"data\": null\n    },\n    {\n      \"ts\": 1783453556843,\n      \"kind\": \"event\",\n      \"method\": null,\n      \"event\": \"chat\",\n      \"ok\": null,\n      \"data\": null\n    },\n    {\n      \"ts\": 1783453556962,\n      \"kind\": \"event\",\n      \"method\": null,\n      \"event\": \"agent\",\n      \"ok\": null,\n      \"data\": null\n    },\n    {\n      \"ts\": 1783453559650,\n      \"kind\": \"event\",\n      \"method\": null,\n      \"event\": \"agent\",\n      \"ok\": null,\n      \"data\": null\n    },\n    {\n      \"ts\": 1783453559650,\n      \"kind\": \"event\",\n      \"method\": null,\n      \"event\": \"chat\",\n      \"ok\": null,\n      \"data\": null\n    },\n    {\n      \"ts\": 1783453559811,\n      \"kind\": \"event\",\n      \"method\": null,\n      \"event\": \"agent\",\n      \"ok\": null,\n      \"data\": null\n    },\n    {\n      \"ts\": 1783453559811,\n      \"kind\": \"event\",\n      \"method\": null,\n      \"event\": \"agent\",\n      \"ok\": null,\n      \"data\": null\n    },\n    {\n      \"ts\": 1783453559811,\n      \"kind\": \"event\",\n      \"method\": null,\n      \"event\": \"chat\",\n      \"ok\": null,\n      \"data\": null\n    },\n    {\n      \"ts\": 1783453559909,\n      \"kind\": \"event\",\n      \"method\": null,\n      \"event\": \"agent\",\n      \"ok\": null,\n      \"data\": null\n    },\n    {\n      \"ts\": 1783453559909,\n      \"kind\": \"event\",\n      \"method\": null,\n      \"event\": \"agent\",\n      \"ok\": null,\n      \"data\": null\n    },\n    {\n      \"ts\": 1783453560287,\n      \"kind\": \"event\",\n      \"method\": null,\n      \"event\": \"agent\",\n      \"ok\": null,\n      \"data\": null\n    },\n    {\n      \"ts\": 1783453560287,\n      \"kind\": \"event\",\n      \"method\": null,\n      \"event\": \"chat\",\n      \"ok\": null,\n      \"data\": null\n    },\n    {\n      \"ts\": 1783453560287,\n      \"kind\": \"event\",\n      \"method\": null,\n      \"event\": \"chat\",\n      \"ok\": null,\n      \"data\": null\n    },\n    {\n      \"ts\": 1783453560397,\n      \"kind\": \"event\",\n      \"method\": null,\n      \"event\": \"tick\",\n      \"ok\": null,\n      \"data\": null\n    },\n    {\n      \"ts\": 1783453560613,\n      \"kind\": \"event\",\n      \"method\": null,\n      \"event\": \"session.message\",\n      \"ok\": null,\n      \"data\": null\n    }\n  ],\n  \"ended\": \"2026-07-07T19:46:00.613Z\",\n  \"duration_ms\": 31688\n}" source=console
time="2026-07-07T12:46:00-07:00" level=info msg="--- END EVIDENCE ---" source=console
time="2026-07-07T12:46:00-07:00" level=info msg="\n[R-CW-1] VERDICT: PASS-candidate" source=console

[R-CW-1] Summary: PASS-candidate | SHA: 1cc8f4e3d617ef6f173283ef83d7b739a4995734 | Seat: cael

running (0m31.7s), 0/1 VUs, 1 complete and 0 interrupted iterations
r_cw_1_tool_schedule_wake ✓ [ 100% ] 1 VUs  0m31.7s/2m0s  1/1 shared iters
./r-cw-1-tool-schedule-wake-summary.json
[R-CW-1] METRICS: /home/figs/actions-runner/_work/openclaw-bootstrap/openclaw-bootstrap/openclaw-bootstrap/PROOFS/1cc8f4e3d617ef6f173283ef83d7b739a4995734/project81-k6/20260707T194227Z-cael-dgx-2026911/1cc8f4e3d617ef6f173283ef83d7b739a4995734/R-CW-1/cael/20260707T194528Z-r-cw-1/openclaw-proofs-k6.prom
[R-CW-1] ARTIFACTS: /home/figs/actions-runner/_work/openclaw-bootstrap/openclaw-bootstrap/openclaw-bootstrap/PROOFS/1cc8f4e3d617ef6f173283ef83d7b739a4995734/project81-k6/20260707T194227Z-cael-dgx-2026911/1cc8f4e3d617ef6f173283ef83d7b739a4995734/R-CW-1/cael/20260707T194528Z-r-cw-1
[R-CW-1] COMPLETED.
Observability check: query Grafana for run/nonce or review Tempo traces if trace ID was emitted.

----------------------------------------
Row: R-CW-4
Manifest: /home/figs/actions-runner/_work/openclaw-bootstrap/openclaw-bootstrap/karmaterminal-openclaw-docs/tools/k6-proofs/manifests/r-cw-4.json
Scenario: scenarios/r-cw-4-chain-depth.js
Status: runnable
Live Safety: k6-runnable
[R-CW-4] RUNNING...

         /\      Grafana   /‾‾/  
    /\  /  \     |\  __   /  /   
   /  \/    \    | |/ /  /   ‾‾\ 
  /          \   |   (  |  (‾)  |
 / __________ \  |_|\_\  \_____/ 


     execution: local
        script: scenarios/r-cw-4-chain-depth.js
        output: -

     scenarios: (100.00%) 1 scenario, 1 max VUs, 10m30s max duration (incl. graceful stop):
              * r_cw_4_chain_depth: 1 iterations shared among 1 VUs (maxDuration: 10m0s, gracefulStop: 30s)

time="2026-07-07T12:46:01-07:00" level=info msg="✓ disposable session created: agent:main:subagent:continuation-r-cw-4-r-cw-4-1783453560845-i2pfthw1" source=console
time="2026-07-07T12:46:01-07:00" level=info msg="✓ sessions.send accepted — chain-depth parent turn triggered" source=console

running (00m01.0s), 1/1 VUs, 0 complete and 0 interrupted iterations
r_cw_4_chain_depth   [   0% ] 1 VUs  00m01.0s/10m0s  0/1 shared iters

running (00m02.0s), 1/1 VUs, 0 complete and 0 interrupted iterations
r_cw_4_chain_depth   [   0% ] 1 VUs  00m02.0s/10m0s  0/1 shared iters

running (00m03.0s), 1/1 VUs, 0 complete and 0 interrupted iterations
r_cw_4_chain_depth   [   0% ] 1 VUs  00m03.0s/10m0s  0/1 shared iters

running (00m04.0s), 1/1 VUs, 0 complete and 0 interrupted iterations
r_cw_4_chain_depth   [   0% ] 1 VUs  00m04.0s/10m0s  0/1 shared iters

running (00m05.0s), 1/1 VUs, 0 complete and 0 interrupted iterations
r_cw_4_chain_depth   [   0% ] 1 VUs  00m05.0s/10m0s  0/1 shared iters

running (00m06.0s), 1/1 VUs, 0 complete and 0 interrupted iterations
r_cw_4_chain_depth   [   0% ] 1 VUs  00m06.0s/10m0s  0/1 shared iters

running (00m07.0s), 1/1 VUs, 0 complete and 0 interrupted iterations
r_cw_4_chain_depth   [   0% ] 1 VUs  00m07.0s/10m0s  0/1 shared iters

running (00m08.0s), 1/1 VUs, 0 complete and 0 interrupted iterations
r_cw_4_chain_depth   [   0% ] 1 VUs  00m08.0s/10m0s  0/1 shared iters

running (00m09.0s), 1/1 VUs, 0 complete and 0 interrupted iterations
r_cw_4_chain_depth   [   0% ] 1 VUs  00m09.0s/10m0s  0/1 shared iters

running (00m10.0s), 1/1 VUs, 0 complete and 0 interrupted iterations
r_cw_4_chain_depth   [   0% ] 1 VUs  00m10.0s/10m0s  0/1 shared iters

running (00m11.0s), 1/1 VUs, 0 complete and 0 interrupted iterations
r_cw_4_chain_depth   [   0% ] 1 VUs  00m11.0s/10m0s  0/1 shared iters

running (00m12.0s), 1/1 VUs, 0 complete and 0 interrupted iterations
r_cw_4_chain_depth   [   0% ] 1 VUs  00m12.0s/10m0s  0/1 shared iters

running (00m13.0s), 1/1 VUs, 0 complete and 0 interrupted iterations
r_cw_4_chain_depth   [   0% ] 1 VUs  00m13.0s/10m0s  0/1 shared iters

running (00m14.0s), 1/1 VUs, 0 complete and 0 interrupted iterations
r_cw_4_chain_depth   [   0% ] 1 VUs  00m14.0s/10m0s  0/1 shared iters
time="2026-07-07T12:46:15-07:00" level=info msg="✓ CW4-HOP1-SCHEDULED observed" source=console

running (00m15.0s), 1/1 VUs, 0 complete and 0 interrupted iterations
r_cw_4_chain_depth   [   0% ] 1 VUs  00m15.0s/10m0s  0/1 shared iters

running (00m16.0s), 1/1 VUs, 0 complete and 0 interrupted iterations
r_cw_4_chain_depth   [   0% ] 1 VUs  00m16.0s/10m0s  0/1 shared iters

running (00m17.0s), 1/1 VUs, 0 complete and 0 interrupted iterations
r_cw_4_chain_depth   [   0% ] 1 VUs  00m17.0s/10m0s  0/1 shared iters

running (00m18.0s), 1/1 VUs, 0 complete and 0 interrupted iterations
r_cw_4_chain_depth   [   0% ] 1 VUs  00m18.0s/10m0s  0/1 shared iters

running (00m19.0s), 1/1 VUs, 0 complete and 0 interrupted iterations
r_cw_4_chain_depth   [   0% ] 1 VUs  00m19.0s/10m0s  0/1 shared iters

running (00m20.0s), 1/1 VUs, 0 complete and 0 interrupted iterations
r_cw_4_chain_depth   [   0% ] 1 VUs  00m20.0s/10m0s  0/1 shared iters

running (00m21.0s), 1/1 VUs, 0 complete and 0 interrupted iterations
r_cw_4_chain_depth   [   0% ] 1 VUs  00m21.0s/10m0s  0/1 shared iters

running (00m22.0s), 1/1 VUs, 0 complete and 0 interrupted iterations
r_cw_4_chain_depth   [   0% ] 1 VUs  00m22.0s/10m0s  0/1 shared iters

running (00m23.0s), 1/1 VUs, 0 complete and 0 interrupted iterations
r_cw_4_chain_depth   [   0% ] 1 VUs  00m23.0s/10m0s  0/1 shared iters

running (00m24.0s), 1/1 VUs, 0 complete and 0 interrupted iterations
r_cw_4_chain_depth   [   0% ] 1 VUs  00m24.0s/10m0s  0/1 shared iters

running (00m25.0s), 1/1 VUs, 0 complete and 0 interrupted iterations
r_cw_4_chain_depth   [   0% ] 1 VUs  00m25.0s/10m0s  0/1 shared iters

running (00m26.0s), 1/1 VUs, 0 complete and 0 interrupted iterations
r_cw_4_chain_depth   [   0% ] 1 VUs  00m26.0s/10m0s  0/1 shared iters

running (00m27.0s), 1/1 VUs, 0 complete and 0 interrupted iterations
r_cw_4_chain_depth   [   0% ] 1 VUs  00m27.0s/10m0s  0/1 shared iters
time="2026-07-07T12:46:27-07:00" level=info msg="✓ CW4-HOP2-SCHEDULED observed" source=console

running (00m28.0s), 1/1 VUs, 0 complete and 0 interrupted iterations
r_cw_4_chain_depth   [   0% ] 1 VUs  00m28.0s/10m0s  0/1 shared iters

running (00m29.0s), 1/1 VUs, 0 complete and 0 interrupted iterations
r_cw_4_chain_depth   [   0% ] 1 VUs  00m29.0s/10m0s  0/1 shared iters

running (00m30.0s), 1/1 VUs, 0 complete and 0 interrupted iterations
r_cw_4_chain_depth   [   0% ] 1 VUs  00m30.0s/10m0s  0/1 shared iters

running (00m31.0s), 1/1 VUs, 0 complete and 0 interrupted iterations
r_cw_4_chain_depth   [   0% ] 1 VUs  00m31.0s/10m0s  0/1 shared iters

running (00m32.0s), 1/1 VUs, 0 complete and 0 interrupted iterations
r_cw_4_chain_depth   [   0% ] 1 VUs  00m32.0s/10m0s  0/1 shared iters

running (00m33.0s), 1/1 VUs, 0 complete and 0 interrupted iterations
r_cw_4_chain_depth   [   0% ] 1 VUs  00m33.0s/10m0s  0/1 shared iters

running (00m34.0s), 1/1 VUs, 0 complete and 0 interrupted iterations
r_cw_4_chain_depth   [   0% ] 1 VUs  00m34.0s/10m0s  0/1 shared iters

running (00m35.0s), 1/1 VUs, 0 complete and 0 interrupted iterations
r_cw_4_chain_depth   [   0% ] 1 VUs  00m35.0s/10m0s  0/1 shared iters

running (00m36.0s), 1/1 VUs, 0 complete and 0 interrupted iterations
r_cw_4_chain_depth   [   0% ] 1 VUs  00m36.0s/10m0s  0/1 shared iters

running (00m37.0s), 1/1 VUs, 0 complete and 0 interrupted iterations
r_cw_4_chain_depth   [   0% ] 1 VUs  00m37.0s/10m0s  0/1 shared iters

running (00m38.0s), 1/1 VUs, 0 complete and 0 interrupted iterations
r_cw_4_chain_depth   [   0% ] 1 VUs  00m38.0s/10m0s  0/1 shared iters

running (00m39.0s), 1/1 VUs, 0 complete and 0 interrupted iterations
r_cw_4_chain_depth   [   0% ] 1 VUs  00m39.0s/10m0s  0/1 shared iters
time="2026-07-07T12:46:39-07:00" level=info msg="✓ CW4-HOP3-SCHEDULED observed" source=console

running (00m40.0s), 1/1 VUs, 0 complete and 0 interrupted iterations
r_cw_4_chain_depth   [   0% ] 1 VUs  00m40.0s/10m0s  0/1 shared iters

running (00m41.0s), 1/1 VUs, 0 complete and 0 interrupted iterations
r_cw_4_chain_depth   [   0% ] 1 VUs  00m41.0s/10m0s  0/1 shared iters

running (00m42.0s), 1/1 VUs, 0 complete and 0 interrupted iterations
r_cw_4_chain_depth   [   0% ] 1 VUs  00m42.0s/10m0s  0/1 shared iters

running (00m43.0s), 1/1 VUs, 0 complete and 0 interrupted iterations
r_cw_4_chain_depth   [   0% ] 1 VUs  00m43.0s/10m0s  0/1 shared iters

running (00m44.0s), 1/1 VUs, 0 complete and 0 interrupted iterations
r_cw_4_chain_depth   [   0% ] 1 VUs  00m44.0s/10m0s  0/1 shared iters

running (00m45.0s), 1/1 VUs, 0 complete and 0 interrupted iterations
r_cw_4_chain_depth   [   0% ] 1 VUs  00m45.0s/10m0s  0/1 shared iters

running (00m46.0s), 1/1 VUs, 0 complete and 0 interrupted iterations
r_cw_4_chain_depth   [   0% ] 1 VUs  00m46.0s/10m0s  0/1 shared iters

running (00m47.0s), 1/1 VUs, 0 complete and 0 interrupted iterations
r_cw_4_chain_depth   [   0% ] 1 VUs  00m47.0s/10m0s  0/1 shared iters
time="2026-07-07T12:46:48-07:00" level=info msg="✓ CW4-DONE observed" source=console
time="2026-07-07T12:46:48-07:00" level=info msg="All required R-CW-4 evidence gathered, closing early" source=console
time="2026-07-07T12:46:48-07:00" level=info msg="\n--- R-CW-4 EVIDENCE SUMMARY ---" source=console
time="2026-07-07T12:46:48-07:00" level=info msg="{\n  \"row\": \"R-CW-4\",\n  \"manifest_loaded\": true,\n  \"nonce\": \"R-CW-4-1783453560845-i2pfthw1\",\n  \"seat\": \"cael\",\n  \"requestedSessionKey\": \"agent:main:discord:channel:1466192485440164011\",\n  \"sessionKey\": \"agent:main:subagent:continuation-r-cw-4-r-cw-4-1783453560845-i2pfthw1\",\n  \"session_created\": true,\n  \"created_session_key\": \"agent:main:subagent:continuation-r-cw-4-r-cw-4-1783453560845-i2pfthw1\",\n  \"candidateSha\": \"1cc8f4e3d617ef6f173283ef83d7b739a4995734\",\n  \"started\": \"2026-07-07T19:46:00.845Z\",\n  \"dispatch_accepted\": true,\n  \"hop1_scheduled\": true,\n  \"hop2_scheduled\": true,\n  \"hop3_scheduled\": true,\n  \"final_done\": true,\n  \"hop_events\": [\n    {\n      \"marker\": \"CW4-HOP1-SCHEDULED\",\n      \"ts\": 1783453575640,\n      \"event\": \"agent\"\n    },\n    {\n      \"marker\": \"CW4-HOP2-SCHEDULED\",\n      \"ts\": 1783453587865,\n      \"event\": \"chat\"\n    },\n    {\n      \"marker\": \"CW4-HOP3-SCHEDULED\",\n      \"ts\": 1783453599902,\n      \"event\": \"chat\"\n    },\n    {\n      \"marker\": \"CW4-DONE\",\n      \"ts\": 1783453608491,\n      \"event\": \"session.message\"\n    }\n  ],\n  \"trace_id\": null,\n  \"redacted_events\": [\n    {\n      \"ts\": 1783453560847,\n      \"kind\": \"event\",\n      \"method\": null,\n      \"event\": \"connect.challenge\",\n      \"ok\": null,\n      \"data\": null\n    },\n    {\n      \"ts\": 1783453560850,\n      \"kind\": \"other\",\n      \"method\": null,\n      \"event\": null,\n      \"ok\": null,\n      \"data\": null\n    },\n    {\n      \"ts\": 1783453560900,\n      \"kind\": \"event\",\n      \"method\": null,\n      \"event\": \"health\",\n      \"ok\": null,\n      \"data\": null\n    },\n    {\n      \"ts\": 1783453561169,\n      \"kind\": \"response\",\n      \"method\": \"sessions.create\",\n      \"event\": null,\n      \"ok\": true,\n      \"data\": {\n        \"ok\": true\n      }\n    },\n    {\n      \"ts\": 1783453561189,\n      \"kind\": \"response\",\n      \"method\": \"sessions.messages.subscribe\",\n      \"event\": null,\n      \"ok\": true,\n      \"data\": {}\n    },\n    {\n      \"ts\": 1783453561695,\n      \"kind\": \"response\",\n      \"method\": \"sessions.send\",\n      \"event\": null,\n      \"ok\": true,\n      \"data\": {\n        \"runId\": \"R-CW-4-DISPATCH-R-CW-4-1783453560845-i2pfthw1\",\n        \"status\": \"started\"\n      }\n    },\n    {\n      \"ts\": 1783453562377,\n      \"kind\": \"event\",\n      \"method\": null,\n      \"event\": \"agent\",\n      \"ok\": null,\n      \"data\": null\n    },\n    {\n      \"ts\": 1783453565765,\n      \"kind\": \"event\",\n      \"method\": null,\n      \"event\": \"agent\",\n      \"ok\": null,\n      \"data\": null\n    },\n    {\n      \"ts\": 1783453567228,\n      \"kind\": \"event\",\n      \"method\": null,\n      \"event\": \"health\",\n      \"ok\": null,\n      \"data\": null\n    },\n    {\n      \"ts\": 1783453567237,\n      \"kind\": \"event\",\n      \"method\": null,\n      \"event\": \"presence\",\n      \"ok\": null,\n      \"data\": null\n    },\n    {\n      \"ts\": 1783453567266,\n      \"kind\": \"event\",\n      \"method\": null,\n      \"event\": \"agent\",\n      \"ok\": null,\n      \"data\": null\n    },\n    {\n      \"ts\": 1783453569518,\n      \"kind\": \"event\",\n      \"method\": null,\n      \"event\": \"agent\",\n      \"ok\": null,\n      \"data\": null\n    },\n    {\n      \"ts\": 1783453569518,\n      \"kind\": \"event\",\n      \"method\": null,\n      \"event\": \"chat\",\n      \"ok\": null,\n      \"data\": null\n    },\n    {\n      \"ts\": 1783453569682,\n      \"kind\": \"event\",\n      \"method\": null,\n      \"event\": \"agent\",\n      \"ok\": null,\n      \"data\": null\n    },\n    {\n      \"ts\": 1783453569724,\n      \"kind\": \"event\",\n      \"method\": null,\n      \"event\": \"session.message\",\n      \"ok\": null,\n      \"data\": null\n    },\n    {\n      \"ts\": 1783453573233,\n      \"kind\": \"event\",\n      \"method\": null,\n      \"event\": \"session.message\",\n      \"ok\": null,\n      \"data\": null\n    },\n    {\n      \"ts\": 1783453573273,\n      \"kind\": \"event\",\n      \"method\": null,\n      \"event\": \"agent\",\n      \"ok\": null,\n      \"data\": null\n    },\n    {\n      \"ts\": 1783453573318,\n      \"kind\": \"event\",\n      \"method\": null,\n      \"event\": \"agent\",\n      \"ok\": null,\n      \"data\": null\n    },\n    {\n      \"ts\": 1783453575252,\n      \"kind\": \"event\",\n      \"method\": null,\n      \"event\": \"agent\",\n      \"ok\": null,\n      \"data\": null\n    },\n    {\n      \"ts\": 1783453575252,\n      \"kind\": \"event\",\n      \"method\": null,\n      \"event\": \"chat\",\n      \"ok\": null,\n      \"data\": null\n    },\n    {\n      \"ts\": 1783453575442,\n      \"kind\": \"event\",\n      \"method\": null,\n      \"event\": \"agent\",\n      \"ok\": null,\n      \"data\": null\n    },\n    {\n      \"ts\": 1783453575442,\n      \"kind\": \"event\",\n      \"method\": null,\n      \"event\": \"agent\",\n      \"ok\": null,\n      \"data\": null\n    },\n    {\n      \"ts\": 1783453575442,\n      \"kind\": \"event\",\n      \"method\": null,\n      \"event\": \"chat\",\n      \"ok\": null,\n      \"data\": null\n    },\n    {\n      \"ts\": 1783453575640,\n      \"kind\": \"event\",\n      \"method\": null,\n      \"event\": \"agent\",\n      \"ok\": null,\n      \"data\": null\n    },\n    {\n      \"ts\": 1783453575640,\n      \"kind\": \"event\",\n      \"method\": null,\n      \"event\": \"agent\",\n      \"ok\": null,\n      \"data\": null\n    },\n    {\n      \"ts\": 1783453575640,\n      \"kind\": \"event\",\n      \"method\": null,\n      \"event\": \"chat\",\n      \"ok\": null,\n      \"data\": null\n    },\n    {\n      \"ts\": 1783453575659,\n      \"kind\": \"event\",\n      \"method\": null,\n      \"event\": \"session.message\",\n      \"ok\": null,\n      \"data\": null\n    },\n    {\n      \"ts\": 1783453575664,\n      \"kind\": \"event\",\n      \"method\": null,\n      \"event\": \"agent\",\n      \"ok\": null,\n      \"data\": null\n    },\n    {\n      \"ts\": 1783453575732,\n      \"kind\": \"event\",\n      \"method\": null,\n      \"event\": \"agent\",\n      \"ok\": null,\n      \"data\": null\n    },\n    {\n      \"ts\": 1783453575732,\n      \"kind\": \"event\",\n      \"method\": null,\n      \"event\": \"chat\",\n      \"ok\": null,\n      \"data\": null\n    },\n    {\n      \"ts\": 1783453576641,\n      \"kind\": \"event\",\n      \"method\": null,\n      \"event\": \"agent\",\n      \"ok\": null,\n      \"data\": null\n    },\n    {\n      \"ts\": 1783453579101,\n      \"kind\": \"event\",\n      \"method\": null,\n      \"event\": \"agent\",\n      \"ok\": null,\n      \"data\": null\n    },\n    {\n      \"ts\": 1783453579337,\n      \"kind\": \"event\",\n      \"method\": null,\n      \"event\": \"agent\",\n      \"ok\": null,\n      \"data\": null\n    },\n    {\n      \"ts\": 1783453579337,\n      \"kind\": \"event\",\n      \"method\": null,\n      \"event\": \"agent\",\n      \"ok\": null,\n      \"data\": null\n    },\n    {\n      \"ts\": 1783453579348,\n      \"kind\": \"event\",\n      \"method\": null,\n      \"event\": \"agent\",\n      \"ok\": null,\n      \"data\": null\n    },\n    {\n      \"ts\": 1783453579408,\n      \"kind\": \"event\",\n      \"method\": null,\n      \"event\": \"agent\",\n      \"ok\": null,\n      \"data\": null\n    },\n    {\n      \"ts\": 1783453579408,\n      \"kind\": \"event\",\n      \"method\": null,\n      \"event\": \"chat\",\n      \"ok\": null,\n      \"data\": null\n    },\n    {\n      \"ts\": 1783453579536,\n      \"kind\": \"event\",\n      \"method\": null,\n      \"event\": \"heartbeat\",\n      \"ok\": null,\n      \"data\": null\n    },\n    {\n      \"ts\": 1783453580063,\n      \"kind\": \"event\",\n      \"method\": null,\n      \"event\": \"agent\",\n      \"ok\": null,\n      \"data\": null\n    },\n    {\n      \"ts\": 1783453581438,\n      \"kind\": \"event\",\n      \"method\": null,\n      \"event\": \"session.message\",\n      \"ok\": null,\n      \"data\": null\n    },\n    {\n      \"ts\": 1783453583124,\n      \"kind\": \"event\",\n      \"method\": null,\n      \"event\": \"agent\",\n      \"ok\": null,\n      \"data\": null\n    },\n    {\n      \"ts\": 1783453583306,\n      \"kind\": \"event\",\n      \"method\": null,\n      \"event\": \"agent\",\n      \"ok\": null,\n      \"data\": null\n    },\n    {\n      \"ts\": 1783453583306,\n      \"kind\": \"event\",\n      \"method\": null,\n      \"event\": \"agent\",\n      \"ok\": null,\n      \"data\": null\n    },\n    {\n      \"ts\": 1783453583328,\n      \"kind\": \"event\",\n      \"method\": null,\n      \"event\": \"agent\",\n      \"ok\": null,\n      \"data\": null\n    },\n    {\n      \"ts\": 1783453583328,\n      \"kind\": \"event\",\n      \"method\": null,\n      \"event\": \"agent\",\n      \"ok\": null,\n      \"data\": null\n    },\n    {\n      \"ts\": 1783453583388,\n      \"kind\": \"event\",\n      \"method\": null,\n      \"event\": \"agent\",\n      \"ok\": null,\n      \"data\": null\n    },\n    {\n      \"ts\": 1783453583388,\n      \"kind\": \"event\",\n      \"method\": null,\n      \"event\": \"chat\",\n      \"ok\": null,\n      \"data\": null\n    },\n    {\n      \"ts\": 1783453583543,\n      \"kind\": \"event\",\n      \"method\": null,\n      \"event\": \"heartbeat\",\n      \"ok\": null,\n      \"data\": null\n    },\n    {\n      \"ts\": 1783453584015,\n      \"kind\": \"event\",\n      \"method\": null,\n      \"event\": \"agent\",\n      \"ok\": null,\n      \"data\": null\n    },\n    {\n      \"ts\": 1783453584104,\n      \"kind\": \"event\",\n      \"method\": null,\n      \"event\": \"session.message\",\n      \"ok\": null,\n      \"data\": null\n    },\n    {\n      \"ts\": 1783453584131,\n      \"kind\": \"event\",\n      \"method\": null,\n      \"event\": \"agent\",\n      \"ok\": null,\n      \"data\": null\n    },\n    {\n      \"ts\": 1783453584131,\n      \"kind\": \"event\",\n      \"method\": null,\n      \"event\": \"agent\",\n      \"ok\": null,\n      \"data\": null\n    },\n    {\n      \"ts\": 1783453584171,\n      \"kind\": \"event\",\n      \"method\": null,\n      \"event\": \"agent\",\n      \"ok\": null,\n      \"data\": null\n    },\n    {\n      \"ts\": 1783453584172,\n      \"kind\": \"event\",\n      \"method\": null,\n      \"event\": \"agent\",\n      \"ok\": null,\n      \"data\": null\n    },\n    {\n      \"ts\": 1783453586439,\n      \"kind\": \"event\",\n      \"method\": null,\n      \"event\": \"chat\",\n      \"ok\": null,\n      \"data\": null\n    },\n    {\n      \"ts\": 1783453587865,\n      \"kind\": \"event\",\n      \"method\": null,\n      \"event\": \"chat\",\n      \"ok\": null,\n      \"data\": null\n    },\n    {\n      \"ts\": 1783453587885,\n      \"kind\": \"event\",\n      \"method\": null,\n      \"event\": \"session.message\",\n      \"ok\": null,\n      \"data\": null\n    },\n    {\n      \"ts\": 1783453587895,\n      \"kind\": \"event\",\n      \"method\": null,\n      \"event\": \"agent\",\n      \"ok\": null,\n      \"data\": null\n    },\n    {\n      \"ts\": 1783453587970,\n      \"kind\": \"event\",\n      \"method\": null,\n      \"event\": \"chat\",\n      \"ok\": null,\n      \"data\": null\n    },\n    {\n      \"ts\": 1783453588041,\n      \"kind\": \"event\",\n      \"method\": null,\n      \"event\": \"agent\",\n      \"ok\": null,\n      \"data\": null\n    },\n    {\n      \"ts\": 1783453588041,\n      \"kind\": \"event\",\n      \"method\": null,\n      \"event\": \"agent\",\n      \"ok\": null,\n      \"data\": null\n    },\n    {\n      \"ts\": 1783453588183,\n      \"kind\": \"event\",\n      \"method\": null,\n      \"event\": \"agent\",\n      \"ok\": null,\n      \"data\": null\n    },\n    {\n      \"ts\": 1783453588183,\n      \"kind\": \"event\",\n      \"method\": null,\n      \"event\": \"chat\",\n      \"ok\": null,\n      \"data\": null\n    },\n    {\n      \"ts\": 1783453588351,\n      \"kind\": \"event\",\n      \"method\": null,\n      \"event\": \"heartbeat\",\n      \"ok\": null,\n      \"data\": null\n    },\n    {\n      \"ts\": 1783453588803,\n      \"kind\": \"event\",\n      \"method\": null,\n      \"event\": \"agent\",\n      \"ok\": null,\n      \"data\": null\n    },\n    {\n      \"ts\": 1783453589894,\n      \"kind\": \"event\",\n      \"method\": null,\n      \"event\": \"health\",\n      \"ok\": null,\n      \"data\": null\n    },\n    {\n      \"ts\": 1783453590397,\n      \"kind\": \"event\",\n      \"method\": null,\n      \"event\": \"tick\",\n      \"ok\": null,\n      \"data\": null\n    },\n    {\n      \"ts\": 1783453590801,\n      \"kind\": \"event\",\n      \"method\": null,\n      \"event\": \"agent\",\n      \"ok\": null,\n      \"data\": null\n    },\n    {\n      \"ts\": 1783453590946,\n      \"kind\": \"event\",\n      \"method\": null,\n      \"event\": \"agent\",\n      \"ok\": null,\n      \"data\": null\n    },\n    {\n      \"ts\": 1783453590946,\n      \"kind\": \"event\",\n      \"method\": null,\n      \"event\": \"agent\",\n      \"ok\": null,\n      \"data\": null\n    },\n    {\n      \"ts\": 1783453591015,\n      \"kind\": \"event\",\n      \"method\": null,\n      \"event\": \"agent\",\n      \"ok\": null,\n      \"data\": null\n    },\n    {\n      \"ts\": 1783453591015,\n      \"kind\": \"event\",\n      \"method\": null,\n      \"event\": \"chat\",\n      \"ok\": null,\n      \"data\": null\n    },\n    {\n      \"ts\": 1783453591137,\n      \"kind\": \"event\",\n      \"method\": null,\n      \"event\": \"heartbeat\",\n      \"ok\": null,\n      \"data\": null\n    },\n    {\n      \"ts\": 1783453593744,\n      \"kind\": \"event\",\n      \"method\": null,\n      \"event\": \"session.message\",\n      \"ok\": null,\n      \"data\": null\n    },\n    {\n      \"ts\": 1783453596148,\n      \"kind\": \"event\",\n      \"method\": null,\n      \"event\": \"session.message\",\n      \"ok\": null,\n      \"data\": null\n    },\n    {\n      \"ts\": 1783453596172,\n      \"kind\": \"event\",\n      \"method\": null,\n      \"event\": \"agent\",\n      \"ok\": null,\n      \"data\": null\n    },\n    {\n      \"ts\": 1783453596173,\n      \"kind\": \"event\",\n      \"method\": null,\n      \"event\": \"agent\",\n      \"ok\": null,\n      \"data\": null\n    },\n    {\n      \"ts\": 1783453596214,\n      \"kind\": \"event\",\n      \"method\": null,\n      \"event\": \"agent\",\n      \"ok\": null,\n      \"data\": null\n    },\n    {\n      \"ts\": 1783453596215,\n      \"kind\": \"event\",\n      \"method\": null,\n      \"event\": \"agent\",\n      \"ok\": null,\n      \"data\": null\n    },\n    {\n      \"ts\": 1783453599747,\n      \"kind\": \"event\",\n      \"method\": null,\n      \"event\": \"chat\",\n      \"ok\": null,\n      \"data\": null\n    },\n    {\n      \"ts\": 1783453599902,\n      \"kind\": \"event\",\n      \"method\": null,\n      \"event\": \"chat\",\n      \"ok\": null,\n      \"data\": null\n    },\n    {\n      \"ts\": 1783453599924,\n      \"kind\": \"event\",\n      \"method\": null,\n      \"event\": \"session.message\",\n      \"ok\": null,\n      \"data\": null\n    },\n    {\n      \"ts\": 1783453600003,\n      \"kind\": \"event\",\n      \"method\": null,\n      \"event\": \"chat\",\n      \"ok\": null,\n      \"data\": null\n    },\n    {\n      \"ts\": 1783453605659,\n      \"kind\": \"event\",\n      \"method\": null,\n      \"event\": \"session.message\",\n      \"ok\": null,\n      \"data\": null\n    },\n    {\n      \"ts\": 1783453608377,\n      \"kind\": \"event\",\n      \"method\": null,\n      \"event\": \"chat\",\n      \"ok\": null,\n      \"data\": null\n    },\n    {\n      \"ts\": 1783453608491,\n      \"kind\": \"event\",\n      \"method\": null,\n      \"event\": \"session.message\",\n      \"ok\": null,\n      \"data\": null\n    }\n  ],\n  \"ended\": \"2026-07-07T19:46:48.492Z\",\n  \"duration_ms\": 47647\n}" source=console
time="2026-07-07T12:46:48-07:00" level=info msg="--- END EVIDENCE ---" source=console
time="2026-07-07T12:46:48-07:00" level=info msg="\n[R-CW-4] VERDICT: PASS-candidate" source=console

[R-CW-4] Summary: PASS-candidate | SHA: 1cc8f4e3d617ef6f173283ef83d7b739a4995734 | Seat: cael

running (00m47.6s), 0/1 VUs, 1 complete and 0 interrupted iterations
r_cw_4_chain_depth ✓ [ 100% ] 1 VUs  00m47.6s/10m0s  1/1 shared iters
./r-cw-4-chain-depth-summary.json
[R-CW-4] METRICS: /home/figs/actions-runner/_work/openclaw-bootstrap/openclaw-bootstrap/openclaw-bootstrap/PROOFS/1cc8f4e3d617ef6f173283ef83d7b739a4995734/project81-k6/20260707T194227Z-cael-dgx-2026911/1cc8f4e3d617ef6f173283ef83d7b739a4995734/R-CW-4/cael/20260707T194600Z-r-cw-4/openclaw-proofs-k6.prom
[R-CW-4] ARTIFACTS: /home/figs/actions-runner/_work/openclaw-bootstrap/openclaw-bootstrap/openclaw-bootstrap/PROOFS/1cc8f4e3d617ef6f173283ef83d7b739a4995734/project81-k6/20260707T194227Z-cael-dgx-2026911/1cc8f4e3d617ef6f173283ef83d7b739a4995734/R-CW-4/cael/20260707T194600Z-r-cw-4
[R-CW-4] COMPLETED.
Observability check: query Grafana for run/nonce or review Tempo traces if trace ID was emitted.

----------------------------------------
Row: R-CW-DELEGATE-SELF-CONTINUATION
Manifest: /home/figs/actions-runner/_work/openclaw-bootstrap/openclaw-bootstrap/karmaterminal-openclaw-docs/tools/k6-proofs/manifests/r-cw-delegate-self.json
Scenario: scenarios/r-cw-delegate-self-continuation.js
Status: runnable
Live Safety: k6-runnable
[R-CW-DELEGATE-SELF-CONTINUATION] RUNNING...

         /\      Grafana   /‾‾/  
    /\  /  \     |\  __   /  /   
   /  \/    \    | |/ /  /   ‾‾\ 
  /          \   |   (  |  (‾)  |
 / __________ \  |_|\_\  \_____/ 


     execution: local
        script: scenarios/r-cw-delegate-self-continuation.js
        output: -

     scenarios: (100.00%) 1 scenario, 1 max VUs, 3m0s max duration (incl. graceful stop):
              * r_cw_delegate_self: 1 iterations shared among 1 VUs (maxDuration: 2m30s, gracefulStop: 30s)

time="2026-07-07T12:46:49-07:00" level=info msg="✓ disposable session created: agent:main:r-cw-ds-r-cw-ds-1783453608736-0eppgr34" source=console
time="2026-07-07T12:46:49-07:00" level=info msg="✓ sessions.send accepted — agent turn triggered (will call continue_delegate)" source=console

running (0m01.0s), 1/1 VUs, 0 complete and 0 interrupted iterations
r_cw_delegate_self   [   0% ] 1 VUs  0m01.0s/2m30s  0/1 shared iters

running (0m02.0s), 1/1 VUs, 0 complete and 0 interrupted iterations
r_cw_delegate_self   [   0% ] 1 VUs  0m02.0s/2m30s  0/1 shared iters

running (0m03.0s), 1/1 VUs, 0 complete and 0 interrupted iterations
r_cw_delegate_self   [   0% ] 1 VUs  0m03.0s/2m30s  0/1 shared iters

running (0m04.0s), 1/1 VUs, 0 complete and 0 interrupted iterations
r_cw_delegate_self   [   0% ] 1 VUs  0m04.0s/2m30s  0/1 shared iters
time="2026-07-07T12:46:53-07:00" level=info msg="ℹ Ignoring harness prompt echo event" source=console

running (0m05.0s), 1/1 VUs, 0 complete and 0 interrupted iterations
r_cw_delegate_self   [   0% ] 1 VUs  0m05.0s/2m30s  0/1 shared iters

running (0m06.0s), 1/1 VUs, 0 complete and 0 interrupted iterations
r_cw_delegate_self   [   0% ] 1 VUs  0m06.0s/2m30s  0/1 shared iters
time="2026-07-07T12:46:55-07:00" level=info msg="ℹ Ignoring harness prompt echo event" source=console

running (0m07.0s), 1/1 VUs, 0 complete and 0 interrupted iterations
r_cw_delegate_self   [   0% ] 1 VUs  0m07.0s/2m30s  0/1 shared iters
time="2026-07-07T12:46:56-07:00" level=info msg="ℹ Ignoring harness prompt echo event" source=console

running (0m08.0s), 1/1 VUs, 0 complete and 0 interrupted iterations
r_cw_delegate_self   [   0% ] 1 VUs  0m08.0s/2m30s  0/1 shared iters

running (0m09.0s), 1/1 VUs, 0 complete and 0 interrupted iterations
r_cw_delegate_self   [   0% ] 1 VUs  0m09.0s/2m30s  0/1 shared iters

running (0m10.0s), 1/1 VUs, 0 complete and 0 interrupted iterations
r_cw_delegate_self   [   0% ] 1 VUs  0m10.0s/2m30s  0/1 shared iters

running (0m11.0s), 1/1 VUs, 0 complete and 0 interrupted iterations
r_cw_delegate_self   [   0% ] 1 VUs  0m11.0s/2m30s  0/1 shared iters
time="2026-07-07T12:47:00-07:00" level=info msg="✓ CHILD-CW-SCHEDULED sentinel observed post-dispatch" source=console
time="2026-07-07T12:47:00-07:00" level=info msg="✓ CHILD-HOP2-DONE sentinel observed post-dispatch" source=console
time="2026-07-07T12:47:00-07:00" level=info msg="✓ Parent return event from delegate observed post-dispatch" source=console
time="2026-07-07T12:47:00-07:00" level=info msg="Primary R-CW-DELEGATE-SELF evidence gathered, closing early" source=console
time="2026-07-07T12:47:00-07:00" level=info msg="\n--- R-CW-DELEGATE-SELF-CONTINUATION EVIDENCE SUMMARY ---" source=console
time="2026-07-07T12:47:00-07:00" level=info msg="{\n  \"row\": \"R-CW-DELEGATE-SELF-CONTINUATION\",\n  \"manifest_loaded\": true,\n  \"nonce\": \"R-CW-DS-1783453608736-0eppgr34\",\n  \"seat\": \"cael\",\n  \"requestedSessionKey\": \"agent:main:discord:channel:1466192485440164011\",\n  \"sessionKey\": \"agent:main:r-cw-ds-r-cw-ds-1783453608736-0eppgr34\",\n  \"session_created\": true,\n  \"created_session_key\": \"agent:main:r-cw-ds-r-cw-ds-1783453608736-0eppgr34\",\n  \"candidateSha\": \"1cc8f4e3d617ef6f173283ef83d7b739a4995734\",\n  \"started\": \"2026-07-07T19:46:48.736Z\",\n  \"delegate_accepted\": true,\n  \"child_spawned\": false,\n  \"child_continue_work_accepted\": true,\n  \"child_hop_2_woke\": true,\n  \"parent_return\": true,\n  \"dispatch_accepted_at_ms\": 1783453609586,\n  \"trace_id\": null,\n  \"redacted_events\": [\n    {\n      \"ts\": 1783453608737,\n      \"kind\": \"event\",\n      \"method\": null,\n      \"event\": \"connect.challenge\",\n      \"ok\": null,\n      \"data\": null\n    },\n    {\n      \"ts\": 1783453608740,\n      \"kind\": \"other\",\n      \"method\": null,\n      \"event\": null,\n      \"ok\": null,\n      \"data\": null\n    },\n    {\n      \"ts\": 1783453608795,\n      \"kind\": \"event\",\n      \"method\": null,\n      \"event\": \"health\",\n      \"ok\": null,\n      \"data\": null\n    },\n    {\n      \"ts\": 1783453609057,\n      \"kind\": \"response\",\n      \"method\": \"sessions.create\",\n      \"event\": null,\n      \"ok\": true,\n      \"data\": {\n        \"ok\": true\n      }\n    },\n    {\n      \"ts\": 1783453609080,\n      \"kind\": \"response\",\n      \"method\": \"sessions.messages.subscribe\",\n      \"event\": null,\n      \"ok\": true,\n      \"data\": {}\n    },\n    {\n      \"ts\": 1783453609586,\n      \"kind\": \"response\",\n      \"method\": \"sessions.send\",\n      \"event\": null,\n      \"ok\": true,\n      \"data\": {\n        \"runId\": \"R-CW-DELEGATE-SELF-DISPATCH-R-CW-DS-1783453608736-0eppgr34\",\n        \"status\": \"started\"\n      }\n    },\n    {\n      \"ts\": 1783453610169,\n      \"kind\": \"event\",\n      \"method\": null,\n      \"event\": \"agent\",\n      \"ok\": null,\n      \"data\": null\n    },\n    {\n      \"ts\": 1783453613663,\n      \"kind\": \"event\",\n      \"method\": null,\n      \"event\": \"agent\",\n      \"ok\": null,\n      \"data\": null\n    },\n    {\n      \"ts\": 1783453614063,\n      \"kind\": \"response\",\n      \"method\": \"tasks.list\",\n      \"event\": null,\n      \"ok\": true,\n      \"data\": {}\n    },\n    {\n      \"ts\": 1783453615300,\n      \"kind\": \"event\",\n      \"method\": null,\n      \"event\": \"health\",\n      \"ok\": null,\n      \"data\": null\n    },\n    {\n      \"ts\": 1783453615309,\n      \"kind\": \"event\",\n      \"method\": null,\n      \"event\": \"presence\",\n      \"ok\": null,\n      \"data\": null\n    },\n    {\n      \"ts\": 1783453615339,\n      \"kind\": \"event\",\n      \"method\": null,\n      \"event\": \"agent\",\n      \"ok\": null,\n      \"data\": null\n    },\n    {\n      \"ts\": 1783453616426,\n      \"kind\": \"event\",\n      \"method\": null,\n      \"event\": \"agent\",\n      \"ok\": null,\n      \"data\": null\n    },\n    {\n      \"ts\": 1783453616426,\n      \"kind\": \"event\",\n      \"method\": null,\n      \"event\": \"chat\",\n      \"ok\": null,\n      \"data\": null\n    },\n    {\n      \"ts\": 1783453616551,\n      \"kind\": \"event\",\n      \"method\": null,\n      \"event\": \"agent\",\n      \"ok\": null,\n      \"data\": null\n    },\n    {\n      \"ts\": 1783453616582,\n      \"kind\": \"event\",\n      \"method\": null,\n      \"event\": \"session.message\",\n      \"ok\": null,\n      \"data\": null\n    },\n    {\n      \"ts\": 1783453620398,\n      \"kind\": \"event\",\n      \"method\": null,\n      \"event\": \"tick\",\n      \"ok\": null,\n      \"data\": null\n    },\n    {\n      \"ts\": 1783453620688,\n      \"kind\": \"event\",\n      \"method\": null,\n      \"event\": \"session.message\",\n      \"ok\": null,\n      \"data\": null\n    }\n  ],\n  \"ended\": \"2026-07-07T19:47:00.688Z\",\n  \"duration_ms\": 11952\n}" source=console
time="2026-07-07T12:47:00-07:00" level=info msg="--- END EVIDENCE ---" source=console
time="2026-07-07T12:47:00-07:00" level=info msg="\n[R-CW-DELEGATE-SELF-CONTINUATION] VERDICT: PASS-candidate" source=console

[R-CW-DELEGATE-SELF-CONTINUATION] Summary: PASS-candidate | SHA: 1cc8f4e3d617ef6f173283ef83d7b739a4995734 | Seat: cael

running (0m12.0s), 0/1 VUs, 1 complete and 0 interrupted iterations
r_cw_delegate_self ✓ [ 100% ] 1 VUs  0m12.0s/2m30s  1/1 shared iters
./r-cw-delegate-self-continuation-summary.json
[R-CW-DELEGATE-SELF-CONTINUATION] METRICS: /home/figs/actions-runner/_work/openclaw-bootstrap/openclaw-bootstrap/openclaw-bootstrap/PROOFS/1cc8f4e3d617ef6f173283ef83d7b739a4995734/project81-k6/20260707T194227Z-cael-dgx-2026911/1cc8f4e3d617ef6f173283ef83d7b739a4995734/R-CW-DELEGATE-SELF-CONTINUATION/cael/20260707T194648Z-r-cw-delegate-self-continuation/openclaw-proofs-k6.prom
[R-CW-DELEGATE-SELF-CONTINUATION] ARTIFACTS: /home/figs/actions-runner/_work/openclaw-bootstrap/openclaw-bootstrap/openclaw-bootstrap/PROOFS/1cc8f4e3d617ef6f173283ef83d7b739a4995734/project81-k6/20260707T194227Z-cael-dgx-2026911/1cc8f4e3d617ef6f173283ef83d7b739a4995734/R-CW-DELEGATE-SELF-CONTINUATION/cael/20260707T194648Z-r-cw-delegate-self-continuation
[R-CW-DELEGATE-SELF-CONTINUATION] COMPLETED.
Observability check: query Grafana for run/nonce or review Tempo traces if trace ID was emitted.

----------------------------------------
Row: R-CW-TOKEN
Manifest: /home/figs/actions-runner/_work/openclaw-bootstrap/openclaw-bootstrap/karmaterminal-openclaw-docs/tools/k6-proofs/manifests/r-cw-token.json
Scenario: scenarios/r-cw-token-bracket.js
Status: runnable
Live Safety: k6-runnable
[R-CW-TOKEN] RUNNING...

         /\      Grafana   /‾‾/  
    /\  /  \     |\  __   /  /   
   /  \/    \    | |/ /  /   ‾‾\ 
  /          \   |   (  |  (‾)  |
 / __________ \  |_|\_\  \_____/ 


     execution: local
        script: scenarios/r-cw-token-bracket.js
        output: -

     scenarios: (100.00%) 1 scenario, 1 max VUs, 3m30s max duration (incl. graceful stop):
              * r_cw_token_bracket: 1 iterations shared among 1 VUs (maxDuration: 3m0s, gracefulStop: 30s)

time="2026-07-07T12:47:01-07:00" level=info msg="✓ disposable session created: agent:main:r-cw-token-r-cw-token-1783453620972-9j0nem2b" source=console
time="2026-07-07T12:47:01-07:00" level=info msg="✓ sessions.send accepted — parent agent turn triggered" source=console

running (0m01.0s), 1/1 VUs, 0 complete and 0 interrupted iterations
r_cw_token_bracket   [   0% ] 1 VUs  0m01.0s/3m0s  0/1 shared iters

running (0m02.0s), 1/1 VUs, 0 complete and 0 interrupted iterations
r_cw_token_bracket   [   0% ] 1 VUs  0m02.0s/3m0s  0/1 shared iters

running (0m03.0s), 1/1 VUs, 0 complete and 0 interrupted iterations
r_cw_token_bracket   [   0% ] 1 VUs  0m03.0s/3m0s  0/1 shared iters

running (0m04.0s), 1/1 VUs, 0 complete and 0 interrupted iterations
r_cw_token_bracket   [   0% ] 1 VUs  0m04.0s/3m0s  0/1 shared iters

running (0m05.0s), 1/1 VUs, 0 complete and 0 interrupted iterations
r_cw_token_bracket   [   0% ] 1 VUs  0m05.0s/3m0s  0/1 shared iters

running (0m06.0s), 1/1 VUs, 0 complete and 0 interrupted iterations
r_cw_token_bracket   [   0% ] 1 VUs  0m06.0s/3m0s  0/1 shared iters

running (0m07.0s), 1/1 VUs, 0 complete and 0 interrupted iterations
r_cw_token_bracket   [   0% ] 1 VUs  0m07.0s/3m0s  0/1 shared iters

running (0m08.0s), 1/1 VUs, 0 complete and 0 interrupted iterations
r_cw_token_bracket   [   0% ] 1 VUs  0m08.0s/3m0s  0/1 shared iters

running (0m09.0s), 1/1 VUs, 0 complete and 0 interrupted iterations
r_cw_token_bracket   [   0% ] 1 VUs  0m09.0s/3m0s  0/1 shared iters
time="2026-07-07T12:47:10-07:00" level=info msg="ℹ Ignoring harness prompt echo event" source=console

running (0m10.0s), 1/1 VUs, 0 complete and 0 interrupted iterations
r_cw_token_bracket   [   0% ] 1 VUs  0m10.0s/3m0s  0/1 shared iters

running (0m11.0s), 1/1 VUs, 0 complete and 0 interrupted iterations
r_cw_token_bracket   [   0% ] 1 VUs  0m11.0s/3m0s  0/1 shared iters

running (0m12.0s), 1/1 VUs, 0 complete and 0 interrupted iterations
r_cw_token_bracket   [   0% ] 1 VUs  0m12.0s/3m0s  0/1 shared iters

running (0m13.0s), 1/1 VUs, 0 complete and 0 interrupted iterations
r_cw_token_bracket   [   0% ] 1 VUs  0m13.0s/3m0s  0/1 shared iters

running (0m14.0s), 1/1 VUs, 0 complete and 0 interrupted iterations
r_cw_token_bracket   [   0% ] 1 VUs  0m14.0s/3m0s  0/1 shared iters

running (0m15.0s), 1/1 VUs, 0 complete and 0 interrupted iterations
r_cw_token_bracket   [   0% ] 1 VUs  0m15.0s/3m0s  0/1 shared iters
time="2026-07-07T12:47:16-07:00" level=info msg="✓ parent sessions_spawn acceptance signal observed" source=console
time="2026-07-07T12:47:16-07:00" level=info msg="✓ token-emitting child turn observed" source=console
time="2026-07-07T12:47:16-07:00" level=info msg="✓ TOKEN-HOP2-DONE sentinel observed — hop-2 executed" source=console
time="2026-07-07T12:47:16-07:00" level=info msg="All required R-CW-TOKEN evidence gathered, closing early" source=console
time="2026-07-07T12:47:16-07:00" level=info msg="\n--- R-CW-TOKEN EVIDENCE SUMMARY ---" source=console
time="2026-07-07T12:47:16-07:00" level=info msg="{\n  \"row\": \"R-CW-TOKEN\",\n  \"manifest_loaded\": true,\n  \"nonce\": \"R-CW-TOKEN-1783453620972-9j0nem2b\",\n  \"seat\": \"cael\",\n  \"requestedSessionKey\": \"agent:main:discord:channel:1466192485440164011\",\n  \"sessionKey\": \"agent:main:r-cw-token-r-cw-token-1783453620972-9j0nem2b\",\n  \"session_created\": true,\n  \"created_session_key\": \"agent:main:r-cw-token-r-cw-token-1783453620972-9j0nem2b\",\n  \"candidateSha\": \"1cc8f4e3d617ef6f173283ef83d7b739a4995734\",\n  \"started\": \"2026-07-07T19:47:00.972Z\",\n  \"parent_dispatch_accepted\": true,\n  \"subagent_spawn_requested\": true,\n  \"subagent_spawn_accepted\": true,\n  \"token_emitted_or_stripped\": true,\n  \"hop_2_executed\": true,\n  \"parent_return\": true,\n  \"dispatch_accepted_at_ms\": 1783453621826,\n  \"hop_2_at_ms\": 1783453636365,\n  \"trace_id\": null,\n  \"child_session_key\": null,\n  \"redacted_events\": [\n    {\n      \"ts\": 1783453620973,\n      \"kind\": \"event\",\n      \"method\": null,\n      \"event\": \"connect.challenge\",\n      \"ok\": null,\n      \"data\": null\n    },\n    {\n      \"ts\": 1783453620978,\n      \"kind\": \"other\",\n      \"method\": null,\n      \"event\": null,\n      \"ok\": null,\n      \"data\": null\n    },\n    {\n      \"ts\": 1783453621018,\n      \"kind\": \"event\",\n      \"method\": null,\n      \"event\": \"health\",\n      \"ok\": null,\n      \"data\": null\n    },\n    {\n      \"ts\": 1783453621296,\n      \"kind\": \"response\",\n      \"method\": \"sessions.create\",\n      \"event\": null,\n      \"ok\": true,\n      \"data\": {\n        \"ok\": true\n      }\n    },\n    {\n      \"ts\": 1783453621316,\n      \"kind\": \"response\",\n      \"method\": \"sessions.messages.subscribe\",\n      \"event\": null,\n      \"ok\": true,\n      \"data\": {}\n    },\n    {\n      \"ts\": 1783453621826,\n      \"kind\": \"response\",\n      \"method\": \"sessions.send\",\n      \"event\": null,\n      \"ok\": true,\n      \"data\": {\n        \"runId\": \"R-CW-TOKEN-DISPATCH-R-CW-TOKEN-1783453620972-9j0nem2b\",\n        \"status\": \"started\"\n      }\n    },\n    {\n      \"ts\": 1783453622399,\n      \"kind\": \"event\",\n      \"method\": null,\n      \"event\": \"agent\",\n      \"ok\": null,\n      \"data\": null\n    },\n    {\n      \"ts\": 1783453623437,\n      \"kind\": \"event\",\n      \"method\": null,\n      \"event\": \"agent\",\n      \"ok\": null,\n      \"data\": null\n    },\n    {\n      \"ts\": 1783453623437,\n      \"kind\": \"event\",\n      \"method\": null,\n      \"event\": \"chat\",\n      \"ok\": null,\n      \"data\": null\n    },\n    {\n      \"ts\": 1783453623493,\n      \"kind\": \"event\",\n      \"method\": null,\n      \"event\": \"agent\",\n      \"ok\": null,\n      \"data\": null\n    },\n    {\n      \"ts\": 1783453623493,\n      \"kind\": \"event\",\n      \"method\": null,\n      \"event\": \"agent\",\n      \"ok\": null,\n      \"data\": null\n    },\n    {\n      \"ts\": 1783453623562,\n      \"kind\": \"event\",\n      \"method\": null,\n      \"event\": \"agent\",\n      \"ok\": null,\n      \"data\": null\n    },\n    {\n      \"ts\": 1783453623562,\n      \"kind\": \"event\",\n      \"method\": null,\n      \"event\": \"chat\",\n      \"ok\": null,\n      \"data\": null\n    },\n    {\n      \"ts\": 1783453623562,\n      \"kind\": \"event\",\n      \"method\": null,\n      \"event\": \"chat\",\n      \"ok\": null,\n      \"data\": null\n    },\n    {\n      \"ts\": 1783453625867,\n      \"kind\": \"event\",\n      \"method\": null,\n      \"event\": \"agent\",\n      \"ok\": null,\n      \"data\": null\n    },\n    {\n      \"ts\": 1783453626383,\n      \"kind\": \"event\",\n      \"method\": null,\n      \"event\": \"health\",\n      \"ok\": null,\n      \"data\": null\n    },\n    {\n      \"ts\": 1783453627511,\n      \"kind\": \"event\",\n      \"method\": null,\n      \"event\": \"health\",\n      \"ok\": null,\n      \"data\": null\n    },\n    {\n      \"ts\": 1783453627526,\n      \"kind\": \"event\",\n      \"method\": null,\n      \"event\": \"presence\",\n      \"ok\": null,\n      \"data\": null\n    },\n    {\n      \"ts\": 1783453627553,\n      \"kind\": \"event\",\n      \"method\": null,\n      \"event\": \"agent\",\n      \"ok\": null,\n      \"data\": null\n    },\n    {\n      \"ts\": 1783453629807,\n      \"kind\": \"event\",\n      \"method\": null,\n      \"event\": \"agent\",\n      \"ok\": null,\n      \"data\": null\n    },\n    {\n      \"ts\": 1783453629807,\n      \"kind\": \"event\",\n      \"method\": null,\n      \"event\": \"chat\",\n      \"ok\": null,\n      \"data\": null\n    },\n    {\n      \"ts\": 1783453630207,\n      \"kind\": \"event\",\n      \"method\": null,\n      \"event\": \"agent\",\n      \"ok\": null,\n      \"data\": null\n    },\n    {\n      \"ts\": 1783453630239,\n      \"kind\": \"event\",\n      \"method\": null,\n      \"event\": \"agent\",\n      \"ok\": null,\n      \"data\": null\n    },\n    {\n      \"ts\": 1783453630271,\n      \"kind\": \"event\",\n      \"method\": null,\n      \"event\": \"session.message\",\n      \"ok\": null,\n      \"data\": null\n    },\n    {\n      \"ts\": 1783453633439,\n      \"kind\": \"event\",\n      \"method\": null,\n      \"event\": \"agent\",\n      \"ok\": null,\n      \"data\": null\n    },\n    {\n      \"ts\": 1783453635191,\n      \"kind\": \"event\",\n      \"method\": null,\n      \"event\": \"health\",\n      \"ok\": null,\n      \"data\": null\n    },\n    {\n      \"ts\": 1783453635206,\n      \"kind\": \"event\",\n      \"method\": null,\n      \"event\": \"presence\",\n      \"ok\": null,\n      \"data\": null\n    },\n    {\n      \"ts\": 1783453635575,\n      \"kind\": \"event\",\n      \"method\": null,\n      \"event\": \"agent\",\n      \"ok\": null,\n      \"data\": null\n    },\n    {\n      \"ts\": 1783453636365,\n      \"kind\": \"event\",\n      \"method\": null,\n      \"event\": \"session.message\",\n      \"ok\": null,\n      \"data\": null\n    }\n  ],\n  \"ended\": \"2026-07-07T19:47:16.366Z\",\n  \"duration_ms\": 15394\n}" source=console
time="2026-07-07T12:47:16-07:00" level=info msg="--- END EVIDENCE ---" source=console
time="2026-07-07T12:47:16-07:00" level=info msg="\n[R-CW-TOKEN] VERDICT: PASS-candidate" source=console

[R-CW-TOKEN] Summary: PASS-candidate | SHA: 1cc8f4e3d617ef6f173283ef83d7b739a4995734 | Seat: cael

running (0m15.4s), 0/1 VUs, 1 complete and 0 interrupted iterations
r_cw_token_bracket ✓ [ 100% ] 1 VUs  0m15.4s/3m0s  1/1 shared iters
./r-cw-token-bracket-summary.json
[R-CW-TOKEN] METRICS: /home/figs/actions-runner/_work/openclaw-bootstrap/openclaw-bootstrap/openclaw-bootstrap/PROOFS/1cc8f4e3d617ef6f173283ef83d7b739a4995734/project81-k6/20260707T194227Z-cael-dgx-2026911/1cc8f4e3d617ef6f173283ef83d7b739a4995734/R-CW-TOKEN/cael/20260707T194700Z-r-cw-token/openclaw-proofs-k6.prom
[R-CW-TOKEN] ARTIFACTS: /home/figs/actions-runner/_work/openclaw-bootstrap/openclaw-bootstrap/openclaw-bootstrap/PROOFS/1cc8f4e3d617ef6f173283ef83d7b739a4995734/project81-k6/20260707T194227Z-cael-dgx-2026911/1cc8f4e3d617ef6f173283ef83d7b739a4995734/R-CW-TOKEN/cael/20260707T194700Z-r-cw-token
[R-CW-TOKEN] COMPLETED.
Observability check: query Grafana for run/nonce or review Tempo traces if trace ID was emitted.

----------------------------------------
Row: R-OBS-STATUS
Manifest: /home/figs/actions-runner/_work/openclaw-bootstrap/openclaw-bootstrap/karmaterminal-openclaw-docs/tools/k6-proofs/manifests/r-obs-status.json
Scenario: scenarios/r-obs-status.js
Status: runnable
Live Safety: k6-runnable
[R-OBS-STATUS] RUNNING...

         /\      Grafana   /‾‾/  
    /\  /  \     |\  __   /  /   
   /  \/    \    | |/ /  /   ‾‾\ 
  /          \   |   (  |  (‾)  |
 / __________ \  |_|\_\  \_____/ 


     execution: local
        script: scenarios/r-obs-status.js
        output: -

     scenarios: (100.00%) 1 scenario, 1 max VUs, 1m0s max duration (incl. graceful stop):
              * r_obs_status: 1 iterations shared among 1 VUs (maxDuration: 30s, gracefulStop: 30s)

time="2026-07-07T12:47:17-07:00" level=info msg="R_OBS_STATUS_EVIDENCE {\"row\":\"R-OBS-status\",\"manifest_loaded\":true,\"seat\":\"cael\",\"candidateSha\":\"1cc8f4e3d617ef6f173283ef83d7b739a4995734\",\"started\":\"2026-07-07T19:47:16.613Z\",\"connected\":true,\"connect_ok\":true,\"status_ok\":true,\"status_payload\":{},\"trace_id\":null,\"redacted_events\":[{\"ts\":1783453636647,\"kind\":\"event\",\"method\":null,\"event\":\"connect.challenge\",\"ok\":null,\"data\":null},{\"ts\":1783453636652,\"kind\":\"other\",\"method\":null,\"event\":null,\"ok\":null,\"data\":null},{\"ts\":1783453636688,\"kind\":\"event\",\"method\":null,\"event\":\"health\",\"ok\":null,\"data\":null},{\"ts\":1783453636870,\"kind\":\"event\",\"method\":null,\"event\":\"health\",\"ok\":null,\"data\":null},{\"ts\":1783453636880,\"kind\":\"event\",\"method\":null,\"event\":\"agent\",\"ok\":null,\"data\":null},{\"ts\":1783453637350,\"kind\":\"response\",\"method\":\"status\",\"event\":null,\"ok\":true,\"data\":{}}],\"ended\":\"2026-07-07T19:47:17.350Z\",\"duration_ms\":737}" source=console

running (0m00.7s), 0/1 VUs, 1 complete and 0 interrupted iterations
r_obs_status ✓ [ 100% ] 1 VUs  00.7s/30s  1/1 shared iters
./r-obs-status-summary.json
[R-OBS-STATUS] METRICS: /home/figs/actions-runner/_work/openclaw-bootstrap/openclaw-bootstrap/openclaw-bootstrap/PROOFS/1cc8f4e3d617ef6f173283ef83d7b739a4995734/project81-k6/20260707T194227Z-cael-dgx-2026911/1cc8f4e3d617ef6f173283ef83d7b739a4995734/R-OBS-STATUS/cael/20260707T194716Z-r-obs-status/openclaw-proofs-k6.prom
[R-OBS-STATUS] ARTIFACTS: /home/figs/actions-runner/_work/openclaw-bootstrap/openclaw-bootstrap/openclaw-bootstrap/PROOFS/1cc8f4e3d617ef6f173283ef83d7b739a4995734/project81-k6/20260707T194227Z-cael-dgx-2026911/1cc8f4e3d617ef6f173283ef83d7b739a4995734/R-OBS-STATUS/cael/20260707T194716Z-r-obs-status
[R-OBS-STATUS] COMPLETED.
Observability check: query Grafana for run/nonce or review Tempo traces if trace ID was emitted.

----------------------------------------
Row: R-RC-1
Manifest: /home/figs/actions-runner/_work/openclaw-bootstrap/openclaw-bootstrap/karmaterminal-openclaw-docs/tools/k6-proofs/manifests/r-rc-1.json
Scenario: scenarios/r-rc-1.js
Status: runnable
Live Safety: k6-runnable
[R-RC-1] RUNNING...

         /\      Grafana   /‾‾/  
    /\  /  \     |\  __   /  /   
   /  \/    \    | |/ /  /   ‾‾\ 
  /          \   |   (  |  (‾)  |
 / __________ \  |_|\_\  \_____/ 


     execution: local
        script: scenarios/r-rc-1.js
        output: -

     scenarios: (100.00%) 1 scenario, 1 max VUs, 2m0s max duration (incl. graceful stop):
              * r_rc_1_threshold_reject: 1 iterations shared among 1 VUs (maxDuration: 1m30s, gracefulStop: 30s)

time="2026-07-07T12:47:17-07:00" level=warning msg="Manifest validation warnings: missing sessionKey" source=console
time="2026-07-07T12:47:18-07:00" level=info msg="✓ disposable session created: agent:main:r-rc-1-r-rc-1-1783453637595-7b8t05dk" source=console
time="2026-07-07T12:47:18-07:00" level=info msg="✓ sessions.send accepted — agent turn triggered for request_compaction reject" source=console

running (0m01.0s), 1/1 VUs, 0 complete and 0 interrupted iterations
r_rc_1_threshold_reject   [   0% ] 1 VUs  0m01.0s/1m30s  0/1 shared iters

running (0m02.0s), 1/1 VUs, 0 complete and 0 interrupted iterations
r_rc_1_threshold_reject   [   0% ] 1 VUs  0m02.0s/1m30s  0/1 shared iters

running (0m03.0s), 1/1 VUs, 0 complete and 0 interrupted iterations
r_rc_1_threshold_reject   [   0% ] 1 VUs  0m03.0s/1m30s  0/1 shared iters

running (0m04.0s), 1/1 VUs, 0 complete and 0 interrupted iterations
r_rc_1_threshold_reject   [   0% ] 1 VUs  0m04.0s/1m30s  0/1 shared iters

running (0m05.0s), 1/1 VUs, 0 complete and 0 interrupted iterations
r_rc_1_threshold_reject   [   0% ] 1 VUs  0m05.0s/1m30s  0/1 shared iters

running (0m06.0s), 1/1 VUs, 0 complete and 0 interrupted iterations
r_rc_1_threshold_reject   [   0% ] 1 VUs  0m06.0s/1m30s  0/1 shared iters

running (0m07.0s), 1/1 VUs, 0 complete and 0 interrupted iterations
r_rc_1_threshold_reject   [   0% ] 1 VUs  0m07.0s/1m30s  0/1 shared iters

running (0m08.0s), 1/1 VUs, 0 complete and 0 interrupted iterations
r_rc_1_threshold_reject   [   0% ] 1 VUs  0m08.0s/1m30s  0/1 shared iters

running (0m09.0s), 1/1 VUs, 0 complete and 0 interrupted iterations
r_rc_1_threshold_reject   [   0% ] 1 VUs  0m09.0s/1m30s  0/1 shared iters

running (0m10.0s), 1/1 VUs, 0 complete and 0 interrupted iterations
r_rc_1_threshold_reject   [   0% ] 1 VUs  0m10.0s/1m30s  0/1 shared iters

running (0m11.0s), 1/1 VUs, 0 complete and 0 interrupted iterations
r_rc_1_threshold_reject   [   0% ] 1 VUs  0m11.0s/1m30s  0/1 shared iters

running (0m12.0s), 1/1 VUs, 0 complete and 0 interrupted iterations
r_rc_1_threshold_reject   [   0% ] 1 VUs  0m12.0s/1m30s  0/1 shared iters

running (0m13.0s), 1/1 VUs, 0 complete and 0 interrupted iterations
r_rc_1_threshold_reject   [   0% ] 1 VUs  0m13.0s/1m30s  0/1 shared iters

running (0m14.0s), 1/1 VUs, 0 complete and 0 interrupted iterations
r_rc_1_threshold_reject   [   0% ] 1 VUs  0m14.0s/1m30s  0/1 shared iters

running (0m15.0s), 1/1 VUs, 0 complete and 0 interrupted iterations
r_rc_1_threshold_reject   [   0% ] 1 VUs  0m15.0s/1m30s  0/1 shared iters

running (0m16.0s), 1/1 VUs, 0 complete and 0 interrupted iterations
r_rc_1_threshold_reject   [   0% ] 1 VUs  0m16.0s/1m30s  0/1 shared iters

running (0m17.0s), 1/1 VUs, 0 complete and 0 interrupted iterations
r_rc_1_threshold_reject   [   0% ] 1 VUs  0m17.0s/1m30s  0/1 shared iters

running (0m18.0s), 1/1 VUs, 0 complete and 0 interrupted iterations
r_rc_1_threshold_reject   [   0% ] 1 VUs  0m18.0s/1m30s  0/1 shared iters

running (0m19.0s), 1/1 VUs, 0 complete and 0 interrupted iterations
r_rc_1_threshold_reject   [   0% ] 1 VUs  0m19.0s/1m30s  0/1 shared iters

running (0m20.0s), 1/1 VUs, 0 complete and 0 interrupted iterations
r_rc_1_threshold_reject   [   0% ] 1 VUs  0m20.0s/1m30s  0/1 shared iters
time="2026-07-07T12:47:38-07:00" level=info msg="ℹ Ignoring harness prompt echo event" source=console

running (0m21.0s), 1/1 VUs, 0 complete and 0 interrupted iterations
r_rc_1_threshold_reject   [   0% ] 1 VUs  0m21.0s/1m30s  0/1 shared iters

running (0m22.0s), 1/1 VUs, 0 complete and 0 interrupted iterations
r_rc_1_threshold_reject   [   0% ] 1 VUs  0m22.0s/1m30s  0/1 shared iters

running (0m23.0s), 1/1 VUs, 0 complete and 0 interrupted iterations
r_rc_1_threshold_reject   [   0% ] 1 VUs  0m23.0s/1m30s  0/1 shared iters

running (0m24.0s), 1/1 VUs, 0 complete and 0 interrupted iterations
r_rc_1_threshold_reject   [   0% ] 1 VUs  0m24.0s/1m30s  0/1 shared iters

running (0m25.0s), 1/1 VUs, 0 complete and 0 interrupted iterations
r_rc_1_threshold_reject   [   0% ] 1 VUs  0m25.0s/1m30s  0/1 shared iters

running (0m26.0s), 1/1 VUs, 0 complete and 0 interrupted iterations
r_rc_1_threshold_reject   [   0% ] 1 VUs  0m26.0s/1m30s  0/1 shared iters
time="2026-07-07T12:47:44-07:00" level=info msg="✓ RC1-REJECTED sentinel observed: guard=context_threshold context=unknown threshold=unknown" source=console
time="2026-07-07T12:47:44-07:00" level=info msg="\n--- R-RC-1 EVIDENCE SUMMARY ---" source=console
time="2026-07-07T12:47:44-07:00" level=info msg="{\n  \"row\": \"R-RC-1\",\n  \"manifest_loaded\": true,\n  \"nonce\": \"R-RC-1-1783453637595-7b8t05dk\",\n  \"seat\": \"cael\",\n  \"requestedSessionKey\": \"agent:main:discord:channel:1466192485440164011\",\n  \"sessionKey\": \"agent:main:r-rc-1-r-rc-1-1783453637595-7b8t05dk\",\n  \"session_created\": true,\n  \"created_session_key\": \"agent:main:r-rc-1-r-rc-1-1783453637595-7b8t05dk\",\n  \"candidateSha\": \"1cc8f4e3d617ef6f173283ef83d7b739a4995734\",\n  \"started\": \"2026-07-07T19:47:17.596Z\",\n  \"dispatch_accepted\": true,\n  \"tool_invoke_rejected\": true,\n  \"guard\": \"context_threshold\",\n  \"context_usage\": null,\n  \"threshold\": null,\n  \"trace_id\": null,\n  \"redacted_events\": [\n    {\n      \"ts\": 1783453637597,\n      \"kind\": \"event\",\n      \"method\": null,\n      \"event\": \"connect.challenge\",\n      \"ok\": null,\n      \"data\": null\n    },\n    {\n      \"ts\": 1783453637601,\n      \"kind\": \"other\",\n      \"method\": null,\n      \"event\": null,\n      \"ok\": null,\n      \"data\": null\n    },\n    {\n      \"ts\": 1783453637674,\n      \"kind\": \"event\",\n      \"method\": null,\n      \"event\": \"health\",\n      \"ok\": null,\n      \"data\": null\n    },\n    {\n      \"ts\": 1783453637778,\n      \"kind\": \"event\",\n      \"method\": null,\n      \"event\": \"agent\",\n      \"ok\": null,\n      \"data\": null\n    },\n    {\n      \"ts\": 1783453637778,\n      \"kind\": \"event\",\n      \"method\": null,\n      \"event\": \"chat\",\n      \"ok\": null,\n      \"data\": null\n    },\n    {\n      \"ts\": 1783453638041,\n      \"kind\": \"response\",\n      \"method\": \"sessions.create\",\n      \"event\": null,\n      \"ok\": true,\n      \"data\": {\n        \"ok\": true\n      }\n    },\n    {\n      \"ts\": 1783453638099,\n      \"kind\": \"response\",\n      \"method\": \"sessions.messages.subscribe\",\n      \"event\": null,\n      \"ok\": true,\n      \"data\": {}\n    },\n    {\n      \"ts\": 1783453638187,\n      \"kind\": \"event\",\n      \"method\": null,\n      \"event\": \"agent\",\n      \"ok\": null,\n      \"data\": null\n    },\n    {\n      \"ts\": 1783453638241,\n      \"kind\": \"event\",\n      \"method\": null,\n      \"event\": \"agent\",\n      \"ok\": null,\n      \"data\": null\n    },\n    {\n      \"ts\": 1783453638581,\n      \"kind\": \"response\",\n      \"method\": \"sessions.send\",\n      \"event\": null,\n      \"ok\": true,\n      \"data\": {\n        \"runId\": \"R-RC-1-R-RC-1-1783453637595-7b8t05dk\",\n        \"status\": \"started\"\n      }\n    },\n    {\n      \"ts\": 1783453638928,\n      \"kind\": \"event\",\n      \"method\": null,\n      \"event\": \"agent\",\n      \"ok\": null,\n      \"data\": null\n    },\n    {\n      \"ts\": 1783453638928,\n      \"kind\": \"event\",\n      \"method\": null,\n      \"event\": \"chat\",\n      \"ok\": null,\n      \"data\": null\n    },\n    {\n      \"ts\": 1783453639120,\n      \"kind\": \"event\",\n      \"method\": null,\n      \"event\": \"agent\",\n      \"ok\": null,\n      \"data\": null\n    },\n    {\n      \"ts\": 1783453639120,\n      \"kind\": \"event\",\n      \"method\": null,\n      \"event\": \"agent\",\n      \"ok\": null,\n      \"data\": null\n    },\n    {\n      \"ts\": 1783453639120,\n      \"kind\": \"event\",\n      \"method\": null,\n      \"event\": \"chat\",\n      \"ok\": null,\n      \"data\": null\n    },\n    {\n      \"ts\": 1783453639178,\n      \"kind\": \"event\",\n      \"method\": null,\n      \"event\": \"agent\",\n      \"ok\": null,\n      \"data\": null\n    },\n    {\n      \"ts\": 1783453639178,\n      \"kind\": \"event\",\n      \"method\": null,\n      \"event\": \"agent\",\n      \"ok\": null,\n      \"data\": null\n    },\n    {\n      \"ts\": 1783453639239,\n      \"kind\": \"event\",\n      \"method\": null,\n      \"event\": \"agent\",\n      \"ok\": null,\n      \"data\": null\n    },\n    {\n      \"ts\": 1783453639239,\n      \"kind\": \"event\",\n      \"method\": null,\n      \"event\": \"chat\",\n      \"ok\": null,\n      \"data\": null\n    },\n    {\n      \"ts\": 1783453639239,\n      \"kind\": \"event\",\n      \"method\": null,\n      \"event\": \"chat\",\n      \"ok\": null,\n      \"data\": null\n    },\n    {\n      \"ts\": 1783453641181,\n      \"kind\": \"event\",\n      \"method\": null,\n      \"event\": \"agent\",\n      \"ok\": null,\n      \"data\": null\n    },\n    {\n      \"ts\": 1783453641209,\n      \"kind\": \"event\",\n      \"method\": null,\n      \"event\": \"agent\",\n      \"ok\": null,\n      \"data\": null\n    },\n    {\n      \"ts\": 1783453641965,\n      \"kind\": \"event\",\n      \"method\": null,\n      \"event\": \"agent\",\n      \"ok\": null,\n      \"data\": null\n    },\n    {\n      \"ts\": 1783453643313,\n      \"kind\": \"event\",\n      \"method\": null,\n      \"event\": \"health\",\n      \"ok\": null,\n      \"data\": null\n    },\n    {\n      \"ts\": 1783453643324,\n      \"kind\": \"event\",\n      \"method\": null,\n      \"event\": \"presence\",\n      \"ok\": null,\n      \"data\": null\n    },\n    {\n      \"ts\": 1783453643350,\n      \"kind\": \"event\",\n      \"method\": null,\n      \"event\": \"agent\",\n      \"ok\": null,\n      \"data\": null\n    },\n    {\n      \"ts\": 1783453645758,\n      \"kind\": \"event\",\n      \"method\": null,\n      \"event\": \"agent\",\n      \"ok\": null,\n      \"data\": null\n    },\n    {\n      \"ts\": 1783453645758,\n      \"kind\": \"event\",\n      \"method\": null,\n      \"event\": \"chat\",\n      \"ok\": null,\n      \"data\": null\n    },\n    {\n      \"ts\": 1783453645915,\n      \"kind\": \"event\",\n      \"method\": null,\n      \"event\": \"agent\",\n      \"ok\": null,\n      \"data\": null\n    },\n    {\n      \"ts\": 1783453645915,\n      \"kind\": \"event\",\n      \"method\": null,\n      \"event\": \"agent\",\n      \"ok\": null,\n      \"data\": null\n    },\n    {\n      \"ts\": 1783453646105,\n      \"kind\": \"event\",\n      \"method\": null,\n      \"event\": \"agent\",\n      \"ok\": null,\n      \"data\": null\n    },\n    {\n      \"ts\": 1783453646106,\n      \"kind\": \"event\",\n      \"method\": null,\n      \"event\": \"chat\",\n      \"ok\": null,\n      \"data\": null\n    },\n    {\n      \"ts\": 1783453646106,\n      \"kind\": \"event\",\n      \"method\": null,\n      \"event\": \"chat\",\n      \"ok\": null,\n      \"data\": null\n    },\n    {\n      \"ts\": 1783453646146,\n      \"kind\": \"event\",\n      \"method\": null,\n      \"event\": \"presence\",\n      \"ok\": null,\n      \"data\": null\n    },\n    {\n      \"ts\": 1783453646233,\n      \"kind\": \"event\",\n      \"method\": null,\n      \"event\": \"health\",\n      \"ok\": null,\n      \"data\": null\n    },\n    {\n      \"ts\": 1783453646247,\n      \"kind\": \"event\",\n      \"method\": null,\n      \"event\": \"presence\",\n      \"ok\": null,\n      \"data\": null\n    },\n    {\n      \"ts\": 1783453649903,\n      \"kind\": \"event\",\n      \"method\": null,\n      \"event\": \"health\",\n      \"ok\": null,\n      \"data\": null\n    },\n    {\n      \"ts\": 1783453649960,\n      \"kind\": \"event\",\n      \"method\": null,\n      \"event\": \"agent\",\n      \"ok\": null,\n      \"data\": null\n    },\n    {\n      \"ts\": 1783453649960,\n      \"kind\": \"event\",\n      \"method\": null,\n      \"event\": \"chat\",\n      \"ok\": null,\n      \"data\": null\n    },\n    {\n      \"ts\": 1783453650243,\n      \"kind\": \"event\",\n      \"method\": null,\n      \"event\": \"agent\",\n      \"ok\": null,\n      \"data\": null\n    },\n    {\n      \"ts\": 1783453650288,\n      \"kind\": \"event\",\n      \"method\": null,\n      \"event\": \"agent\",\n      \"ok\": null,\n      \"data\": null\n    },\n    {\n      \"ts\": 1783453650399,\n      \"kind\": \"event\",\n      \"method\": null,\n      \"event\": \"tick\",\n      \"ok\": null,\n      \"data\": null\n    },\n    {\n      \"ts\": 1783453653269,\n      \"kind\": \"event\",\n      \"method\": null,\n      \"event\": \"agent\",\n      \"ok\": null,\n      \"data\": null\n    },\n    {\n      \"ts\": 1783453653416,\n      \"kind\": \"event\",\n      \"method\": null,\n      \"event\": \"agent\",\n      \"ok\": null,\n      \"data\": null\n    },\n    {\n      \"ts\": 1783453653416,\n      \"kind\": \"event\",\n      \"method\": null,\n      \"event\": \"chat\",\n      \"ok\": null,\n      \"data\": null\n    },\n    {\n      \"ts\": 1783453653549,\n      \"kind\": \"event\",\n      \"method\": null,\n      \"event\": \"agent\",\n      \"ok\": null,\n      \"data\": null\n    },\n    {\n      \"ts\": 1783453653549,\n      \"kind\": \"event\",\n      \"method\": null,\n      \"event\": \"agent\",\n      \"ok\": null,\n      \"data\": null\n    },\n    {\n      \"ts\": 1783453653728,\n      \"kind\": \"event\",\n      \"method\": null,\n      \"event\": \"agent\",\n      \"ok\": null,\n      \"data\": null\n    },\n    {\n      \"ts\": 1783453653728,\n      \"kind\": \"event\",\n      \"method\": null,\n      \"event\": \"chat\",\n      \"ok\": null,\n      \"data\": null\n    },\n    {\n      \"ts\": 1783453653728,\n      \"kind\": \"event\",\n      \"method\": null,\n      \"event\": \"chat\",\n      \"ok\": null,\n      \"data\": null\n    },\n    {\n      \"ts\": 1783453653766,\n      \"kind\": \"event\",\n      \"method\": null,\n      \"event\": \"presence\",\n      \"ok\": null,\n      \"data\": null\n    },\n    {\n      \"ts\": 1783453653862,\n      \"kind\": \"event\",\n      \"method\": null,\n      \"event\": \"health\",\n      \"ok\": null,\n      \"data\": null\n    },\n    {\n      \"ts\": 1783453653879,\n      \"kind\": \"event\",\n      \"method\": null,\n      \"event\": \"presence\",\n      \"ok\": null,\n      \"data\": null\n    },\n    {\n      \"ts\": 1783453654911,\n      \"kind\": \"event\",\n      \"method\": null,\n      \"event\": \"health\",\n      \"ok\": null,\n      \"data\": null\n    },\n    {\n      \"ts\": 1783453654930,\n      \"kind\": \"event\",\n      \"method\": null,\n      \"event\": \"presence\",\n      \"ok\": null,\n      \"data\": null\n    },\n    {\n      \"ts\": 1783453655058,\n      \"kind\": \"event\",\n      \"method\": null,\n      \"event\": \"agent\",\n      \"ok\": null,\n      \"data\": null\n    },\n    {\n      \"ts\": 1783453658008,\n      \"kind\": \"event\",\n      \"method\": null,\n      \"event\": \"agent\",\n      \"ok\": null,\n      \"data\": null\n    },\n    {\n      \"ts\": 1783453658008,\n      \"kind\": \"event\",\n      \"method\": null,\n      \"event\": \"chat\",\n      \"ok\": null,\n      \"data\": null\n    },\n    {\n      \"ts\": 1783453658274,\n      \"kind\": \"event\",\n      \"method\": null,\n      \"event\": \"agent\",\n      \"ok\": null,\n      \"data\": null\n    },\n    {\n      \"ts\": 1783453658307,\n      \"kind\": \"event\",\n      \"method\": null,\n      \"event\": \"session.message\",\n      \"ok\": null,\n      \"data\": null\n    },\n    {\n      \"ts\": 1783453658363,\n      \"kind\": \"event\",\n      \"method\": null,\n      \"event\": \"agent\",\n      \"ok\": null,\n      \"data\": null\n    },\n    {\n      \"ts\": 1783453661159,\n      \"kind\": \"event\",\n      \"method\": null,\n      \"event\": \"session.message\",\n      \"ok\": null,\n      \"data\": null\n    },\n    {\n      \"ts\": 1783453661190,\n      \"kind\": \"event\",\n      \"method\": null,\n      \"event\": \"agent\",\n      \"ok\": null,\n      \"data\": null\n    },\n    {\n      \"ts\": 1783453661222,\n      \"kind\": \"event\",\n      \"method\": null,\n      \"event\": \"agent\",\n      \"ok\": null,\n      \"data\": null\n    },\n    {\n      \"ts\": 1783453661836,\n      \"kind\": \"event\",\n      \"method\": null,\n      \"event\": \"agent\",\n      \"ok\": null,\n      \"data\": null\n    },\n    {\n      \"ts\": 1783453663315,\n      \"kind\": \"event\",\n      \"method\": null,\n      \"event\": \"health\",\n      \"ok\": null,\n      \"data\": null\n    },\n    {\n      \"ts\": 1783453663329,\n      \"kind\": \"event\",\n      \"method\": null,\n      \"event\": \"presence\",\n      \"ok\": null,\n      \"data\": null\n    },\n    {\n      \"ts\": 1783453663482,\n      \"kind\": \"event\",\n      \"method\": null,\n      \"event\": \"agent\",\n      \"ok\": null,\n      \"data\": null\n    },\n    {\n      \"ts\": 1783453663916,\n      \"kind\": \"event\",\n      \"method\": null,\n      \"event\": \"health\",\n      \"ok\": null,\n      \"data\": null\n    },\n    {\n      \"ts\": 1783453663949,\n      \"kind\": \"event\",\n      \"method\": null,\n      \"event\": \"agent\",\n      \"ok\": null,\n      \"data\": null\n    },\n    {\n      \"ts\": 1783453663949,\n      \"kind\": \"event\",\n      \"method\": null,\n      \"event\": \"chat\",\n      \"ok\": null,\n      \"data\": null\n    },\n    {\n      \"ts\": 1783453663970,\n      \"kind\": \"event\",\n      \"method\": null,\n      \"event\": \"presence\",\n      \"ok\": null,\n      \"data\": null\n    },\n    {\n      \"ts\": 1783453664224,\n      \"kind\": \"event\",\n      \"method\": null,\n      \"event\": \"agent\",\n      \"ok\": null,\n      \"data\": null\n    }\n  ],\n  \"ended\": \"2026-07-07T19:47:44.224Z\",\n  \"duration_ms\": 26628\n}" source=console
time="2026-07-07T12:47:44-07:00" level=info msg="--- END EVIDENCE ---" source=console
time="2026-07-07T12:47:44-07:00" level=info msg="\n[R-RC-1] VERDICT: PASS-candidate" source=console

[R-RC-1] Summary: PASS-candidate | SHA: 1cc8f4e3d617ef6f173283ef83d7b739a4995734 | Seat: cael

running (0m26.6s), 0/1 VUs, 1 complete and 0 interrupted iterations
r_rc_1_threshold_reject ✓ [ 100% ] 1 VUs  0m26.6s/1m30s  1/1 shared iters
./r-rc-1-summary.json
[R-RC-1] METRICS: /home/figs/actions-runner/_work/openclaw-bootstrap/openclaw-bootstrap/openclaw-bootstrap/PROOFS/1cc8f4e3d617ef6f173283ef83d7b739a4995734/project81-k6/20260707T194227Z-cael-dgx-2026911/1cc8f4e3d617ef6f173283ef83d7b739a4995734/R-RC-1/cael/20260707T194717Z-r-rc-1/openclaw-proofs-k6.prom
[R-RC-1] ARTIFACTS: /home/figs/actions-runner/_work/openclaw-bootstrap/openclaw-bootstrap/openclaw-bootstrap/PROOFS/1cc8f4e3d617ef6f173283ef83d7b739a4995734/project81-k6/20260707T194227Z-cael-dgx-2026911/1cc8f4e3d617ef6f173283ef83d7b739a4995734/R-RC-1/cael/20260707T194717Z-r-rc-1
[R-RC-1] COMPLETED.
Observability check: query Grafana for run/nonce or review Tempo traces if trace ID was emitted.
REPORT: /home/figs/actions-runner/_work/openclaw-bootstrap/openclaw-bootstrap/openclaw-bootstrap/PROOFS/1cc8f4e3d617ef6f173283ef83d7b739a4995734/project81-k6/20260707T194227Z-cael-dgx-2026911/report.html

==========================================================
Runner execution finished.
