project81 k6 proof on ronan	Set up job	﻿2026-07-09T05:29:22.4579289Z Current runner version: '2.335.1'
project81 k6 proof on ronan	Set up job	2026-07-09T05:29:22.4582904Z Runner name: 'ronan'
project81 k6 proof on ronan	Set up job	2026-07-09T05:29:22.4583332Z Runner group name: 'thornfield'
project81 k6 proof on ronan	Set up job	2026-07-09T05:29:22.4583910Z Machine name: 'ronan'
project81 k6 proof on ronan	Set up job	2026-07-09T05:29:22.4585360Z ##[group]GITHUB_TOKEN Permissions
project81 k6 proof on ronan	Set up job	2026-07-09T05:29:22.4586856Z Contents: read
project81 k6 proof on ronan	Set up job	2026-07-09T05:29:22.4587177Z Metadata: read
project81 k6 proof on ronan	Set up job	2026-07-09T05:29:22.4587482Z ##[endgroup]
project81 k6 proof on ronan	Set up job	2026-07-09T05:29:22.4588598Z Secret source: Actions
project81 k6 proof on ronan	Set up job	2026-07-09T05:29:22.4588998Z Prepare workflow directory
project81 k6 proof on ronan	Set up job	2026-07-09T05:29:22.4995141Z Prepare all required actions
project81 k6 proof on ronan	Set up job	2026-07-09T05:29:22.5016375Z Getting action download info
project81 k6 proof on ronan	Set up job	2026-07-09T05:29:22.8531621Z Download action repository 'actions/checkout@v4' (SHA:34e114876b0b11c390a56381ad16ebd13914f8d5)
project81 k6 proof on ronan	Set up job	2026-07-09T05:29:23.4023844Z Download action repository 'actions/upload-artifact@v4' (SHA:ea165f8d65b6e75b540449e92b4886f43607fa02)
project81 k6 proof on ronan	Set up job	2026-07-09T05:29:24.0273960Z Complete job name: project81 k6 proof on ronan
project81 k6 proof on ronan	Checkout bootstrap	﻿2026-07-09T05:29:24.0927713Z Node 20 is being deprecated. This workflow is running with Node 24 by default. If you need to temporarily use Node 20, you can set the ACTIONS_ALLOW_USE_UNSECURE_NODE_VERSION=true environment variable. For more information see: https://github.blog/changelog/2025-09-19-deprecation-of-node-20-on-github-actions-runners/
project81 k6 proof on ronan	Checkout bootstrap	2026-07-09T05:29:24.0932303Z ##[group]Run actions/checkout@v4
project81 k6 proof on ronan	Checkout bootstrap	2026-07-09T05:29:24.0932659Z with:
project81 k6 proof on ronan	Checkout bootstrap	2026-07-09T05:29:24.0932893Z   path: openclaw-bootstrap
project81 k6 proof on ronan	Checkout bootstrap	2026-07-09T05:29:24.0933196Z   repository: karmaterminal/openclaw-bootstrap
project81 k6 proof on ronan	Checkout bootstrap	2026-07-09T05:29:24.0935915Z   token: ***
project81 k6 proof on ronan	Checkout bootstrap	2026-07-09T05:29:24.0936145Z   ssh-strict: true
project81 k6 proof on ronan	Checkout bootstrap	2026-07-09T05:29:24.0936383Z   ssh-user: git
project81 k6 proof on ronan	Checkout bootstrap	2026-07-09T05:29:24.0936666Z   persist-credentials: true
project81 k6 proof on ronan	Checkout bootstrap	2026-07-09T05:29:24.0936933Z   clean: true
project81 k6 proof on ronan	Checkout bootstrap	2026-07-09T05:29:24.0937178Z   sparse-checkout-cone-mode: true
project81 k6 proof on ronan	Checkout bootstrap	2026-07-09T05:29:24.0937461Z   fetch-depth: 1
project81 k6 proof on ronan	Checkout bootstrap	2026-07-09T05:29:24.0937691Z   fetch-tags: false
project81 k6 proof on ronan	Checkout bootstrap	2026-07-09T05:29:24.0937930Z   show-progress: true
project81 k6 proof on ronan	Checkout bootstrap	2026-07-09T05:29:24.0938189Z   lfs: false
project81 k6 proof on ronan	Checkout bootstrap	2026-07-09T05:29:24.0938425Z   submodules: false
project81 k6 proof on ronan	Checkout bootstrap	2026-07-09T05:29:24.0938666Z   set-safe-directory: true
project81 k6 proof on ronan	Checkout bootstrap	2026-07-09T05:29:24.0938992Z env:
project81 k6 proof on ronan	Checkout bootstrap	2026-07-09T05:29:24.0939215Z   TARGET_PRINCE: ronan
project81 k6 proof on ronan	Checkout bootstrap	2026-07-09T05:29:24.0939520Z   CANDIDATE_SHA: 5292af40d0ad5303b85a678f6e629503a8725848
project81 k6 proof on ronan	Checkout bootstrap	2026-07-09T05:29:24.0939871Z   TARGET_REF: 
project81 k6 proof on ronan	Checkout bootstrap	2026-07-09T05:29:24.0940093Z   ROWS: R-CW-2
project81 k6 proof on ronan	Checkout bootstrap	2026-07-09T05:29:24.0940316Z   K6SCENARIOS: 
project81 k6 proof on ronan	Checkout bootstrap	2026-07-09T05:29:24.0940561Z   SESSION_SELECTOR: p81-5292-ronan-r-cw-2
project81 k6 proof on ronan	Checkout bootstrap	2026-07-09T05:29:24.0940887Z   MANIFEST_PATH: project81-k6/manifest.json
project81 k6 proof on ronan	Checkout bootstrap	2026-07-09T05:29:24.0941221Z   DOCS_REF: scribe/20260708/proofs-5292-rerun
project81 k6 proof on ronan	Checkout bootstrap	2026-07-09T05:29:24.0941540Z   USE_DOCS_CATALOG: true
project81 k6 proof on ronan	Checkout bootstrap	2026-07-09T05:29:24.0941789Z   DRY_RUN: false
project81 k6 proof on ronan	Checkout bootstrap	2026-07-09T05:29:24.0942037Z   PROOFS_METRICS_PUSH: true
project81 k6 proof on ronan	Checkout bootstrap	2026-07-09T05:29:24.0942404Z   PROOFS_METRICS_OTLP_ENDPOINT: http://10.0.0.99:4318/v1/metrics
project81 k6 proof on ronan	Checkout bootstrap	2026-07-09T05:29:24.0942781Z   OPENCLAW_ALT_MODEL: 
project81 k6 proof on ronan	Checkout bootstrap	2026-07-09T05:29:24.0943048Z   OPENCLAW_CREATE_DISPOSABLE_SESSION: true
project81 k6 proof on ronan	Checkout bootstrap	2026-07-09T05:29:24.0943394Z   OPENCLAW_CREATE_DISPOSABLE_SESSIONS: true
project81 k6 proof on ronan	Checkout bootstrap	2026-07-09T05:29:24.0943879Z   REASON: P81 5292 individual row R-CW-2 after split-run partial blocking
project81 k6 proof on ronan	Checkout bootstrap	2026-07-09T05:29:24.0944292Z ##[endgroup]
project81 k6 proof on ronan	Checkout bootstrap	2026-07-09T05:29:24.1502900Z Syncing repository: karmaterminal/openclaw-bootstrap
project81 k6 proof on ronan	Checkout bootstrap	2026-07-09T05:29:24.1503995Z ##[group]Getting Git version info
project81 k6 proof on ronan	Checkout bootstrap	2026-07-09T05:29:24.1504587Z Working directory is '/home/figs/actions-runner/_work/openclaw-bootstrap/openclaw-bootstrap/openclaw-bootstrap'
project81 k6 proof on ronan	Checkout bootstrap	2026-07-09T05:29:24.1505377Z [command]/usr/bin/git version
project81 k6 proof on ronan	Checkout bootstrap	2026-07-09T05:29:24.1505658Z git version 2.43.0
project81 k6 proof on ronan	Checkout bootstrap	2026-07-09T05:29:24.1511732Z ##[endgroup]
project81 k6 proof on ronan	Checkout bootstrap	2026-07-09T05:29:24.1517588Z Copying '/home/figs/.gitconfig' to '/home/figs/actions-runner/_work/_temp/1c5608eb-6f46-4360-80c6-b58dfb7a7fee/.gitconfig'
project81 k6 proof on ronan	Checkout bootstrap	2026-07-09T05:29:24.1523161Z Temporarily overriding HOME='/home/figs/actions-runner/_work/_temp/1c5608eb-6f46-4360-80c6-b58dfb7a7fee' before making global git config changes
project81 k6 proof on ronan	Checkout bootstrap	2026-07-09T05:29:24.1525062Z Adding repository directory to the temporary git global config as a safe directory
project81 k6 proof on ronan	Checkout bootstrap	2026-07-09T05:29:24.1526661Z [command]/usr/bin/git config --global --add safe.directory /home/figs/actions-runner/_work/openclaw-bootstrap/openclaw-bootstrap/openclaw-bootstrap
project81 k6 proof on ronan	Checkout bootstrap	2026-07-09T05:29:24.1629650Z [command]/usr/bin/git config --local --get remote.origin.url
project81 k6 proof on ronan	Checkout bootstrap	2026-07-09T05:29:24.1654210Z https://github.com/karmaterminal/openclaw-bootstrap
project81 k6 proof on ronan	Checkout bootstrap	2026-07-09T05:29:24.1665006Z ##[group]Removing previously created refs, to avoid conflicts
project81 k6 proof on ronan	Checkout bootstrap	2026-07-09T05:29:24.1666206Z [command]/usr/bin/git rev-parse --symbolic-full-name --verify --quiet HEAD
project81 k6 proof on ronan	Checkout bootstrap	2026-07-09T05:29:24.1690976Z refs/heads/main
project81 k6 proof on ronan	Checkout bootstrap	2026-07-09T05:29:24.1692319Z [command]/usr/bin/git checkout --detach
project81 k6 proof on ronan	Checkout bootstrap	2026-07-09T05:29:24.1755333Z HEAD is now at 997d742 Add prince MinIO filesharing runbook (#1259)
project81 k6 proof on ronan	Checkout bootstrap	2026-07-09T05:29:24.1780384Z [command]/usr/bin/git branch --delete --force main
project81 k6 proof on ronan	Checkout bootstrap	2026-07-09T05:29:24.1806520Z Deleted branch main (was 997d742).
project81 k6 proof on ronan	Checkout bootstrap	2026-07-09T05:29:24.1841611Z ##[endgroup]
project81 k6 proof on ronan	Checkout bootstrap	2026-07-09T05:29:24.1842390Z [command]/usr/bin/git submodule status
project81 k6 proof on ronan	Checkout bootstrap	2026-07-09T05:29:24.2008014Z ##[group]Cleaning the repository
project81 k6 proof on ronan	Checkout bootstrap	2026-07-09T05:29:24.2008569Z [command]/usr/bin/git clean -ffdx
project81 k6 proof on ronan	Checkout bootstrap	2026-07-09T05:29:24.2071765Z Removing PROOFS/
project81 k6 proof on ronan	Checkout bootstrap	2026-07-09T05:29:24.2077217Z [command]/usr/bin/git reset --hard HEAD
project81 k6 proof on ronan	Checkout bootstrap	2026-07-09T05:29:24.2132309Z HEAD is now at 997d742 Add prince MinIO filesharing runbook (#1259)
project81 k6 proof on ronan	Checkout bootstrap	2026-07-09T05:29:24.2136485Z ##[endgroup]
project81 k6 proof on ronan	Checkout bootstrap	2026-07-09T05:29:24.2138466Z ##[group]Disabling automatic garbage collection
project81 k6 proof on ronan	Checkout bootstrap	2026-07-09T05:29:24.2140615Z [command]/usr/bin/git config --local gc.auto 0
project81 k6 proof on ronan	Checkout bootstrap	2026-07-09T05:29:24.2173342Z ##[endgroup]
project81 k6 proof on ronan	Checkout bootstrap	2026-07-09T05:29:24.2173784Z ##[group]Setting up auth
project81 k6 proof on ronan	Checkout bootstrap	2026-07-09T05:29:24.2174224Z [command]/usr/bin/git config --local --name-only --get-regexp core\.sshCommand
project81 k6 proof on ronan	Checkout bootstrap	2026-07-09T05:29:24.2197513Z [command]/usr/bin/git submodule foreach --recursive sh -c "git config --local --name-only --get-regexp 'core\.sshCommand' && git config --local --unset-all 'core.sshCommand' || :"
project81 k6 proof on ronan	Checkout bootstrap	2026-07-09T05:29:24.2391659Z [command]/usr/bin/git config --local --name-only --get-regexp http\.https\:\/\/github\.com\/\.extraheader
project81 k6 proof on ronan	Checkout bootstrap	2026-07-09T05:29:24.2422174Z [command]/usr/bin/git submodule foreach --recursive sh -c "git config --local --name-only --get-regexp 'http\.https\:\/\/github\.com\/\.extraheader' && git config --local --unset-all 'http.https://github.com/.extraheader' || :"
project81 k6 proof on ronan	Checkout bootstrap	2026-07-09T05:29:24.2601907Z [command]/usr/bin/git config --local --name-only --get-regexp ^includeIf\.gitdir:
project81 k6 proof on ronan	Checkout bootstrap	2026-07-09T05:29:24.2624273Z [command]/usr/bin/git submodule foreach --recursive git config --local --show-origin --name-only --get-regexp remote.origin.url
project81 k6 proof on ronan	Checkout bootstrap	2026-07-09T05:29:24.2807493Z [command]/usr/bin/git config --local http.https://github.com/.extraheader AUTHORIZATION: basic ***
project81 k6 proof on ronan	Checkout bootstrap	2026-07-09T05:29:24.2846466Z ##[endgroup]
project81 k6 proof on ronan	Checkout bootstrap	2026-07-09T05:29:24.2846887Z ##[group]Fetching the repository
project81 k6 proof on ronan	Checkout bootstrap	2026-07-09T05:29:24.2850638Z [command]/usr/bin/git -c protocol.version=2 fetch --no-tags --prune --no-recurse-submodules --depth=1 origin +997d7423b6d29af4e4e899ff23295831e7c08718:refs/remotes/origin/main
project81 k6 proof on ronan	Checkout bootstrap	2026-07-09T05:29:24.8910575Z ##[endgroup]
project81 k6 proof on ronan	Checkout bootstrap	2026-07-09T05:29:24.8911652Z ##[group]Determining the checkout info
project81 k6 proof on ronan	Checkout bootstrap	2026-07-09T05:29:24.8912825Z ##[endgroup]
project81 k6 proof on ronan	Checkout bootstrap	2026-07-09T05:29:24.8913931Z [command]/usr/bin/git sparse-checkout disable
project81 k6 proof on ronan	Checkout bootstrap	2026-07-09T05:29:24.8989705Z [command]/usr/bin/git config --local --unset-all extensions.worktreeConfig
project81 k6 proof on ronan	Checkout bootstrap	2026-07-09T05:29:24.9013609Z ##[group]Checking out the ref
project81 k6 proof on ronan	Checkout bootstrap	2026-07-09T05:29:24.9014845Z [command]/usr/bin/git checkout --progress --force -B main refs/remotes/origin/main
project81 k6 proof on ronan	Checkout bootstrap	2026-07-09T05:29:24.9062793Z Switched to a new branch 'main'
project81 k6 proof on ronan	Checkout bootstrap	2026-07-09T05:29:24.9063795Z branch 'main' set up to track 'origin/main'.
project81 k6 proof on ronan	Checkout bootstrap	2026-07-09T05:29:24.9065910Z ##[endgroup]
project81 k6 proof on ronan	Checkout bootstrap	2026-07-09T05:29:24.9097130Z [command]/usr/bin/git log -1 --format=%H
project81 k6 proof on ronan	Checkout bootstrap	2026-07-09T05:29:24.9120565Z 997d7423b6d29af4e4e899ff23295831e7c08718
project81 k6 proof on ronan	Checkout proof catalog	﻿2026-07-09T05:29:24.9475955Z Node 20 is being deprecated. This workflow is running with Node 24 by default. If you need to temporarily use Node 20, you can set the ACTIONS_ALLOW_USE_UNSECURE_NODE_VERSION=true environment variable. For more information see: https://github.blog/changelog/2025-09-19-deprecation-of-node-20-on-github-actions-runners/
project81 k6 proof on ronan	Checkout proof catalog	2026-07-09T05:29:24.9482061Z ##[group]Run actions/checkout@v4
project81 k6 proof on ronan	Checkout proof catalog	2026-07-09T05:29:24.9482993Z with:
project81 k6 proof on ronan	Checkout proof catalog	2026-07-09T05:29:24.9483867Z   repository: karmaterminal/karmaterminal-openclaw-docs
project81 k6 proof on ronan	Checkout proof catalog	2026-07-09T05:29:24.9485039Z   ref: scribe/20260708/proofs-5292-rerun
project81 k6 proof on ronan	Checkout proof catalog	2026-07-09T05:29:24.9486047Z   path: karmaterminal-openclaw-docs
project81 k6 proof on ronan	Checkout proof catalog	2026-07-09T05:29:24.9494405Z   token: ***
project81 k6 proof on ronan	Checkout proof catalog	2026-07-09T05:29:24.9495146Z   ssh-strict: true
project81 k6 proof on ronan	Checkout proof catalog	2026-07-09T05:29:24.9495881Z   ssh-user: git
project81 k6 proof on ronan	Checkout proof catalog	2026-07-09T05:29:24.9496702Z   persist-credentials: true
project81 k6 proof on ronan	Checkout proof catalog	2026-07-09T05:29:24.9497541Z   clean: true
project81 k6 proof on ronan	Checkout proof catalog	2026-07-09T05:29:24.9498306Z   sparse-checkout-cone-mode: true
project81 k6 proof on ronan	Checkout proof catalog	2026-07-09T05:29:24.9499214Z   fetch-depth: 1
project81 k6 proof on ronan	Checkout proof catalog	2026-07-09T05:29:24.9499948Z   fetch-tags: false
project81 k6 proof on ronan	Checkout proof catalog	2026-07-09T05:29:24.9500751Z   show-progress: true
project81 k6 proof on ronan	Checkout proof catalog	2026-07-09T05:29:24.9501516Z   lfs: false
project81 k6 proof on ronan	Checkout proof catalog	2026-07-09T05:29:24.9502211Z   submodules: false
project81 k6 proof on ronan	Checkout proof catalog	2026-07-09T05:29:24.9502988Z   set-safe-directory: true
project81 k6 proof on ronan	Checkout proof catalog	2026-07-09T05:29:24.9503817Z env:
project81 k6 proof on ronan	Checkout proof catalog	2026-07-09T05:29:24.9504496Z   TARGET_PRINCE: ronan
project81 k6 proof on ronan	Checkout proof catalog	2026-07-09T05:29:24.9505441Z   CANDIDATE_SHA: 5292af40d0ad5303b85a678f6e629503a8725848
project81 k6 proof on ronan	Checkout proof catalog	2026-07-09T05:29:24.9506593Z   TARGET_REF: 
project81 k6 proof on ronan	Checkout proof catalog	2026-07-09T05:29:24.9507311Z   ROWS: R-CW-2
project81 k6 proof on ronan	Checkout proof catalog	2026-07-09T05:29:24.9508021Z   K6SCENARIOS: 
project81 k6 proof on ronan	Checkout proof catalog	2026-07-09T05:29:24.9508798Z   SESSION_SELECTOR: p81-5292-ronan-r-cw-2
project81 k6 proof on ronan	Checkout proof catalog	2026-07-09T05:29:24.9509840Z   MANIFEST_PATH: project81-k6/manifest.json
project81 k6 proof on ronan	Checkout proof catalog	2026-07-09T05:29:24.9510897Z   DOCS_REF: scribe/20260708/proofs-5292-rerun
project81 k6 proof on ronan	Checkout proof catalog	2026-07-09T05:29:24.9511907Z   USE_DOCS_CATALOG: true
project81 k6 proof on ronan	Checkout proof catalog	2026-07-09T05:29:24.9512720Z   DRY_RUN: false
project81 k6 proof on ronan	Checkout proof catalog	2026-07-09T05:29:24.9513475Z   PROOFS_METRICS_PUSH: true
project81 k6 proof on ronan	Checkout proof catalog	2026-07-09T05:29:24.9514583Z   PROOFS_METRICS_OTLP_ENDPOINT: http://10.0.0.99:4318/v1/metrics
project81 k6 proof on ronan	Checkout proof catalog	2026-07-09T05:29:24.9515811Z   OPENCLAW_ALT_MODEL: 
project81 k6 proof on ronan	Checkout proof catalog	2026-07-09T05:29:24.9516742Z   OPENCLAW_CREATE_DISPOSABLE_SESSION: true
project81 k6 proof on ronan	Checkout proof catalog	2026-07-09T05:29:24.9517811Z   OPENCLAW_CREATE_DISPOSABLE_SESSIONS: true
project81 k6 proof on ronan	Checkout proof catalog	2026-07-09T05:29:24.9519121Z   REASON: P81 5292 individual row R-CW-2 after split-run partial blocking
project81 k6 proof on ronan	Checkout proof catalog	2026-07-09T05:29:24.9520413Z ##[endgroup]
project81 k6 proof on ronan	Checkout proof catalog	2026-07-09T05:29:25.0114404Z Syncing repository: karmaterminal/karmaterminal-openclaw-docs
project81 k6 proof on ronan	Checkout proof catalog	2026-07-09T05:29:25.0115463Z ##[group]Getting Git version info
project81 k6 proof on ronan	Checkout proof catalog	2026-07-09T05:29:25.0116587Z Working directory is '/home/figs/actions-runner/_work/openclaw-bootstrap/openclaw-bootstrap/karmaterminal-openclaw-docs'
project81 k6 proof on ronan	Checkout proof catalog	2026-07-09T05:29:25.0136392Z [command]/usr/bin/git version
project81 k6 proof on ronan	Checkout proof catalog	2026-07-09T05:29:25.0158918Z git version 2.43.0
project81 k6 proof on ronan	Checkout proof catalog	2026-07-09T05:29:25.0167626Z ##[endgroup]
project81 k6 proof on ronan	Checkout proof catalog	2026-07-09T05:29:25.0172249Z Copying '/home/figs/.gitconfig' to '/home/figs/actions-runner/_work/_temp/30060e0c-edb8-4013-a69e-d9b5eccf29ce/.gitconfig'
project81 k6 proof on ronan	Checkout proof catalog	2026-07-09T05:29:25.0180901Z Temporarily overriding HOME='/home/figs/actions-runner/_work/_temp/30060e0c-edb8-4013-a69e-d9b5eccf29ce' before making global git config changes
project81 k6 proof on ronan	Checkout proof catalog	2026-07-09T05:29:25.0183623Z Adding repository directory to the temporary git global config as a safe directory
project81 k6 proof on ronan	Checkout proof catalog	2026-07-09T05:29:25.0186369Z [command]/usr/bin/git config --global --add safe.directory /home/figs/actions-runner/_work/openclaw-bootstrap/openclaw-bootstrap/karmaterminal-openclaw-docs
project81 k6 proof on ronan	Checkout proof catalog	2026-07-09T05:29:25.0286309Z [command]/usr/bin/git config --local --get remote.origin.url
project81 k6 proof on ronan	Checkout proof catalog	2026-07-09T05:29:25.0309869Z https://github.com/karmaterminal/karmaterminal-openclaw-docs
project81 k6 proof on ronan	Checkout proof catalog	2026-07-09T05:29:25.0322571Z ##[group]Removing previously created refs, to avoid conflicts
project81 k6 proof on ronan	Checkout proof catalog	2026-07-09T05:29:25.0324233Z [command]/usr/bin/git rev-parse --symbolic-full-name --verify --quiet HEAD
project81 k6 proof on ronan	Checkout proof catalog	2026-07-09T05:29:25.0345210Z refs/heads/scribe/20260708/proofs-5292-rerun
project81 k6 proof on ronan	Checkout proof catalog	2026-07-09T05:29:25.0351220Z [command]/usr/bin/git checkout --detach
project81 k6 proof on ronan	Checkout proof catalog	2026-07-09T05:29:25.0509603Z HEAD is now at cc408f7 PROOFS: seed Project 81 rerun corpus for 5292af40
project81 k6 proof on ronan	Checkout proof catalog	2026-07-09T05:29:25.0534159Z [command]/usr/bin/git branch --delete --force scribe/20260708/proofs-5292-rerun
project81 k6 proof on ronan	Checkout proof catalog	2026-07-09T05:29:25.0563306Z Deleted branch scribe/20260708/proofs-5292-rerun (was cc408f7).
project81 k6 proof on ronan	Checkout proof catalog	2026-07-09T05:29:25.0583670Z ##[endgroup]
project81 k6 proof on ronan	Checkout proof catalog	2026-07-09T05:29:25.0584881Z [command]/usr/bin/git submodule status
project81 k6 proof on ronan	Checkout proof catalog	2026-07-09T05:29:25.0798450Z ##[group]Cleaning the repository
project81 k6 proof on ronan	Checkout proof catalog	2026-07-09T05:29:25.0799482Z [command]/usr/bin/git clean -ffdx
project81 k6 proof on ronan	Checkout proof catalog	2026-07-09T05:29:25.1133136Z [command]/usr/bin/git reset --hard HEAD
project81 k6 proof on ronan	Checkout proof catalog	2026-07-09T05:29:25.1436047Z HEAD is now at cc408f7 PROOFS: seed Project 81 rerun corpus for 5292af40
project81 k6 proof on ronan	Checkout proof catalog	2026-07-09T05:29:25.1445287Z ##[endgroup]
project81 k6 proof on ronan	Checkout proof catalog	2026-07-09T05:29:25.1447620Z ##[group]Disabling automatic garbage collection
project81 k6 proof on ronan	Checkout proof catalog	2026-07-09T05:29:25.1454641Z [command]/usr/bin/git config --local gc.auto 0
project81 k6 proof on ronan	Checkout proof catalog	2026-07-09T05:29:25.1487792Z ##[endgroup]
project81 k6 proof on ronan	Checkout proof catalog	2026-07-09T05:29:25.1489029Z ##[group]Setting up auth
project81 k6 proof on ronan	Checkout proof catalog	2026-07-09T05:29:25.1496052Z [command]/usr/bin/git config --local --name-only --get-regexp core\.sshCommand
project81 k6 proof on ronan	Checkout proof catalog	2026-07-09T05:29:25.1533833Z [command]/usr/bin/git submodule foreach --recursive sh -c "git config --local --name-only --get-regexp 'core\.sshCommand' && git config --local --unset-all 'core.sshCommand' || :"
project81 k6 proof on ronan	Checkout proof catalog	2026-07-09T05:29:25.1768483Z [command]/usr/bin/git config --local --name-only --get-regexp http\.https\:\/\/github\.com\/\.extraheader
project81 k6 proof on ronan	Checkout proof catalog	2026-07-09T05:29:25.1806165Z [command]/usr/bin/git submodule foreach --recursive sh -c "git config --local --name-only --get-regexp 'http\.https\:\/\/github\.com\/\.extraheader' && git config --local --unset-all 'http.https://github.com/.extraheader' || :"
project81 k6 proof on ronan	Checkout proof catalog	2026-07-09T05:29:25.2042933Z [command]/usr/bin/git config --local --name-only --get-regexp ^includeIf\.gitdir:
project81 k6 proof on ronan	Checkout proof catalog	2026-07-09T05:29:25.2083201Z [command]/usr/bin/git submodule foreach --recursive git config --local --show-origin --name-only --get-regexp remote.origin.url
project81 k6 proof on ronan	Checkout proof catalog	2026-07-09T05:29:25.2304040Z [command]/usr/bin/git config --local http.https://github.com/.extraheader AUTHORIZATION: basic ***
project81 k6 proof on ronan	Checkout proof catalog	2026-07-09T05:29:25.2348771Z ##[endgroup]
project81 k6 proof on ronan	Checkout proof catalog	2026-07-09T05:29:25.2357468Z ##[group]Fetching the repository
project81 k6 proof on ronan	Checkout proof catalog	2026-07-09T05:29:25.2361258Z [command]/usr/bin/git -c protocol.version=2 fetch --no-tags --prune --no-recurse-submodules --depth=1 origin +refs/heads/scribe/20260708/proofs-5292-rerun*:refs/remotes/origin/scribe/20260708/proofs-5292-rerun* +refs/tags/scribe/20260708/proofs-5292-rerun*:refs/tags/scribe/20260708/proofs-5292-rerun*
project81 k6 proof on ronan	Checkout proof catalog	2026-07-09T05:29:25.7600454Z ##[endgroup]
project81 k6 proof on ronan	Checkout proof catalog	2026-07-09T05:29:25.7601008Z ##[group]Determining the checkout info
project81 k6 proof on ronan	Checkout proof catalog	2026-07-09T05:29:25.7606995Z [command]/usr/bin/git branch --list --remote origin/scribe/20260708/proofs-5292-rerun
project81 k6 proof on ronan	Checkout proof catalog	2026-07-09T05:29:25.7637065Z   origin/scribe/20260708/proofs-5292-rerun
project81 k6 proof on ronan	Checkout proof catalog	2026-07-09T05:29:25.7639691Z ##[endgroup]
project81 k6 proof on ronan	Checkout proof catalog	2026-07-09T05:29:25.7643034Z [command]/usr/bin/git sparse-checkout disable
project81 k6 proof on ronan	Checkout proof catalog	2026-07-09T05:29:25.7819529Z [command]/usr/bin/git config --local --unset-all extensions.worktreeConfig
project81 k6 proof on ronan	Checkout proof catalog	2026-07-09T05:29:25.7843660Z ##[group]Checking out the ref
project81 k6 proof on ronan	Checkout proof catalog	2026-07-09T05:29:25.7845397Z [command]/usr/bin/git checkout --progress --force -B scribe/20260708/proofs-5292-rerun refs/remotes/origin/scribe/20260708/proofs-5292-rerun
project81 k6 proof on ronan	Checkout proof catalog	2026-07-09T05:29:25.8078871Z Switched to a new branch 'scribe/20260708/proofs-5292-rerun'
project81 k6 proof on ronan	Checkout proof catalog	2026-07-09T05:29:25.8079744Z branch 'scribe/20260708/proofs-5292-rerun' set up to track 'origin/scribe/20260708/proofs-5292-rerun'.
project81 k6 proof on ronan	Checkout proof catalog	2026-07-09T05:29:25.8081718Z ##[endgroup]
project81 k6 proof on ronan	Checkout proof catalog	2026-07-09T05:29:25.8111399Z [command]/usr/bin/git log -1 --format=%H
project81 k6 proof on ronan	Checkout proof catalog	2026-07-09T05:29:25.8141481Z cc408f75eaf760d01224a93f3326f9a8a837e114
project81 k6 proof on ronan	Run Project 81 k6 proof wrapper	﻿2026-07-09T05:29:25.8300056Z ##[group]Run set -euo pipefail
project81 k6 proof on ronan	Run Project 81 k6 proof wrapper	2026-07-09T05:29:25.8300575Z [36;1mset -euo pipefail[0m
project81 k6 proof on ronan	Run Project 81 k6 proof wrapper	2026-07-09T05:29:25.8300909Z [36;1mcd openclaw-bootstrap[0m
project81 k6 proof on ronan	Run Project 81 k6 proof wrapper	2026-07-09T05:29:25.8301374Z [36;1msummary_output="$(scripts/project81-k6-proof/run.sh)"[0m
project81 k6 proof on ronan	Run Project 81 k6 proof wrapper	2026-07-09T05:29:25.8312469Z [36;1msummary_path="$(printf '%s\n' "${summary_output}" | tail -n 1)"[0m
project81 k6 proof on ronan	Run Project 81 k6 proof wrapper	2026-07-09T05:29:25.8312946Z [36;1mtest -f "${summary_path}"[0m
project81 k6 proof on ronan	Run Project 81 k6 proof wrapper	2026-07-09T05:29:25.8313335Z [36;1mecho "summary_path=${summary_path}" >> "$GITHUB_OUTPUT"[0m
project81 k6 proof on ronan	Run Project 81 k6 proof wrapper	2026-07-09T05:29:25.8313810Z [36;1mecho "### Project 81 k6 proof" >> "$GITHUB_STEP_SUMMARY"[0m
project81 k6 proof on ronan	Run Project 81 k6 proof wrapper	2026-07-09T05:29:25.8314216Z [36;1mecho "" >> "$GITHUB_STEP_SUMMARY"[0m
project81 k6 proof on ronan	Run Project 81 k6 proof wrapper	2026-07-09T05:29:25.8314675Z [36;1mecho "- target prince: ${TARGET_PRINCE}" >> "$GITHUB_STEP_SUMMARY"[0m
project81 k6 proof on ronan	Run Project 81 k6 proof wrapper	2026-07-09T05:29:25.8315546Z [36;1mecho "- rows: ${ROWS}" >> "$GITHUB_STEP_SUMMARY"[0m
project81 k6 proof on ronan	Run Project 81 k6 proof wrapper	2026-07-09T05:29:25.8315985Z [36;1mecho "- dry run: ${DRY_RUN}" >> "$GITHUB_STEP_SUMMARY"[0m
project81 k6 proof on ronan	Run Project 81 k6 proof wrapper	2026-07-09T05:29:25.8316596Z [36;1mecho "- alt model: ${OPENCLAW_ALT_MODEL:-}" >> "$GITHUB_STEP_SUMMARY"[0m
project81 k6 proof on ronan	Run Project 81 k6 proof wrapper	2026-07-09T05:29:25.8317146Z [36;1mecho "- reason: ${REASON:-}" >> "$GITHUB_STEP_SUMMARY"[0m
project81 k6 proof on ronan	Run Project 81 k6 proof wrapper	2026-07-09T05:29:25.8317637Z [36;1mecho "- summary: \`${summary_path}\`" >> "$GITHUB_STEP_SUMMARY"[0m
project81 k6 proof on ronan	Run Project 81 k6 proof wrapper	2026-07-09T05:29:25.8318100Z [36;1mecho "" >> "$GITHUB_STEP_SUMMARY"[0m
project81 k6 proof on ronan	Run Project 81 k6 proof wrapper	2026-07-09T05:29:25.8318503Z [36;1mecho '```json' >> "$GITHUB_STEP_SUMMARY"[0m
project81 k6 proof on ronan	Run Project 81 k6 proof wrapper	2026-07-09T05:29:25.8318902Z [36;1mjq . "${summary_path}" >> "$GITHUB_STEP_SUMMARY"[0m
project81 k6 proof on ronan	Run Project 81 k6 proof wrapper	2026-07-09T05:29:25.8319292Z [36;1mecho '```' >> "$GITHUB_STEP_SUMMARY"[0m
project81 k6 proof on ronan	Run Project 81 k6 proof wrapper	2026-07-09T05:29:25.8360946Z shell: /usr/bin/bash -e {0}
project81 k6 proof on ronan	Run Project 81 k6 proof wrapper	2026-07-09T05:29:25.8361289Z env:
project81 k6 proof on ronan	Run Project 81 k6 proof wrapper	2026-07-09T05:29:25.8361522Z   TARGET_PRINCE: ronan
project81 k6 proof on ronan	Run Project 81 k6 proof wrapper	2026-07-09T05:29:25.8361874Z   CANDIDATE_SHA: 5292af40d0ad5303b85a678f6e629503a8725848
project81 k6 proof on ronan	Run Project 81 k6 proof wrapper	2026-07-09T05:29:25.8362237Z   TARGET_REF: 
project81 k6 proof on ronan	Run Project 81 k6 proof wrapper	2026-07-09T05:29:25.8362479Z   ROWS: R-CW-2
project81 k6 proof on ronan	Run Project 81 k6 proof wrapper	2026-07-09T05:29:25.8362712Z   K6SCENARIOS: 
project81 k6 proof on ronan	Run Project 81 k6 proof wrapper	2026-07-09T05:29:25.8362981Z   SESSION_SELECTOR: p81-5292-ronan-r-cw-2
project81 k6 proof on ronan	Run Project 81 k6 proof wrapper	2026-07-09T05:29:25.8363339Z   MANIFEST_PATH: project81-k6/manifest.json
project81 k6 proof on ronan	Run Project 81 k6 proof wrapper	2026-07-09T05:29:25.8363697Z   DOCS_REF: scribe/20260708/proofs-5292-rerun
project81 k6 proof on ronan	Run Project 81 k6 proof wrapper	2026-07-09T05:29:25.8364042Z   USE_DOCS_CATALOG: true
project81 k6 proof on ronan	Run Project 81 k6 proof wrapper	2026-07-09T05:29:25.8364309Z   DRY_RUN: false
project81 k6 proof on ronan	Run Project 81 k6 proof wrapper	2026-07-09T05:29:25.8364561Z   PROOFS_METRICS_PUSH: true
project81 k6 proof on ronan	Run Project 81 k6 proof wrapper	2026-07-09T05:29:25.8365048Z   PROOFS_METRICS_OTLP_ENDPOINT: http://10.0.0.99:4318/v1/metrics
project81 k6 proof on ronan	Run Project 81 k6 proof wrapper	2026-07-09T05:29:25.8365462Z   OPENCLAW_ALT_MODEL: 
project81 k6 proof on ronan	Run Project 81 k6 proof wrapper	2026-07-09T05:29:25.8365748Z   OPENCLAW_CREATE_DISPOSABLE_SESSION: true
project81 k6 proof on ronan	Run Project 81 k6 proof wrapper	2026-07-09T05:29:25.8366112Z   OPENCLAW_CREATE_DISPOSABLE_SESSIONS: true
project81 k6 proof on ronan	Run Project 81 k6 proof wrapper	2026-07-09T05:29:25.8366714Z   REASON: P81 5292 individual row R-CW-2 after split-run partial blocking
project81 k6 proof on ronan	Run Project 81 k6 proof wrapper	2026-07-09T05:29:25.8367152Z ##[endgroup]
project81 k6 proof on ronan	Run Project 81 k6 proof wrapper	2026-07-09T05:29:27.0320002Z [project81-k6] proof metrics OTLP push enabled for live run
project81 k6 proof on ronan	Run Project 81 k6 proof wrapper	2026-07-09T05:29:27.0321296Z [project81-k6] using docs catalog at /home/figs/actions-runner/_work/openclaw-bootstrap/openclaw-bootstrap/openclaw-bootstrap/../karmaterminal-openclaw-docs ref=scribe/20260708/proofs-5292-rerun
project81 k6 proof on ronan	Run Project 81 k6 proof wrapper	2026-07-09T05:29:28.6503536Z ==========================================================
project81 k6 proof on ronan	Run Project 81 k6 proof wrapper	2026-07-09T05:29:28.6503849Z Project 81: Seat-Aware k6 Proof Runner
project81 k6 proof on ronan	Run Project 81 k6 proof wrapper	2026-07-09T05:29:28.6503989Z Seat: ronan
project81 k6 proof on ronan	Run Project 81 k6 proof wrapper	2026-07-09T05:29:28.6504127Z Target Candidate SHA: 5292af40d0ad5303b85a678f6e629503a8725848
project81 k6 proof on ronan	Run Project 81 k6 proof wrapper	2026-07-09T05:29:28.6504335Z Deployed Runtime SHA: OpenClaw 2026.6.11 (5292af4)
project81 k6 proof on ronan	Run Project 81 k6 proof wrapper	2026-07-09T05:29:28.6504494Z Session: p81-5292-ronan-r-cw-2
project81 k6 proof on ronan	Run Project 81 k6 proof wrapper	2026-07-09T05:29:28.6504979Z Artifact root: /home/figs/actions-runner/_work/openclaw-bootstrap/openclaw-bootstrap/openclaw-bootstrap/PROOFS/24838c4d470804425da59279647745dcac555a25/project81-k6/20260709T052927Z-ronan-dgx-4127285
project81 k6 proof on ronan	Run Project 81 k6 proof wrapper	2026-07-09T05:29:28.6505468Z Rows: R-CW-2
project81 k6 proof on ronan	Run Project 81 k6 proof wrapper	2026-07-09T05:29:28.6505591Z Dry Run: false
project81 k6 proof on ronan	Run Project 81 k6 proof wrapper	2026-07-09T05:29:28.6505702Z ==========================================================
project81 k6 proof on ronan	Run Project 81 k6 proof wrapper	2026-07-09T05:29:28.6519928Z Running seat-readiness preflight (k6/tooling/gateway/continuation config)...
project81 k6 proof on ronan	Run Project 81 k6 proof wrapper	2026-07-09T05:29:29.5645909Z SEAT READINESS: /home/figs/actions-runner/_work/openclaw-bootstrap/openclaw-bootstrap/openclaw-bootstrap/PROOFS/24838c4d470804425da59279647745dcac555a25/project81-k6/20260709T052927Z-ronan-dgx-4127285/seat-readiness.json
project81 k6 proof on ronan	Run Project 81 k6 proof wrapper	2026-07-09T05:29:29.6029437Z 
project81 k6 proof on ronan	Run Project 81 k6 proof wrapper	2026-07-09T05:29:29.6030477Z ----------------------------------------
project81 k6 proof on ronan	Run Project 81 k6 proof wrapper	2026-07-09T05:29:29.6030812Z Row: R-CW-2
project81 k6 proof on ronan	Run Project 81 k6 proof wrapper	2026-07-09T05:29:29.6031427Z Manifest: /home/figs/actions-runner/_work/openclaw-bootstrap/openclaw-bootstrap/karmaterminal-openclaw-docs/tools/k6-proofs/manifests/r-cw-2.json
project81 k6 proof on ronan	Run Project 81 k6 proof wrapper	2026-07-09T05:29:29.6032138Z Scenario: scenarios/r-cw-2-immediate-wake.js
project81 k6 proof on ronan	Run Project 81 k6 proof wrapper	2026-07-09T05:29:29.6032414Z Status: runnable
project81 k6 proof on ronan	Run Project 81 k6 proof wrapper	2026-07-09T05:29:29.6032606Z Live Safety: k6-runnable
project81 k6 proof on ronan	Run Project 81 k6 proof wrapper	2026-07-09T05:29:29.6032817Z [R-CW-2] RUNNING...
project81 k6 proof on ronan	Run Project 81 k6 proof wrapper	2026-07-09T05:29:29.6283247Z 
project81 k6 proof on ronan	Run Project 81 k6 proof wrapper	2026-07-09T05:29:29.6285000Z          /\      Grafana   /‾‾/  
project81 k6 proof on ronan	Run Project 81 k6 proof wrapper	2026-07-09T05:29:29.6285278Z     /\  /  \     |\  __   /  /   
project81 k6 proof on ronan	Run Project 81 k6 proof wrapper	2026-07-09T05:29:29.6285548Z    /  \/    \    | |/ /  /   ‾‾\ 
project81 k6 proof on ronan	Run Project 81 k6 proof wrapper	2026-07-09T05:29:29.6285810Z   /          \   |   (  |  (‾)  |
project81 k6 proof on ronan	Run Project 81 k6 proof wrapper	2026-07-09T05:29:29.6287779Z  / __________ \  |_|\_\  \_____/ 
project81 k6 proof on ronan	Run Project 81 k6 proof wrapper	2026-07-09T05:29:29.6287940Z 
project81 k6 proof on ronan	Run Project 81 k6 proof wrapper	2026-07-09T05:29:29.6287947Z 
project81 k6 proof on ronan	Run Project 81 k6 proof wrapper	2026-07-09T05:29:29.6288028Z      execution: local
project81 k6 proof on ronan	Run Project 81 k6 proof wrapper	2026-07-09T05:29:29.6288272Z         script: scenarios/r-cw-2-immediate-wake.js
project81 k6 proof on ronan	Run Project 81 k6 proof wrapper	2026-07-09T05:29:29.6288560Z         output: -
project81 k6 proof on ronan	Run Project 81 k6 proof wrapper	2026-07-09T05:29:29.6288673Z 
project81 k6 proof on ronan	Run Project 81 k6 proof wrapper	2026-07-09T05:29:29.6288915Z      scenarios: (100.00%) 1 scenario, 1 max VUs, 2m30s max duration (incl. graceful stop):
project81 k6 proof on ronan	Run Project 81 k6 proof wrapper	2026-07-09T05:29:29.6289521Z               * r_cw_2_immediate_wake: 1 iterations shared among 1 VUs (maxDuration: 2m0s, gracefulStop: 30s)
project81 k6 proof on ronan	Run Project 81 k6 proof wrapper	2026-07-09T05:29:29.6289938Z 
project81 k6 proof on ronan	Run Project 81 k6 proof wrapper	2026-07-09T05:29:30.0500127Z time="2026-07-08T22:29:30-07:00" level=info msg="✓ disposable session created: agent:main:r-cw-2-r-cw-2-1783574969629-esa35spr" source=console
project81 k6 proof on ronan	Run Project 81 k6 proof wrapper	2026-07-09T05:29:30.5883372Z time="2026-07-08T22:29:30-07:00" level=info msg="✓ sessions.send accepted — immediate continue_work turn triggered" source=console
project81 k6 proof on ronan	Run Project 81 k6 proof wrapper	2026-07-09T05:29:30.6300273Z 
project81 k6 proof on ronan	Run Project 81 k6 proof wrapper	2026-07-09T05:29:30.6301803Z running (0m01.0s), 1/1 VUs, 0 complete and 0 interrupted iterations
project81 k6 proof on ronan	Run Project 81 k6 proof wrapper	2026-07-09T05:29:30.6302312Z r_cw_2_immediate_wake   [   0% ] 1 VUs  0m01.0s/2m0s  0/1 shared iters
project81 k6 proof on ronan	Run Project 81 k6 proof wrapper	2026-07-09T05:29:31.6290936Z 
project81 k6 proof on ronan	Run Project 81 k6 proof wrapper	2026-07-09T05:29:31.6292397Z running (0m02.0s), 1/1 VUs, 0 complete and 0 interrupted iterations
project81 k6 proof on ronan	Run Project 81 k6 proof wrapper	2026-07-09T05:29:31.6292873Z r_cw_2_immediate_wake   [   0% ] 1 VUs  0m02.0s/2m0s  0/1 shared iters
project81 k6 proof on ronan	Run Project 81 k6 proof wrapper	2026-07-09T05:29:32.6290939Z 
project81 k6 proof on ronan	Run Project 81 k6 proof wrapper	2026-07-09T05:29:32.6291576Z running (0m03.0s), 1/1 VUs, 0 complete and 0 interrupted iterations
project81 k6 proof on ronan	Run Project 81 k6 proof wrapper	2026-07-09T05:29:32.6292039Z r_cw_2_immediate_wake   [   0% ] 1 VUs  0m03.0s/2m0s  0/1 shared iters
project81 k6 proof on ronan	Run Project 81 k6 proof wrapper	2026-07-09T05:29:33.6293652Z 
project81 k6 proof on ronan	Run Project 81 k6 proof wrapper	2026-07-09T05:29:33.6295203Z running (0m04.0s), 1/1 VUs, 0 complete and 0 interrupted iterations
project81 k6 proof on ronan	Run Project 81 k6 proof wrapper	2026-07-09T05:29:33.6295520Z r_cw_2_immediate_wake   [   0% ] 1 VUs  0m04.0s/2m0s  0/1 shared iters
project81 k6 proof on ronan	Run Project 81 k6 proof wrapper	2026-07-09T05:29:34.6291634Z 
project81 k6 proof on ronan	Run Project 81 k6 proof wrapper	2026-07-09T05:29:34.6292088Z running (0m05.0s), 1/1 VUs, 0 complete and 0 interrupted iterations
project81 k6 proof on ronan	Run Project 81 k6 proof wrapper	2026-07-09T05:29:34.6292556Z r_cw_2_immediate_wake   [   0% ] 1 VUs  0m05.0s/2m0s  0/1 shared iters
project81 k6 proof on ronan	Run Project 81 k6 proof wrapper	2026-07-09T05:29:35.6293575Z 
project81 k6 proof on ronan	Run Project 81 k6 proof wrapper	2026-07-09T05:29:35.6294881Z running (0m06.0s), 1/1 VUs, 0 complete and 0 interrupted iterations
project81 k6 proof on ronan	Run Project 81 k6 proof wrapper	2026-07-09T05:29:35.6295346Z r_cw_2_immediate_wake   [   0% ] 1 VUs  0m06.0s/2m0s  0/1 shared iters
project81 k6 proof on ronan	Run Project 81 k6 proof wrapper	2026-07-09T05:29:36.6290747Z 
project81 k6 proof on ronan	Run Project 81 k6 proof wrapper	2026-07-09T05:29:36.6294628Z running (0m07.0s), 1/1 VUs, 0 complete and 0 interrupted iterations
project81 k6 proof on ronan	Run Project 81 k6 proof wrapper	2026-07-09T05:29:36.6295003Z r_cw_2_immediate_wake   [   0% ] 1 VUs  0m07.0s/2m0s  0/1 shared iters
project81 k6 proof on ronan	Run Project 81 k6 proof wrapper	2026-07-09T05:29:37.6296066Z 
project81 k6 proof on ronan	Run Project 81 k6 proof wrapper	2026-07-09T05:29:37.6297532Z running (0m08.0s), 1/1 VUs, 0 complete and 0 interrupted iterations
project81 k6 proof on ronan	Run Project 81 k6 proof wrapper	2026-07-09T05:29:37.6298007Z r_cw_2_immediate_wake   [   0% ] 1 VUs  0m08.0s/2m0s  0/1 shared iters
project81 k6 proof on ronan	Run Project 81 k6 proof wrapper	2026-07-09T05:29:38.6296384Z 
project81 k6 proof on ronan	Run Project 81 k6 proof wrapper	2026-07-09T05:29:38.6297946Z running (0m09.0s), 1/1 VUs, 0 complete and 0 interrupted iterations
project81 k6 proof on ronan	Run Project 81 k6 proof wrapper	2026-07-09T05:29:38.6298417Z r_cw_2_immediate_wake   [   0% ] 1 VUs  0m09.0s/2m0s  0/1 shared iters
project81 k6 proof on ronan	Run Project 81 k6 proof wrapper	2026-07-09T05:29:39.6299277Z 
project81 k6 proof on ronan	Run Project 81 k6 proof wrapper	2026-07-09T05:29:39.6299764Z running (0m10.0s), 1/1 VUs, 0 complete and 0 interrupted iterations
project81 k6 proof on ronan	Run Project 81 k6 proof wrapper	2026-07-09T05:29:39.6300921Z r_cw_2_immediate_wake   [   0% ] 1 VUs  0m10.0s/2m0s  0/1 shared iters
project81 k6 proof on ronan	Run Project 81 k6 proof wrapper	2026-07-09T05:29:40.6287050Z 
project81 k6 proof on ronan	Run Project 81 k6 proof wrapper	2026-07-09T05:29:40.6287466Z running (0m11.0s), 1/1 VUs, 0 complete and 0 interrupted iterations
project81 k6 proof on ronan	Run Project 81 k6 proof wrapper	2026-07-09T05:29:40.6287926Z r_cw_2_immediate_wake   [   0% ] 1 VUs  0m11.0s/2m0s  0/1 shared iters
project81 k6 proof on ronan	Run Project 81 k6 proof wrapper	2026-07-09T05:29:41.6294510Z 
project81 k6 proof on ronan	Run Project 81 k6 proof wrapper	2026-07-09T05:29:41.6296181Z running (0m12.0s), 1/1 VUs, 0 complete and 0 interrupted iterations
project81 k6 proof on ronan	Run Project 81 k6 proof wrapper	2026-07-09T05:29:41.6296826Z r_cw_2_immediate_wake   [   0% ] 1 VUs  0m12.0s/2m0s  0/1 shared iters
project81 k6 proof on ronan	Run Project 81 k6 proof wrapper	2026-07-09T05:29:42.6297789Z 
project81 k6 proof on ronan	Run Project 81 k6 proof wrapper	2026-07-09T05:29:42.6299229Z running (0m13.0s), 1/1 VUs, 0 complete and 0 interrupted iterations
project81 k6 proof on ronan	Run Project 81 k6 proof wrapper	2026-07-09T05:29:42.6300404Z r_cw_2_immediate_wake   [   0% ] 1 VUs  0m13.0s/2m0s  0/1 shared iters
project81 k6 proof on ronan	Run Project 81 k6 proof wrapper	2026-07-09T05:29:43.6289498Z 
project81 k6 proof on ronan	Run Project 81 k6 proof wrapper	2026-07-09T05:29:43.6291052Z running (0m14.0s), 1/1 VUs, 0 complete and 0 interrupted iterations
project81 k6 proof on ronan	Run Project 81 k6 proof wrapper	2026-07-09T05:29:43.6291329Z r_cw_2_immediate_wake   [   0% ] 1 VUs  0m14.0s/2m0s  0/1 shared iters
project81 k6 proof on ronan	Run Project 81 k6 proof wrapper	2026-07-09T05:29:44.6297505Z 
project81 k6 proof on ronan	Run Project 81 k6 proof wrapper	2026-07-09T05:29:44.6299163Z running (0m15.0s), 1/1 VUs, 0 complete and 0 interrupted iterations
project81 k6 proof on ronan	Run Project 81 k6 proof wrapper	2026-07-09T05:29:44.6299518Z r_cw_2_immediate_wake   [   0% ] 1 VUs  0m15.0s/2m0s  0/1 shared iters
project81 k6 proof on ronan	Run Project 81 k6 proof wrapper	2026-07-09T05:29:45.6297502Z 
project81 k6 proof on ronan	Run Project 81 k6 proof wrapper	2026-07-09T05:29:45.6299116Z running (0m16.0s), 1/1 VUs, 0 complete and 0 interrupted iterations
project81 k6 proof on ronan	Run Project 81 k6 proof wrapper	2026-07-09T05:29:45.6299584Z r_cw_2_immediate_wake   [   0% ] 1 VUs  0m16.0s/2m0s  0/1 shared iters
project81 k6 proof on ronan	Run Project 81 k6 proof wrapper	2026-07-09T05:29:46.6288600Z 
project81 k6 proof on ronan	Run Project 81 k6 proof wrapper	2026-07-09T05:29:46.6289468Z running (0m17.0s), 1/1 VUs, 0 complete and 0 interrupted iterations
project81 k6 proof on ronan	Run Project 81 k6 proof wrapper	2026-07-09T05:29:46.6289811Z r_cw_2_immediate_wake   [   0% ] 1 VUs  0m17.0s/2m0s  0/1 shared iters
project81 k6 proof on ronan	Run Project 81 k6 proof wrapper	2026-07-09T05:29:47.5588223Z time="2026-07-08T22:29:47-07:00" level=info msg="✓ CW2-SCHEDULED sentinel observed" source=console
project81 k6 proof on ronan	Run Project 81 k6 proof wrapper	2026-07-09T05:29:47.6289934Z 
project81 k6 proof on ronan	Run Project 81 k6 proof wrapper	2026-07-09T05:29:47.6290409Z running (0m18.0s), 1/1 VUs, 0 complete and 0 interrupted iterations
project81 k6 proof on ronan	Run Project 81 k6 proof wrapper	2026-07-09T05:29:47.6290892Z r_cw_2_immediate_wake   [   0% ] 1 VUs  0m18.0s/2m0s  0/1 shared iters
project81 k6 proof on ronan	Run Project 81 k6 proof wrapper	2026-07-09T05:29:48.6298488Z 
project81 k6 proof on ronan	Run Project 81 k6 proof wrapper	2026-07-09T05:29:48.6300250Z running (0m19.0s), 1/1 VUs, 0 complete and 0 interrupted iterations
project81 k6 proof on ronan	Run Project 81 k6 proof wrapper	2026-07-09T05:29:48.6300718Z r_cw_2_immediate_wake   [   0% ] 1 VUs  0m19.0s/2m0s  0/1 shared iters
project81 k6 proof on ronan	Run Project 81 k6 proof wrapper	2026-07-09T05:29:49.6298091Z 
project81 k6 proof on ronan	Run Project 81 k6 proof wrapper	2026-07-09T05:29:49.6298560Z running (0m20.0s), 1/1 VUs, 0 complete and 0 interrupted iterations
project81 k6 proof on ronan	Run Project 81 k6 proof wrapper	2026-07-09T05:29:49.6299032Z r_cw_2_immediate_wake   [   0% ] 1 VUs  0m20.0s/2m0s  0/1 shared iters
project81 k6 proof on ronan	Run Project 81 k6 proof wrapper	2026-07-09T05:29:50.6301247Z 
project81 k6 proof on ronan	Run Project 81 k6 proof wrapper	2026-07-09T05:29:50.6302857Z running (0m21.0s), 1/1 VUs, 0 complete and 0 interrupted iterations
project81 k6 proof on ronan	Run Project 81 k6 proof wrapper	2026-07-09T05:29:50.6303332Z r_cw_2_immediate_wake   [   0% ] 1 VUs  0m21.0s/2m0s  0/1 shared iters
project81 k6 proof on ronan	Run Project 81 k6 proof wrapper	2026-07-09T05:29:51.6293522Z 
project81 k6 proof on ronan	Run Project 81 k6 proof wrapper	2026-07-09T05:29:51.6295102Z running (0m22.0s), 1/1 VUs, 0 complete and 0 interrupted iterations
project81 k6 proof on ronan	Run Project 81 k6 proof wrapper	2026-07-09T05:29:51.6295577Z r_cw_2_immediate_wake   [   0% ] 1 VUs  0m22.0s/2m0s  0/1 shared iters
project81 k6 proof on ronan	Run Project 81 k6 proof wrapper	2026-07-09T05:29:52.6292743Z 
project81 k6 proof on ronan	Run Project 81 k6 proof wrapper	2026-07-09T05:29:52.6294197Z running (0m23.0s), 1/1 VUs, 0 complete and 0 interrupted iterations
project81 k6 proof on ronan	Run Project 81 k6 proof wrapper	2026-07-09T05:29:52.6294770Z r_cw_2_immediate_wake   [   0% ] 1 VUs  0m23.0s/2m0s  0/1 shared iters
project81 k6 proof on ronan	Run Project 81 k6 proof wrapper	2026-07-09T05:29:53.6293431Z 
project81 k6 proof on ronan	Run Project 81 k6 proof wrapper	2026-07-09T05:29:53.6294405Z running (0m24.0s), 1/1 VUs, 0 complete and 0 interrupted iterations
project81 k6 proof on ronan	Run Project 81 k6 proof wrapper	2026-07-09T05:29:53.6294700Z r_cw_2_immediate_wake   [   0% ] 1 VUs  0m24.0s/2m0s  0/1 shared iters
project81 k6 proof on ronan	Run Project 81 k6 proof wrapper	2026-07-09T05:29:54.6297164Z 
project81 k6 proof on ronan	Run Project 81 k6 proof wrapper	2026-07-09T05:29:54.6298620Z running (0m25.0s), 1/1 VUs, 0 complete and 0 interrupted iterations
project81 k6 proof on ronan	Run Project 81 k6 proof wrapper	2026-07-09T05:29:54.6299087Z r_cw_2_immediate_wake   [   0% ] 1 VUs  0m25.0s/2m0s  0/1 shared iters
project81 k6 proof on ronan	Run Project 81 k6 proof wrapper	2026-07-09T05:29:55.6293880Z 
project81 k6 proof on ronan	Run Project 81 k6 proof wrapper	2026-07-09T05:29:55.6295412Z running (0m26.0s), 1/1 VUs, 0 complete and 0 interrupted iterations
project81 k6 proof on ronan	Run Project 81 k6 proof wrapper	2026-07-09T05:29:55.6296021Z r_cw_2_immediate_wake   [   0% ] 1 VUs  0m26.0s/2m0s  0/1 shared iters
project81 k6 proof on ronan	Run Project 81 k6 proof wrapper	2026-07-09T05:29:56.6293149Z 
project81 k6 proof on ronan	Run Project 81 k6 proof wrapper	2026-07-09T05:29:56.6293639Z running (0m27.0s), 1/1 VUs, 0 complete and 0 interrupted iterations
project81 k6 proof on ronan	Run Project 81 k6 proof wrapper	2026-07-09T05:29:56.6294116Z r_cw_2_immediate_wake   [   0% ] 1 VUs  0m27.0s/2m0s  0/1 shared iters
project81 k6 proof on ronan	Run Project 81 k6 proof wrapper	2026-07-09T05:29:57.6305880Z 
project81 k6 proof on ronan	Run Project 81 k6 proof wrapper	2026-07-09T05:29:57.6310784Z running (0m28.0s), 1/1 VUs, 0 complete and 0 interrupted iterations
project81 k6 proof on ronan	Run Project 81 k6 proof wrapper	2026-07-09T05:29:57.6314424Z r_cw_2_immediate_wake   [   0% ] 1 VUs  0m28.0s/2m0s  0/1 shared iters
project81 k6 proof on ronan	Run Project 81 k6 proof wrapper	2026-07-09T05:29:58.6291561Z 
project81 k6 proof on ronan	Run Project 81 k6 proof wrapper	2026-07-09T05:29:58.6293323Z running (0m29.0s), 1/1 VUs, 0 complete and 0 interrupted iterations
project81 k6 proof on ronan	Run Project 81 k6 proof wrapper	2026-07-09T05:29:58.6293793Z r_cw_2_immediate_wake   [   0% ] 1 VUs  0m29.0s/2m0s  0/1 shared iters
project81 k6 proof on ronan	Run Project 81 k6 proof wrapper	2026-07-09T05:29:59.6301938Z 
project81 k6 proof on ronan	Run Project 81 k6 proof wrapper	2026-07-09T05:29:59.6303476Z running (0m30.0s), 1/1 VUs, 0 complete and 0 interrupted iterations
project81 k6 proof on ronan	Run Project 81 k6 proof wrapper	2026-07-09T05:29:59.6303945Z r_cw_2_immediate_wake   [   0% ] 1 VUs  0m30.0s/2m0s  0/1 shared iters
project81 k6 proof on ronan	Run Project 81 k6 proof wrapper	2026-07-09T05:30:00.6288723Z 
project81 k6 proof on ronan	Run Project 81 k6 proof wrapper	2026-07-09T05:30:00.6290289Z running (0m31.0s), 1/1 VUs, 0 complete and 0 interrupted iterations
project81 k6 proof on ronan	Run Project 81 k6 proof wrapper	2026-07-09T05:30:00.6290572Z r_cw_2_immediate_wake   [   0% ] 1 VUs  0m31.0s/2m0s  0/1 shared iters
project81 k6 proof on ronan	Run Project 81 k6 proof wrapper	2026-07-09T05:30:01.6287366Z 
project81 k6 proof on ronan	Run Project 81 k6 proof wrapper	2026-07-09T05:30:01.6288038Z running (0m32.0s), 1/1 VUs, 0 complete and 0 interrupted iterations
project81 k6 proof on ronan	Run Project 81 k6 proof wrapper	2026-07-09T05:30:01.6289146Z r_cw_2_immediate_wake   [   0% ] 1 VUs  0m32.0s/2m0s  0/1 shared iters
project81 k6 proof on ronan	Run Project 81 k6 proof wrapper	2026-07-09T05:30:02.6295839Z 
project81 k6 proof on ronan	Run Project 81 k6 proof wrapper	2026-07-09T05:30:02.6297854Z running (0m33.0s), 1/1 VUs, 0 complete and 0 interrupted iterations
project81 k6 proof on ronan	Run Project 81 k6 proof wrapper	2026-07-09T05:30:02.6298326Z r_cw_2_immediate_wake   [   0% ] 1 VUs  0m33.0s/2m0s  0/1 shared iters
project81 k6 proof on ronan	Run Project 81 k6 proof wrapper	2026-07-09T05:30:03.6289182Z 
project81 k6 proof on ronan	Run Project 81 k6 proof wrapper	2026-07-09T05:30:03.6290909Z running (0m34.0s), 1/1 VUs, 0 complete and 0 interrupted iterations
project81 k6 proof on ronan	Run Project 81 k6 proof wrapper	2026-07-09T05:30:03.6291373Z r_cw_2_immediate_wake   [   0% ] 1 VUs  0m34.0s/2m0s  0/1 shared iters
project81 k6 proof on ronan	Run Project 81 k6 proof wrapper	2026-07-09T05:30:04.6297779Z 
project81 k6 proof on ronan	Run Project 81 k6 proof wrapper	2026-07-09T05:30:04.6299755Z running (0m35.0s), 1/1 VUs, 0 complete and 0 interrupted iterations
project81 k6 proof on ronan	Run Project 81 k6 proof wrapper	2026-07-09T05:30:04.6300476Z r_cw_2_immediate_wake   [   0% ] 1 VUs  0m35.0s/2m0s  0/1 shared iters
project81 k6 proof on ronan	Run Project 81 k6 proof wrapper	2026-07-09T05:30:05.6299878Z 
project81 k6 proof on ronan	Run Project 81 k6 proof wrapper	2026-07-09T05:30:05.6301207Z running (0m36.0s), 1/1 VUs, 0 complete and 0 interrupted iterations
project81 k6 proof on ronan	Run Project 81 k6 proof wrapper	2026-07-09T05:30:05.6301685Z r_cw_2_immediate_wake   [   0% ] 1 VUs  0m36.0s/2m0s  0/1 shared iters
project81 k6 proof on ronan	Run Project 81 k6 proof wrapper	2026-07-09T05:30:06.6304257Z 
project81 k6 proof on ronan	Run Project 81 k6 proof wrapper	2026-07-09T05:30:06.6305768Z running (0m37.0s), 1/1 VUs, 0 complete and 0 interrupted iterations
project81 k6 proof on ronan	Run Project 81 k6 proof wrapper	2026-07-09T05:30:06.6306236Z r_cw_2_immediate_wake   [   0% ] 1 VUs  0m37.0s/2m0s  0/1 shared iters
project81 k6 proof on ronan	Run Project 81 k6 proof wrapper	2026-07-09T05:30:07.6298365Z 
project81 k6 proof on ronan	Run Project 81 k6 proof wrapper	2026-07-09T05:30:07.6299801Z running (0m38.0s), 1/1 VUs, 0 complete and 0 interrupted iterations
project81 k6 proof on ronan	Run Project 81 k6 proof wrapper	2026-07-09T05:30:07.6300384Z r_cw_2_immediate_wake   [   0% ] 1 VUs  0m38.0s/2m0s  0/1 shared iters
project81 k6 proof on ronan	Run Project 81 k6 proof wrapper	2026-07-09T05:30:08.6285283Z 
project81 k6 proof on ronan	Run Project 81 k6 proof wrapper	2026-07-09T05:30:08.6285816Z running (0m39.0s), 1/1 VUs, 0 complete and 0 interrupted iterations
project81 k6 proof on ronan	Run Project 81 k6 proof wrapper	2026-07-09T05:30:08.6286292Z r_cw_2_immediate_wake   [   0% ] 1 VUs  0m39.0s/2m0s  0/1 shared iters
project81 k6 proof on ronan	Run Project 81 k6 proof wrapper	2026-07-09T05:30:09.6296795Z 
project81 k6 proof on ronan	Run Project 81 k6 proof wrapper	2026-07-09T05:30:09.6298301Z running (0m40.0s), 1/1 VUs, 0 complete and 0 interrupted iterations
project81 k6 proof on ronan	Run Project 81 k6 proof wrapper	2026-07-09T05:30:09.6298840Z r_cw_2_immediate_wake   [   0% ] 1 VUs  0m40.0s/2m0s  0/1 shared iters
project81 k6 proof on ronan	Run Project 81 k6 proof wrapper	2026-07-09T05:30:10.6302744Z 
project81 k6 proof on ronan	Run Project 81 k6 proof wrapper	2026-07-09T05:30:10.6304314Z running (0m41.0s), 1/1 VUs, 0 complete and 0 interrupted iterations
project81 k6 proof on ronan	Run Project 81 k6 proof wrapper	2026-07-09T05:30:10.6304939Z r_cw_2_immediate_wake   [   0% ] 1 VUs  0m41.0s/2m0s  0/1 shared iters
project81 k6 proof on ronan	Run Project 81 k6 proof wrapper	2026-07-09T05:30:11.6300310Z 
project81 k6 proof on ronan	Run Project 81 k6 proof wrapper	2026-07-09T05:30:11.6302220Z running (0m42.0s), 1/1 VUs, 0 complete and 0 interrupted iterations
project81 k6 proof on ronan	Run Project 81 k6 proof wrapper	2026-07-09T05:30:11.6302760Z r_cw_2_immediate_wake   [   0% ] 1 VUs  0m42.0s/2m0s  0/1 shared iters
project81 k6 proof on ronan	Run Project 81 k6 proof wrapper	2026-07-09T05:30:12.6286862Z 
project81 k6 proof on ronan	Run Project 81 k6 proof wrapper	2026-07-09T05:30:12.6287310Z running (0m43.0s), 1/1 VUs, 0 complete and 0 interrupted iterations
project81 k6 proof on ronan	Run Project 81 k6 proof wrapper	2026-07-09T05:30:12.6287784Z r_cw_2_immediate_wake   [   0% ] 1 VUs  0m43.0s/2m0s  0/1 shared iters
project81 k6 proof on ronan	Run Project 81 k6 proof wrapper	2026-07-09T05:30:13.6286897Z 
project81 k6 proof on ronan	Run Project 81 k6 proof wrapper	2026-07-09T05:30:13.6287537Z running (0m44.0s), 1/1 VUs, 0 complete and 0 interrupted iterations
project81 k6 proof on ronan	Run Project 81 k6 proof wrapper	2026-07-09T05:30:13.6288061Z r_cw_2_immediate_wake   [   0% ] 1 VUs  0m44.0s/2m0s  0/1 shared iters
project81 k6 proof on ronan	Run Project 81 k6 proof wrapper	2026-07-09T05:30:14.6294222Z 
project81 k6 proof on ronan	Run Project 81 k6 proof wrapper	2026-07-09T05:30:14.6294750Z running (0m45.0s), 1/1 VUs, 0 complete and 0 interrupted iterations
project81 k6 proof on ronan	Run Project 81 k6 proof wrapper	2026-07-09T05:30:14.6295218Z r_cw_2_immediate_wake   [   0% ] 1 VUs  0m45.0s/2m0s  0/1 shared iters
project81 k6 proof on ronan	Run Project 81 k6 proof wrapper	2026-07-09T05:30:15.6297381Z 
project81 k6 proof on ronan	Run Project 81 k6 proof wrapper	2026-07-09T05:30:15.6298686Z running (0m46.0s), 1/1 VUs, 0 complete and 0 interrupted iterations
project81 k6 proof on ronan	Run Project 81 k6 proof wrapper	2026-07-09T05:30:15.6299160Z r_cw_2_immediate_wake   [   0% ] 1 VUs  0m46.0s/2m0s  0/1 shared iters
project81 k6 proof on ronan	Run Project 81 k6 proof wrapper	2026-07-09T05:30:16.6290154Z 
project81 k6 proof on ronan	Run Project 81 k6 proof wrapper	2026-07-09T05:30:16.6291602Z running (0m47.0s), 1/1 VUs, 0 complete and 0 interrupted iterations
project81 k6 proof on ronan	Run Project 81 k6 proof wrapper	2026-07-09T05:30:16.6292071Z r_cw_2_immediate_wake   [   0% ] 1 VUs  0m47.0s/2m0s  0/1 shared iters
project81 k6 proof on ronan	Run Project 81 k6 proof wrapper	2026-07-09T05:30:17.6294230Z 
project81 k6 proof on ronan	Run Project 81 k6 proof wrapper	2026-07-09T05:30:17.6295642Z running (0m48.0s), 1/1 VUs, 0 complete and 0 interrupted iterations
project81 k6 proof on ronan	Run Project 81 k6 proof wrapper	2026-07-09T05:30:17.6296115Z r_cw_2_immediate_wake   [   0% ] 1 VUs  0m48.0s/2m0s  0/1 shared iters
project81 k6 proof on ronan	Run Project 81 k6 proof wrapper	2026-07-09T05:30:18.6298323Z 
project81 k6 proof on ronan	Run Project 81 k6 proof wrapper	2026-07-09T05:30:18.6300744Z running (0m49.0s), 1/1 VUs, 0 complete and 0 interrupted iterations
project81 k6 proof on ronan	Run Project 81 k6 proof wrapper	2026-07-09T05:30:18.6301263Z r_cw_2_immediate_wake   [   0% ] 1 VUs  0m49.0s/2m0s  0/1 shared iters
project81 k6 proof on ronan	Run Project 81 k6 proof wrapper	2026-07-09T05:30:19.6291550Z 
project81 k6 proof on ronan	Run Project 81 k6 proof wrapper	2026-07-09T05:30:19.6293026Z running (0m50.0s), 1/1 VUs, 0 complete and 0 interrupted iterations
project81 k6 proof on ronan	Run Project 81 k6 proof wrapper	2026-07-09T05:30:19.6293587Z r_cw_2_immediate_wake   [   0% ] 1 VUs  0m50.0s/2m0s  0/1 shared iters
project81 k6 proof on ronan	Run Project 81 k6 proof wrapper	2026-07-09T05:30:20.6300092Z 
project81 k6 proof on ronan	Run Project 81 k6 proof wrapper	2026-07-09T05:30:20.6302421Z running (0m51.0s), 1/1 VUs, 0 complete and 0 interrupted iterations
project81 k6 proof on ronan	Run Project 81 k6 proof wrapper	2026-07-09T05:30:20.6302942Z r_cw_2_immediate_wake   [   0% ] 1 VUs  0m51.0s/2m0s  0/1 shared iters
project81 k6 proof on ronan	Run Project 81 k6 proof wrapper	2026-07-09T05:30:21.6291237Z 
project81 k6 proof on ronan	Run Project 81 k6 proof wrapper	2026-07-09T05:30:21.6298609Z running (0m52.0s), 1/1 VUs, 0 complete and 0 interrupted iterations
project81 k6 proof on ronan	Run Project 81 k6 proof wrapper	2026-07-09T05:30:21.6301377Z r_cw_2_immediate_wake   [   0% ] 1 VUs  0m52.0s/2m0s  0/1 shared iters
project81 k6 proof on ronan	Run Project 81 k6 proof wrapper	2026-07-09T05:30:22.6286911Z 
project81 k6 proof on ronan	Run Project 81 k6 proof wrapper	2026-07-09T05:30:22.6287386Z running (0m53.0s), 1/1 VUs, 0 complete and 0 interrupted iterations
project81 k6 proof on ronan	Run Project 81 k6 proof wrapper	2026-07-09T05:30:22.6287898Z r_cw_2_immediate_wake   [   0% ] 1 VUs  0m53.0s/2m0s  0/1 shared iters
project81 k6 proof on ronan	Run Project 81 k6 proof wrapper	2026-07-09T05:30:23.6299036Z 
project81 k6 proof on ronan	Run Project 81 k6 proof wrapper	2026-07-09T05:30:23.6300553Z running (0m54.0s), 1/1 VUs, 0 complete and 0 interrupted iterations
project81 k6 proof on ronan	Run Project 81 k6 proof wrapper	2026-07-09T05:30:23.6301106Z r_cw_2_immediate_wake   [   0% ] 1 VUs  0m54.0s/2m0s  0/1 shared iters
project81 k6 proof on ronan	Run Project 81 k6 proof wrapper	2026-07-09T05:30:24.6297455Z 
project81 k6 proof on ronan	Run Project 81 k6 proof wrapper	2026-07-09T05:30:24.6298910Z running (0m55.0s), 1/1 VUs, 0 complete and 0 interrupted iterations
project81 k6 proof on ronan	Run Project 81 k6 proof wrapper	2026-07-09T05:30:24.6299377Z r_cw_2_immediate_wake   [   0% ] 1 VUs  0m55.0s/2m0s  0/1 shared iters
project81 k6 proof on ronan	Run Project 81 k6 proof wrapper	2026-07-09T05:30:25.6289514Z 
project81 k6 proof on ronan	Run Project 81 k6 proof wrapper	2026-07-09T05:30:25.6290264Z running (0m56.0s), 1/1 VUs, 0 complete and 0 interrupted iterations
project81 k6 proof on ronan	Run Project 81 k6 proof wrapper	2026-07-09T05:30:25.6290766Z r_cw_2_immediate_wake   [   0% ] 1 VUs  0m56.0s/2m0s  0/1 shared iters
project81 k6 proof on ronan	Run Project 81 k6 proof wrapper	2026-07-09T05:30:26.6303743Z 
project81 k6 proof on ronan	Run Project 81 k6 proof wrapper	2026-07-09T05:30:26.6305237Z running (0m57.0s), 1/1 VUs, 0 complete and 0 interrupted iterations
project81 k6 proof on ronan	Run Project 81 k6 proof wrapper	2026-07-09T05:30:26.6305709Z r_cw_2_immediate_wake   [   0% ] 1 VUs  0m57.0s/2m0s  0/1 shared iters
project81 k6 proof on ronan	Run Project 81 k6 proof wrapper	2026-07-09T05:30:27.6288276Z 
project81 k6 proof on ronan	Run Project 81 k6 proof wrapper	2026-07-09T05:30:27.6288842Z running (0m58.0s), 1/1 VUs, 0 complete and 0 interrupted iterations
project81 k6 proof on ronan	Run Project 81 k6 proof wrapper	2026-07-09T05:30:27.6289565Z r_cw_2_immediate_wake   [   0% ] 1 VUs  0m58.0s/2m0s  0/1 shared iters
project81 k6 proof on ronan	Run Project 81 k6 proof wrapper	2026-07-09T05:30:28.6292032Z 
project81 k6 proof on ronan	Run Project 81 k6 proof wrapper	2026-07-09T05:30:28.6293392Z running (0m59.0s), 1/1 VUs, 0 complete and 0 interrupted iterations
project81 k6 proof on ronan	Run Project 81 k6 proof wrapper	2026-07-09T05:30:28.6293698Z r_cw_2_immediate_wake   [   0% ] 1 VUs  0m59.0s/2m0s  0/1 shared iters
project81 k6 proof on ronan	Run Project 81 k6 proof wrapper	2026-07-09T05:30:29.6291855Z 
project81 k6 proof on ronan	Run Project 81 k6 proof wrapper	2026-07-09T05:30:29.6293413Z running (1m00.0s), 1/1 VUs, 0 complete and 0 interrupted iterations
project81 k6 proof on ronan	Run Project 81 k6 proof wrapper	2026-07-09T05:30:29.6293698Z r_cw_2_immediate_wake   [   0% ] 1 VUs  1m00.0s/2m0s  0/1 shared iters
project81 k6 proof on ronan	Run Project 81 k6 proof wrapper	2026-07-09T05:30:30.6294643Z 
project81 k6 proof on ronan	Run Project 81 k6 proof wrapper	2026-07-09T05:30:30.6295290Z running (1m01.0s), 1/1 VUs, 0 complete and 0 interrupted iterations
project81 k6 proof on ronan	Run Project 81 k6 proof wrapper	2026-07-09T05:30:30.6295571Z r_cw_2_immediate_wake   [   0% ] 1 VUs  1m01.0s/2m0s  0/1 shared iters
project81 k6 proof on ronan	Run Project 81 k6 proof wrapper	2026-07-09T05:30:31.6299460Z 
project81 k6 proof on ronan	Run Project 81 k6 proof wrapper	2026-07-09T05:30:31.6300972Z running (1m02.0s), 1/1 VUs, 0 complete and 0 interrupted iterations
project81 k6 proof on ronan	Run Project 81 k6 proof wrapper	2026-07-09T05:30:31.6301274Z r_cw_2_immediate_wake   [   0% ] 1 VUs  1m02.0s/2m0s  0/1 shared iters
project81 k6 proof on ronan	Run Project 81 k6 proof wrapper	2026-07-09T05:30:32.6295079Z 
project81 k6 proof on ronan	Run Project 81 k6 proof wrapper	2026-07-09T05:30:32.6295720Z running (1m03.0s), 1/1 VUs, 0 complete and 0 interrupted iterations
project81 k6 proof on ronan	Run Project 81 k6 proof wrapper	2026-07-09T05:30:33.6304103Z r_cw_2_immediate_wake   [   0% ] 1 VUs  1m03.0s/2m0s  0/1 shared iters
project81 k6 proof on ronan	Run Project 81 k6 proof wrapper	2026-07-09T05:30:33.6304909Z 
project81 k6 proof on ronan	Run Project 81 k6 proof wrapper	2026-07-09T05:30:33.6305010Z running (1m04.0s), 1/1 VUs, 0 complete and 0 interrupted iterations
project81 k6 proof on ronan	Run Project 81 k6 proof wrapper	2026-07-09T05:30:33.6312096Z r_cw_2_immediate_wake   [   0% ] 1 VUs  1m04.0s/2m0s  0/1 shared iters
project81 k6 proof on ronan	Run Project 81 k6 proof wrapper	2026-07-09T05:30:34.6295451Z 
project81 k6 proof on ronan	Run Project 81 k6 proof wrapper	2026-07-09T05:30:34.6295900Z running (1m05.0s), 1/1 VUs, 0 complete and 0 interrupted iterations
project81 k6 proof on ronan	Run Project 81 k6 proof wrapper	2026-07-09T05:30:34.6296565Z r_cw_2_immediate_wake   [   0% ] 1 VUs  1m05.0s/2m0s  0/1 shared iters
project81 k6 proof on ronan	Run Project 81 k6 proof wrapper	2026-07-09T05:30:35.6292169Z 
project81 k6 proof on ronan	Run Project 81 k6 proof wrapper	2026-07-09T05:30:35.6292744Z running (1m06.0s), 1/1 VUs, 0 complete and 0 interrupted iterations
project81 k6 proof on ronan	Run Project 81 k6 proof wrapper	2026-07-09T05:30:35.6293225Z r_cw_2_immediate_wake   [   0% ] 1 VUs  1m06.0s/2m0s  0/1 shared iters
project81 k6 proof on ronan	Run Project 81 k6 proof wrapper	2026-07-09T05:30:36.6297459Z 
project81 k6 proof on ronan	Run Project 81 k6 proof wrapper	2026-07-09T05:30:36.6299086Z running (1m07.0s), 1/1 VUs, 0 complete and 0 interrupted iterations
project81 k6 proof on ronan	Run Project 81 k6 proof wrapper	2026-07-09T05:30:36.6299572Z r_cw_2_immediate_wake   [   0% ] 1 VUs  1m07.0s/2m0s  0/1 shared iters
project81 k6 proof on ronan	Run Project 81 k6 proof wrapper	2026-07-09T05:30:37.6297767Z 
project81 k6 proof on ronan	Run Project 81 k6 proof wrapper	2026-07-09T05:30:37.6299138Z running (1m08.0s), 1/1 VUs, 0 complete and 0 interrupted iterations
project81 k6 proof on ronan	Run Project 81 k6 proof wrapper	2026-07-09T05:30:37.6299650Z r_cw_2_immediate_wake   [   0% ] 1 VUs  1m08.0s/2m0s  0/1 shared iters
project81 k6 proof on ronan	Run Project 81 k6 proof wrapper	2026-07-09T05:30:38.6293094Z 
project81 k6 proof on ronan	Run Project 81 k6 proof wrapper	2026-07-09T05:30:38.6294818Z running (1m09.0s), 1/1 VUs, 0 complete and 0 interrupted iterations
project81 k6 proof on ronan	Run Project 81 k6 proof wrapper	2026-07-09T05:30:38.6295357Z r_cw_2_immediate_wake   [   0% ] 1 VUs  1m09.0s/2m0s  0/1 shared iters
project81 k6 proof on ronan	Run Project 81 k6 proof wrapper	2026-07-09T05:30:39.6293117Z 
project81 k6 proof on ronan	Run Project 81 k6 proof wrapper	2026-07-09T05:30:39.6294843Z running (1m10.0s), 1/1 VUs, 0 complete and 0 interrupted iterations
project81 k6 proof on ronan	Run Project 81 k6 proof wrapper	2026-07-09T05:30:39.6295317Z r_cw_2_immediate_wake   [   0% ] 1 VUs  1m10.0s/2m0s  0/1 shared iters
project81 k6 proof on ronan	Run Project 81 k6 proof wrapper	2026-07-09T05:30:40.6298603Z 
project81 k6 proof on ronan	Run Project 81 k6 proof wrapper	2026-07-09T05:30:40.6299074Z running (1m11.0s), 1/1 VUs, 0 complete and 0 interrupted iterations
project81 k6 proof on ronan	Run Project 81 k6 proof wrapper	2026-07-09T05:30:40.6299578Z r_cw_2_immediate_wake   [   0% ] 1 VUs  1m11.0s/2m0s  0/1 shared iters
project81 k6 proof on ronan	Run Project 81 k6 proof wrapper	2026-07-09T05:30:41.6292000Z 
project81 k6 proof on ronan	Run Project 81 k6 proof wrapper	2026-07-09T05:30:41.6292562Z running (1m12.0s), 1/1 VUs, 0 complete and 0 interrupted iterations
project81 k6 proof on ronan	Run Project 81 k6 proof wrapper	2026-07-09T05:30:41.6298414Z r_cw_2_immediate_wake   [   0% ] 1 VUs  1m12.0s/2m0s  0/1 shared iters
project81 k6 proof on ronan	Run Project 81 k6 proof wrapper	2026-07-09T05:30:42.6289510Z 
project81 k6 proof on ronan	Run Project 81 k6 proof wrapper	2026-07-09T05:30:42.6291073Z running (1m13.0s), 1/1 VUs, 0 complete and 0 interrupted iterations
project81 k6 proof on ronan	Run Project 81 k6 proof wrapper	2026-07-09T05:30:42.6291566Z r_cw_2_immediate_wake   [   0% ] 1 VUs  1m13.0s/2m0s  0/1 shared iters
project81 k6 proof on ronan	Run Project 81 k6 proof wrapper	2026-07-09T05:30:43.6296560Z 
project81 k6 proof on ronan	Run Project 81 k6 proof wrapper	2026-07-09T05:30:43.6297068Z running (1m14.0s), 1/1 VUs, 0 complete and 0 interrupted iterations
project81 k6 proof on ronan	Run Project 81 k6 proof wrapper	2026-07-09T05:30:43.6297538Z r_cw_2_immediate_wake   [   0% ] 1 VUs  1m14.0s/2m0s  0/1 shared iters
project81 k6 proof on ronan	Run Project 81 k6 proof wrapper	2026-07-09T05:30:44.6292672Z 
project81 k6 proof on ronan	Run Project 81 k6 proof wrapper	2026-07-09T05:30:44.6294429Z running (1m15.0s), 1/1 VUs, 0 complete and 0 interrupted iterations
project81 k6 proof on ronan	Run Project 81 k6 proof wrapper	2026-07-09T05:30:44.6294759Z r_cw_2_immediate_wake   [   0% ] 1 VUs  1m15.0s/2m0s  0/1 shared iters
project81 k6 proof on ronan	Run Project 81 k6 proof wrapper	2026-07-09T05:30:45.6291627Z 
project81 k6 proof on ronan	Run Project 81 k6 proof wrapper	2026-07-09T05:30:45.6293259Z running (1m16.0s), 1/1 VUs, 0 complete and 0 interrupted iterations
project81 k6 proof on ronan	Run Project 81 k6 proof wrapper	2026-07-09T05:30:45.6293539Z r_cw_2_immediate_wake   [   0% ] 1 VUs  1m16.0s/2m0s  0/1 shared iters
project81 k6 proof on ronan	Run Project 81 k6 proof wrapper	2026-07-09T05:30:46.6296034Z 
project81 k6 proof on ronan	Run Project 81 k6 proof wrapper	2026-07-09T05:30:46.6296654Z running (1m17.0s), 1/1 VUs, 0 complete and 0 interrupted iterations
project81 k6 proof on ronan	Run Project 81 k6 proof wrapper	2026-07-09T05:30:46.6297165Z r_cw_2_immediate_wake   [   0% ] 1 VUs  1m17.0s/2m0s  0/1 shared iters
project81 k6 proof on ronan	Run Project 81 k6 proof wrapper	2026-07-09T05:30:47.6286761Z 
project81 k6 proof on ronan	Run Project 81 k6 proof wrapper	2026-07-09T05:30:47.6287270Z running (1m18.0s), 1/1 VUs, 0 complete and 0 interrupted iterations
project81 k6 proof on ronan	Run Project 81 k6 proof wrapper	2026-07-09T05:30:47.6287742Z r_cw_2_immediate_wake   [   0% ] 1 VUs  1m18.0s/2m0s  0/1 shared iters
project81 k6 proof on ronan	Run Project 81 k6 proof wrapper	2026-07-09T05:30:48.6291988Z 
project81 k6 proof on ronan	Run Project 81 k6 proof wrapper	2026-07-09T05:30:48.6293464Z running (1m19.0s), 1/1 VUs, 0 complete and 0 interrupted iterations
project81 k6 proof on ronan	Run Project 81 k6 proof wrapper	2026-07-09T05:30:48.6293931Z r_cw_2_immediate_wake   [   0% ] 1 VUs  1m19.0s/2m0s  0/1 shared iters
project81 k6 proof on ronan	Run Project 81 k6 proof wrapper	2026-07-09T05:30:49.6293632Z 
project81 k6 proof on ronan	Run Project 81 k6 proof wrapper	2026-07-09T05:30:49.6299077Z running (1m20.0s), 1/1 VUs, 0 complete and 0 interrupted iterations
project81 k6 proof on ronan	Run Project 81 k6 proof wrapper	2026-07-09T05:30:49.6300087Z r_cw_2_immediate_wake   [   0% ] 1 VUs  1m20.0s/2m0s  0/1 shared iters
project81 k6 proof on ronan	Run Project 81 k6 proof wrapper	2026-07-09T05:30:50.6291451Z 
project81 k6 proof on ronan	Run Project 81 k6 proof wrapper	2026-07-09T05:30:50.6293053Z running (1m21.0s), 1/1 VUs, 0 complete and 0 interrupted iterations
project81 k6 proof on ronan	Run Project 81 k6 proof wrapper	2026-07-09T05:30:50.6293518Z r_cw_2_immediate_wake   [   0% ] 1 VUs  1m21.0s/2m0s  0/1 shared iters
project81 k6 proof on ronan	Run Project 81 k6 proof wrapper	2026-07-09T05:30:51.6291783Z 
project81 k6 proof on ronan	Run Project 81 k6 proof wrapper	2026-07-09T05:30:51.6292442Z running (1m22.0s), 1/1 VUs, 0 complete and 0 interrupted iterations
project81 k6 proof on ronan	Run Project 81 k6 proof wrapper	2026-07-09T05:30:51.6292925Z r_cw_2_immediate_wake   [   0% ] 1 VUs  1m22.0s/2m0s  0/1 shared iters
project81 k6 proof on ronan	Run Project 81 k6 proof wrapper	2026-07-09T05:30:52.6292204Z 
project81 k6 proof on ronan	Run Project 81 k6 proof wrapper	2026-07-09T05:30:52.6293534Z running (1m23.0s), 1/1 VUs, 0 complete and 0 interrupted iterations
project81 k6 proof on ronan	Run Project 81 k6 proof wrapper	2026-07-09T05:30:52.6294001Z r_cw_2_immediate_wake   [   0% ] 1 VUs  1m23.0s/2m0s  0/1 shared iters
project81 k6 proof on ronan	Run Project 81 k6 proof wrapper	2026-07-09T05:30:53.6292939Z 
project81 k6 proof on ronan	Run Project 81 k6 proof wrapper	2026-07-09T05:30:53.6293389Z running (1m24.0s), 1/1 VUs, 0 complete and 0 interrupted iterations
project81 k6 proof on ronan	Run Project 81 k6 proof wrapper	2026-07-09T05:30:53.6293860Z r_cw_2_immediate_wake   [   0% ] 1 VUs  1m24.0s/2m0s  0/1 shared iters
project81 k6 proof on ronan	Run Project 81 k6 proof wrapper	2026-07-09T05:30:54.6296905Z 
project81 k6 proof on ronan	Run Project 81 k6 proof wrapper	2026-07-09T05:30:54.6298551Z running (1m25.0s), 1/1 VUs, 0 complete and 0 interrupted iterations
project81 k6 proof on ronan	Run Project 81 k6 proof wrapper	2026-07-09T05:30:54.6299022Z r_cw_2_immediate_wake   [   0% ] 1 VUs  1m25.0s/2m0s  0/1 shared iters
project81 k6 proof on ronan	Run Project 81 k6 proof wrapper	2026-07-09T05:30:55.6287770Z 
project81 k6 proof on ronan	Run Project 81 k6 proof wrapper	2026-07-09T05:30:55.6289212Z running (1m26.0s), 1/1 VUs, 0 complete and 0 interrupted iterations
project81 k6 proof on ronan	Run Project 81 k6 proof wrapper	2026-07-09T05:30:55.6289722Z r_cw_2_immediate_wake   [   0% ] 1 VUs  1m26.0s/2m0s  0/1 shared iters
project81 k6 proof on ronan	Run Project 81 k6 proof wrapper	2026-07-09T05:30:56.6292485Z 
project81 k6 proof on ronan	Run Project 81 k6 proof wrapper	2026-07-09T05:30:56.6292974Z running (1m27.0s), 1/1 VUs, 0 complete and 0 interrupted iterations
project81 k6 proof on ronan	Run Project 81 k6 proof wrapper	2026-07-09T05:30:56.6293446Z r_cw_2_immediate_wake   [   0% ] 1 VUs  1m27.0s/2m0s  0/1 shared iters
project81 k6 proof on ronan	Run Project 81 k6 proof wrapper	2026-07-09T05:30:57.6295952Z 
project81 k6 proof on ronan	Run Project 81 k6 proof wrapper	2026-07-09T05:30:57.6297462Z running (1m28.0s), 1/1 VUs, 0 complete and 0 interrupted iterations
project81 k6 proof on ronan	Run Project 81 k6 proof wrapper	2026-07-09T05:30:57.6298002Z r_cw_2_immediate_wake   [   0% ] 1 VUs  1m28.0s/2m0s  0/1 shared iters
project81 k6 proof on ronan	Run Project 81 k6 proof wrapper	2026-07-09T05:30:58.6289742Z 
project81 k6 proof on ronan	Run Project 81 k6 proof wrapper	2026-07-09T05:30:58.6291181Z running (1m29.0s), 1/1 VUs, 0 complete and 0 interrupted iterations
project81 k6 proof on ronan	Run Project 81 k6 proof wrapper	2026-07-09T05:30:58.6291702Z r_cw_2_immediate_wake   [   0% ] 1 VUs  1m29.0s/2m0s  0/1 shared iters
project81 k6 proof on ronan	Run Project 81 k6 proof wrapper	2026-07-09T05:30:59.6294644Z 
project81 k6 proof on ronan	Run Project 81 k6 proof wrapper	2026-07-09T05:30:59.6295986Z running (1m30.0s), 1/1 VUs, 0 complete and 0 interrupted iterations
project81 k6 proof on ronan	Run Project 81 k6 proof wrapper	2026-07-09T05:30:59.6296540Z r_cw_2_immediate_wake   [   0% ] 1 VUs  1m30.0s/2m0s  0/1 shared iters
project81 k6 proof on ronan	Run Project 81 k6 proof wrapper	2026-07-09T05:31:00.0617649Z time="2026-07-08T22:31:00-07:00" level=info msg="R_CW_2_EVIDENCE {\"row\":\"R-CW-2\",\"manifest_loaded\":true,\"nonce\":\"R-CW-2-1783574969629-esa35spr\",\"seat\":\"ronan\",\"requestedSessionKey\":\"p81-5292-ronan-r-cw-2\",\"sessionKey\":\"agent:main:r-cw-2-r-cw-2-1783574969629-esa35spr\",\"session_created\":true,\"created_session_key\":\"agent:main:r-cw-2-r-cw-2-1783574969629-esa35spr\",\"candidateSha\":\"5292af40d0ad5303b85a678f6e629503a8725848\",\"started\":\"2026-07-09T05:29:29.629Z\",\"dispatch_accepted\":true,\"scheduled_sentinel\":true,\"immediate_wake_observed\":false,\"prompt_echo_ignored\":true,\"dispatch_accepted_at_ms\":1783574970587,\"scheduled_result_at_ms\":1783574987558,\"wake_delay_ms\":null,\"trace_id\":null,\"redacted_events\":[{\"ts\":1783574969631,\"kind\":\"event\",\"method\":null,\"event\":\"connect.challenge\",\"ok\":null,\"data\":{\"ts\":1783574969630}},{\"ts\":1783574969634,\"kind\":\"other\",\"method\":null,\"event\":null,\"ok\":null,\"data\":{}},{\"ts\":1783574969683,\"kind\":\"event\",\"method\":null,\"event\":\"health\",\"ok\":null,\"data\":{\"ok\":true,\"ts\":1783574969682}},{\"ts\":1783574969929,\"kind\":\"event\",\"method\":null,\"event\":\"health\",\"ok\":null,\"data\":{\"ok\":true,\"ts\":1783574969927}},{\"ts\":1783574969949,\"kind\":\"event\",\"method\":null,\"event\":\"presence\",\"ok\":null,\"data\":{}},{\"ts\":1783574970049,\"kind\":\"response\",\"method\":\"sessions.create\",\"event\":null,\"ok\":true,\"data\":{\"ok\":true}},{\"ts\":1783574970095,\"kind\":\"response\",\"method\":\"sessions.messages.subscribe\",\"event\":null,\"ok\":true,\"data\":{}},{\"ts\":1783574970312,\"kind\":\"event\",\"method\":null,\"event\":\"agent\",\"ok\":null,\"data\":{\"runId\":\"96d9ef22-bef3-4919-88cc-6f4ad568191a\",\"sessionKey\":\"agent:main:r-cd-1-r-cd-1-1783573562432-ilxbgiqz\",\"ts\":1783574968720}},{\"ts\":1783574970312,\"kind\":\"event\",\"method\":null,\"event\":\"agent\",\"ok\":null,\"data\":{\"runId\":\"96d9ef22-bef3-4919-88cc-6f4ad568191a\",\"sessionKey\":\"agent:main:r-cd-1-r-cd-1-1783573562432-ilxbgiqz\",\"ts\":1783574970311}},{\"ts\":1783574970587,\"kind\":\"response\",\"method\":\"sessions.send\",\"event\":null,\"ok\":true,\"data\":{\"runId\":\"R-CW-2-DISPATCH-R-CW-2-1783574969629-esa35spr\",\"status\":\"started\"}},{\"ts\":1783574970808,\"kind\":\"event\",\"method\":null,\"event\":\"agent\",\"ok\":null,\"data\":{\"runId\":\"96d9ef22-bef3-4919-88cc-6f4ad568191a\",\"sessionKey\":\"agent:main:r-cd-1-r-cd-1-1783573562432-ilxbgiqz\",\"ts\":1783574970384}},{\"ts\":1783574970808,\"kind\":\"event\",\"method\":null,\"event\":\"agent\",\"ok\":null,\"data\":{\"runId\":\"96d9ef22-bef3-4919-88cc-6f4ad568191a\",\"sessionKey\":\"agent:main:r-cd-1-r-cd-1-1783573562432-ilxbgiqz\",\"ts\":1783574970768}},{\"ts\":1783574970975,\"kind\":\"event\",\"method\":null,\"event\":\"agent\",\"ok\":null,\"data\":{\"runId\":\"96d9ef22-bef3-4919-88cc-6f4ad568191a\",\"sessionKey\":\"agent:main:r-cd-1-r-cd-1-1783573562432-ilxbgiqz\",\"ts\":1783574970833}},{\"ts\":1783574970975,\"kind\":\"event\",\"method\":null,\"event\":\"agent\",\"ok\":null,\"data\":{\"runId\":\"96d9ef22-bef3-4919-88cc-6f4ad568191a\",\"sessionKey\":\"agent:main:r-cd-1-r-cd-1-1783573562432-ilxbgiqz\",\"ts\":1783574970935}},{\"ts\":1783574971091,\"kind\":\"event\",\"method\":null,\"event\":\"health\",\"ok\":null,\"data\":{\"ok\":true,\"ts\":1783574971090}},{\"ts\":1783574971113,\"kind\":\"event\",\"method\":null,\"event\":\"presence\",\"ok\":null,\"data\":{}},{\"ts\":1783574971202,\"kind\":\"event\",\"method\":null,\"event\":\"agent\",\"ok\":null,\"data\":{\"runId\":\"96d9ef22-bef3-4919-88cc-6f4ad568191a\",\"sessionKey\":\"agent:main:r-cd-1-r-cd-1-1783573562432-ilxbgiqz\",\"ts\":1783574971092}},{\"ts\":1783574971202,\"kind\":\"event\",\"method\":null,\"event\":\"agent\",\"ok\":null,\"data\":{\"runId\":\"96d9ef22-bef3-4919-88cc-6f4ad568191a\",\"sessionKey\":\"agent:main:r-cd-1-r-cd-1-1783573562432-ilxbgiqz\",\"ts\":1783574971162}},{\"ts\":1783574971424,\"kind\":\"event\",\"method\":null,\"event\":\"agent\",\"ok\":null,\"data\":{\"runId\":\"96d9ef22-bef3-4919-88cc-6f4ad568191a\",\"sessionKey\":\"agent:main:r-cd-1-r-cd-1-1783573562432-ilxbgiqz\",\"ts\":1783574971341}},{\"ts\":1783574971424,\"kind\":\"event\",\"method\":null,\"event\":\"agent\",\"ok\":null,\"data\":{\"runId\":\"96d9ef22-bef3-4919-88cc-6f4ad568191a\",\"sessionKey\":\"agent:main:r-cd-1-r-cd-1-1783573562432-ilxbgiqz\",\"ts\":1783574971423}},{\"ts\":1783574971575,\"kind\":\"event\",\"method\":null,\"event\":\"agent\",\"ok\":null,\"data\":{\"runId\":\"active-memory-mrd2hjq7-61ec7e42\",\"sessionKey\":\"agent:main:r-cw-2-r-cw-2-1783574969629-esa35spr:active-memory:99925a388dd7\",\"ts\":1783574971574}},{\"ts\":1783574972166,\"kind\":\"event\",\"method\":null,\"event\":\"health\",\"ok\":null,\"data\":{\"ok\":true,\"ts\":1783574972166}},{\"ts\":1783574972172,\"kind\":\"event\",\"method\":null,\"event\":\"presence\",\"ok\":null,\"data\":{}},{\"ts\":1783574973255,\"kind\":\"event\",\"method\":null,\"event\":\"health\",\"ok\":null,\"data\":{\"ok\":true,\"ts\":1783574973254}},{\"ts\":1783574973262,\"kind\":\"event\",\"method\":null,\"event\":\"presence\",\"ok\":null,\"data\":{}},{\"ts\":1783574974339,\"kind\":\"event\",\"method\":null,\"event\":\"health\",\"ok\":null,\"data\":{\"ok\":true,\"ts\":1783574974338}},{\"ts\":1783574974345,\"kind\":\"event\",\"method\":null,\"event\":\"presence\",\"ok\":null,\"data\":{}},{\"ts\":1783574974780,\"kind\":\"event\",\"method\":null,\"event\":\"agent\",\"ok\":null,\"data\":{\"runId\":\"96d9ef22-bef3-4919-88cc-6f4ad568191a\",\"sessionKey\":\"agent:main:r-cd-1-r-cd-1-1783573562432-ilxbgiqz\",\"ts\":1783574971424}},{\"ts\":1783574974780,\"kind\":\"event\",\"method\":null,\"event\":\"agent\",\"ok\":null,\"data\":{\"runId\":\"96d9ef22-bef3-4919-88cc-6f4ad568191a\",\"sessionKey\":\"agent:main:r-cd-1-r-cd-1-1783573562432-ilxbgiqz\",\"ts\":1783574974779}},{\"ts\":1783574974974,\"kind\":\"event\",\"method\":null,\"event\":\"agent\",\"ok\":null,\"data\":{\"runId\":\"96d9ef22-bef3-4919-88cc-6f4ad568191a\",\"sessionKey\":\"agent:main:r-cd-1-r-cd-1-1783573562432-ilxbgiqz\",\"ts\":1783574974925}},{\"ts\":1783574974974,\"kind\":\"event\",\"method\":null,\"event\":\"agent\",\"ok\":null,\"data\":{\"runId\":\"96d9ef22-bef3-4919-88cc-6f4ad568191a\",\"sessionKey\":\"agent:main:r-cd-1-r-cd-1-1783573562432-ilxbgiqz\",\"ts\":1783574974973}},{\"ts\":1783574975264,\"kind\":\"event\",\"method\":null,\"event\":\"agent\",\"ok\":null,\"data\":{\"runId\":\"96d9ef22-bef3-4919-88cc-6f4ad568191a\",\"sessionKey\":\"agent:main:r-cd-1-r-cd-1-1783573562432-ilxbgiqz\",\"ts\":1783574975087}},{\"ts\":1783574975265,\"kind\":\"event\",\"method\":null,\"event\":\"agent\",\"ok\":null,\"data\":{\"runId\":\"96d9ef22-bef3-4919-88cc-6f4ad568191a\",\"sessionKey\":\"agent:main:r-cd-1-r-cd-1-1783573562432-ilxbgiqz\",\"ts\":1783574975264}},{\"ts\":1783574975268,\"kind\":\"event\",\"method\":null,\"event\":\"agent\",\"ok\":null,\"data\":{\"runId\":\"96d9ef22-bef3-4919-88cc-6f4ad568191a\",\"sessionKey\":\"agent:main:r-cd-1-r-cd-1-1783573562432-ilxbgiqz\",\"ts\":1783574975266}},{\"ts\":1783574975268,\"kind\":\"event\",\"method\":null,\"event\":\"agent\",\"ok\":null,\"data\":{\"runId\":\"96d9ef22-bef3-4919-88cc-6f4ad568191a\",\"sessionKey\":\"agent:main:r-cd-1-r-cd-1-1783573562432-ilxbgiqz\",\"ts\":1783574975267}},{\"ts\":1783574975347,\"kind\":\"event\",\"method\":null,\"event\":\"agent\",\"ok\":null,\"data\":{\"runId\":\"96d9ef22-bef3-4919-88cc-6f4ad568191a\",\"sessionKey\":\"agent:main:r-cd-1-r-cd-1-1783573562432-ilxbgiqz\",\"ts\":1783574975269}},{\"ts\":1783574975347,\"kind\":\"event\",\"method\":null,\"event\":\"agent\",\"ok\":null,\"data\":{\"runId\":\"96d9ef22-bef3-4919-88cc-6f4ad568191a\",\"sessionKey\":\"agent:main:r-cd-1-r-cd-1-1783573562432-ilxbgiqz\",\"ts\":1783574975347}},{\"ts\":1783574975400,\"kind\":\"event\",\"method\":null,\"event\":\"health\",\"ok\":null,\"data\":{\"ok\":true,\"ts\":1783574975399}},{\"ts\":1783574975405,\"kind\":\"event\",\"method\":null,\"event\":\"presence\",\"ok\":null,\"data\":{}},{\"ts\":1783574975462,\"kind\":\"event\",\"method\":null,\"event\":\"agent\",\"ok\":null,\"data\":{\"runId\":\"96d9ef22-bef3-4919-88cc-6f4ad568191a\",\"sessionKey\":\"agent:main:r-cd-1-r-cd-1-1783573562432-ilxbgiqz\",\"ts\":1783574975461}},{\"ts\":1783574975462,\"kind\":\"event\",\"method\":null,\"event\":\"chat\",\"ok\":null,\"data\":{\"runId\":\"96d9ef22-bef3-4919-88cc-6f4ad568191a\",\"sessionKey\":\"agent:main:r-cd-1-r-cd-1-1783573562432-ilxbgiqz\",\"state\":\"final\"}},{\"ts\":1783574975632,\"kind\":\"event\",\"method\":null,\"event\":\"heartbeat\",\"ok\":null,\"data\":{\"ts\":1783574975631,\"status\":\"ok-empty\",\"reason\":\"delegate-return\"}},{\"ts\":1783574975942,\"kind\":\"event\",\"method\":null,\"event\":\"agent\",\"ok\":null,\"data\":{\"runId\":\"active-memory-mrd2hjq7-61ec7e42\",\"sessionKey\":\"agent:main:r-cw-2-r-cw-2-1783574969629-esa35spr:active-memory:99925a388dd7\",\"ts\":1783574975904}},{\"ts\":1783574976501,\"kind\":\"event\",\"method\":null,\"event\":\"health\",\"ok\":null,\"data\":{\"ok\":true,\"ts\":1783574976500}},{\"ts\":1783574976507,\"kind\":\"event\",\"method\":null,\"event\":\"presence\",\"ok\":null,\"data\":{}},{\"ts\":1783574977556,\"kind\":\"event\",\"method\":null,\"event\":\"health\",\"ok\":null,\"data\":{\"ok\":true,\"ts\":1783574977556}},{\"ts\":1783574978019,\"kind\":\"event\",\"method\":null,\"event\":\"presence\",\"ok\":null,\"data\":{}},{\"ts\":1783574978062,\"kind\":\"event\",\"method\":null,\"event\":\"health\",\"ok\":null,\"data\":{\"ok\":true,\"ts\":1783574978061}},{\"ts\":1783574978085,\"kind\":\"event\",\"method\":null,\"event\":\"presence\",\"ok\":null,\"data\":{}},{\"ts\":1783574978120,\"kind\":\"event\",\"method\":null,\"event\":\"agent\",\"ok\":null,\"data\":{\"runId\":\"active-memory-mrd2hjq7-61ec7e42\",\"sessionKey\":\"agent:main:r-cw-2-r-cw-2-1783574969629-esa35spr:active-memory:99925a388dd7\",\"ts\":1783574978106}},{\"ts\":1783574978314,\"kind\":\"event\",\"method\":null,\"event\":\"health\",\"ok\":null,\"data\":{\"ok\":true,\"ts\":1783574978313}},{\"ts\":1783574978750,\"kind\":\"event\",\"method\":null,\"event\":\"tick\",\"ok\":null,\"data\":{\"ts\":1783574978749}},{\"ts\":1783574979069,\"kind\":\"event\",\"method\":null,\"event\":\"health\",\"ok\":null,\"data\":{\"ok\":true,\"ts\":1783574979068}},{\"ts\":1783574979075,\"kind\":\"event\",\"method\":null,\"event\":\"presence\",\"ok\":null,\"data\":{}},{\"ts\":1783574979450,\"kind\":\"event\",\"method\":null,\"event\":\"agent\",\"ok\":null,\"data\":{\"runId\":\"active-memory-mrd2hjq7-61ec7e42\",\"sessionKey\":\"agent:main:r-cw-2-r-cw-2-1783574969629-esa35spr:active-memory:99925a388dd7\",\"ts\":1783574979450}},{\"ts\":1783574979451,\"kind\":\"event\",\"method\":null,\"event\":\"chat\",\"ok\":null,\"data\":{\"runId\":\"active-memory-mrd2hjq7-61ec7e42\",\"sessionKey\":\"agent:main:r-cw-2-r-cw-2-1783574969629-esa35spr:active-memory:99925a388dd7\",\"state\":\"error\"}},{\"ts\":1783574979609,\"kind\":\"event\",\"method\":null,\"event\":\"agent\",\"ok\":null,\"data\":{\"runId\":\"R-CW-2-DISPATCH-R-CW-2-1783574969629-esa35spr\",\"sessionKey\":\"agent:main:r-cw-2-r-cw-2-1783574969629-esa35spr\",\"ts\":1783574979608}},{\"ts\":1783574979663,\"kind\":\"event\",\"method\":null,\"event\":\"session.message\",\"ok\":null,\"data\":{\"sessionKey\":\"agent:main:r-cw-2-r-cw-2-1783574969629-esa35spr\"}},{\"ts\":1783574980155,\"kind\":\"event\",\"method\":null,\"event\":\"health\",\"ok\":null,\"data\":{\"ok\":true,\"ts\":1783574980154}},{\"ts\":1783574980161,\"kind\":\"event\",\"method\":null,\"event\":\"presence\",\"ok\":null,\"data\":{}},{\"ts\":1783574981250,\"kind\":\"event\",\"method\":null,\"event\":\"health\",\"ok\":null,\"data\":{\"ok\":true,\"ts\":1783574981250}},{\"ts\":1783574981267,\"kind\":\"event\",\"method\":null,\"event\":\"presence\",\"ok\":null,\"data\":{}},{\"ts\":1783574982346,\"kind\":\"event\",\"method\":null,\"event\":\"health\",\"ok\":null,\"data\":{\"ok\":true,\"ts\":1783574982345}},{\"ts\":1783574982350,\"kind\":\"event\",\"method\":null,\"event\":\"presence\",\"ok\":null,\"data\":{}},{\"ts\":1783574983400,\"kind\":\"event\",\"method\":null,\"event\":\"health\",\"ok\":null,\"data\":{\"ok\":true,\"ts\":1783574983399}},{\"ts\":1783574983405,\"kind\":\"event\",\"method\":null,\"event\":\"presence\",\"ok\":null,\"data\":{}},{\"ts\":1783574984161,\"kind\":\"event\",\"method\":null,\"event\":\"session.message\",\"ok\":null,\"data\":{\"sessionKey\":\"agent:main:r-cw-2-r-cw-2-1783574969629-esa35spr\",\"status\":\"running\",\"startedAt\":1783574979608}},{\"ts\":1783574984177,\"kind\":\"event\",\"method\":null,\"event\":\"agent\",\"ok\":null,\"data\":{\"runId\":\"R-CW-2-DISPATCH-R-CW-2-1783574969629-esa35spr\",\"sessionKey\":\"agent:main:r-cw-2-r-cw-2-1783574969629-esa35spr\",\"ts\":1783574984163}},{\"ts\":1783574984212,\"kind\":\"event\",\"method\":null,\"event\":\"agent\",\"ok\":null,\"data\":{\"runId\":\"R-CW-2-DISPATCH-R-CW-2-1783574969629-esa35spr\",\"sessionKey\":\"agent:main:r-cw-2-r-cw-2-1783574969629-esa35spr\",\"ts\":1783574984197}},{\"ts\":1783574984457,\"kind\":\"event\",\"method\":null,\"event\":\"health\",\"ok\":null,\"data\":{\"ok\":true,\"ts\":1783574984456}},{\"ts\":1783574984463,\"kind\":\"event\",\"method\":null,\"event\":\"presence\",\"ok\":null,\"data\":{}},{\"ts\":1783574985519,\"kind\":\"event\",\"method\":null,\"event\":\"health\",\"ok\":null,\"data\":{\"ok\":true,\"ts\":1783574985517}},{\"ts\":1783574985523,\"kind\":\"event\",\"method\":null,\"event\":\"presence\",\"ok\":null,\"data\":{}},{\"ts\":1783574986575,\"kind\":\"event\",\"method\":null,\"event\":\"health\",\"ok\":null,\"data\":{\"ok\":true,\"ts\":1783574986574}},{\"ts\":1783574986583,\"kind\":\"event\",\"method\":null,\"event\":\"presence\",\"ok\":null,\"data\":{}},{\"ts\":1783574987381,\"kind\":\"event\",\"method\":null,\"event\":\"agent\",\"ok\":null,\"data\":{\"runId\":\"R-CW-2-DISPATCH-R-CW-2-1783574969629-esa35spr\",\"sessionKey\":\"agent:main:r-cw-2-r-cw-2-1783574969629-esa35spr\",\"ts\":1783574987380}},{\"ts\":1783574987381,\"kind\":\"event\",\"method\":null,\"event\":\"chat\",\"ok\":null,\"data\":{\"runId\":\"R-CW-2-DISPATCH-R-CW-2-1783574969629-esa35spr\",\"sessionKey\":\"agent:main:r-cw-2-r-cw-2-1783574969629-esa35spr\",\"state\":\"delta\"}},{\"ts\":1783574987557,\"kind\":\"event\",\"method\":null,\"event\":\"session.message\",\"ok\":null,\"data\":{\"sessionKey\":\"agent:main:r-cw-2-r-cw-2-1783574969629-esa35spr\",\"status\":\"running\",\"startedAt\":1783574979608}},{\"ts\":1783574987563,\"kind\":\"event\",\"method\":null,\"event\":\"agent\",\"ok\":null,\"data\":{\"runId\":\"R-CW-2-DISPATCH-R-CW-2-1783574969629-esa35spr\",\"sessionKey\":\"agent:main:r-cw-2-r-cw-2-1783574969629-esa35spr\",\"ts\":1783574987388}},{\"ts\":1783574987563,\"kind\":\"event\",\"method\":null,\"event\":\"agent\",\"ok\":null,\"data\":{\"runId\":\"R-CW-2-DISPATCH-R-CW-2-1783574969629-esa35spr\",\"sessionKey\":\"agent:main:r-cw-2-r-cw-2-1783574969629-esa35spr\",\"ts\":1783574987562}},{\"ts\":1783574987685,\"kind\":\"event\",\"method\":null,\"event\":\"health\",\"ok\":null,\"data\":{\"ok\":true,\"ts\":1783574987684}},{\"ts\":1783574987690,\"kind\":\"event\",\"method\":null,\"event\":\"presence\",\"ok\":null,\"data\":{}},{\"ts\":1783574987733,\"kind\":\"event\",\"method\":null,\"event\":\"agent\",\"ok\":null,\"data\":{\"runId\":\"R-CW-2-DISPATCH-R-CW-2-1783574969629-esa35spr\",\"sessionKey\":\"agent:main:r-cw-2-r-cw-2-1783574969629-esa35spr\",\"ts\":1783574987732}},{\"ts\":1783574987733,\"kind\":\"event\",\"method\":null,\"event\":\"chat\",\"ok\":null,\"data\":{\"runId\":\"R-CW-2-DISPATCH-R-CW-2-1783574969629-esa35spr\",\"sessionKey\":\"agent:main:r-cw-2-r-cw-2-1783574969629-esa35spr\",\"state\":\"delta\"}},{\"ts\":1783574987733,\"kind\":\"event\",\"method\":null,\"event\":\"chat\",\"ok\":null,\"data\":{\"runId\":\"R-CW-2-DISPATCH-R-CW-2-1783574969629-esa35spr\",\"sessionKey\":\"agent:main:r-cw-2-r-cw-2-1783574969629-esa35spr\",\"state\":\"final\"}},{\"ts\":1783574988771,\"kind\":\"event\",\"method\":null,\"event\":\"health\",\"ok\":null,\"data\":{\"ok\":true,\"ts\":1783574988771}},{\"ts\":1783574988774,\"kind\":\"event\",\"method\":null,\"event\":\"presence\",\"ok\":null,\"data\":{}},{\"ts\":1783574989824,\"kind\":\"event\",\"method\":null,\"event\":\"health\",\"ok\":null,\"data\":{\"ok\":true,\"ts\":1783574989823}},{\"ts\":1783574989828,\"kind\":\"event\",\"method\":null,\"event\":\"presence\",\"ok\":null,\"data\":{}},{\"ts\":1783574990883,\"kind\":\"event\",\"method\":null,\"event\":\"health\",\"ok\":null,\"data\":{\"ok\":true,\"ts\":1783574990882}},{\"ts\":1783574990888,\"kind\":\"event\",\"method\":null,\"event\":\"presence\",\"ok\":null,\"data\":{}},{\"ts\":1783574991976,\"kind\":\"event\",\"method\":null,\"event\":\"health\",\"ok\":null,\"data\":{\"ok\":true,\"ts\":1783574991975}},{\"ts\":1783574991982,\"kind\":\"event\",\"method\":null,\"event\":\"presence\",\"ok\":null,\"data\":{}},{\"ts\":1783574993039,\"kind\":\"event\",\"method\":null,\"event\":\"health\",\"ok\":null,\"data\":{\"ok\":true,\"ts\":1783574993038}},{\"ts\":1783574993046,\"kind\":\"event\",\"method\":null,\"event\":\"presence\",\"ok\":null,\"data\":{}},{\"ts\":1783574994129,\"kind\":\"event\",\"method\":null,\"event\":\"health\",\"ok\":null,\"data\":{\"ok\":true,\"ts\":1783574994128}},{\"ts\":1783574994134,\"kind\":\"event\",\"method\":null,\"event\":\"presence\",\"ok\":null,\"data\":{}},{\"ts\":1783574995220,\"kind\":\"event\",\"method\":null,\"event\":\"health\",\"ok\":null,\"data\":{\"ok\":true,\"ts\":1783574995219}},{\"ts\":1783574995224,\"kind\":\"event\",\"method\":null,\"event\":\"presence\",\"ok\":null,\"data\":{}},{\"ts\":1783574996277,\"kind\":\"event\",\"method\":null,\"event\":\"health\",\"ok\":null,\"data\":{\"ok\":true,\"ts\":1783574996276}},{\"ts\":1783574996281,\"kind\":\"event\",\"method\":null,\"event\":\"presence\",\"ok\":null,\"data\":{}},{\"ts\":1783574997336,\"kind\":\"event\",\"method\":null,\"event\":\"health\",\"ok\":null,\"data\":{\"ok\":true,\"ts\":1783574997335}},{\"ts\":1783574997341,\"kind\":\"event\",\"method\":null,\"event\":\"presence\",\"ok\":null,\"data\":{}},{\"ts\":1783574998392,\"kind\":\"event\",\"method\":null,\"event\":\"health\",\"ok\":null,\"data\":{\"ok\":true,\"ts\":1783574998391}},{\"ts\":1783574998400,\"kind\":\"event\",\"method\":null,\"event\":\"presence\",\"ok\":null,\"data\":{}},{\"ts\":1783574999449,\"kind\":\"event\",\"method\":null,\"event\":\"health\",\"ok\":null,\"data\":{\"ok\":true,\"ts\":1783574999448}},{\"ts\":1783574999453,\"kind\":\"event\",\"method\":null,\"event\":\"presence\",\"ok\":null,\"data\":{}},{\"ts\":1783575000538,\"kind\":\"event\",\"method\":null,\"event\":\"health\",\"ok\":null,\"data\":{\"ok\":true,\"ts\":1783575000538}},{\"ts\":1783575000549,\"kind\":\"event\",\"method\":null,\"event\":\"presence\",\"ok\":null,\"data\":{}},{\"ts\":1783575001628,\"kind\":\"event\",\"method\":null,\"event\":\"health\",\"ok\":null,\"data\":{\"ok\":true,\"ts\":1783575001627}},{\"ts\":1783575001639,\"kind\":\"event\",\"method\":null,\"event\":\"presence\",\"ok\":null,\"data\":{}},{\"ts\":1783575002718,\"kind\":\"event\",\"method\":null,\"event\":\"health\",\"ok\":null,\"data\":{\"ok\":true,\"ts\":1783575002717}},{\"ts\":1783575002722,\"kind\":\"event\",\"method\":null,\"event\":\"presence\",\"ok\":null,\"data\":{}},{\"ts\":1783575003779,\"kind\":\"event\",\"method\":null,\"event\":\"health\",\"ok\":null,\"data\":{\"ok\":true,\"ts\":1783575003778}},{\"ts\":1783575003782,\"kind\":\"event\",\"method\":null,\"event\":\"presence\",\"ok\":null,\"data\":{}},{\"ts\":1783575004864,\"kind\":\"event\",\"method\":null,\"event\":\"health\",\"ok\":null,\"data\":{\"ok\":true,\"ts\":1783575004864}},{\"ts\":1783575004878,\"kind\":\"event\",\"method\":null,\"event\":\"presence\",\"ok\":null,\"data\":{}},{\"ts\":1783575005929,\"kind\":\"event\",\"method\":null,\"event\":\"health\",\"ok\":null,\"data\":{\"ok\":true,\"ts\":1783575005928}},{\"ts\":1783575005932,\"kind\":\"event\",\"method\":null,\"event\":\"presence\",\"ok\":null,\"data\":{}},{\"ts\":1783575007011,\"kind\":\"event\",\"method\":null,\"event\":\"health\",\"ok\":null,\"data\":{\"ok\":true,\"ts\":1783575007010}},{\"ts\":1783575007015,\"kind\":\"event\",\"method\":null,\"event\":\"presence\",\"ok\":null,\"data\":{}},{\"ts\":1783575008071,\"kind\":\"event\",\"method\":null,\"event\":\"health\",\"ok\":null,\"data\":{\"ok\":true,\"ts\":1783575008070}},{\"ts\":1783575008076,\"kind\":\"event\",\"method\":null,\"event\":\"presence\",\"ok\":null,\"data\":{}},{\"ts\":1783575008750,\"kind\":\"event\",\"method\":null,\"event\":\"tick\",\"ok\":null,\"data\":{\"ts\":1783575008750}},{\"ts\":1783575009159,\"kind\":\"event\",\"method\":null,\"event\":\"health\",\"ok\":null,\"data\":{\"ok\":true,\"ts\":1783575009158}},{\"ts\":1783575009165,\"kind\":\"event\",\"method\":null,\"event\":\"presence\",\"ok\":null,\"data\":{}},{\"ts\":1783575010248,\"kind\":\"event\",\"method\":null,\"event\":\"health\",\"ok\":null,\"data\":{\"ok\":true,\"ts\":1783575010248}},{\"ts\":1783575010256,\"kind\":\"event\",\"method\":null,\"event\":\"presence\",\"ok\":null,\"data\":{}},{\"ts\":1783575011308,\"kind\":\"event\",\"method\":null,\"event\":\"health\",\"ok\":null,\"data\":{\"ok\":true,\"ts\":1783575011307}},{\"ts\":1783575011312,\"kind\":\"event\",\"method\":null,\"event\":\"presence\",\"ok\":null,\"data\":{}},{\"ts\":1783575012368,\"kind\":\"event\",\"method\":null,\"event\":\"health\",\"ok\":null,\"data\":{\"ok\":true,\"ts\":1783575012368}},{\"ts\":1783575012372,\"kind\":\"event\",\"method\":null,\"event\":\"presence\",\"ok\":null,\"data\":{}},{\"ts\":1783575013456,\"kind\":\"event\",\"method\":null,\"event\":\"health\",\"ok\":null,\"data\":{\"ok\":true,\"ts\":1783575013456}},{\"ts\":1783575013461,\"kind\":\"event\",\"method\":null,\"event\":\"presence\",\"ok\":null,\"data\":{}},{\"ts\":1783575014518,\"kind\":\"event\",\"method\":null,\"event\":\"health\",\"ok\":null,\"data\":{\"ok\":true,\"ts\":1783575014517}},{\"ts\":1783575014523,\"kind\":\"event\",\"method\":null,\"event\":\"presence\",\"ok\":null,\"data\":{}},{\"ts\":1783575015604,\"kind\":\"event\",\"method\":null,\"event\":\"health\",\"ok\":null,\"data\":{\"ok\":true,\"ts\":1783575015603}},{\"ts\":1783575015608,\"kind\":\"event\",\"method\":null,\"event\":\"presence\",\"ok\":null,\"data\":{}},{\"ts\":1783575016692,\"kind\":\"event\",\"method\":null,\"event\":\"health\",\"ok\":null,\"data\":{\"ok\":true,\"ts\":1783575016692}},{\"ts\":1783575016696,\"kind\":\"event\",\"method\":null,\"event\":\"presence\",\"ok\":null,\"data\":{}},{\"ts\":1783575017746,\"kind\":\"event\",\"method\":null,\"event\":\"health\",\"ok\":null,\"data\":{\"ok\":true,\"ts\":1783575017745}},{\"ts\":1783575017752,\"kind\":\"event\",\"method\":null,\"event\":\"presence\",\"ok\":null,\"data\":{}},{\"ts\":1783575018803,\"kind\":\"event\",\"method\":null,\"event\":\"health\",\"ok\":null,\"data\":{\"ok\":true,\"ts\":1783575018802}},{\"ts\":1783575018807,\"kind\":\"event\",\"method\":null,\"event\":\"presence\",\"ok\":null,\"data\":{}},{\"ts\":1783575019860,\"kind\":\"event\",\"method\":null,\"event\":\"health\",\"ok\":null,\"data\":{\"ok\":true,\"ts\":1783575019860}},{\"ts\":1783575019863,\"kind\":\"event\",\"method\":null,\"event\":\"presence\",\"ok\":null,\"data\":{}},{\"ts\":1783575020917,\"kind\":\"event\",\"method\":null,\"event\":\"health\",\"ok\":null,\"data\":{\"ok\":true,\"ts\":1783575020916}},{\"ts\":1783575020922,\"kind\":\"event\",\"method\":null,\"event\":\"presence\",\"ok\":null,\"data\":{}},{\"ts\":1783575021999,\"kind\":\"event\",\"method\":null,\"event\":\"health\",\"ok\":null,\"data\":{\"ok\":true,\"ts\":1783575021999}},{\"ts\":1783575022007,\"kind\":\"event\",\"method\":null,\"event\":\"presence\",\"ok\":null,\"data\":{}},{\"ts\":1783575023055,\"kind\":\"event\",\"method\":null,\"event\":\"health\",\"ok\":null,\"data\":{\"ok\":true,\"ts\":1783575023055}},{\"ts\":1783575023057,\"kind\":\"event\",\"method\":null,\"event\":\"presence\",\"ok\":null,\"data\":{}},{\"ts\":1783575024114,\"kind\":\"event\",\"method\":null,\"event\":\"health\",\"ok\":null,\"data\":{\"ok\":true,\"ts\":1783575024113}},{\"ts\":1783575024116,\"kind\":\"event\",\"method\":null,\"event\":\"presence\",\"ok\":null,\"data\":{}},{\"ts\":1783575025169,\"kind\":\"event\",\"method\":null,\"event\":\"health\",\"ok\":null,\"data\":{\"ok\":true,\"ts\":1783575025168}},{\"ts\":1783575025173,\"kind\":\"event\",\"method\":null,\"event\":\"presence\",\"ok\":null,\"data\":{}},{\"ts\":1783575026226,\"kind\":\"event\",\"method\":null,\"event\":\"health\",\"ok\":null,\"data\":{\"ok\":true,\"ts\":1783575026225}},{\"ts\":1783575026233,\"kind\":\"event\",\"method\":null,\"event\":\"presence\",\"ok\":null,\"data\":{}},{\"ts\":1783575027304,\"kind\":\"event\",\"method\":null,\"event\":\"health\",\"ok\":null,\"data\":{\"ok\":true,\"ts\":1783575027304}},{\"ts\":1783575027333,\"kind\":\"event\",\"method\":null,\"event\":\"presence\",\"ok\":null,\"data\":{}},{\"ts\":1783575028420,\"kind\":\"event\",\"method\":null,\"event\":\"health\",\"ok\":null,\"data\":{\"ok\":true,\"ts\":1783575028419}},{\"ts\":1783575028425,\"kind\":\"event\",\"method\":null,\"event\":\"presence\",\"ok\":null,\"data\":{}},{\"ts\":1783575029477,\"kind\":\"event\",\"method\":null,\"event\":\"health\",\"ok\":null,\"data\":{\"ok\":true,\"ts\":1783575029477}},{\"ts\":1783575029482,\"kind\":\"event\",\"method\":null,\"event\":\"presence\",\"ok\":null,\"data\":{}},{\"ts\":1783575030538,\"kind\":\"event\",\"method\":null,\"event\":\"health\",\"ok\":null,\"data\":{\"ok\":true,\"ts\":1783575030537}},{\"ts\":1783575030542,\"kind\":\"event\",\"method\":null,\"event\":\"presence\",\"ok\":null,\"data\":{}},{\"ts\":1783575031595,\"kind\":\"event\",\"method\":null,\"event\":\"health\",\"ok\":null,\"data\":{\"ok\":true,\"ts\":1783575031594}},{\"ts\":1783575031609,\"kind\":\"event\",\"method\":null,\"event\":\"presence\",\"ok\":null,\"data\":{}},{\"ts\":1783575032667,\"kind\":\"event\",\"method\":null,\"event\":\"health\",\"ok\":null,\"data\":{\"ok\":true,\"ts\":1783575032666}},{\"ts\":1783575032722,\"kind\":\"event\",\"method\":null,\"event\":\"presence\",\"ok\":null,\"data\":{}},{\"ts\":1783575033868,\"kind\":\"event\",\"method\":null,\"event\":\"health\",\"ok\":null,\"data\":{\"ok\":true,\"ts\":1783575033868}},{\"ts\":1783575033874,\"kind\":\"event\",\"method\":null,\"event\":\"presence\",\"ok\":null,\"data\":{}},{\"ts\":1783575034922,\"kind\":\"event\",\"method\":null,\"event\":\"health\",\"ok\":null,\"data\":{\"ok\":true,\"ts\":1783575034921}},{\"ts\":1783575034940,\"kind\":\"event\",\"method\":null,\"event\":\"presence\",\"ok\":null,\"data\":{}},{\"ts\":1783575035995,\"kind\":\"event\",\"method\":null,\"event\":\"health\",\"ok\":null,\"data\":{\"ok\":true,\"ts\":1783575035994}},{\"ts\":1783575035998,\"kind\":\"event\",\"method\":null,\"event\":\"presence\",\"ok\":null,\"data\":{}},{\"ts\":1783575037059,\"kind\":\"event\",\"method\":null,\"event\":\"health\",\"ok\":null,\"data\":{\"ok\":true,\"ts\":1783575037058}},{\"ts\":1783575037061,\"kind\":\"event\",\"method\":null,\"event\":\"presence\",\"ok\":null,\"data\":{}},{\"ts\":1783575038147,\"kind\":\"event\",\"method\":null,\"event\":\"health\",\"ok\":null,\"data\":{\"ok\":true,\"ts\":1783575038146}},{\"ts\":1783575038177,\"kind\":\"event\",\"method\":null,\"event\":\"presence\",\"ok\":null,\"data\":{}},{\"ts\":1783575038321,\"kind\":\"event\",\"method\":null,\"event\":\"health\",\"ok\":null,\"data\":{\"ok\":true,\"ts\":1783575038320}},{\"ts\":1783575038751,\"kind\":\"event\",\"method\":null,\"event\":\"tick\",\"ok\":null,\"data\":{\"ts\":1783575038750}},{\"ts\":1783575039264,\"kind\":\"event\",\"method\":null,\"event\":\"health\",\"ok\":null,\"data\":{\"ok\":true,\"ts\":1783575039263}},{\"ts\":1783575039269,\"kind\":\"event\",\"method\":null,\"event\":\"presence\",\"ok\":null,\"data\":{}},{\"ts\":1783575040322,\"kind\":\"event\",\"method\":null,\"event\":\"health\",\"ok\":null,\"data\":{\"ok\":true,\"ts\":1783575040321}},{\"ts\":1783575040330,\"kind\":\"event\",\"method\":null,\"event\":\"presence\",\"ok\":null,\"data\":{}},{\"ts\":1783575041384,\"kind\":\"event\",\"method\":null,\"event\":\"health\",\"ok\":null,\"data\":{\"ok\":true,\"ts\":1783575041383}},{\"ts\":1783575041391,\"kind\":\"event\",\"method\":null,\"event\":\"presence\",\"ok\":null,\"data\":{}},{\"ts\":1783575042480,\"kind\":\"event\",\"method\":null,\"event\":\"health\",\"ok\":null,\"data\":{\"ok\":true,\"ts\":1783575042480}},{\"ts\":1783575042484,\"kind\":\"event\",\"method\":null,\"event\":\"presence\",\"ok\":null,\"data\":{}},{\"ts\":1783575043573,\"kind\":\"event\",\"method\":null,\"event\":\"health\",\"ok\":null,\"data\":{\"ok\":true,\"ts\":1783575043572}},{\"ts\":1783575043577,\"kind\":\"event\",\"method\":null,\"event\":\"presence\",\"ok\":null,\"data\":{}},{\"ts\":1783575044632,\"kind\":\"event\",\"method\":null,\"event\":\"health\",\"ok\":null,\"data\":{\"ok\":true,\"ts\":1783575044631}},{\"ts\":1783575044640,\"kind\":\"event\",\"method\":null,\"event\":\"presence\",\"ok\":null,\"data\":{}},{\"ts\":1783575045722,\"kind\":\"event\",\"method\":null,\"event\":\"health\",\"ok\":null,\"data\":{\"ok\":true,\"ts\":1783575045721}},{\"ts\":1783575045731,\"kind\":\"event\",\"method\":null,\"event\":\"presence\",\"ok\":null,\"data\":{}},{\"ts\":1783575046838,\"kind\":\"event\",\"method\":null,\"event\":\"health\",\"ok\":null,\"data\":{\"ok\":true,\"ts\":1783575046837}},{\"ts\":1783575046843,\"kind\":\"event\",\"method\":null,\"event\":\"presence\",\"ok\":null,\"data\":{}},{\"ts\":1783575047933,\"kind\":\"event\",\"method\":null,\"event\":\"health\",\"ok\":null,\"data\":{\"ok\":true,\"ts\":1783575047932}},{\"ts\":1783575047935,\"kind\":\"event\",\"method\":null,\"event\":\"presence\",\"ok\":null,\"data\":{}},{\"ts\":1783575049020,\"kind\":\"event\",\"method\":null,\"event\":\"health\",\"ok\":null,\"data\":{\"ok\":true,\"ts\":1783575049020}},{\"ts\":1783575049026,\"kind\":\"event\",\"method\":null,\"event\":\"presence\",\"ok\":null,\"data\":{}},{\"ts\":1783575050113,\"kind\":\"event\",\"method\":null,\"event\":\"health\",\"ok\":null,\"data\":{\"ok\":true,\"ts\":1783575050112}},{\"ts\":1783575050116,\"kind\":\"event\",\"method\":null,\"event\":\"presence\",\"ok\":null,\"data\":{}},{\"ts\":1783575051177,\"kind\":\"event\",\"method\":null,\"event\":\"health\",\"ok\":null,\"data\":{\"ok\":true,\"ts\":1783575051177}},{\"ts\":1783575051183,\"kind\":\"event\",\"method\":null,\"event\":\"presence\",\"ok\":null,\"data\":{}},{\"ts\":1783575052239,\"kind\":\"event\",\"method\":null,\"event\":\"health\",\"ok\":null,\"data\":{\"ok\":true,\"ts\":1783575052238}},{\"ts\":1783575052243,\"kind\":\"event\",\"method\":null,\"event\":\"presence\",\"ok\":null,\"data\":{}},{\"ts\":1783575053326,\"kind\":\"event\",\"method\":null,\"event\":\"health\",\"ok\":null,\"data\":{\"ok\":true,\"ts\":1783575053325}},{\"ts\":1783575053330,\"kind\":\"event\",\"method\":null,\"event\":\"presence\",\"ok\":null,\"data\":{}},{\"ts\":1783575054391,\"kind\":\"event\",\"method\":null,\"event\":\"health\",\"ok\":null,\"data\":{\"ok\":true,\"ts\":1783575054391}},{\"ts\":1783575054394,\"kind\":\"event\",\"method\":null,\"event\":\"presence\",\"ok\":null,\"data\":{}},{\"ts\":1783575055450,\"kind\":\"event\",\"method\":null,\"event\":\"health\",\"ok\":null,\"data\":{\"ok\":true,\"ts\":1783575055449}},{\"ts\":1783575055457,\"kind\":\"event\",\"method\":null,\"event\":\"presence\",\"ok\":null,\"data\":{}},{\"ts\":1783575056511,\"kind\":\"event\",\"method\":null,\"event\":\"health\",\"ok\":null,\"data\":{\"ok\":true,\"ts\":1783575056511}},{\"ts\":1783575056515,\"kind\":\"event\",\"method\":null,\"event\":\"presence\",\"ok\":null,\"data\":{}},{\"ts\":1783575057574,\"kind\":\"event\",\"method\":null,\"event\":\"health\",\"ok\":null,\"data\":{\"ok\":true,\"ts\":1783575057573}},{\"ts\":1783575057578,\"kind\":\"event\",\"method\":null,\"event\":\"presence\",\"ok\":null,\"data\":{}},{\"ts\":1783575058632,\"kind\":\"event\",\"method\":null,\"event\":\"health\",\"ok\":null,\"data\":{\"ok\":true,\"ts\":1783575058632}},{\"ts\":1783575058635,\"kind\":\"event\",\"method\":null,\"event\":\"presence\",\"ok\":null,\"data\":{}},{\"ts\":1783575059719,\"kind\":\"event\",\"method\":null,\"event\":\"health\",\"ok\":null,\"data\":{\"ok\":true,\"ts\":1783575059718}},{\"ts\":1783575059725,\"kind\":\"event\",\"method\":null,\"event\":\"presence\",\"ok\":null,\"data\":{}}],\"ended\":\"2026-07-09T05:31:00.050Z\",\"duration_ms\":90421}" source=console
project81 k6 proof on ronan	Run Project 81 k6 proof wrapper	2026-07-09T05:31:00.0711821Z time="2026-07-08T22:31:00-07:00" level=info msg="\n--- R-CW-2 EVIDENCE SUMMARY ---" source=console
project81 k6 proof on ronan	Run Project 81 k6 proof wrapper	2026-07-09T05:31:00.0835754Z time="2026-07-08T22:31:00-07:00" level=info msg="{\n  \"row\": \"R-CW-2\",\n  \"manifest_loaded\": true,\n  \"nonce\": \"R-CW-2-1783574969629-esa35spr\",\n  \"seat\": \"ronan\",\n  \"requestedSessionKey\": \"p81-5292-ronan-r-cw-2\",\n  \"sessionKey\": \"agent:main:r-cw-2-r-cw-2-1783574969629-esa35spr\",\n  \"session_created\": true,\n  \"created_session_key\": \"agent:main:r-cw-2-r-cw-2-1783574969629-esa35spr\",\n  \"candidateSha\": \"5292af40d0ad5303b85a678f6e629503a8725848\",\n  \"started\": \"2026-07-09T05:29:29.629Z\",\n  \"dispatch_accepted\": true,\n  \"scheduled_sentinel\": true,\n  \"immediate_wake_observed\": false,\n  \"prompt_echo_ignored\": true,\n  \"dispatch_accepted_at_ms\": 1783574970587,\n  \"scheduled_result_at_ms\": 1783574987558,\n  \"wake_delay_ms\": null,\n  \"trace_id\": null,\n  \"redacted_events\": [\n    {\n      \"ts\": 1783574969631,\n      \"kind\": \"event\",\n      \"method\": null,\n      \"event\": \"connect.challenge\",\n      \"ok\": null,\n      \"data\": {\n        \"ts\": 1783574969630\n      }\n    },\n    {\n      \"ts\": 1783574969634,\n      \"kind\": \"other\",\n      \"method\": null,\n      \"event\": null,\n      \"ok\": null,\n      \"data\": {}\n    },\n    {\n      \"ts\": 1783574969683,\n      \"kind\": \"event\",\n      \"method\": null,\n      \"event\": \"health\",\n      \"ok\": null,\n      \"data\": {\n        \"ok\": true,\n        \"ts\": 1783574969682\n      }\n    },\n    {\n      \"ts\": 1783574969929,\n      \"kind\": \"event\",\n      \"method\": null,\n      \"event\": \"health\",\n      \"ok\": null,\n      \"data\": {\n        \"ok\": true,\n        \"ts\": 1783574969927\n      }\n    },\n    {\n      \"ts\": 1783574969949,\n      \"kind\": \"event\",\n      \"method\": null,\n      \"event\": \"presence\",\n      \"ok\": null,\n      \"data\": {}\n    },\n    {\n      \"ts\": 1783574970049,\n      \"kind\": \"response\",\n      \"method\": \"sessions.create\",\n      \"event\": null,\n      \"ok\": true,\n      \"data\": {\n        \"ok\": true\n      }\n    },\n    {\n      \"ts\": 1783574970095,\n      \"kind\": \"response\",\n      \"method\": \"sessions.messages.subscribe\",\n      \"event\": null,\n      \"ok\": true,\n      \"data\": {}\n    },\n    {\n      \"ts\": 1783574970312,\n      \"kind\": \"event\",\n      \"method\": null,\n      \"event\": \"agent\",\n      \"ok\": null,\n      \"data\": {\n        \"runId\": \"96d9ef22-bef3-4919-88cc-6f4ad568191a\",\n        \"sessionKey\": \"agent:main:r-cd-1-r-cd-1-1783573562432-ilxbgiqz\",\n        \"ts\": 1783574968720\n      }\n    },\n    {\n      \"ts\": 1783574970312,\n      \"kind\": \"event\",\n      \"method\": null,\n      \"event\": \"agent\",\n      \"ok\": null,\n      \"data\": {\n        \"runId\": \"96d9ef22-bef3-4919-88cc-6f4ad568191a\",\n        \"sessionKey\": \"agent:main:r-cd-1-r-cd-1-1783573562432-ilxbgiqz\",\n        \"ts\": 1783574970311\n      }\n    },\n    {\n      \"ts\": 1783574970587,\n      \"kind\": \"response\",\n      \"method\": \"sessions.send\",\n      \"event\": null,\n      \"ok\": true,\n      \"data\": {\n        \"runId\": \"R-CW-2-DISPATCH-R-CW-2-1783574969629-esa35spr\",\n        \"status\": \"started\"\n      }\n    },\n    {\n      \"ts\": 1783574970808,\n      \"kind\": \"event\",\n      \"method\": null,\n      \"event\": \"agent\",\n      \"ok\": null,\n      \"data\": {\n        \"runId\": \"96d9ef22-bef3-4919-88cc-6f4ad568191a\",\n        \"sessionKey\": \"agent:main:r-cd-1-r-cd-1-1783573562432-ilxbgiqz\",\n        \"ts\": 1783574970384\n      }\n    },\n    {\n      \"ts\": 1783574970808,\n      \"kind\": \"event\",\n      \"method\": null,\n      \"event\": \"agent\",\n      \"ok\": null,\n      \"data\": {\n        \"runId\": \"96d9ef22-bef3-4919-88cc-6f4ad568191a\",\n        \"sessionKey\": \"agent:main:r-cd-1-r-cd-1-1783573562432-ilxbgiqz\",\n        \"ts\": 1783574970768\n      }\n    },\n    {\n      \"ts\": 1783574970975,\n      \"kind\": \"event\",\n      \"method\": null,\n      \"event\": \"agent\",\n      \"ok\": null,\n      \"data\": {\n        \"runId\": \"96d9ef22-bef3-4919-88cc-6f4ad568191a\",\n        \"sessionKey\": \"agent:main:r-cd-1-r-cd-1-1783573562432-ilxbgiqz\",\n        \"ts\": 1783574970833\n      }\n    },\n    {\n      \"ts\": 1783574970975,\n      \"kind\": \"event\",\n      \"method\": null,\n      \"event\": \"agent\",\n      \"ok\": null,\n      \"data\": {\n        \"runId\": \"96d9ef22-bef3-4919-88cc-6f4ad568191a\",\n        \"sessionKey\": \"agent:main:r-cd-1-r-cd-1-1783573562432-ilxbgiqz\",\n        \"ts\": 1783574970935\n      }\n    },\n    {\n      \"ts\": 1783574971091,\n      \"kind\": \"event\",\n      \"method\": null,\n      \"event\": \"health\",\n      \"ok\": null,\n      \"data\": {\n        \"ok\": true,\n        \"ts\": 1783574971090\n      }\n    },\n    {\n      \"ts\": 1783574971113,\n      \"kind\": \"event\",\n      \"method\": null,\n      \"event\": \"presence\",\n      \"ok\": null,\n      \"data\": {}\n    },\n    {\n      \"ts\": 1783574971202,\n      \"kind\": \"event\",\n      \"method\": null,\n      \"event\": \"agent\",\n      \"ok\": null,\n      \"data\": {\n        \"runId\": \"96d9ef22-bef3-4919-88cc-6f4ad568191a\",\n        \"sessionKey\": \"agent:main:r-cd-1-r-cd-1-1783573562432-ilxbgiqz\",\n        \"ts\": 1783574971092\n      }\n    },\n    {\n      \"ts\": 1783574971202,\n      \"kind\": \"event\",\n      \"method\": null,\n      \"event\": \"agent\",\n      \"ok\": null,\n      \"data\": {\n        \"runId\": \"96d9ef22-bef3-4919-88cc-6f4ad568191a\",\n        \"sessionKey\": \"agent:main:r-cd-1-r-cd-1-1783573562432-ilxbgiqz\",\n        \"ts\": 1783574971162\n      }\n    },\n    {\n      \"ts\": 1783574971424,\n      \"kind\": \"event\",\n      \"method\": null,\n      \"event\": \"agent\",\n      \"ok\": null,\n      \"data\": {\n        \"runId\": \"96d9ef22-bef3-4919-88cc-6f4ad568191a\",\n        \"sessionKey\": \"agent:main:r-cd-1-r-cd-1-1783573562432-ilxbgiqz\",\n        \"ts\": 1783574971341\n      }\n    },\n    {\n      \"ts\": 1783574971424,\n      \"kind\": \"event\",\n      \"method\": null,\n      \"event\": \"agent\",\n      \"ok\": null,\n      \"data\": {\n        \"runId\": \"96d9ef22-bef3-4919-88cc-6f4ad568191a\",\n        \"sessionKey\": \"agent:main:r-cd-1-r-cd-1-1783573562432-ilxbgiqz\",\n        \"ts\": 1783574971423\n      }\n    },\n    {\n      \"ts\": 1783574971575,\n      \"kind\": \"event\",\n      \"method\": null,\n      \"event\": \"agent\",\n      \"ok\": null,\n      \"data\": {\n        \"runId\": \"active-memory-mrd2hjq7-61ec7e42\",\n        \"sessionKey\": \"agent:main:r-cw-2-r-cw-2-1783574969629-esa35spr:active-memory:99925a388dd7\",\n        \"ts\": 1783574971574\n      }\n    },\n    {\n      \"ts\": 1783574972166,\n      \"kind\": \"event\",\n      \"method\": null,\n      \"event\": \"health\",\n      \"ok\": null,\n      \"data\": {\n        \"ok\": true,\n        \"ts\": 1783574972166\n      }\n    },\n    {\n      \"ts\": 1783574972172,\n      \"kind\": \"event\",\n      \"method\": null,\n      \"event\": \"presence\",\n      \"ok\": null,\n      \"data\": {}\n    },\n    {\n      \"ts\": 1783574973255,\n      \"kind\": \"event\",\n      \"method\": null,\n      \"event\": \"health\",\n      \"ok\": null,\n      \"data\": {\n        \"ok\": true,\n        \"ts\": 1783574973254\n      }\n    },\n    {\n      \"ts\": 1783574973262,\n      \"kind\": \"event\",\n      \"method\": null,\n      \"event\": \"presence\",\n      \"ok\": null,\n      \"data\": {}\n    },\n    {\n      \"ts\": 1783574974339,\n      \"kind\": \"event\",\n      \"method\": null,\n      \"event\": \"health\",\n      \"ok\": null,\n      \"data\": {\n        \"ok\": true,\n        \"ts\": 1783574974338\n      }\n    },\n    {\n      \"ts\": 1783574974345,\n      \"kind\": \"event\",\n      \"method\": null,\n      \"event\": \"presence\",\n      \"ok\": null,\n      \"data\": {}\n    },\n    {\n      \"ts\": 1783574974780,\n      \"kind\": \"event\",\n      \"method\": null,\n      \"event\": \"agent\",\n      \"ok\": null,\n      \"data\": {\n        \"runId\": \"96d9ef22-bef3-4919-88cc-6f4ad568191a\",\n        \"sessionKey\": \"agent:main:r-cd-1-r-cd-1-1783573562432-ilxbgiqz\",\n        \"ts\": 1783574971424\n      }\n    },\n    {\n      \"ts\": 1783574974780,\n      \"kind\": \"event\",\n      \"method\": null,\n      \"event\": \"agent\",\n      \"ok\": null,\n      \"data\": {\n        \"runId\": \"96d9ef22-bef3-4919-88cc-6f4ad568191a\",\n        \"sessionKey\": \"agent:main:r-cd-1-r-cd-1-1783573562432-ilxbgiqz\",\n        \"ts\": 1783574974779\n      }\n    },\n    {\n      \"ts\": 1783574974974,\n      \"kind\": \"event\",\n      \"method\": null,\n      \"event\": \"agent\",\n      \"ok\": null,\n      \"data\": {\n        \"runId\": \"96d9ef22-bef3-4919-88cc-6f4ad568191a\",\n        \"sessionKey\": \"agent:main:r-cd-1-r-cd-1-1783573562432-ilxbgiqz\",\n        \"ts\": 1783574974925\n      }\n    },\n    {\n      \"ts\": 1783574974974,\n      \"kind\": \"event\",\n      \"method\": null,\n      \"event\": \"agent\",\n      \"ok\": null,\n      \"data\": {\n        \"runId\": \"96d9ef22-bef3-4919-88cc-6f4ad568191a\",\n        \"sessionKey\": \"agent:main:r-cd-1-r-cd-1-1783573562432-ilxbgiqz\",\n        \"ts\": 1783574974973\n      }\n    },\n    {\n      \"ts\": 1783574975264,\n      \"kind\": \"event\",\n      \"method\": null,\n      \"event\": \"agent\",\n      \"ok\": null,\n      \"data\": {\n        \"runId\": \"96d9ef22-bef3-4919-88cc-6f4ad568191a\",\n        \"sessionKey\": \"agent:main:r-cd-1-r-cd-1-1783573562432-ilxbgiqz\",\n        \"ts\": 1783574975087\n      }\n    },\n    {\n      \"ts\": 1783574975265,\n      \"kind\": \"event\",\n      \"method\": null,\n      \"event\": \"agent\",\n      \"ok\": null,\n      \"data\": {\n        \"runId\": \"96d9ef22-bef3-4919-88cc-6f4ad568191a\",\n        \"sessionKey\": \"agent:main:r-cd-1-r-cd-1-1783573562432-ilxbgiqz\",\n        \"ts\": 1783574975264\n      }\n    },\n    {\n      \"ts\": 1783574975268,\n      \"kind\": \"event\",\n      \"method\": null,\n      \"event\": \"agent\",\n      \"ok\": null,\n      \"data\": {\n        \"runId\": \"96d9ef22-bef3-4919-88cc-6f4ad568191a\",\n        \"sessionKey\": \"agent:main:r-cd-1-r-cd-1-1783573562432-ilxbgiqz\",\n        \"ts\": 1783574975266\n      }\n    },\n    {\n      \"ts\": 1783574975268,\n      \"kind\": \"event\",\n      \"method\": null,\n      \"event\": \"agent\",\n      \"ok\": null,\n      \"data\": {\n        \"runId\": \"96d9ef22-bef3-4919-88cc-6f4ad568191a\",\n        \"sessionKey\": \"agent:main:r-cd-1-r-cd-1-1783573562432-ilxbgiqz\",\n        \"ts\": 1783574975267\n      }\n    },\n    {\n      \"ts\": 1783574975347,\n      \"kind\": \"event\",\n      \"method\": null,\n      \"event\": \"agent\",\n      \"ok\": null,\n      \"data\": {\n        \"runId\": \"96d9ef22-bef3-4919-88cc-6f4ad568191a\",\n        \"sessionKey\": \"agent:main:r-cd-1-r-cd-1-1783573562432-ilxbgiqz\",\n        \"ts\": 1783574975269\n      }\n    },\n    {\n      \"ts\": 1783574975347,\n      \"kind\": \"event\",\n      \"method\": null,\n      \"event\": \"agent\",\n      \"ok\": null,\n      \"data\": {\n        \"runId\": \"96d9ef22-bef3-4919-88cc-6f4ad568191a\",\n        \"sessionKey\": \"agent:main:r-cd-1-r-cd-1-1783573562432-ilxbgiqz\",\n        \"ts\": 1783574975347\n      }\n    },\n    {\n      \"ts\": 1783574975400,\n      \"kind\": \"event\",\n      \"method\": null,\n      \"event\": \"health\",\n      \"ok\": null,\n      \"data\": {\n        \"ok\": true,\n        \"ts\": 1783574975399\n      }\n    },\n    {\n      \"ts\": 1783574975405,\n      \"kind\": \"event\",\n      \"method\": null,\n      \"event\": \"presence\",\n      \"ok\": null,\n      \"data\": {}\n    },\n    {\n      \"ts\": 1783574975462,\n      \"kind\": \"event\",\n      \"method\": null,\n      \"event\": \"agent\",\n      \"ok\": null,\n      \"data\": {\n        \"runId\": \"96d9ef22-bef3-4919-88cc-6f4ad568191a\",\n        \"sessionKey\": \"agent:main:r-cd-1-r-cd-1-1783573562432-ilxbgiqz\",\n        \"ts\": 1783574975461\n      }\n    },\n    {\n      \"ts\": 1783574975462,\n      \"kind\": \"event\",\n      \"method\": null,\n      \"event\": \"chat\",\n      \"ok\": null,\n      \"data\": {\n        \"runId\": \"96d9ef22-bef3-4919-88cc-6f4ad568191a\",\n        \"sessionKey\": \"agent:main:r-cd-1-r-cd-1-1783573562432-ilxbgiqz\",\n        \"state\": \"final\"\n      }\n    },\n    {\n      \"ts\": 1783574975632,\n      \"kind\": \"event\",\n      \"method\": null,\n      \"event\": \"heartbeat\",\n      \"ok\": null,\n      \"data\": {\n        \"ts\": 1783574975631,\n        \"status\": \"ok-empty\",\n        \"reason\": \"delegate-return\"\n      }\n    },\n    {\n      \"ts\": 1783574975942,\n      \"kind\": \"event\",\n      \"method\": null,\n      \"event\": \"agent\",\n      \"ok\": null,\n      \"data\": {\n        \"runId\": \"active-memory-mrd2hjq7-61ec7e42\",\n        \"sessionKey\": \"agent:main:r-cw-2-r-cw-2-1783574969629-esa35spr:active-memory:99925a388dd7\",\n        \"ts\": 1783574975904\n      }\n    },\n    {\n      \"ts\": 1783574976501,\n      \"kind\": \"event\",\n      \"method\": null,\n      \"event\": \"health\",\n      \"ok\": null,\n      \"data\": {\n        \"ok\": true,\n        \"ts\": 1783574976500\n      }\n    },\n    {\n      \"ts\": 1783574976507,\n      \"kind\": \"event\",\n      \"method\": null,\n      \"event\": \"presence\",\n      \"ok\": null,\n      \"data\": {}\n    },\n    {\n      \"ts\": 1783574977556,\n      \"kind\": \"event\",\n      \"method\": null,\n      \"event\": \"health\",\n      \"ok\": null,\n      \"data\": {\n        \"ok\": true,\n        \"ts\": 1783574977556\n      }\n    },\n    {\n      \"ts\": 1783574978019,\n      \"kind\": \"event\",\n      \"method\": null,\n      \"event\": \"presence\",\n      \"ok\": null,\n      \"data\": {}\n    },\n    {\n      \"ts\": 1783574978062,\n      \"kind\": \"event\",\n      \"method\": null,\n      \"event\": \"health\",\n      \"ok\": null,\n      \"data\": {\n        \"ok\": true,\n        \"ts\": 1783574978061\n      }\n    },\n    {\n      \"ts\": 1783574978085,\n      \"kind\": \"event\",\n      \"method\": null,\n      \"event\": \"presence\",\n      \"ok\": null,\n      \"data\": {}\n    },\n    {\n      \"ts\": 1783574978120,\n      \"kind\": \"event\",\n      \"method\": null,\n      \"event\": \"agent\",\n      \"ok\": null,\n      \"data\": {\n        \"runId\": \"active-memory-mrd2hjq7-61ec7e42\",\n        \"sessionKey\": \"agent:main:r-cw-2-r-cw-2-1783574969629-esa35spr:active-memory:99925a388dd7\",\n        \"ts\": 1783574978106\n      }\n    },\n    {\n      \"ts\": 1783574978314,\n      \"kind\": \"event\",\n      \"method\": null,\n      \"event\": \"health\",\n      \"ok\": null,\n      \"data\": {\n        \"ok\": true,\n        \"ts\": 1783574978313\n      }\n    },\n    {\n      \"ts\": 1783574978750,\n      \"kind\": \"event\",\n      \"method\": null,\n      \"event\": \"tick\",\n      \"ok\": null,\n      \"data\": {\n        \"ts\": 1783574978749\n      }\n    },\n    {\n      \"ts\": 1783574979069,\n      \"kind\": \"event\",\n      \"method\": null,\n      \"event\": \"health\",\n      \"ok\": null,\n      \"data\": {\n        \"ok\": true,\n        \"ts\": 1783574979068\n      }\n    },\n    {\n      \"ts\": 1783574979075,\n      \"kind\": \"event\",\n      \"method\": null,\n      \"event\": \"presence\",\n      \"ok\": null,\n      \"data\": {}\n    },\n    {\n      \"ts\": 1783574979450,\n      \"kind\": \"event\",\n      \"method\": null,\n      \"event\": \"agent\",\n      \"ok\": null,\n      \"data\": {\n        \"runId\": \"active-memory-mrd2hjq7-61ec7e42\",\n        \"sessionKey\": \"agent:main:r-cw-2-r-cw-2-1783574969629-esa35spr:active-memory:99925a388dd7\",\n        \"ts\": 1783574979450\n      }\n    },\n    {\n      \"ts\": 1783574979451,\n      \"kind\": \"event\",\n      \"method\": null,\n      \"event\": \"chat\",\n      \"ok\": null,\n      \"data\": {\n        \"runId\": \"active-memory-mrd2hjq7-61ec7e42\",\n        \"sessionKey\": \"agent:main:r-cw-2-r-cw-2-1783574969629-esa35spr:active-memory:99925a388dd7\",\n        \"state\": \"error\"\n      }\n    },\n    {\n      \"ts\": 1783574979609,\n      \"kind\": \"event\",\n      \"method\": null,\n      \"event\": \"agent\",\n      \"ok\": null,\n      \"data\": {\n        \"runId\": \"R-CW-2-DISPATCH-R-CW-2-1783574969629-esa35spr\",\n        \"sessionKey\": \"agent:main:r-cw-2-r-cw-2-1783574969629-esa35spr\",\n        \"ts\": 1783574979608\n      }\n    },\n    {\n      \"ts\": 1783574979663,\n      \"kind\": \"event\",\n      \"method\": null,\n      \"event\": \"session.message\",\n      \"ok\": null,\n      \"data\": {\n        \"sessionKey\": \"agent:main:r-cw-2-r-cw-2-1783574969629-esa35spr\"\n      }\n    },\n    {\n      \"ts\": 1783574980155,\n      \"kind\": \"event\",\n      \"method\": null,\n      \"event\": \"health\",\n      \"ok\": null,\n      \"data\": {\n        \"ok\": true,\n        \"ts\": 1783574980154\n      }\n    },\n    {\n      \"ts\": 1783574980161,\n      \"kind\": \"event\",\n      \"method\": null,\n      \"event\": \"presence\",\n      \"ok\": null,\n      \"data\": {}\n    },\n    {\n      \"ts\": 1783574981250,\n      \"kind\": \"event\",\n      \"method\": null,\n      \"event\": \"health\",\n      \"ok\": null,\n      \"data\": {\n        \"ok\": true,\n        \"ts\": 1783574981250\n      }\n    },\n    {\n      \"ts\": 1783574981267,\n      \"kind\": \"event\",\n      \"method\": null,\n      \"event\": \"presence\",\n      \"ok\": null,\n      \"data\": {}\n    },\n    {\n      \"ts\": 1783574982346,\n      \"kind\": \"event\",\n      \"method\": null,\n      \"event\": \"health\",\n      \"ok\": null,\n      \"data\": {\n        \"ok\": true,\n        \"ts\": 1783574982345\n      }\n    },\n    {\n      \"ts\": 1783574982350,\n      \"kind\": \"event\",\n      \"method\": null,\n      \"event\": \"presence\",\n      \"ok\": null,\n      \"data\": {}\n    },\n    {\n      \"ts\": 1783574983400,\n      \"kind\": \"event\",\n      \"method\": null,\n      \"event\": \"health\",\n      \"ok\": null,\n      \"data\": {\n        \"ok\": true,\n        \"ts\": 1783574983399\n      }\n    },\n    {\n      \"ts\": 1783574983405,\n      \"kind\": \"event\",\n      \"method\": null,\n      \"event\": \"presence\",\n      \"ok\": null,\n      \"data\": {}\n    },\n    {\n      \"ts\": 1783574984161,\n      \"kind\": \"event\",\n      \"method\": null,\n      \"event\": \"session.message\",\n      \"ok\": null,\n      \"data\": {\n        \"sessionKey\": \"agent:main:r-cw-2-r-cw-2-1783574969629-esa35spr\",\n        \"status\": \"running\",\n        \"startedAt\": 1783574979608\n      }\n    },\n    {\n      \"ts\": 1783574984177,\n      \"kind\": \"event\",\n      \"method\": null,\n      \"event\": \"agent\",\n      \"ok\": null,\n      \"data\": {\n        \"runId\": \"R-CW-2-DISPATCH-R-CW-2-1783574969629-esa35spr\",\n        \"sessionKey\": \"agent:main:r-cw-2-r-cw-2-1783574969629-esa35spr\",\n        \"ts\": 1783574984163\n      }\n    },\n    {\n      \"ts\": 1783574984212,\n      \"kind\": \"event\",\n      \"method\": null,\n      \"event\": \"agent\",\n      \"ok\": null,\n      \"data\": {\n        \"runId\": \"R-CW-2-DISPATCH-R-CW-2-1783574969629-esa35spr\",\n        \"sessionKey\": \"agent:main:r-cw-2-r-cw-2-1783574969629-esa35spr\",\n        \"ts\": 1783574984197\n      }\n    },\n    {\n      \"ts\": 1783574984457,\n      \"kind\": \"event\",\n      \"method\": null,\n      \"event\": \"health\",\n      \"ok\": null,\n      \"data\": {\n        \"ok\": true,\n        \"ts\": 1783574984456\n      }\n    },\n    {\n      \"ts\": 1783574984463,\n      \"kind\": \"event\",\n      \"method\": null,\n      \"event\": \"presence\",\n      \"ok\": null,\n      \"data\": {}\n    },\n    {\n      \"ts\": 1783574985519,\n      \"kind\": \"event\",\n      \"method\": null,\n      \"event\": \"health\",\n      \"ok\": null,\n      \"data\": {\n        \"ok\": true,\n        \"ts\": 1783574985517\n      }\n    },\n    {\n      \"ts\": 1783574985523,\n      \"kind\": \"event\",\n      \"method\": null,\n      \"event\": \"presence\",\n      \"ok\": null,\n      \"data\": {}\n    },\n    {\n      \"ts\": 1783574986575,\n      \"kind\": \"event\",\n      \"method\": null,\n      \"event\": \"health\",\n      \"ok\": null,\n      \"data\": {\n        \"ok\": true,\n        \"ts\": 1783574986574\n      }\n    },\n    {\n      \"ts\": 1783574986583,\n      \"kind\": \"event\",\n      \"method\": null,\n      \"event\": \"presence\",\n      \"ok\": null,\n      \"data\": {}\n    },\n    {\n      \"ts\": 1783574987381,\n      \"kind\": \"event\",\n      \"method\": null,\n      \"event\": \"agent\",\n      \"ok\": null,\n      \"data\": {\n        \"runId\": \"R-CW-2-DISPATCH-R-CW-2-1783574969629-esa35spr\",\n        \"sessionKey\": \"agent:main:r-cw-2-r-cw-2-1783574969629-esa35spr\",\n        \"ts\": 1783574987380\n      }\n    },\n    {\n      \"ts\": 1783574987381,\n      \"kind\": \"event\",\n      \"method\": null,\n      \"event\": \"chat\",\n      \"ok\": null,\n      \"data\": {\n        \"runId\": \"R-CW-2-DISPATCH-R-CW-2-1783574969629-esa35spr\",\n        \"sessionKey\": \"agent:main:r-cw-2-r-cw-2-1783574969629-esa35spr\",\n        \"state\": \"delta\"\n      }\n    },\n    {\n      \"ts\": 1783574987557,\n      \"kind\": \"event\",\n      \"method\": null,\n      \"event\": \"session.message\",\n      \"ok\": null,\n      \"data\": {\n        \"sessionKey\": \"agent:main:r-cw-2-r-cw-2-1783574969629-esa35spr\",\n        \"status\": \"running\",\n        \"startedAt\": 1783574979608\n      }\n    },\n    {\n      \"ts\": 1783574987563,\n      \"kind\": \"event\",\n      \"method\": null,\n      \"event\": \"agent\",\n      \"ok\": null,\n      \"data\": {\n        \"runId\": \"R-CW-2-DISPATCH-R-CW-2-1783574969629-esa35spr\",\n        \"sessionKey\": \"agent:main:r-cw-2-r-cw-2-1783574969629-esa35spr\",\n        \"ts\": 1783574987388\n      }\n    },\n    {\n      \"ts\": 1783574987563,\n      \"kind\": \"event\",\n      \"method\": null,\n      \"event\": \"agent\",\n      \"ok\": null,\n      \"data\": {\n        \"runId\": \"R-CW-2-DISPATCH-R-CW-2-1783574969629-esa35spr\",\n        \"sessionKey\": \"agent:main:r-cw-2-r-cw-2-1783574969629-esa35spr\",\n        \"ts\": 1783574987562\n      }\n    },\n    {\n      \"ts\": 1783574987685,\n      \"kind\": \"event\",\n      \"method\": null,\n      \"event\": \"health\",\n      \"ok\": null,\n      \"data\": {\n        \"ok\": true,\n        \"ts\": 1783574987684\n      }\n    },\n    {\n      \"ts\": 1783574987690,\n      \"kind\": \"event\",\n      \"method\": null,\n      \"event\": \"presence\",\n      \"ok\": null,\n      \"data\": {}\n    },\n    {\n      \"ts\": 1783574987733,\n      \"kind\": \"event\",\n      \"method\": null,\n      \"event\": \"agent\",\n      \"ok\": null,\n      \"data\": {\n        \"runId\": \"R-CW-2-DISPATCH-R-CW-2-1783574969629-esa35spr\",\n        \"sessionKey\": \"agent:main:r-cw-2-r-cw-2-1783574969629-esa35spr\",\n        \"ts\": 1783574987732\n      }\n    },\n    {\n      \"ts\": 1783574987733,\n      \"kind\": \"event\",\n      \"method\": null,\n      \"event\": \"chat\",\n      \"ok\": null,\n      \"data\": {\n        \"runId\": \"R-CW-2-DISPATCH-R-CW-2-1783574969629-esa35spr\",\n        \"sessionKey\": \"agent:main:r-cw-2-r-cw-2-1783574969629-esa35spr\",\n        \"state\": \"delta\"\n      }\n    },\n    {\n      \"ts\": 1783574987733,\n      \"kind\": \"event\",\n      \"method\": null,\n      \"event\": \"chat\",\n      \"ok\": null,\n      \"data\": {\n        \"runId\": \"R-CW-2-DISPATCH-R-CW-2-1783574969629-esa35spr\",\n        \"sessionKey\": \"agent:main:r-cw-2-r-cw-2-1783574969629-esa35spr\",\n        \"state\": \"final\"\n      }\n    },\n    {\n      \"ts\": 1783574988771,\n      \"kind\": \"event\",\n      \"method\": null,\n      \"event\": \"health\",\n      \"ok\": null,\n      \"data\": {\n        \"ok\": true,\n        \"ts\": 1783574988771\n      }\n    },\n    {\n      \"ts\": 1783574988774,\n      \"kind\": \"event\",\n      \"method\": null,\n      \"event\": \"presence\",\n      \"ok\": null,\n      \"data\": {}\n    },\n    {\n      \"ts\": 1783574989824,\n      \"kind\": \"event\",\n      \"method\": null,\n      \"event\": \"health\",\n      \"ok\": null,\n      \"data\": {\n        \"ok\": true,\n        \"ts\": 1783574989823\n      }\n    },\n    {\n      \"ts\": 1783574989828,\n      \"kind\": \"event\",\n      \"method\": null,\n      \"event\": \"presence\",\n      \"ok\": null,\n      \"data\": {}\n    },\n    {\n      \"ts\": 1783574990883,\n      \"kind\": \"event\",\n      \"method\": null,\n      \"event\": \"health\",\n      \"ok\": null,\n      \"data\": {\n        \"ok\": true,\n        \"ts\": 1783574990882\n      }\n    },\n    {\n      \"ts\": 1783574990888,\n      \"kind\": \"event\",\n      \"method\": null,\n      \"event\": \"presence\",\n      \"ok\": null,\n      \"data\": {}\n    },\n    {\n      \"ts\": 1783574991976,\n      \"kind\": \"event\",\n      \"method\": null,\n      \"event\": \"health\",\n      \"ok\": null,\n      \"data\": {\n        \"ok\": true,\n        \"ts\": 1783574991975\n      }\n    },\n    {\n      \"ts\": 1783574991982,\n      \"kind\": \"event\",\n      \"method\": null,\n      \"event\": \"presence\",\n      \"ok\": null,\n      \"data\": {}\n    },\n    {\n      \"ts\": 1783574993039,\n      \"kind\": \"event\",\n      \"method\": null,\n      \"event\": \"health\",\n      \"ok\": null,\n      \"data\": {\n        \"ok\": true,\n        \"ts\": 1783574993038\n      }\n    },\n    {\n      \"ts\": 1783574993046,\n      \"kind\": \"event\",\n      \"method\": null,\n      \"event\": \"presence\",\n      \"ok\": null,\n      \"data\": {}\n    },\n    {\n      \"ts\": 1783574994129,\n      \"kind\": \"event\",\n      \"method\": null,\n      \"event\": \"health\",\n      \"ok\": null,\n      \"data\": {\n        \"ok\": true,\n        \"ts\": 1783574994128\n      }\n    },\n    {\n      \"ts\": 1783574994134,\n      \"kind\": \"event\",\n      \"method\": null,\n      \"event\": \"presence\",\n      \"ok\": null,\n      \"data\": {}\n    },\n    {\n      \"ts\": 1783574995220,\n      \"kind\": \"event\",\n      \"method\": null,\n      \"event\": \"health\",\n      \"ok\": null,\n      \"data\": {\n        \"ok\": true,\n        \"ts\": 1783574995219\n      }\n    },\n    {\n      \"ts\": 1783574995224,\n      \"kind\": \"event\",\n      \"method\": null,\n      \"event\": \"presence\",\n      \"ok\": null,\n      \"data\": {}\n    },\n    {\n      \"ts\": 1783574996277,\n      \"kind\": \"event\",\n      \"method\": null,\n      \"event\": \"health\",\n      \"ok\": null,\n      \"data\": {\n        \"ok\": true,\n        \"ts\": 1783574996276\n      }\n    },\n    {\n      \"ts\": 1783574996281,\n      \"kind\": \"event\",\n      \"method\": null,\n      \"event\": \"presence\",\n      \"ok\": null,\n      \"data\": {}\n    },\n    {\n      \"ts\": 1783574997336,\n      \"kind\": \"event\",\n      \"method\": null,\n      \"event\": \"health\",\n      \"ok\": null,\n      \"data\": {\n        \"ok\": true,\n        \"ts\": 1783574997335\n      }\n    },\n    {\n      \"ts\": 1783574997341,\n      \"kind\": \"event\",\n      \"method\": null,\n      \"event\": \"presence\",\n      \"ok\": null,\n      \"data\": {}\n    },\n    {\n      \"ts\": 1783574998392,\n      \"kind\": \"event\",\n      \"method\": null,\n      \"event\": \"health\",\n      \"ok\": null,\n      \"data\": {\n        \"ok\": true,\n        \"ts\": 1783574998391\n      }\n    },\n    {\n      \"ts\": 1783574998400,\n      \"kind\": \"event\",\n      \"method\": null,\n      \"event\": \"presence\",\n      \"ok\": null,\n      \"data\": {}\n    },\n    {\n      \"ts\": 1783574999449,\n      \"kind\": \"event\",\n      \"method\": null,\n      \"event\": \"health\",\n      \"ok\": null,\n      \"data\": {\n        \"ok\": true,\n        \"ts\": 1783574999448\n      }\n    },\n    {\n      \"ts\": 1783574999453,\n      \"kind\": \"event\",\n      \"method\": null,\n      \"event\": \"presence\",\n      \"ok\": null,\n      \"data\": {}\n    },\n    {\n      \"ts\": 1783575000538,\n      \"kind\": \"event\",\n      \"method\": null,\n      \"event\": \"health\",\n      \"ok\": null,\n      \"data\": {\n        \"ok\": true,\n        \"ts\": 1783575000538\n      }\n    },\n    {\n      \"ts\": 1783575000549,\n      \"kind\": \"event\",\n      \"method\": null,\n      \"event\": \"presence\",\n      \"ok\": null,\n      \"data\": {}\n    },\n    {\n      \"ts\": 1783575001628,\n      \"kind\": \"event\",\n      \"method\": null,\n      \"event\": \"health\",\n      \"ok\": null,\n      \"data\": {\n        \"ok\": true,\n        \"ts\": 1783575001627\n      }\n    },\n    {\n      \"ts\": 1783575001639,\n      \"kind\": \"event\",\n      \"method\": null,\n      \"event\": \"presence\",\n      \"ok\": null,\n      \"data\": {}\n    },\n    {\n      \"ts\": 1783575002718,\n      \"kind\": \"event\",\n      \"method\": null,\n      \"event\": \"health\",\n      \"ok\": null,\n      \"data\": {\n        \"ok\": true,\n        \"ts\": 1783575002717\n      }\n    },\n    {\n      \"ts\": 1783575002722,\n      \"kind\": \"event\",\n      \"method\": null,\n      \"event\": \"presence\",\n      \"ok\": null,\n      \"data\": {}\n    },\n    {\n      \"ts\": 1783575003779,\n      \"kind\": \"event\",\n      \"method\": null,\n      \"event\": \"health\",\n      \"ok\": null,\n      \"data\": {\n        \"ok\": true,\n        \"ts\": 1783575003778\n      }\n    },\n    {\n      \"ts\": 1783575003782,\n      \"kind\": \"event\",\n      \"method\": null,\n      \"event\": \"presence\",\n      \"ok\": null,\n      \"data\": {}\n    },\n    {\n      \"ts\": 1783575004864,\n      \"kind\": \"event\",\n      \"method\": null,\n      \"event\": \"health\",\n      \"ok\": null,\n      \"data\": {\n        \"ok\": true,\n        \"ts\": 1783575004864\n      }\n    },\n    {\n      \"ts\": 1783575004878,\n      \"kind\": \"event\",\n      \"method\": null,\n      \"event\": \"presence\",\n      \"ok\": null,\n      \"data\": {}\n    },\n    {\n      \"ts\": 1783575005929,\n      \"kind\": \"event\",\n      \"method\": null,\n      \"event\": \"health\",\n      \"ok\": null,\n      \"data\": {\n        \"ok\": true,\n        \"ts\": 1783575005928\n      }\n    },\n    {\n      \"ts\": 1783575005932,\n      \"kind\": \"event\",\n      \"method\": null,\n      \"event\": \"presence\",\n      \"ok\": null,\n      \"data\": {}\n    },\n    {\n      \"ts\": 1783575007011,\n      \"kind\": \"event\",\n      \"method\": null,\n      \"event\": \"health\",\n      \"ok\": null,\n      \"data\": {\n        \"ok\": true,\n        \"ts\": 1783575007010\n      }\n    },\n    {\n      \"ts\": 1783575007015,\n      \"kind\": \"event\",\n      \"method\": null,\n      \"event\": \"presence\",\n      \"ok\": null,\n      \"data\": {}\n    },\n    {\n      \"ts\": 1783575008071,\n      \"kind\": \"event\",\n      \"method\": null,\n      \"event\": \"health\",\n      \"ok\": null,\n      \"data\": {\n        \"ok\": true,\n        \"ts\": 1783575008070\n      }\n    },\n    {\n      \"ts\": 1783575008076,\n      \"kind\": \"event\",\n      \"method\": null,\n      \"event\": \"presence\",\n      \"ok\": null,\n      \"data\": {}\n    },\n    {\n      \"ts\": 1783575008750,\n      \"kind\": \"event\",\n      \"method\": null,\n      \"event\": \"tick\",\n      \"ok\": null,\n      \"data\": {\n        \"ts\": 1783575008750\n      }\n    },\n    {\n      \"ts\": 1783575009159,\n      \"kind\": \"event\",\n      \"method\": null,\n      \"event\": \"health\",\n      \"ok\": null,\n      \"data\": {\n        \"ok\": true,\n        \"ts\": 1783575009158\n      }\n    },\n    {\n      \"ts\": 1783575009165,\n      \"kind\": \"event\",\n      \"method\": null,\n      \"event\": \"presence\",\n      \"ok\": null,\n      \"data\": {}\n    },\n    {\n      \"ts\": 1783575010248,\n      \"kind\": \"event\",\n      \"method\": null,\n      \"event\": \"health\",\n      \"ok\": null,\n      \"data\": {\n        \"ok\": true,\n        \"ts\": 1783575010248\n      }\n    },\n    {\n      \"ts\": 1783575010256,\n      \"kind\": \"event\",\n      \"method\": null,\n      \"event\": \"presence\",\n      \"ok\": null,\n      \"data\": {}\n    },\n    {\n      \"ts\": 1783575011308,\n      \"kind\": \"event\",\n      \"method\": null,\n      \"event\": \"health\",\n      \"ok\": null,\n      \"data\": {\n        \"ok\": true,\n        \"ts\": 1783575011307\n      }\n    },\n    {\n      \"ts\": 1783575011312,\n      \"kind\": \"event\",\n      \"method\": null,\n      \"event\": \"presence\",\n      \"ok\": null,\n      \"data\": {}\n    },\n    {\n      \"ts\": 1783575012368,\n      \"kind\": \"event\",\n      \"method\": null,\n      \"event\": \"health\",\n      \"ok\": null,\n      \"data\": {\n        \"ok\": true,\n        \"ts\": 1783575012368\n      }\n    },\n    {\n      \"ts\": 1783575012372,\n      \"kind\": \"event\",\n      \"method\": null,\n      \"event\": \"presence\",\n      \"ok\": null,\n      \"data\": {}\n    },\n    {\n      \"ts\": 1783575013456,\n      \"kind\": \"event\",\n      \"method\": null,\n      \"event\": \"health\",\n      \"ok\": null,\n      \"data\": {\n        \"ok\": true,\n        \"ts\": 1783575013456\n      }\n    },\n    {\n      \"ts\": 1783575013461,\n      \"kind\": \"event\",\n      \"method\": null,\n      \"event\": \"presence\",\n      \"ok\": null,\n      \"data\": {}\n    },\n    {\n      \"ts\": 1783575014518,\n      \"kind\": \"event\",\n      \"method\": null,\n      \"event\": \"health\",\n      \"ok\": null,\n      \"data\": {\n        \"ok\": true,\n        \"ts\": 1783575014517\n      }\n    },\n    {\n      \"ts\": 1783575014523,\n      \"kind\": \"event\",\n      \"method\": null,\n      \"event\": \"presence\",\n      \"ok\": null,\n      \"data\": {}\n    },\n    {\n      \"ts\": 1783575015604,\n      \"kind\": \"event\",\n      \"method\": null,\n      \"event\": \"health\",\n      \"ok\": null,\n      \"data\": {\n        \"ok\": true,\n        \"ts\": 1783575015603\n      }\n    },\n    {\n      \"ts\": 1783575015608,\n      \"kind\": \"event\",\n      \"method\": null,\n      \"event\": \"presence\",\n      \"ok\": null,\n      \"data\": {}\n    },\n    {\n      \"ts\": 1783575016692,\n      \"kind\": \"event\",\n      \"method\": null,\n      \"event\": \"health\",\n      \"ok\": null,\n      \"data\": {\n        \"ok\": true,\n        \"ts\": 1783575016692\n      }\n    },\n    {\n      \"ts\": 1783575016696,\n      \"kind\": \"event\",\n      \"method\": null,\n      \"event\": \"presence\",\n      \"ok\": null,\n      \"data\": {}\n    },\n    {\n      \"ts\": 1783575017746,\n      \"kind\": \"event\",\n      \"method\": null,\n      \"event\": \"health\",\n      \"ok\": null,\n      \"data\": {\n        \"ok\": true,\n        \"ts\": 1783575017745\n      }\n    },\n    {\n      \"ts\": 1783575017752,\n      \"kind\": \"event\",\n      \"method\": null,\n      \"event\": \"presence\",\n      \"ok\": null,\n      \"data\": {}\n    },\n    {\n      \"ts\": 1783575018803,\n      \"kind\": \"event\",\n      \"method\": null,\n      \"event\": \"health\",\n      \"ok\": null,\n      \"data\": {\n        \"ok\": true,\n        \"ts\": 1783575018802\n      }\n    },\n    {\n      \"ts\": 1783575018807,\n      \"kind\": \"event\",\n      \"method\": null,\n      \"event\": \"presence\",\n      \"ok\": null,\n      \"data\": {}\n    },\n    {\n      \"ts\": 1783575019860,\n      \"kind\": \"event\",\n      \"method\": null,\n      \"event\": \"health\",\n      \"ok\": null,\n      \"data\": {\n        \"ok\": true,\n        \"ts\": 1783575019860\n      }\n    },\n    {\n      \"ts\": 1783575019863,\n      \"kind\": \"event\",\n      \"method\": null,\n      \"event\": \"presence\",\n      \"ok\": null,\n      \"data\": {}\n    },\n    {\n      \"ts\": 1783575020917,\n      \"kind\": \"event\",\n      \"method\": null,\n      \"event\": \"health\",\n      \"ok\": null,\n      \"data\": {\n        \"ok\": true,\n        \"ts\": 1783575020916\n      }\n    },\n    {\n      \"ts\": 1783575020922,\n      \"kind\": \"event\",\n      \"method\": null,\n      \"event\": \"presence\",\n      \"ok\": null,\n      \"data\": {}\n    },\n    {\n      \"ts\": 1783575021999,\n      \"kind\": \"event\",\n      \"method\": null,\n      \"event\": \"health\",\n      \"ok\": null,\n      \"data\": {\n        \"ok\": true,\n        \"ts\": 1783575021999\n      }\n    },\n    {\n      \"ts\": 1783575022007,\n      \"kind\": \"event\",\n      \"method\": null,\n      \"event\": \"presence\",\n      \"ok\": null,\n      \"data\": {}\n    },\n    {\n      \"ts\": 1783575023055,\n      \"kind\": \"event\",\n      \"method\": null,\n      \"event\": \"health\",\n      \"ok\": null,\n      \"data\": {\n        \"ok\": true,\n        \"ts\": 1783575023055\n      }\n    },\n    {\n      \"ts\": 1783575023057,\n      \"kind\": \"event\",\n      \"method\": null,\n      \"event\": \"presence\",\n      \"ok\": null,\n      \"data\": {}\n    },\n    {\n      \"ts\": 1783575024114,\n      \"kind\": \"event\",\n      \"method\": null,\n      \"event\": \"health\",\n      \"ok\": null,\n      \"data\": {\n        \"ok\": true,\n        \"ts\": 1783575024113\n      }\n    },\n    {\n      \"ts\": 1783575024116,\n      \"kind\": \"event\",\n      \"method\": null,\n      \"event\": \"presence\",\n      \"ok\": null,\n      \"data\": {}\n    },\n    {\n      \"ts\": 1783575025169,\n      \"kind\": \"event\",\n      \"method\": null,\n      \"event\": \"health\",\n      \"ok\": null,\n      \"data\": {\n        \"ok\": true,\n        \"ts\": 1783575025168\n      }\n    },\n    {\n      \"ts\": 1783575025173,\n      \"kind\": \"event\",\n      \"method\": null,\n      \"event\": \"presence\",\n      \"ok\": null,\n      \"data\": {}\n    },\n    {\n      \"ts\": 1783575026226,\n      \"kind\": \"event\",\n      \"method\": null,\n      \"event\": \"health\",\n      \"ok\": null,\n      \"data\": {\n        \"ok\": true,\n        \"ts\": 1783575026225\n      }\n    },\n    {\n      \"ts\": 1783575026233,\n      \"kind\": \"event\",\n      \"method\": null,\n      \"event\": \"presence\",\n      \"ok\": null,\n      \"data\": {}\n    },\n    {\n      \"ts\": 1783575027304,\n      \"kind\": \"event\",\n      \"method\": null,\n      \"event\": \"health\",\n      \"ok\": null,\n      \"data\": {\n        \"ok\": true,\n        \"ts\": 1783575027304\n      }\n    },\n    {\n      \"ts\": 1783575027333,\n      \"kind\": \"event\",\n      \"method\": null,\n      \"event\": \"presence\",\n      \"ok\": null,\n      \"data\": {}\n    },\n    {\n      \"ts\": 1783575028420,\n      \"kind\": \"event\",\n      \"method\": null,\n      \"event\": \"health\",\n      \"ok\": null,\n      \"data\": {\n        \"ok\": true,\n        \"ts\": 1783575028419\n      }\n    },\n    {\n      \"ts\": 1783575028425,\n      \"kind\": \"event\",\n      \"method\": null,\n      \"event\": \"presence\",\n      \"ok\": null,\n      \"data\": {}\n    },\n    {\n      \"ts\": 1783575029477,\n      \"kind\": \"event\",\n      \"method\": null,\n      \"event\": \"health\",\n      \"ok\": null,\n      \"data\": {\n        \"ok\": true,\n        \"ts\": 1783575029477\n      }\n    },\n    {\n      \"ts\": 1783575029482,\n      \"kind\": \"event\",\n      \"method\": null,\n      \"event\": \"presence\",\n      \"ok\": null,\n      \"data\": {}\n    },\n    {\n      \"ts\": 1783575030538,\n      \"kind\": \"event\",\n      \"method\": null,\n      \"event\": \"health\",\n      \"ok\": null,\n      \"data\": {\n        \"ok\": true,\n        \"ts\": 1783575030537\n      }\n    },\n    {\n      \"ts\": 1783575030542,\n      \"kind\": \"event\",\n      \"method\": null,\n      \"event\": \"presence\",\n      \"ok\": null,\n      \"data\": {}\n    },\n    {\n      \"ts\": 1783575031595,\n      \"kind\": \"event\",\n      \"method\": null,\n      \"event\": \"health\",\n      \"ok\": null,\n      \"data\": {\n        \"ok\": true,\n        \"ts\": 1783575031594\n      }\n    },\n    {\n      \"ts\": 1783575031609,\n      \"kind\": \"event\",\n      \"method\": null,\n      \"event\": \"presence\",\n      \"ok\": null,\n      \"data\": {}\n    },\n    {\n      \"ts\": 1783575032667,\n      \"kind\": \"event\",\n      \"method\": null,\n      \"event\": \"health\",\n      \"ok\": null,\n      \"data\": {\n        \"ok\": true,\n        \"ts\": 1783575032666\n      }\n    },\n    {\n      \"ts\": 1783575032722,\n      \"kind\": \"event\",\n      \"method\": null,\n      \"event\": \"presence\",\n      \"ok\": null,\n      \"data\": {}\n    },\n    {\n      \"ts\": 1783575033868,\n      \"kind\": \"event\",\n      \"method\": null,\n      \"event\": \"health\",\n      \"ok\": null,\n      \"data\": {\n        \"ok\": true,\n        \"ts\": 1783575033868\n      }\n    },\n    {\n      \"ts\": 1783575033874,\n      \"kind\": \"event\",\n      \"method\": null,\n      \"event\": \"presence\",\n      \"ok\": null,\n      \"data\": {}\n    },\n    {\n      \"ts\": 1783575034922,\n      \"kind\": \"event\",\n      \"method\": null,\n      \"event\": \"health\",\n      \"ok\": null,\n      \"data\": {\n        \"ok\": true,\n        \"ts\": 1783575034921\n      }\n    },\n    {\n      \"ts\": 1783575034940,\n      \"kind\": \"event\",\n      \"method\": null,\n      \"event\": \"presence\",\n      \"ok\": null,\n      \"data\": {}\n    },\n    {\n      \"ts\": 1783575035995,\n      \"kind\": \"event\",\n      \"method\": null,\n      \"event\": \"health\",\n      \"ok\": null,\n      \"data\": {\n        \"ok\": true,\n        \"ts\": 1783575035994\n      }\n    },\n    {\n      \"ts\": 1783575035998,\n      \"kind\": \"event\",\n      \"method\": null,\n      \"event\": \"presence\",\n      \"ok\": null,\n      \"data\": {}\n    },\n    {\n      \"ts\": 1783575037059,\n      \"kind\": \"event\",\n      \"method\": null,\n      \"event\": \"health\",\n      \"ok\": null,\n      \"data\": {\n        \"ok\": true,\n        \"ts\": 1783575037058\n      }\n    },\n    {\n      \"ts\": 1783575037061,\n      \"kind\": \"event\",\n      \"method\": null,\n      \"event\": \"presence\",\n      \"ok\": null,\n      \"data\": {}\n    },\n    {\n      \"ts\": 1783575038147,\n      \"kind\": \"event\",\n      \"method\": null,\n      \"event\": \"health\",\n      \"ok\": null,\n      \"data\": {\n        \"ok\": true,\n        \"ts\": 1783575038146\n      }\n    },\n    {\n      \"ts\": 1783575038177,\n      \"kind\": \"event\",\n      \"method\": null,\n      \"event\": \"presence\",\n      \"ok\": null,\n      \"data\": {}\n    },\n    {\n      \"ts\": 1783575038321,\n      \"kind\": \"event\",\n      \"method\": null,\n      \"event\": \"health\",\n      \"ok\": null,\n      \"data\": {\n        \"ok\": true,\n        \"ts\": 1783575038320\n      }\n    },\n    {\n      \"ts\": 1783575038751,\n      \"kind\": \"event\",\n      \"method\": null,\n      \"event\": \"tick\",\n      \"ok\": null,\n      \"data\": {\n        \"ts\": 1783575038750\n      }\n    },\n    {\n      \"ts\": 1783575039264,\n      \"kind\": \"event\",\n      \"method\": null,\n      \"event\": \"health\",\n      \"ok\": null,\n      \"data\": {\n        \"ok\": true,\n        \"ts\": 1783575039263\n      }\n    },\n    {\n      \"ts\": 1783575039269,\n      \"kind\": \"event\",\n      \"method\": null,\n      \"event\": \"presence\",\n      \"ok\": null,\n      \"data\": {}\n    },\n    {\n      \"ts\": 1783575040322,\n      \"kind\": \"event\",\n      \"method\": null,\n      \"event\": \"health\",\n      \"ok\": null,\n      \"data\": {\n        \"ok\": true,\n        \"ts\": 1783575040321\n      }\n    },\n    {\n      \"ts\": 1783575040330,\n      \"kind\": \"event\",\n      \"method\": null,\n      \"event\": \"presence\",\n      \"ok\": null,\n      \"data\": {}\n    },\n    {\n      \"ts\": 1783575041384,\n      \"kind\": \"event\",\n      \"method\": null,\n      \"event\": \"health\",\n      \"ok\": null,\n      \"data\": {\n        \"ok\": true,\n        \"ts\": 1783575041383\n      }\n    },\n    {\n      \"ts\": 1783575041391,\n      \"kind\": \"event\",\n      \"method\": null,\n      \"event\": \"presence\",\n      \"ok\": null,\n      \"data\": {}\n    },\n    {\n      \"ts\": 1783575042480,\n      \"kind\": \"event\",\n      \"method\": null,\n      \"event\": \"health\",\n      \"ok\": null,\n      \"data\": {\n        \"ok\": true,\n        \"ts\": 1783575042480\n      }\n    },\n    {\n      \"ts\": 1783575042484,\n      \"kind\": \"event\",\n      \"method\": null,\n      \"event\": \"presence\",\n      \"ok\": null,\n      \"data\": {}\n    },\n    {\n      \"ts\": 1783575043573,\n      \"kind\": \"event\",\n      \"method\": null,\n      \"event\": \"health\",\n      \"ok\": null,\n      \"data\": {\n        \"ok\": true,\n        \"ts\": 1783575043572\n      }\n    },\n    {\n      \"ts\": 1783575043577,\n      \"kind\": \"event\",\n      \"method\": null,\n      \"event\": \"presence\",\n      \"ok\": null,\n      \"data\": {}\n    },\n    {\n      \"ts\": 1783575044632,\n      \"kind\": \"event\",\n      \"method\": null,\n      \"event\": \"health\",\n      \"ok\": null,\n      \"data\": {\n        \"ok\": true,\n        \"ts\": 1783575044631\n      }\n    },\n    {\n      \"ts\": 1783575044640,\n      \"kind\": \"event\",\n      \"method\": null,\n      \"event\": \"presence\",\n      \"ok\": null,\n      \"data\": {}\n    },\n    {\n      \"ts\": 1783575045722,\n      \"kind\": \"event\",\n      \"method\": null,\n      \"event\": \"health\",\n      \"ok\": null,\n      \"data\": {\n        \"ok\": true,\n        \"ts\": 1783575045721\n      }\n    },\n    {\n      \"ts\": 1783575045731,\n      \"kind\": \"event\",\n      \"method\": null,\n      \"event\": \"presence\",\n      \"ok\": null,\n      \"data\": {}\n    },\n    {\n      \"ts\": 1783575046838,\n      \"kind\": \"event\",\n      \"method\": null,\n      \"event\": \"health\",\n      \"ok\": null,\n      \"data\": {\n        \"ok\": true,\n        \"ts\": 1783575046837\n      }\n    },\n    {\n      \"ts\": 1783575046843,\n      \"kind\": \"event\",\n      \"method\": null,\n      \"event\": \"presence\",\n      \"ok\": null,\n      \"data\": {}\n    },\n    {\n      \"ts\": 1783575047933,\n      \"kind\": \"event\",\n      \"method\": null,\n      \"event\": \"health\",\n      \"ok\": null,\n      \"data\": {\n        \"ok\": true,\n        \"ts\": 1783575047932\n      }\n    },\n    {\n      \"ts\": 1783575047935,\n      \"kind\": \"event\",\n      \"method\": null,\n      \"event\": \"presence\",\n      \"ok\": null,\n      \"data\": {}\n    },\n    {\n      \"ts\": 1783575049020,\n      \"kind\": \"event\",\n      \"method\": null,\n      \"event\": \"health\",\n      \"ok\": null,\n      \"data\": {\n        \"ok\": true,\n        \"ts\": 1783575049020\n      }\n    },\n    {\n      \"ts\": 1783575049026,\n      \"kind\": \"event\",\n      \"method\": null,\n      \"event\": \"presence\",\n      \"ok\": null,\n      \"data\": {}\n    },\n    {\n      \"ts\": 1783575050113,\n      \"kind\": \"event\",\n      \"method\": null,\n      \"event\": \"health\",\n      \"ok\": null,\n      \"data\": {\n        \"ok\": true,\n        \"ts\": 1783575050112\n      }\n    },\n    {\n      \"ts\": 1783575050116,\n      \"kind\": \"event\",\n      \"method\": null,\n      \"event\": \"presence\",\n      \"ok\": null,\n      \"data\": {}\n    },\n    {\n      \"ts\": 1783575051177,\n      \"kind\": \"event\",\n      \"method\": null,\n      \"event\": \"health\",\n      \"ok\": null,\n      \"data\": {\n        \"ok\": true,\n        \"ts\": 1783575051177\n      }\n    },\n    {\n      \"ts\": 1783575051183,\n      \"kind\": \"event\",\n      \"method\": null,\n      \"event\": \"presence\",\n      \"ok\": null,\n      \"data\": {}\n    },\n    {\n      \"ts\": 1783575052239,\n      \"kind\": \"event\",\n      \"method\": null,\n      \"event\": \"health\",\n      \"ok\": null,\n      \"data\": {\n        \"ok\": true,\n        \"ts\": 1783575052238\n      }\n    },\n    {\n      \"ts\": 1783575052243,\n      \"kind\": \"event\",\n      \"method\": null,\n      \"event\": \"presence\",\n      \"ok\": null,\n      \"data\": {}\n    },\n    {\n      \"ts\": 1783575053326,\n      \"kind\": \"event\",\n      \"method\": null,\n      \"event\": \"health\",\n      \"ok\": null,\n      \"data\": {\n        \"ok\": true,\n        \"ts\": 1783575053325\n      }\n    },\n    {\n      \"ts\": 1783575053330,\n      \"kind\": \"event\",\n      \"method\": null,\n      \"event\": \"presence\",\n      \"ok\": null,\n      \"data\": {}\n    },\n    {\n      \"ts\": 1783575054391,\n      \"kind\": \"event\",\n      \"method\": null,\n      \"event\": \"health\",\n      \"ok\": null,\n      \"data\": {\n        \"ok\": true,\n        \"ts\": 1783575054391\n      }\n    },\n    {\n      \"ts\": 1783575054394,\n      \"kind\": \"event\",\n      \"method\": null,\n      \"event\": \"presence\",\n      \"ok\": null,\n      \"data\": {}\n    },\n    {\n      \"ts\": 1783575055450,\n      \"kind\": \"event\",\n      \"method\": null,\n      \"event\": \"health\",\n      \"ok\": null,\n      \"data\": {\n        \"ok\": true,\n        \"ts\": 1783575055449\n      }\n    },\n    {\n      \"ts\": 1783575055457,\n      \"kind\": \"event\",\n      \"method\": null,\n      \"event\": \"presence\",\n      \"ok\": null,\n      \"data\": {}\n    },\n    {\n      \"ts\": 1783575056511,\n      \"kind\": \"event\",\n      \"method\": null,\n      \"event\": \"health\",\n      \"ok\": null,\n      \"data\": {\n        \"ok\": true,\n        \"ts\": 1783575056511\n      }\n    },\n    {\n      \"ts\": 1783575056515,\n      \"kind\": \"event\",\n      \"method\": null,\n      \"event\": \"presence\",\n      \"ok\": null,\n      \"data\": {}\n    },\n    {\n      \"ts\": 1783575057574,\n      \"kind\": \"event\",\n      \"method\": null,\n      \"event\": \"health\",\n      \"ok\": null,\n      \"data\": {\n        \"ok\": true,\n        \"ts\": 1783575057573\n      }\n    },\n    {\n      \"ts\": 1783575057578,\n      \"kind\": \"event\",\n      \"method\": null,\n      \"event\": \"presence\",\n      \"ok\": null,\n      \"data\": {}\n    },\n    {\n      \"ts\": 1783575058632,\n      \"kind\": \"event\",\n      \"method\": null,\n      \"event\": \"health\",\n      \"ok\": null,\n      \"data\": {\n        \"ok\": true,\n        \"ts\": 1783575058632\n      }\n    },\n    {\n      \"ts\": 1783575058635,\n      \"kind\": \"event\",\n      \"method\": null,\n      \"event\": \"presence\",\n      \"ok\": null,\n      \"data\": {}\n    },\n    {\n      \"ts\": 1783575059719,\n      \"kind\": \"event\",\n      \"method\": null,\n      \"event\": \"health\",\n      \"ok\": null,\n      \"data\": {\n        \"ok\": true,\n        \"ts\": 1783575059718\n      }\n    },\n    {\n      \"ts\": 1783575059725,\n      \"kind\": \"event\",\n      \"method\": null,\n      \"event\": \"presence\",\n      \"ok\": null,\n      \"data\": {}\n    }\n  ],\n  \"ended\": \"2026-07-09T05:31:00.050Z\",\n  \"duration_ms\": 90421\n}" source=console
project81 k6 proof on ronan	Run Project 81 k6 proof wrapper	2026-07-09T05:31:00.0962270Z time="2026-07-08T22:31:00-07:00" level=info msg="--- END EVIDENCE ---" source=console
project81 k6 proof on ronan	Run Project 81 k6 proof wrapper	2026-07-09T05:31:00.0962877Z time="2026-07-08T22:31:00-07:00" level=info msg="\n[R-CW-2] VERDICT: PARTIAL-candidate" source=console
project81 k6 proof on ronan	Run Project 81 k6 proof wrapper	2026-07-09T05:31:00.0963575Z 
project81 k6 proof on ronan	Run Project 81 k6 proof wrapper	2026-07-09T05:31:00.0963855Z [R-CW-2] Summary: PARTIAL-candidate | SHA: 5292af40d0ad5303b85a678f6e629503a8725848 | Seat: ronan
project81 k6 proof on ronan	Run Project 81 k6 proof wrapper	2026-07-09T05:31:00.0964230Z 
project81 k6 proof on ronan	Run Project 81 k6 proof wrapper	2026-07-09T05:31:00.0964399Z running (1m30.4s), 0/1 VUs, 1 complete and 0 interrupted iterations
project81 k6 proof on ronan	Run Project 81 k6 proof wrapper	2026-07-09T05:31:00.0965138Z r_cw_2_immediate_wake ✓ [ 100% ] 1 VUs  1m30.4s/2m0s  1/1 shared iters
project81 k6 proof on ronan	Run Project 81 k6 proof wrapper	2026-07-09T05:31:00.1419466Z time="2026-07-08T22:31:00-07:00" level=error msg="thresholds on metrics 'proof_failures, r_cw_2_duration' have been crossed"
project81 k6 proof on ronan	Run Project 81 k6 proof wrapper	2026-07-09T05:31:00.1469069Z ./r-cw-2-immediate-wake-summary.json
project81 k6 proof on ronan	Run Project 81 k6 proof wrapper	2026-07-09T05:31:00.2548411Z [R-CW-2] METRICS: /home/figs/actions-runner/_work/openclaw-bootstrap/openclaw-bootstrap/openclaw-bootstrap/PROOFS/24838c4d470804425da59279647745dcac555a25/project81-k6/20260709T052927Z-ronan-dgx-4127285/5292af40d0ad5303b85a678f6e629503a8725848/R-CW-2/ronan/20260709T052929Z-r-cw-2/openclaw-proofs-k6.prom
project81 k6 proof on ronan	Run Project 81 k6 proof wrapper	2026-07-09T05:31:00.2556845Z [R-CW-2] ARTIFACTS: /home/figs/actions-runner/_work/openclaw-bootstrap/openclaw-bootstrap/openclaw-bootstrap/PROOFS/24838c4d470804425da59279647745dcac555a25/project81-k6/20260709T052927Z-ronan-dgx-4127285/5292af40d0ad5303b85a678f6e629503a8725848/R-CW-2/ronan/20260709T052929Z-r-cw-2
project81 k6 proof on ronan	Run Project 81 k6 proof wrapper	2026-07-09T05:31:00.2558229Z [R-CW-2] FAILED with k6 exit code 99. Artifacts preserved.
project81 k6 proof on ronan	Run Project 81 k6 proof wrapper	2026-07-09T05:31:00.2582315Z ##[error]Process completed with exit code 99.
project81 k6 proof on ronan	Post Checkout proof catalog	﻿2026-07-09T05:31:00.2736905Z Node 20 is being deprecated. This workflow is running with Node 24 by default. If you need to temporarily use Node 20, you can set the ACTIONS_ALLOW_USE_UNSECURE_NODE_VERSION=true environment variable. For more information see: https://github.blog/changelog/2025-09-19-deprecation-of-node-20-on-github-actions-runners/
project81 k6 proof on ronan	Post Checkout proof catalog	2026-07-09T05:31:00.2738256Z Post job cleanup.
project81 k6 proof on ronan	Post Checkout proof catalog	2026-07-09T05:31:00.3220269Z [command]/usr/bin/git version
project81 k6 proof on ronan	Post Checkout proof catalog	2026-07-09T05:31:00.3250180Z git version 2.43.0
project81 k6 proof on ronan	Post Checkout proof catalog	2026-07-09T05:31:00.3264310Z Copying '/home/figs/.gitconfig' to '/home/figs/actions-runner/_work/_temp/3ed56a9c-ae7b-4859-a6ba-177b395c336b/.gitconfig'
project81 k6 proof on ronan	Post Checkout proof catalog	2026-07-09T05:31:00.3275478Z Temporarily overriding HOME='/home/figs/actions-runner/_work/_temp/3ed56a9c-ae7b-4859-a6ba-177b395c336b' before making global git config changes
project81 k6 proof on ronan	Post Checkout proof catalog	2026-07-09T05:31:00.3276607Z Adding repository directory to the temporary git global config as a safe directory
project81 k6 proof on ronan	Post Checkout proof catalog	2026-07-09T05:31:00.3277514Z [command]/usr/bin/git config --global --add safe.directory /home/figs/actions-runner/_work/openclaw-bootstrap/openclaw-bootstrap/karmaterminal-openclaw-docs
project81 k6 proof on ronan	Post Checkout proof catalog	2026-07-09T05:31:00.3380856Z [command]/usr/bin/git config --local --name-only --get-regexp core\.sshCommand
project81 k6 proof on ronan	Post Checkout proof catalog	2026-07-09T05:31:00.3406615Z [command]/usr/bin/git submodule foreach --recursive sh -c "git config --local --name-only --get-regexp 'core\.sshCommand' && git config --local --unset-all 'core.sshCommand' || :"
project81 k6 proof on ronan	Post Checkout proof catalog	2026-07-09T05:31:00.3648100Z [command]/usr/bin/git config --local --name-only --get-regexp http\.https\:\/\/github\.com\/\.extraheader
project81 k6 proof on ronan	Post Checkout proof catalog	2026-07-09T05:31:00.3664784Z http.https://github.com/.extraheader
project81 k6 proof on ronan	Post Checkout proof catalog	2026-07-09T05:31:00.3669891Z [command]/usr/bin/git config --local --unset-all http.https://github.com/.extraheader
project81 k6 proof on ronan	Post Checkout proof catalog	2026-07-09T05:31:00.3690904Z [command]/usr/bin/git submodule foreach --recursive sh -c "git config --local --name-only --get-regexp 'http\.https\:\/\/github\.com\/\.extraheader' && git config --local --unset-all 'http.https://github.com/.extraheader' || :"
project81 k6 proof on ronan	Post Checkout proof catalog	2026-07-09T05:31:00.3923694Z [command]/usr/bin/git config --local --name-only --get-regexp ^includeIf\.gitdir:
project81 k6 proof on ronan	Post Checkout proof catalog	2026-07-09T05:31:00.3953818Z [command]/usr/bin/git submodule foreach --recursive git config --local --show-origin --name-only --get-regexp remote.origin.url
project81 k6 proof on ronan	Post Checkout bootstrap	﻿2026-07-09T05:31:00.4324299Z Node 20 is being deprecated. This workflow is running with Node 24 by default. If you need to temporarily use Node 20, you can set the ACTIONS_ALLOW_USE_UNSECURE_NODE_VERSION=true environment variable. For more information see: https://github.blog/changelog/2025-09-19-deprecation-of-node-20-on-github-actions-runners/
project81 k6 proof on ronan	Post Checkout bootstrap	2026-07-09T05:31:00.4325137Z Post job cleanup.
project81 k6 proof on ronan	Post Checkout bootstrap	2026-07-09T05:31:00.4900775Z [command]/usr/bin/git version
project81 k6 proof on ronan	Post Checkout bootstrap	2026-07-09T05:31:00.4925614Z git version 2.43.0
project81 k6 proof on ronan	Post Checkout bootstrap	2026-07-09T05:31:00.4940568Z Copying '/home/figs/.gitconfig' to '/home/figs/actions-runner/_work/_temp/a83233f4-f8d8-4fd2-bc22-c62ea6ae8fbf/.gitconfig'
project81 k6 proof on ronan	Post Checkout bootstrap	2026-07-09T05:31:00.4944919Z Temporarily overriding HOME='/home/figs/actions-runner/_work/_temp/a83233f4-f8d8-4fd2-bc22-c62ea6ae8fbf' before making global git config changes
project81 k6 proof on ronan	Post Checkout bootstrap	2026-07-09T05:31:00.4945390Z Adding repository directory to the temporary git global config as a safe directory
project81 k6 proof on ronan	Post Checkout bootstrap	2026-07-09T05:31:00.4947145Z [command]/usr/bin/git config --global --add safe.directory /home/figs/actions-runner/_work/openclaw-bootstrap/openclaw-bootstrap/openclaw-bootstrap
project81 k6 proof on ronan	Post Checkout bootstrap	2026-07-09T05:31:00.5047451Z [command]/usr/bin/git config --local --name-only --get-regexp core\.sshCommand
project81 k6 proof on ronan	Post Checkout bootstrap	2026-07-09T05:31:00.5078369Z [command]/usr/bin/git submodule foreach --recursive sh -c "git config --local --name-only --get-regexp 'core\.sshCommand' && git config --local --unset-all 'core.sshCommand' || :"
project81 k6 proof on ronan	Post Checkout bootstrap	2026-07-09T05:31:00.5300603Z [command]/usr/bin/git config --local --name-only --get-regexp http\.https\:\/\/github\.com\/\.extraheader
project81 k6 proof on ronan	Post Checkout bootstrap	2026-07-09T05:31:00.5315827Z http.https://github.com/.extraheader
project81 k6 proof on ronan	Post Checkout bootstrap	2026-07-09T05:31:00.5320959Z [command]/usr/bin/git config --local --unset-all http.https://github.com/.extraheader
project81 k6 proof on ronan	Post Checkout bootstrap	2026-07-09T05:31:00.5348818Z [command]/usr/bin/git submodule foreach --recursive sh -c "git config --local --name-only --get-regexp 'http\.https\:\/\/github\.com\/\.extraheader' && git config --local --unset-all 'http.https://github.com/.extraheader' || :"
project81 k6 proof on ronan	Post Checkout bootstrap	2026-07-09T05:31:00.5565500Z [command]/usr/bin/git config --local --name-only --get-regexp ^includeIf\.gitdir:
project81 k6 proof on ronan	Post Checkout bootstrap	2026-07-09T05:31:00.5595245Z [command]/usr/bin/git submodule foreach --recursive git config --local --show-origin --name-only --get-regexp remote.origin.url
project81 k6 proof on ronan	Complete job	﻿2026-07-09T05:31:00.5928956Z Cleaning up orphan processes
project81 k6 proof on ronan	Complete job	2026-07-09T05:31:00.6941287Z ##[warning]Node.js 20 is deprecated. The following actions target Node.js 20 but are being forced to run on Node.js 24: actions/checkout@v4. For more information see: https://github.blog/changelog/2025-09-19-deprecation-of-node-20-on-github-actions-runners/
