project81 k6 proof on cael	Set up job	﻿2026-08-15T10:24:51.7661453Z Current runner version: '2.336.0'
project81 k6 proof on cael	Set up job	2026-08-15T10:24:51.7665076Z Runner name: 'cael'
project81 k6 proof on cael	Set up job	2026-08-15T10:24:51.7665547Z Runner group name: 'thornfield'
project81 k6 proof on cael	Set up job	2026-08-15T10:24:51.7666084Z Machine name: 'cael'
project81 k6 proof on cael	Set up job	2026-08-15T10:24:51.7667483Z ##[group]GITHUB_TOKEN Permissions
project81 k6 proof on cael	Set up job	2026-08-15T10:24:51.7668725Z Contents: read
project81 k6 proof on cael	Set up job	2026-08-15T10:24:51.7669084Z Metadata: read
project81 k6 proof on cael	Set up job	2026-08-15T10:24:51.7669404Z ##[endgroup]
project81 k6 proof on cael	Set up job	2026-08-15T10:24:51.7670671Z Secret source: Actions
project81 k6 proof on cael	Set up job	2026-08-15T10:24:51.7671260Z Prepare workflow directory
project81 k6 proof on cael	Set up job	2026-08-15T10:24:51.8068905Z Prepare all required actions
project81 k6 proof on cael	Set up job	2026-08-15T10:24:51.8097209Z Getting action download info
project81 k6 proof on cael	Set up job	2026-08-15T10:24:52.1495069Z Download action repository 'actions/checkout@v4' (SHA:11d5960a326750d5838078e36cf38b85af677262)
project81 k6 proof on cael	Set up job	2026-08-15T10:24:52.4482899Z Download action repository 'actions/upload-artifact@v4' (SHA:ea165f8d65b6e75b540449e92b4886f43607fa02)
project81 k6 proof on cael	Set up job	2026-08-15T10:24:52.9968594Z Complete job name: project81 k6 proof on cael
project81 k6 proof on cael	Checkout bootstrap	﻿2026-08-15T10:24:53.0614969Z Node 20 is being deprecated. This workflow is running with Node 24 by default. If you need to temporarily use Node 20, you can set the ACTIONS_ALLOW_USE_UNSECURE_NODE_VERSION=true environment variable. For more information see: https://github.blog/changelog/2025-09-19-deprecation-of-node-20-on-github-actions-runners/
project81 k6 proof on cael	Checkout bootstrap	2026-08-15T10:24:53.0620430Z ##[group]Run actions/checkout@v4
project81 k6 proof on cael	Checkout bootstrap	2026-08-15T10:24:53.0620848Z with:
project81 k6 proof on cael	Checkout bootstrap	2026-08-15T10:24:53.0621116Z   path: openclaw-bootstrap
project81 k6 proof on cael	Checkout bootstrap	2026-08-15T10:24:53.0621470Z   repository: karmaterminal/openclaw-bootstrap
project81 k6 proof on cael	Checkout bootstrap	2026-08-15T10:24:53.0625307Z   token: ***
project81 k6 proof on cael	Checkout bootstrap	2026-08-15T10:24:53.0625575Z   ssh-strict: true
project81 k6 proof on cael	Checkout bootstrap	2026-08-15T10:24:53.0625844Z   ssh-user: git
project81 k6 proof on cael	Checkout bootstrap	2026-08-15T10:24:53.0626129Z   persist-credentials: true
project81 k6 proof on cael	Checkout bootstrap	2026-08-15T10:24:53.0626437Z   clean: true
project81 k6 proof on cael	Checkout bootstrap	2026-08-15T10:24:53.0626722Z   sparse-checkout-cone-mode: true
project81 k6 proof on cael	Checkout bootstrap	2026-08-15T10:24:53.0627065Z   fetch-depth: 1
project81 k6 proof on cael	Checkout bootstrap	2026-08-15T10:24:53.0627336Z   fetch-tags: false
project81 k6 proof on cael	Checkout bootstrap	2026-08-15T10:24:53.0627624Z   show-progress: true
project81 k6 proof on cael	Checkout bootstrap	2026-08-15T10:24:53.0627928Z   lfs: false
project81 k6 proof on cael	Checkout bootstrap	2026-08-15T10:24:53.0628202Z   submodules: false
project81 k6 proof on cael	Checkout bootstrap	2026-08-15T10:24:53.0628500Z   set-safe-directory: true
project81 k6 proof on cael	Checkout bootstrap	2026-08-15T10:24:53.0628827Z   allow-unsafe-pr-checkout: false
project81 k6 proof on cael	Checkout bootstrap	2026-08-15T10:24:53.0629237Z env:
project81 k6 proof on cael	Checkout bootstrap	2026-08-15T10:24:53.0629487Z   TARGET_PRINCE: cael
project81 k6 proof on cael	Checkout bootstrap	2026-08-15T10:24:53.0629916Z   CANDIDATE_SHA: 6b09b1dbe938ab6b5f56eaf4e58f1ed243f89955
project81 k6 proof on cael	Checkout bootstrap	2026-08-15T10:24:53.0630338Z   TARGET_REF: 
project81 k6 proof on cael	Checkout bootstrap	2026-08-15T10:24:53.0631183Z   ROWS: R-CD-MODEL-TOOL,R-CD-RETURN-OVERLAP,R-CD-SILENT,R-CD-TOKEN,R-CONFIG-DEFAULTS,R-CONFIG-INTERSESSION,R-CW-1,R-CW-2,R-CW-3,R-CW-4
project81 k6 proof on cael	Checkout bootstrap	2026-08-15T10:24:53.0632117Z   K6SCENARIOS: 
project81 k6 proof on cael	Checkout bootstrap	2026-08-15T10:24:53.0632389Z   SESSION_SELECTOR: main
project81 k6 proof on cael	Checkout bootstrap	2026-08-15T10:24:53.0632716Z   MANIFEST_PATH: project81-k6/manifest.json
project81 k6 proof on cael	Checkout bootstrap	2026-08-15T10:24:53.0633139Z   DOCS_REF: 7ab525923833cbddffa5c75c22481fcbe9d12fe9
project81 k6 proof on cael	Checkout bootstrap	2026-08-15T10:24:53.0633659Z   OPENCLAW_PROOFS_DOCS_REF: 7ab525923833cbddffa5c75c22481fcbe9d12fe9
project81 k6 proof on cael	Checkout bootstrap	2026-08-15T10:24:53.0634157Z   USE_DOCS_CATALOG: true
project81 k6 proof on cael	Checkout bootstrap	2026-08-15T10:24:53.0634474Z   DRY_RUN: false
project81 k6 proof on cael	Checkout bootstrap	2026-08-15T10:24:53.0634757Z   PROOFS_METRICS_PUSH: true
project81 k6 proof on cael	Checkout bootstrap	2026-08-15T10:24:53.0635183Z   PROOFS_METRICS_OTLP_ENDPOINT: http://10.0.0.99:4318/v1/metrics
project81 k6 proof on cael	Checkout bootstrap	2026-08-15T10:24:53.0635723Z   OPENCLAW_ALT_MODEL: 
project81 k6 proof on cael	Checkout bootstrap	2026-08-15T10:24:53.0636045Z   OPENCLAW_CREATE_DISPOSABLE_SESSION: true
project81 k6 proof on cael	Checkout bootstrap	2026-08-15T10:24:53.0636451Z   OPENCLAW_CREATE_DISPOSABLE_SESSIONS: true
project81 k6 proof on cael	Checkout bootstrap	2026-08-15T10:24:53.0637066Z   REASON: Full matrix continuation batch2 after all-run timeout; runtime6b09, corpus pure99ce.
project81 k6 proof on cael	Checkout bootstrap	2026-08-15T10:24:53.0637674Z ##[endgroup]
project81 k6 proof on cael	Checkout bootstrap	2026-08-15T10:24:53.1182782Z Syncing repository: karmaterminal/openclaw-bootstrap
project81 k6 proof on cael	Checkout bootstrap	2026-08-15T10:24:53.1184021Z ##[group]Getting Git version info
project81 k6 proof on cael	Checkout bootstrap	2026-08-15T10:24:53.1184739Z Working directory is '/home/figs/actions-runner/_work/openclaw-bootstrap/openclaw-bootstrap/openclaw-bootstrap'
project81 k6 proof on cael	Checkout bootstrap	2026-08-15T10:24:53.1185735Z [command]/usr/bin/git version
project81 k6 proof on cael	Checkout bootstrap	2026-08-15T10:24:53.1186981Z git version 2.43.0
project81 k6 proof on cael	Checkout bootstrap	2026-08-15T10:24:53.1194727Z ##[endgroup]
project81 k6 proof on cael	Checkout bootstrap	2026-08-15T10:24:53.1200772Z Copying '/home/figs/.gitconfig' to '/home/figs/actions-runner/_work/_temp/277cc030-fd78-4505-bdc9-6b241a83eb48/.gitconfig'
project81 k6 proof on cael	Checkout bootstrap	2026-08-15T10:24:53.1205243Z Temporarily overriding HOME='/home/figs/actions-runner/_work/_temp/277cc030-fd78-4505-bdc9-6b241a83eb48' before making global git config changes
project81 k6 proof on cael	Checkout bootstrap	2026-08-15T10:24:53.1206310Z Adding repository directory to the temporary git global config as a safe directory
project81 k6 proof on cael	Checkout bootstrap	2026-08-15T10:24:53.1207990Z [command]/usr/bin/git config --global --add safe.directory /home/figs/actions-runner/_work/openclaw-bootstrap/openclaw-bootstrap/openclaw-bootstrap
project81 k6 proof on cael	Checkout bootstrap	2026-08-15T10:24:53.1312579Z [command]/usr/bin/git config --local --get remote.origin.url
project81 k6 proof on cael	Checkout bootstrap	2026-08-15T10:24:53.1335283Z https://github.com/karmaterminal/openclaw-bootstrap
project81 k6 proof on cael	Checkout bootstrap	2026-08-15T10:24:53.1347585Z ##[group]Removing previously created refs, to avoid conflicts
project81 k6 proof on cael	Checkout bootstrap	2026-08-15T10:24:53.1351223Z [command]/usr/bin/git rev-parse --symbolic-full-name --verify --quiet HEAD
project81 k6 proof on cael	Checkout bootstrap	2026-08-15T10:24:53.1372693Z refs/heads/scribe/20260815/project81-docs-ref-env
project81 k6 proof on cael	Checkout bootstrap	2026-08-15T10:24:53.1377212Z [command]/usr/bin/git checkout --detach
project81 k6 proof on cael	Checkout bootstrap	2026-08-15T10:24:53.1447171Z HEAD is now at 2660a68 fix(proofs): forward immutable docs ref
project81 k6 proof on cael	Checkout bootstrap	2026-08-15T10:24:53.1478890Z [command]/usr/bin/git branch --delete --force scribe/20260815/project81-docs-ref-env
project81 k6 proof on cael	Checkout bootstrap	2026-08-15T10:24:53.1519374Z Deleted branch scribe/20260815/project81-docs-ref-env (was 2660a68).
project81 k6 proof on cael	Checkout bootstrap	2026-08-15T10:24:53.1545210Z ##[endgroup]
project81 k6 proof on cael	Checkout bootstrap	2026-08-15T10:24:53.1546453Z [command]/usr/bin/git submodule status
project81 k6 proof on cael	Checkout bootstrap	2026-08-15T10:24:53.1763958Z ##[group]Cleaning the repository
project81 k6 proof on cael	Checkout bootstrap	2026-08-15T10:24:53.1766302Z [command]/usr/bin/git clean -ffdx
project81 k6 proof on cael	Checkout bootstrap	2026-08-15T10:24:53.1851033Z Removing PROOFS/
project81 k6 proof on cael	Checkout bootstrap	2026-08-15T10:24:53.1858334Z [command]/usr/bin/git reset --hard HEAD
project81 k6 proof on cael	Checkout bootstrap	2026-08-15T10:24:53.1932538Z HEAD is now at 2660a68 fix(proofs): forward immutable docs ref
project81 k6 proof on cael	Checkout bootstrap	2026-08-15T10:24:53.1935410Z ##[endgroup]
project81 k6 proof on cael	Checkout bootstrap	2026-08-15T10:24:53.1937155Z ##[group]Disabling automatic garbage collection
project81 k6 proof on cael	Checkout bootstrap	2026-08-15T10:24:53.1940261Z [command]/usr/bin/git config --local gc.auto 0
project81 k6 proof on cael	Checkout bootstrap	2026-08-15T10:24:53.1972765Z ##[endgroup]
project81 k6 proof on cael	Checkout bootstrap	2026-08-15T10:24:53.1973872Z ##[group]Setting up auth
project81 k6 proof on cael	Checkout bootstrap	2026-08-15T10:24:53.1977557Z [command]/usr/bin/git config --local --name-only --get-regexp core\.sshCommand
project81 k6 proof on cael	Checkout bootstrap	2026-08-15T10:24:53.2008508Z [command]/usr/bin/git submodule foreach --recursive sh -c "git config --local --name-only --get-regexp 'core\.sshCommand' && git config --local --unset-all 'core.sshCommand' || :"
project81 k6 proof on cael	Checkout bootstrap	2026-08-15T10:24:53.2242831Z [command]/usr/bin/git config --local --name-only --get-regexp http\.https\:\/\/github\.com\/\.extraheader
project81 k6 proof on cael	Checkout bootstrap	2026-08-15T10:24:53.2271488Z [command]/usr/bin/git submodule foreach --recursive sh -c "git config --local --name-only --get-regexp 'http\.https\:\/\/github\.com\/\.extraheader' && git config --local --unset-all 'http.https://github.com/.extraheader' || :"
project81 k6 proof on cael	Checkout bootstrap	2026-08-15T10:24:53.2493664Z [command]/usr/bin/git config --local --name-only --get-regexp ^includeIf\.gitdir:
project81 k6 proof on cael	Checkout bootstrap	2026-08-15T10:24:53.2523581Z [command]/usr/bin/git submodule foreach --recursive git config --local --show-origin --name-only --get-regexp remote.origin.url
project81 k6 proof on cael	Checkout bootstrap	2026-08-15T10:24:53.2728699Z [command]/usr/bin/git config --local http.https://github.com/.extraheader AUTHORIZATION: basic ***
project81 k6 proof on cael	Checkout bootstrap	2026-08-15T10:24:53.2767030Z ##[endgroup]
project81 k6 proof on cael	Checkout bootstrap	2026-08-15T10:24:53.2770276Z ##[group]Fetching the repository
project81 k6 proof on cael	Checkout bootstrap	2026-08-15T10:24:53.2772513Z [command]/usr/bin/git -c protocol.version=2 fetch --no-tags --prune --no-recurse-submodules --depth=1 origin +2660a688d83cf5ab724334d5e2ddf888b76b3c7e:refs/remotes/origin/scribe/20260815/project81-docs-ref-env
project81 k6 proof on cael	Checkout bootstrap	2026-08-15T10:24:53.6630915Z ##[endgroup]
project81 k6 proof on cael	Checkout bootstrap	2026-08-15T10:24:53.6632116Z ##[group]Determining the checkout info
project81 k6 proof on cael	Checkout bootstrap	2026-08-15T10:24:53.6633415Z ##[endgroup]
project81 k6 proof on cael	Checkout bootstrap	2026-08-15T10:24:53.6634196Z [command]/usr/bin/git sparse-checkout disable
project81 k6 proof on cael	Checkout bootstrap	2026-08-15T10:24:53.6714206Z [command]/usr/bin/git config --local --unset-all extensions.worktreeConfig
project81 k6 proof on cael	Checkout bootstrap	2026-08-15T10:24:53.6751989Z ##[group]Checking out the ref
project81 k6 proof on cael	Checkout bootstrap	2026-08-15T10:24:53.6754073Z [command]/usr/bin/git checkout --progress --force -B scribe/20260815/project81-docs-ref-env refs/remotes/origin/scribe/20260815/project81-docs-ref-env
project81 k6 proof on cael	Checkout bootstrap	2026-08-15T10:24:53.6819634Z Switched to a new branch 'scribe/20260815/project81-docs-ref-env'
project81 k6 proof on cael	Checkout bootstrap	2026-08-15T10:24:53.6822278Z branch 'scribe/20260815/project81-docs-ref-env' set up to track 'origin/scribe/20260815/project81-docs-ref-env'.
project81 k6 proof on cael	Checkout bootstrap	2026-08-15T10:24:53.6825351Z ##[endgroup]
project81 k6 proof on cael	Checkout bootstrap	2026-08-15T10:24:53.6860134Z [command]/usr/bin/git log -1 --format=%H
project81 k6 proof on cael	Checkout bootstrap	2026-08-15T10:24:53.6891197Z 2660a688d83cf5ab724334d5e2ddf888b76b3c7e
project81 k6 proof on cael	Validate proof catalog ref	﻿2026-08-15T10:24:53.7091447Z ##[group]Run set -euo pipefail
project81 k6 proof on cael	Validate proof catalog ref	2026-08-15T10:24:53.7092029Z [36;1mset -euo pipefail[0m
project81 k6 proof on cael	Validate proof catalog ref	2026-08-15T10:24:53.7092571Z [36;1mif [[ "${DOCS_REF}" =~ ^[0-9A-Fa-f]{7,39}$ ]]; then[0m
project81 k6 proof on cael	Validate proof catalog ref	2026-08-15T10:24:53.7093666Z [36;1m  echo "::error title=Invalid docs_ref::Abbreviated commit SHA '${DOCS_REF}' is unsupported. Use a branch/tag or the full 40-character docs commit SHA."[0m
project81 k6 proof on cael	Validate proof catalog ref	2026-08-15T10:24:53.7094692Z [36;1m  exit 2[0m
project81 k6 proof on cael	Validate proof catalog ref	2026-08-15T10:24:53.7095086Z [36;1mfi[0m
project81 k6 proof on cael	Validate proof catalog ref	2026-08-15T10:24:53.7130957Z shell: /usr/bin/bash --noprofile --norc -e -o pipefail {0}
project81 k6 proof on cael	Validate proof catalog ref	2026-08-15T10:24:53.7131555Z env:
project81 k6 proof on cael	Validate proof catalog ref	2026-08-15T10:24:53.7131920Z   TARGET_PRINCE: cael
project81 k6 proof on cael	Validate proof catalog ref	2026-08-15T10:24:53.7132430Z   CANDIDATE_SHA: 6b09b1dbe938ab6b5f56eaf4e58f1ed243f89955
project81 k6 proof on cael	Validate proof catalog ref	2026-08-15T10:24:53.7132990Z   TARGET_REF: 
project81 k6 proof on cael	Validate proof catalog ref	2026-08-15T10:24:53.7133987Z   ROWS: R-CD-MODEL-TOOL,R-CD-RETURN-OVERLAP,R-CD-SILENT,R-CD-TOKEN,R-CONFIG-DEFAULTS,R-CONFIG-INTERSESSION,R-CW-1,R-CW-2,R-CW-3,R-CW-4
project81 k6 proof on cael	Validate proof catalog ref	2026-08-15T10:24:53.7135072Z   K6SCENARIOS: 
project81 k6 proof on cael	Validate proof catalog ref	2026-08-15T10:24:53.7135465Z   SESSION_SELECTOR: main
project81 k6 proof on cael	Validate proof catalog ref	2026-08-15T10:24:53.7135960Z   MANIFEST_PATH: project81-k6/manifest.json
project81 k6 proof on cael	Validate proof catalog ref	2026-08-15T10:24:53.7136520Z   DOCS_REF: 7ab525923833cbddffa5c75c22481fcbe9d12fe9
project81 k6 proof on cael	Validate proof catalog ref	2026-08-15T10:24:53.7137177Z   OPENCLAW_PROOFS_DOCS_REF: 7ab525923833cbddffa5c75c22481fcbe9d12fe9
project81 k6 proof on cael	Validate proof catalog ref	2026-08-15T10:24:53.7137803Z   USE_DOCS_CATALOG: true
project81 k6 proof on cael	Validate proof catalog ref	2026-08-15T10:24:53.7138233Z   DRY_RUN: false
project81 k6 proof on cael	Validate proof catalog ref	2026-08-15T10:24:53.7138638Z   PROOFS_METRICS_PUSH: true
project81 k6 proof on cael	Validate proof catalog ref	2026-08-15T10:24:53.7139214Z   PROOFS_METRICS_OTLP_ENDPOINT: http://10.0.0.99:4318/v1/metrics
project81 k6 proof on cael	Validate proof catalog ref	2026-08-15T10:24:53.7139864Z   OPENCLAW_ALT_MODEL: 
project81 k6 proof on cael	Validate proof catalog ref	2026-08-15T10:24:53.7140316Z   OPENCLAW_CREATE_DISPOSABLE_SESSION: true
project81 k6 proof on cael	Validate proof catalog ref	2026-08-15T10:24:53.7140870Z   OPENCLAW_CREATE_DISPOSABLE_SESSIONS: true
project81 k6 proof on cael	Validate proof catalog ref	2026-08-15T10:24:53.7141634Z   REASON: Full matrix continuation batch2 after all-run timeout; runtime6b09, corpus pure99ce.
project81 k6 proof on cael	Validate proof catalog ref	2026-08-15T10:24:53.7142372Z ##[endgroup]
project81 k6 proof on cael	Checkout proof catalog	﻿2026-08-15T10:24:53.7400327Z Node 20 is being deprecated. This workflow is running with Node 24 by default. If you need to temporarily use Node 20, you can set the ACTIONS_ALLOW_USE_UNSECURE_NODE_VERSION=true environment variable. For more information see: https://github.blog/changelog/2025-09-19-deprecation-of-node-20-on-github-actions-runners/
project81 k6 proof on cael	Checkout proof catalog	2026-08-15T10:24:53.7404148Z ##[group]Run actions/checkout@v4
project81 k6 proof on cael	Checkout proof catalog	2026-08-15T10:24:53.7404927Z with:
project81 k6 proof on cael	Checkout proof catalog	2026-08-15T10:24:53.7405705Z   repository: karmaterminal/karmaterminal-openclaw-docs
project81 k6 proof on cael	Checkout proof catalog	2026-08-15T10:24:53.7406748Z   ref: 7ab525923833cbddffa5c75c22481fcbe9d12fe9
project81 k6 proof on cael	Checkout proof catalog	2026-08-15T10:24:53.7407663Z   path: karmaterminal-openclaw-docs
project81 k6 proof on cael	Checkout proof catalog	2026-08-15T10:24:53.7414710Z   token: ***
project81 k6 proof on cael	Checkout proof catalog	2026-08-15T10:24:53.7415374Z   ssh-strict: true
project81 k6 proof on cael	Checkout proof catalog	2026-08-15T10:24:53.7416065Z   ssh-user: git
project81 k6 proof on cael	Checkout proof catalog	2026-08-15T10:24:53.7416737Z   persist-credentials: true
project81 k6 proof on cael	Checkout proof catalog	2026-08-15T10:24:53.7417466Z   clean: true
project81 k6 proof on cael	Checkout proof catalog	2026-08-15T10:24:53.7418147Z   sparse-checkout-cone-mode: true
project81 k6 proof on cael	Checkout proof catalog	2026-08-15T10:24:53.7418939Z   fetch-depth: 1
project81 k6 proof on cael	Checkout proof catalog	2026-08-15T10:24:53.7419605Z   fetch-tags: false
project81 k6 proof on cael	Checkout proof catalog	2026-08-15T10:24:53.7420414Z   show-progress: true
project81 k6 proof on cael	Checkout proof catalog	2026-08-15T10:24:53.7421092Z   lfs: false
project81 k6 proof on cael	Checkout proof catalog	2026-08-15T10:24:53.7421719Z   submodules: false
project81 k6 proof on cael	Checkout proof catalog	2026-08-15T10:24:53.7422427Z   set-safe-directory: true
project81 k6 proof on cael	Checkout proof catalog	2026-08-15T10:24:53.7423192Z   allow-unsafe-pr-checkout: false
project81 k6 proof on cael	Checkout proof catalog	2026-08-15T10:24:53.7423960Z env:
project81 k6 proof on cael	Checkout proof catalog	2026-08-15T10:24:53.7424558Z   TARGET_PRINCE: cael
project81 k6 proof on cael	Checkout proof catalog	2026-08-15T10:24:53.7425388Z   CANDIDATE_SHA: 6b09b1dbe938ab6b5f56eaf4e58f1ed243f89955
project81 k6 proof on cael	Checkout proof catalog	2026-08-15T10:24:53.7426324Z   TARGET_REF: 
project81 k6 proof on cael	Checkout proof catalog	2026-08-15T10:24:53.7428042Z   ROWS: R-CD-MODEL-TOOL,R-CD-RETURN-OVERLAP,R-CD-SILENT,R-CD-TOKEN,R-CONFIG-DEFAULTS,R-CONFIG-INTERSESSION,R-CW-1,R-CW-2,R-CW-3,R-CW-4
project81 k6 proof on cael	Checkout proof catalog	2026-08-15T10:24:53.7430047Z   K6SCENARIOS: 
project81 k6 proof on cael	Checkout proof catalog	2026-08-15T10:24:53.7430750Z   SESSION_SELECTOR: main
project81 k6 proof on cael	Checkout proof catalog	2026-08-15T10:24:53.7431891Z   MANIFEST_PATH: project81-k6/manifest.json
project81 k6 proof on cael	Checkout proof catalog	2026-08-15T10:24:53.7432938Z   DOCS_REF: 7ab525923833cbddffa5c75c22481fcbe9d12fe9
project81 k6 proof on cael	Checkout proof catalog	2026-08-15T10:24:53.7434071Z   OPENCLAW_PROOFS_DOCS_REF: 7ab525923833cbddffa5c75c22481fcbe9d12fe9
project81 k6 proof on cael	Checkout proof catalog	2026-08-15T10:24:53.7435134Z   USE_DOCS_CATALOG: true
project81 k6 proof on cael	Checkout proof catalog	2026-08-15T10:24:53.7435847Z   DRY_RUN: false
project81 k6 proof on cael	Checkout proof catalog	2026-08-15T10:24:53.7436511Z   PROOFS_METRICS_PUSH: true
project81 k6 proof on cael	Checkout proof catalog	2026-08-15T10:24:53.7437458Z   PROOFS_METRICS_OTLP_ENDPOINT: http://10.0.0.99:4318/v1/metrics
project81 k6 proof on cael	Checkout proof catalog	2026-08-15T10:24:53.7438461Z   OPENCLAW_ALT_MODEL: 
project81 k6 proof on cael	Checkout proof catalog	2026-08-15T10:24:53.7439207Z   OPENCLAW_CREATE_DISPOSABLE_SESSION: true
project81 k6 proof on cael	Checkout proof catalog	2026-08-15T10:24:53.7440269Z   OPENCLAW_CREATE_DISPOSABLE_SESSIONS: true
project81 k6 proof on cael	Checkout proof catalog	2026-08-15T10:24:53.7441563Z   REASON: Full matrix continuation batch2 after all-run timeout; runtime6b09, corpus pure99ce.
project81 k6 proof on cael	Checkout proof catalog	2026-08-15T10:24:53.7442839Z ##[endgroup]
project81 k6 proof on cael	Checkout proof catalog	2026-08-15T10:24:53.7944855Z Syncing repository: karmaterminal/karmaterminal-openclaw-docs
project81 k6 proof on cael	Checkout proof catalog	2026-08-15T10:24:53.7946515Z ##[group]Getting Git version info
project81 k6 proof on cael	Checkout proof catalog	2026-08-15T10:24:53.7948170Z Working directory is '/home/figs/actions-runner/_work/openclaw-bootstrap/openclaw-bootstrap/karmaterminal-openclaw-docs'
project81 k6 proof on cael	Checkout proof catalog	2026-08-15T10:24:53.7971935Z [command]/usr/bin/git version
project81 k6 proof on cael	Checkout proof catalog	2026-08-15T10:24:53.8004805Z git version 2.43.0
project81 k6 proof on cael	Checkout proof catalog	2026-08-15T10:24:53.8016752Z ##[endgroup]
project81 k6 proof on cael	Checkout proof catalog	2026-08-15T10:24:53.8021593Z Copying '/home/figs/.gitconfig' to '/home/figs/actions-runner/_work/_temp/94091b1e-82fb-43de-bf2f-3f9679ca8067/.gitconfig'
project81 k6 proof on cael	Checkout proof catalog	2026-08-15T10:24:53.8031257Z Temporarily overriding HOME='/home/figs/actions-runner/_work/_temp/94091b1e-82fb-43de-bf2f-3f9679ca8067' before making global git config changes
project81 k6 proof on cael	Checkout proof catalog	2026-08-15T10:24:53.8033663Z Adding repository directory to the temporary git global config as a safe directory
project81 k6 proof on cael	Checkout proof catalog	2026-08-15T10:24:53.8035980Z [command]/usr/bin/git config --global --add safe.directory /home/figs/actions-runner/_work/openclaw-bootstrap/openclaw-bootstrap/karmaterminal-openclaw-docs
project81 k6 proof on cael	Checkout proof catalog	2026-08-15T10:24:53.8061960Z [command]/usr/bin/git config --local --get remote.origin.url
project81 k6 proof on cael	Checkout proof catalog	2026-08-15T10:24:53.8078465Z https://github.com/karmaterminal/karmaterminal-openclaw-docs
project81 k6 proof on cael	Checkout proof catalog	2026-08-15T10:24:53.8089111Z ##[group]Removing previously created refs, to avoid conflicts
project81 k6 proof on cael	Checkout proof catalog	2026-08-15T10:24:53.8090721Z [command]/usr/bin/git rev-parse --symbolic-full-name --verify --quiet HEAD
project81 k6 proof on cael	Checkout proof catalog	2026-08-15T10:24:53.8105320Z HEAD
project81 k6 proof on cael	Checkout proof catalog	2026-08-15T10:24:53.8138452Z ##[endgroup]
project81 k6 proof on cael	Checkout proof catalog	2026-08-15T10:24:53.8138897Z [command]/usr/bin/git submodule status
project81 k6 proof on cael	Checkout proof catalog	2026-08-15T10:24:53.8429198Z ##[group]Cleaning the repository
project81 k6 proof on cael	Checkout proof catalog	2026-08-15T10:24:53.8430376Z [command]/usr/bin/git clean -ffdx
project81 k6 proof on cael	Checkout proof catalog	2026-08-15T10:24:53.9273322Z [command]/usr/bin/git reset --hard HEAD
project81 k6 proof on cael	Checkout proof catalog	2026-08-15T10:24:54.0409632Z HEAD is now at 7ab5259 Add exact proof matrix resume selector
project81 k6 proof on cael	Checkout proof catalog	2026-08-15T10:24:54.0430035Z ##[endgroup]
project81 k6 proof on cael	Checkout proof catalog	2026-08-15T10:24:54.0431266Z ##[group]Disabling automatic garbage collection
project81 k6 proof on cael	Checkout proof catalog	2026-08-15T10:24:54.0433180Z [command]/usr/bin/git config --local gc.auto 0
project81 k6 proof on cael	Checkout proof catalog	2026-08-15T10:24:54.0464291Z ##[endgroup]
project81 k6 proof on cael	Checkout proof catalog	2026-08-15T10:24:54.0465372Z ##[group]Setting up auth
project81 k6 proof on cael	Checkout proof catalog	2026-08-15T10:24:54.0466469Z [command]/usr/bin/git config --local --name-only --get-regexp core\.sshCommand
project81 k6 proof on cael	Checkout proof catalog	2026-08-15T10:24:54.0500818Z [command]/usr/bin/git submodule foreach --recursive sh -c "git config --local --name-only --get-regexp 'core\.sshCommand' && git config --local --unset-all 'core.sshCommand' || :"
project81 k6 proof on cael	Checkout proof catalog	2026-08-15T10:24:54.0795247Z [command]/usr/bin/git config --local --name-only --get-regexp http\.https\:\/\/github\.com\/\.extraheader
project81 k6 proof on cael	Checkout proof catalog	2026-08-15T10:24:54.0827224Z [command]/usr/bin/git submodule foreach --recursive sh -c "git config --local --name-only --get-regexp 'http\.https\:\/\/github\.com\/\.extraheader' && git config --local --unset-all 'http.https://github.com/.extraheader' || :"
project81 k6 proof on cael	Checkout proof catalog	2026-08-15T10:24:54.1103954Z [command]/usr/bin/git config --local --name-only --get-regexp ^includeIf\.gitdir:
project81 k6 proof on cael	Checkout proof catalog	2026-08-15T10:24:54.1135353Z [command]/usr/bin/git submodule foreach --recursive git config --local --show-origin --name-only --get-regexp remote.origin.url
project81 k6 proof on cael	Checkout proof catalog	2026-08-15T10:24:54.1429513Z [command]/usr/bin/git config --local http.https://github.com/.extraheader AUTHORIZATION: basic ***
project81 k6 proof on cael	Checkout proof catalog	2026-08-15T10:24:54.1458231Z ##[endgroup]
project81 k6 proof on cael	Checkout proof catalog	2026-08-15T10:24:54.1459266Z ##[group]Fetching the repository
project81 k6 proof on cael	Checkout proof catalog	2026-08-15T10:24:54.1463752Z [command]/usr/bin/git -c protocol.version=2 fetch --no-tags --prune --no-recurse-submodules --depth=1 origin 7ab525923833cbddffa5c75c22481fcbe9d12fe9
project81 k6 proof on cael	Checkout proof catalog	2026-08-15T10:24:55.3901670Z From https://github.com/karmaterminal/karmaterminal-openclaw-docs
project81 k6 proof on cael	Checkout proof catalog	2026-08-15T10:24:55.3902474Z  * branch            7ab525923833cbddffa5c75c22481fcbe9d12fe9 -> FETCH_HEAD
project81 k6 proof on cael	Checkout proof catalog	2026-08-15T10:24:55.3921042Z ##[endgroup]
project81 k6 proof on cael	Checkout proof catalog	2026-08-15T10:24:55.3921431Z ##[group]Determining the checkout info
project81 k6 proof on cael	Checkout proof catalog	2026-08-15T10:24:55.3921932Z ##[endgroup]
project81 k6 proof on cael	Checkout proof catalog	2026-08-15T10:24:55.3924075Z [command]/usr/bin/git sparse-checkout disable
project81 k6 proof on cael	Checkout proof catalog	2026-08-15T10:24:55.4307958Z [command]/usr/bin/git config --local --unset-all extensions.worktreeConfig
project81 k6 proof on cael	Checkout proof catalog	2026-08-15T10:24:55.4343873Z ##[group]Checking out the ref
project81 k6 proof on cael	Checkout proof catalog	2026-08-15T10:24:55.4344687Z [command]/usr/bin/git checkout --progress --force 7ab525923833cbddffa5c75c22481fcbe9d12fe9
project81 k6 proof on cael	Checkout proof catalog	2026-08-15T10:24:55.4927199Z HEAD is now at 7ab5259 Add exact proof matrix resume selector
project81 k6 proof on cael	Checkout proof catalog	2026-08-15T10:24:55.4949646Z ##[endgroup]
project81 k6 proof on cael	Checkout proof catalog	2026-08-15T10:24:55.4984111Z [command]/usr/bin/git log -1 --format=%H
project81 k6 proof on cael	Checkout proof catalog	2026-08-15T10:24:55.5015473Z 7ab525923833cbddffa5c75c22481fcbe9d12fe9
project81 k6 proof on cael	Run Project 81 k6 proof wrapper	﻿2026-08-15T10:24:55.5168393Z ##[group]Run set -euo pipefail
project81 k6 proof on cael	Run Project 81 k6 proof wrapper	2026-08-15T10:24:55.5168818Z [36;1mset -euo pipefail[0m
project81 k6 proof on cael	Run Project 81 k6 proof wrapper	2026-08-15T10:24:55.5169065Z [36;1mcd openclaw-bootstrap[0m
project81 k6 proof on cael	Run Project 81 k6 proof wrapper	2026-08-15T10:24:55.5169389Z [36;1msummary_output="$(scripts/project81-k6-proof/run.sh)"[0m
project81 k6 proof on cael	Run Project 81 k6 proof wrapper	2026-08-15T10:24:55.5170018Z [36;1msummary_path="$(printf '%s\n' "${summary_output}" | tail -n 1)"[0m
project81 k6 proof on cael	Run Project 81 k6 proof wrapper	2026-08-15T10:24:55.5170427Z [36;1mtest -f "${summary_path}"[0m
project81 k6 proof on cael	Run Project 81 k6 proof wrapper	2026-08-15T10:24:55.5170763Z [36;1mecho "summary_path=${summary_path}" >> "$GITHUB_OUTPUT"[0m
project81 k6 proof on cael	Run Project 81 k6 proof wrapper	2026-08-15T10:24:55.5171175Z [36;1mecho "### Project 81 k6 proof" >> "$GITHUB_STEP_SUMMARY"[0m
project81 k6 proof on cael	Run Project 81 k6 proof wrapper	2026-08-15T10:24:55.5171526Z [36;1mecho "" >> "$GITHUB_STEP_SUMMARY"[0m
project81 k6 proof on cael	Run Project 81 k6 proof wrapper	2026-08-15T10:24:55.5171928Z [36;1mecho "- target prince: ${TARGET_PRINCE}" >> "$GITHUB_STEP_SUMMARY"[0m
project81 k6 proof on cael	Run Project 81 k6 proof wrapper	2026-08-15T10:24:55.5172352Z [36;1mecho "- rows: ${ROWS}" >> "$GITHUB_STEP_SUMMARY"[0m
project81 k6 proof on cael	Run Project 81 k6 proof wrapper	2026-08-15T10:24:55.5172728Z [36;1mecho "- dry run: ${DRY_RUN}" >> "$GITHUB_STEP_SUMMARY"[0m
project81 k6 proof on cael	Run Project 81 k6 proof wrapper	2026-08-15T10:24:55.5173166Z [36;1mecho "- alt model: ${OPENCLAW_ALT_MODEL:-}" >> "$GITHUB_STEP_SUMMARY"[0m
project81 k6 proof on cael	Run Project 81 k6 proof wrapper	2026-08-15T10:24:55.5173641Z [36;1mecho "- reason: ${REASON:-}" >> "$GITHUB_STEP_SUMMARY"[0m
project81 k6 proof on cael	Run Project 81 k6 proof wrapper	2026-08-15T10:24:55.5174057Z [36;1mecho "- summary: \`${summary_path}\`" >> "$GITHUB_STEP_SUMMARY"[0m
project81 k6 proof on cael	Run Project 81 k6 proof wrapper	2026-08-15T10:24:55.5174431Z [36;1mecho "" >> "$GITHUB_STEP_SUMMARY"[0m
project81 k6 proof on cael	Run Project 81 k6 proof wrapper	2026-08-15T10:24:55.5174731Z [36;1mecho '```json' >> "$GITHUB_STEP_SUMMARY"[0m
project81 k6 proof on cael	Run Project 81 k6 proof wrapper	2026-08-15T10:24:55.5175070Z [36;1mjq . "${summary_path}" >> "$GITHUB_STEP_SUMMARY"[0m
project81 k6 proof on cael	Run Project 81 k6 proof wrapper	2026-08-15T10:24:55.5175405Z [36;1mecho '```' >> "$GITHUB_STEP_SUMMARY"[0m
project81 k6 proof on cael	Run Project 81 k6 proof wrapper	2026-08-15T10:24:55.5215364Z shell: /usr/bin/bash -e {0}
project81 k6 proof on cael	Run Project 81 k6 proof wrapper	2026-08-15T10:24:55.5215621Z env:
project81 k6 proof on cael	Run Project 81 k6 proof wrapper	2026-08-15T10:24:55.5215797Z   TARGET_PRINCE: cael
project81 k6 proof on cael	Run Project 81 k6 proof wrapper	2026-08-15T10:24:55.5216090Z   CANDIDATE_SHA: 6b09b1dbe938ab6b5f56eaf4e58f1ed243f89955
project81 k6 proof on cael	Run Project 81 k6 proof wrapper	2026-08-15T10:24:55.5216405Z   TARGET_REF: 
project81 k6 proof on cael	Run Project 81 k6 proof wrapper	2026-08-15T10:24:55.5217101Z   ROWS: R-CD-MODEL-TOOL,R-CD-RETURN-OVERLAP,R-CD-SILENT,R-CD-TOKEN,R-CONFIG-DEFAULTS,R-CONFIG-INTERSESSION,R-CW-1,R-CW-2,R-CW-3,R-CW-4
project81 k6 proof on cael	Run Project 81 k6 proof wrapper	2026-08-15T10:24:55.5217841Z   K6SCENARIOS: 
project81 k6 proof on cael	Run Project 81 k6 proof wrapper	2026-08-15T10:24:55.5218036Z   SESSION_SELECTOR: main
project81 k6 proof on cael	Run Project 81 k6 proof wrapper	2026-08-15T10:24:55.5218277Z   MANIFEST_PATH: project81-k6/manifest.json
project81 k6 proof on cael	Run Project 81 k6 proof wrapper	2026-08-15T10:24:55.5218594Z   DOCS_REF: 7ab525923833cbddffa5c75c22481fcbe9d12fe9
project81 k6 proof on cael	Run Project 81 k6 proof wrapper	2026-08-15T10:24:55.5218990Z   OPENCLAW_PROOFS_DOCS_REF: 7ab525923833cbddffa5c75c22481fcbe9d12fe9
project81 k6 proof on cael	Run Project 81 k6 proof wrapper	2026-08-15T10:24:55.5219349Z   USE_DOCS_CATALOG: true
project81 k6 proof on cael	Run Project 81 k6 proof wrapper	2026-08-15T10:24:55.5219570Z   DRY_RUN: false
project81 k6 proof on cael	Run Project 81 k6 proof wrapper	2026-08-15T10:24:55.5219891Z   PROOFS_METRICS_PUSH: true
project81 k6 proof on cael	Run Project 81 k6 proof wrapper	2026-08-15T10:24:55.5220244Z   PROOFS_METRICS_OTLP_ENDPOINT: http://10.0.0.99:4318/v1/metrics
project81 k6 proof on cael	Run Project 81 k6 proof wrapper	2026-08-15T10:24:55.5220592Z   OPENCLAW_ALT_MODEL: 
project81 k6 proof on cael	Run Project 81 k6 proof wrapper	2026-08-15T10:24:55.5220825Z   OPENCLAW_CREATE_DISPOSABLE_SESSION: true
project81 k6 proof on cael	Run Project 81 k6 proof wrapper	2026-08-15T10:24:55.5221426Z   OPENCLAW_CREATE_DISPOSABLE_SESSIONS: true
project81 k6 proof on cael	Run Project 81 k6 proof wrapper	2026-08-15T10:24:55.5221890Z   REASON: Full matrix continuation batch2 after all-run timeout; runtime6b09, corpus pure99ce.
project81 k6 proof on cael	Run Project 81 k6 proof wrapper	2026-08-15T10:24:55.5222340Z ##[endgroup]
project81 k6 proof on cael	Run Project 81 k6 proof wrapper	2026-08-15T10:24:57.4627780Z [project81-k6] proof metrics OTLP push enabled for live run
project81 k6 proof on cael	Run Project 81 k6 proof wrapper	2026-08-15T10:24:57.4629120Z [project81-k6] using docs catalog at /home/figs/actions-runner/_work/openclaw-bootstrap/openclaw-bootstrap/openclaw-bootstrap/../karmaterminal-openclaw-docs ref=7ab525923833cbddffa5c75c22481fcbe9d12fe9
project81 k6 proof on cael	Run Project 81 k6 proof wrapper	2026-08-15T10:24:57.4758514Z ==========================================================
project81 k6 proof on cael	Run Project 81 k6 proof wrapper	2026-08-15T10:24:57.4758978Z Project 81: Seat-Aware k6 Proof Runner
project81 k6 proof on cael	Run Project 81 k6 proof wrapper	2026-08-15T10:24:57.4760120Z Seat: cael
project81 k6 proof on cael	Run Project 81 k6 proof wrapper	2026-08-15T10:24:57.4760431Z Target Candidate SHA: 6b09b1dbe938ab6b5f56eaf4e58f1ed243f89955
project81 k6 proof on cael	Run Project 81 k6 proof wrapper	2026-08-15T10:24:57.4761438Z Artifact root: /home/figs/actions-runner/_work/openclaw-bootstrap/openclaw-bootstrap/openclaw-bootstrap/PROOFS/6b09b1dbe938ab6b5f56eaf4e58f1ed243f89955/project81-k6/20260815T102457Z-cael-dgx-4105131
project81 k6 proof on cael	Run Project 81 k6 proof wrapper	2026-08-15T10:24:57.4762882Z Row selection: R-CD-MODEL-TOOL,R-CD-RETURN-OVERLAP,R-CD-SILENT,R-CD-TOKEN,R-CONFIG-DEFAULTS,R-CONFIG-INTERSESSION,R-CW-1,R-CW-2,R-CW-3,R-CW-4
project81 k6 proof on cael	Run Project 81 k6 proof wrapper	2026-08-15T10:24:57.4763655Z Dry Run: false
project81 k6 proof on cael	Run Project 81 k6 proof wrapper	2026-08-15T10:24:57.4763863Z ==========================================================
project81 k6 proof on cael	Run Project 81 k6 proof wrapper	2026-08-15T10:24:59.6685889Z Harness execution: handing off to the approved runner in an immutable snapshot.
project81 k6 proof on cael	Run Project 81 k6 proof wrapper	2026-08-15T10:24:59.6866772Z ==========================================================
project81 k6 proof on cael	Run Project 81 k6 proof wrapper	2026-08-15T10:24:59.6867156Z Project 81: Seat-Aware k6 Proof Runner
project81 k6 proof on cael	Run Project 81 k6 proof wrapper	2026-08-15T10:24:59.6867418Z Seat: cael
project81 k6 proof on cael	Run Project 81 k6 proof wrapper	2026-08-15T10:24:59.6867681Z Target Candidate SHA: 6b09b1dbe938ab6b5f56eaf4e58f1ed243f89955
project81 k6 proof on cael	Run Project 81 k6 proof wrapper	2026-08-15T10:24:59.6868651Z Artifact root: /home/figs/actions-runner/_work/openclaw-bootstrap/openclaw-bootstrap/openclaw-bootstrap/PROOFS/6b09b1dbe938ab6b5f56eaf4e58f1ed243f89955/project81-k6/20260815T102457Z-cael-dgx-4105131
project81 k6 proof on cael	Run Project 81 k6 proof wrapper	2026-08-15T10:24:59.6870157Z Row selection: R-CD-MODEL-TOOL,R-CD-RETURN-OVERLAP,R-CD-SILENT,R-CD-TOKEN,R-CONFIG-DEFAULTS,R-CONFIG-INTERSESSION,R-CW-1,R-CW-2,R-CW-3,R-CW-4
project81 k6 proof on cael	Run Project 81 k6 proof wrapper	2026-08-15T10:24:59.6870920Z Dry Run: false
project81 k6 proof on cael	Run Project 81 k6 proof wrapper	2026-08-15T10:24:59.6871129Z ==========================================================
project81 k6 proof on cael	Run Project 81 k6 proof wrapper	2026-08-15T10:25:02.3084474Z Approved docs ref: 7ab525923833cbddffa5c75c22481fcbe9d12fe9 (karmaterminal/karmaterminal-openclaw-docs)
project81 k6 proof on cael	Run Project 81 k6 proof wrapper	2026-08-15T10:25:02.3085284Z Harness identity: every tracked byte under tools/k6-proofs matches the approved docs ref.
project81 k6 proof on cael	Run Project 81 k6 proof wrapper	2026-08-15T10:25:02.3085873Z Harness execution: immutable snapshot of the approved tree (runner included).
project81 k6 proof on cael	Run Project 81 k6 proof wrapper	2026-08-15T10:25:02.3106621Z Running catalog preflight (repository root: tools/k6-proofs resolved once)...
project81 k6 proof on cael	Run Project 81 k6 proof wrapper	2026-08-15T10:25:02.4131431Z CATALOG PREFLIGHT: /home/figs/actions-runner/_work/openclaw-bootstrap/openclaw-bootstrap/openclaw-bootstrap/PROOFS/6b09b1dbe938ab6b5f56eaf4e58f1ed243f89955/project81-k6/20260815T102457Z-cael-dgx-4105131/catalog-preflight.log
project81 k6 proof on cael	Run Project 81 k6 proof wrapper	2026-08-15T10:25:02.4165976Z Rows: R-CD-MODEL-TOOL,R-CD-RETURN-OVERLAP,R-CD-SILENT,R-CD-TOKEN,R-CONFIG-DEFAULTS,R-CONFIG-INTERSESSION,R-CW-1,R-CW-2,R-CW-3,R-CW-4
project81 k6 proof on cael	Run Project 81 k6 proof wrapper	2026-08-15T10:25:03.3332638Z Harness contract binding: frozen manifest/scenario digests for every selected runnable row.
project81 k6 proof on cael	Run Project 81 k6 proof wrapper	2026-08-15T10:25:06.9267720Z Deployed Runtime SHA: OpenClaw 2026.8.1 (6b09b1d)
project81 k6 proof on cael	Run Project 81 k6 proof wrapper	2026-08-15T10:25:06.9267981Z Session configured: true
project81 k6 proof on cael	Run Project 81 k6 proof wrapper	2026-08-15T10:25:06.9268319Z Running seat-readiness preflight (k6/tooling/gateway/continuation config)...
project81 k6 proof on cael	Run Project 81 k6 proof wrapper	2026-08-15T10:25:08.2435165Z SEAT READINESS: /home/figs/actions-runner/_work/openclaw-bootstrap/openclaw-bootstrap/openclaw-bootstrap/PROOFS/6b09b1dbe938ab6b5f56eaf4e58f1ed243f89955/project81-k6/20260815T102457Z-cael-dgx-4105131/seat-readiness.json
project81 k6 proof on cael	Run Project 81 k6 proof wrapper	2026-08-15T10:25:08.3726016Z HARNESS PROVENANCE: /home/figs/actions-runner/_work/openclaw-bootstrap/openclaw-bootstrap/openclaw-bootstrap/PROOFS/6b09b1dbe938ab6b5f56eaf4e58f1ed243f89955/project81-k6/20260815T102457Z-cael-dgx-4105131/harness-provenance.json
project81 k6 proof on cael	Run Project 81 k6 proof wrapper	2026-08-15T10:25:08.3728673Z HARNESS PROVENANCE (matrix 20260815T102508Z-7ab525923833-273343a5): /home/figs/actions-runner/_work/openclaw-bootstrap/openclaw-bootstrap/openclaw-bootstrap/PROOFS/6b09b1dbe938ab6b5f56eaf4e58f1ed243f89955/project81-k6/20260815T102457Z-cael-dgx-4105131/harness-provenance/20260815T102508Z-7ab525923833-273343a5.json
project81 k6 proof on cael	Run Project 81 k6 proof wrapper	2026-08-15T10:25:08.4236088Z 
project81 k6 proof on cael	Run Project 81 k6 proof wrapper	2026-08-15T10:25:08.4236476Z ----------------------------------------
project81 k6 proof on cael	Run Project 81 k6 proof wrapper	2026-08-15T10:25:08.4236781Z Row: R-CD-MODEL-TOOL
project81 k6 proof on cael	Run Project 81 k6 proof wrapper	2026-08-15T10:25:08.4237183Z Manifest: /tmp/openclaw-k6-harness.GQgfip/tools/k6-proofs/manifests/r-cd-model-tool.json
project81 k6 proof on cael	Run Project 81 k6 proof wrapper	2026-08-15T10:25:08.4237661Z Scenario: scenarios/r-cd-model-tool.js
project81 k6 proof on cael	Run Project 81 k6 proof wrapper	2026-08-15T10:25:08.4237917Z Status: runnable
project81 k6 proof on cael	Run Project 81 k6 proof wrapper	2026-08-15T10:25:08.4238110Z Live Safety: k6-runnable
project81 k6 proof on cael	Run Project 81 k6 proof wrapper	2026-08-15T10:25:11.0658674Z [R-CD-MODEL-TOOL] RUNNING...
project81 k6 proof on cael	Run Project 81 k6 proof wrapper	2026-08-15T10:28:21.9396467Z ./r-cd-model-tool-summary.json
project81 k6 proof on cael	Run Project 81 k6 proof wrapper	2026-08-15T10:28:22.0779925Z 
project81 k6 proof on cael	Run Project 81 k6 proof wrapper	2026-08-15T10:28:22.0780471Z          /\      Grafana   /‾‾/  
project81 k6 proof on cael	Run Project 81 k6 proof wrapper	2026-08-15T10:28:22.0780767Z     /\  /  \     |\  __   /  /   
project81 k6 proof on cael	Run Project 81 k6 proof wrapper	2026-08-15T10:28:22.0781084Z    /  \/    \    | |/ /  /   ‾‾\ 
project81 k6 proof on cael	Run Project 81 k6 proof wrapper	2026-08-15T10:28:22.0781365Z   /          \   |   (  |  (‾)  |
project81 k6 proof on cael	Run Project 81 k6 proof wrapper	2026-08-15T10:28:22.0781597Z  / __________ \  |_|\_\  \_____/ 
project81 k6 proof on cael	Run Project 81 k6 proof wrapper	2026-08-15T10:28:22.0781751Z 
project81 k6 proof on cael	Run Project 81 k6 proof wrapper	2026-08-15T10:28:22.0781756Z 
project81 k6 proof on cael	Run Project 81 k6 proof wrapper	2026-08-15T10:28:22.0781838Z      execution: local
project81 k6 proof on cael	Run Project 81 k6 proof wrapper	2026-08-15T10:28:22.0782518Z         script: scenarios/r-cd-model-tool.js
project81 k6 proof on cael	Run Project 81 k6 proof wrapper	2026-08-15T10:28:22.0782807Z         output: -
project81 k6 proof on cael	Run Project 81 k6 proof wrapper	2026-08-15T10:28:22.0782924Z 
project81 k6 proof on cael	Run Project 81 k6 proof wrapper	2026-08-15T10:28:22.0785089Z      scenarios: (100.00%) 1 scenario, 1 max VUs, 4m0s max duration (incl. graceful stop):
project81 k6 proof on cael	Run Project 81 k6 proof wrapper	2026-08-15T10:28:22.0785693Z               * r_cd_model_tool: 1 iterations shared among 1 VUs (maxDuration: 3m30s, gracefulStop: 30s)
project81 k6 proof on cael	Run Project 81 k6 proof wrapper	2026-08-15T10:28:22.0786066Z 
project81 k6 proof on cael	Run Project 81 k6 proof wrapper	2026-08-15T10:28:22.0786071Z 
project81 k6 proof on cael	Run Project 81 k6 proof wrapper	2026-08-15T10:28:22.0786243Z running (0m01.0s), 1/1 VUs, 0 complete and 0 interrupted iterations
project81 k6 proof on cael	Run Project 81 k6 proof wrapper	2026-08-15T10:28:22.0786662Z r_cd_model_tool   [   0% ] 1 VUs  0m01.0s/3m30s  0/1 shared iters
project81 k6 proof on cael	Run Project 81 k6 proof wrapper	2026-08-15T10:28:22.0786911Z 
project81 k6 proof on cael	Run Project 81 k6 proof wrapper	2026-08-15T10:28:22.0787074Z running (0m02.0s), 1/1 VUs, 0 complete and 0 interrupted iterations
project81 k6 proof on cael	Run Project 81 k6 proof wrapper	2026-08-15T10:28:22.0787494Z r_cd_model_tool   [   0% ] 1 VUs  0m02.0s/3m30s  0/1 shared iters
project81 k6 proof on cael	Run Project 81 k6 proof wrapper	2026-08-15T10:28:22.0787741Z 
project81 k6 proof on cael	Run Project 81 k6 proof wrapper	2026-08-15T10:28:22.0787901Z running (0m03.0s), 1/1 VUs, 0 complete and 0 interrupted iterations
project81 k6 proof on cael	Run Project 81 k6 proof wrapper	2026-08-15T10:28:22.0788304Z r_cd_model_tool   [   0% ] 1 VUs  0m03.0s/3m30s  0/1 shared iters
project81 k6 proof on cael	Run Project 81 k6 proof wrapper	2026-08-15T10:28:22.0788554Z 
project81 k6 proof on cael	Run Project 81 k6 proof wrapper	2026-08-15T10:28:22.0788713Z running (0m04.0s), 1/1 VUs, 0 complete and 0 interrupted iterations
project81 k6 proof on cael	Run Project 81 k6 proof wrapper	2026-08-15T10:28:22.0789114Z r_cd_model_tool   [   0% ] 1 VUs  0m04.0s/3m30s  0/1 shared iters
project81 k6 proof on cael	Run Project 81 k6 proof wrapper	2026-08-15T10:28:22.0789359Z 
project81 k6 proof on cael	Run Project 81 k6 proof wrapper	2026-08-15T10:28:22.0789516Z running (0m05.0s), 1/1 VUs, 0 complete and 0 interrupted iterations
project81 k6 proof on cael	Run Project 81 k6 proof wrapper	2026-08-15T10:28:22.0790041Z r_cd_model_tool   [   0% ] 1 VUs  0m05.0s/3m30s  0/1 shared iters
project81 k6 proof on cael	Run Project 81 k6 proof wrapper	2026-08-15T10:28:22.0790293Z 
project81 k6 proof on cael	Run Project 81 k6 proof wrapper	2026-08-15T10:28:22.0790483Z running (0m06.0s), 1/1 VUs, 0 complete and 0 interrupted iterations
project81 k6 proof on cael	Run Project 81 k6 proof wrapper	2026-08-15T10:28:22.0790886Z r_cd_model_tool   [   0% ] 1 VUs  0m06.0s/3m30s  0/1 shared iters
project81 k6 proof on cael	Run Project 81 k6 proof wrapper	2026-08-15T10:28:22.0791136Z 
project81 k6 proof on cael	Run Project 81 k6 proof wrapper	2026-08-15T10:28:22.0791299Z running (0m07.0s), 1/1 VUs, 0 complete and 0 interrupted iterations
project81 k6 proof on cael	Run Project 81 k6 proof wrapper	2026-08-15T10:28:22.0791701Z r_cd_model_tool   [   0% ] 1 VUs  0m07.0s/3m30s  0/1 shared iters
project81 k6 proof on cael	Run Project 81 k6 proof wrapper	2026-08-15T10:28:22.0792525Z time="2026-08-15T03:25:21-07:00" level=info msg="✓ disposable session created: <redacted-session-key>" source=console
project81 k6 proof on cael	Run Project 81 k6 proof wrapper	2026-08-15T10:28:22.0792995Z 
project81 k6 proof on cael	Run Project 81 k6 proof wrapper	2026-08-15T10:28:22.0793167Z running (0m08.0s), 1/1 VUs, 0 complete and 0 interrupted iterations
project81 k6 proof on cael	Run Project 81 k6 proof wrapper	2026-08-15T10:28:22.0793576Z r_cd_model_tool   [   0% ] 1 VUs  0m08.0s/3m30s  0/1 shared iters
project81 k6 proof on cael	Run Project 81 k6 proof wrapper	2026-08-15T10:28:22.0793817Z 
project81 k6 proof on cael	Run Project 81 k6 proof wrapper	2026-08-15T10:28:22.0793980Z running (0m09.0s), 1/1 VUs, 0 complete and 0 interrupted iterations
project81 k6 proof on cael	Run Project 81 k6 proof wrapper	2026-08-15T10:28:22.0794382Z r_cd_model_tool   [   0% ] 1 VUs  0m09.0s/3m30s  0/1 shared iters
project81 k6 proof on cael	Run Project 81 k6 proof wrapper	2026-08-15T10:28:22.0795125Z time="2026-08-15T03:25:23-07:00" level=info msg="✓ sessions.send accepted — explicit model delegate turn triggered" source=console
project81 k6 proof on cael	Run Project 81 k6 proof wrapper	2026-08-15T10:28:22.0795855Z 
project81 k6 proof on cael	Run Project 81 k6 proof wrapper	2026-08-15T10:28:22.0796019Z running (0m10.0s), 1/1 VUs, 0 complete and 0 interrupted iterations
project81 k6 proof on cael	Run Project 81 k6 proof wrapper	2026-08-15T10:28:22.0796429Z r_cd_model_tool   [   0% ] 1 VUs  0m10.0s/3m30s  0/1 shared iters
project81 k6 proof on cael	Run Project 81 k6 proof wrapper	2026-08-15T10:28:22.0796673Z 
project81 k6 proof on cael	Run Project 81 k6 proof wrapper	2026-08-15T10:28:22.0796829Z running (0m11.0s), 1/1 VUs, 0 complete and 0 interrupted iterations
project81 k6 proof on cael	Run Project 81 k6 proof wrapper	2026-08-15T10:28:22.0797235Z r_cd_model_tool   [   0% ] 1 VUs  0m11.0s/3m30s  0/1 shared iters
project81 k6 proof on cael	Run Project 81 k6 proof wrapper	2026-08-15T10:28:22.0797477Z 
project81 k6 proof on cael	Run Project 81 k6 proof wrapper	2026-08-15T10:28:22.0797638Z running (0m12.0s), 1/1 VUs, 0 complete and 0 interrupted iterations
project81 k6 proof on cael	Run Project 81 k6 proof wrapper	2026-08-15T10:28:22.0798035Z r_cd_model_tool   [   0% ] 1 VUs  0m12.0s/3m30s  0/1 shared iters
project81 k6 proof on cael	Run Project 81 k6 proof wrapper	2026-08-15T10:28:22.0798272Z 
project81 k6 proof on cael	Run Project 81 k6 proof wrapper	2026-08-15T10:28:22.0798433Z running (0m13.0s), 1/1 VUs, 0 complete and 0 interrupted iterations
project81 k6 proof on cael	Run Project 81 k6 proof wrapper	2026-08-15T10:28:22.0798836Z r_cd_model_tool   [   0% ] 1 VUs  0m13.0s/3m30s  0/1 shared iters
project81 k6 proof on cael	Run Project 81 k6 proof wrapper	2026-08-15T10:28:22.0799076Z 
project81 k6 proof on cael	Run Project 81 k6 proof wrapper	2026-08-15T10:28:22.0799236Z running (0m14.0s), 1/1 VUs, 0 complete and 0 interrupted iterations
project81 k6 proof on cael	Run Project 81 k6 proof wrapper	2026-08-15T10:28:22.0799633Z r_cd_model_tool   [   0% ] 1 VUs  0m14.0s/3m30s  0/1 shared iters
project81 k6 proof on cael	Run Project 81 k6 proof wrapper	2026-08-15T10:28:22.0800006Z 
project81 k6 proof on cael	Run Project 81 k6 proof wrapper	2026-08-15T10:28:22.0800171Z running (0m15.0s), 1/1 VUs, 0 complete and 0 interrupted iterations
project81 k6 proof on cael	Run Project 81 k6 proof wrapper	2026-08-15T10:28:22.0800571Z r_cd_model_tool   [   0% ] 1 VUs  0m15.0s/3m30s  0/1 shared iters
project81 k6 proof on cael	Run Project 81 k6 proof wrapper	2026-08-15T10:28:22.0800810Z 
project81 k6 proof on cael	Run Project 81 k6 proof wrapper	2026-08-15T10:28:22.0801125Z running (0m16.0s), 1/1 VUs, 0 complete and 0 interrupted iterations
project81 k6 proof on cael	Run Project 81 k6 proof wrapper	2026-08-15T10:28:22.0801526Z r_cd_model_tool   [   0% ] 1 VUs  0m16.0s/3m30s  0/1 shared iters
project81 k6 proof on cael	Run Project 81 k6 proof wrapper	2026-08-15T10:28:22.0801762Z 
project81 k6 proof on cael	Run Project 81 k6 proof wrapper	2026-08-15T10:28:22.0801924Z running (0m17.0s), 1/1 VUs, 0 complete and 0 interrupted iterations
project81 k6 proof on cael	Run Project 81 k6 proof wrapper	2026-08-15T10:28:22.0802322Z r_cd_model_tool   [   0% ] 1 VUs  0m17.0s/3m30s  0/1 shared iters
project81 k6 proof on cael	Run Project 81 k6 proof wrapper	2026-08-15T10:28:22.0802562Z 
project81 k6 proof on cael	Run Project 81 k6 proof wrapper	2026-08-15T10:28:22.0802721Z running (0m18.0s), 1/1 VUs, 0 complete and 0 interrupted iterations
project81 k6 proof on cael	Run Project 81 k6 proof wrapper	2026-08-15T10:28:22.0803117Z r_cd_model_tool   [   0% ] 1 VUs  0m18.0s/3m30s  0/1 shared iters
project81 k6 proof on cael	Run Project 81 k6 proof wrapper	2026-08-15T10:28:22.0803359Z 
project81 k6 proof on cael	Run Project 81 k6 proof wrapper	2026-08-15T10:28:22.0803516Z running (0m19.0s), 1/1 VUs, 0 complete and 0 interrupted iterations
project81 k6 proof on cael	Run Project 81 k6 proof wrapper	2026-08-15T10:28:22.0803918Z r_cd_model_tool   [   0% ] 1 VUs  0m19.0s/3m30s  0/1 shared iters
project81 k6 proof on cael	Run Project 81 k6 proof wrapper	2026-08-15T10:28:22.0804159Z 
project81 k6 proof on cael	Run Project 81 k6 proof wrapper	2026-08-15T10:28:22.0804319Z running (0m20.0s), 1/1 VUs, 0 complete and 0 interrupted iterations
project81 k6 proof on cael	Run Project 81 k6 proof wrapper	2026-08-15T10:28:22.0804716Z r_cd_model_tool   [   0% ] 1 VUs  0m20.0s/3m30s  0/1 shared iters
project81 k6 proof on cael	Run Project 81 k6 proof wrapper	2026-08-15T10:28:22.0804962Z 
project81 k6 proof on cael	Run Project 81 k6 proof wrapper	2026-08-15T10:28:22.0805119Z running (0m21.0s), 1/1 VUs, 0 complete and 0 interrupted iterations
project81 k6 proof on cael	Run Project 81 k6 proof wrapper	2026-08-15T10:28:22.0805516Z r_cd_model_tool   [   0% ] 1 VUs  0m21.0s/3m30s  0/1 shared iters
project81 k6 proof on cael	Run Project 81 k6 proof wrapper	2026-08-15T10:28:22.0806145Z time="2026-08-15T03:25:35-07:00" level=info msg="✓ parent scheduled sentinel observed" source=console
project81 k6 proof on cael	Run Project 81 k6 proof wrapper	2026-08-15T10:28:22.0806888Z time="2026-08-15T03:25:35-07:00" level=info msg="✓ parent scheduled sentinel observed" source=console
project81 k6 proof on cael	Run Project 81 k6 proof wrapper	2026-08-15T10:28:22.0807595Z time="2026-08-15T03:25:35-07:00" level=info msg="✓ parent scheduled sentinel observed" source=console
project81 k6 proof on cael	Run Project 81 k6 proof wrapper	2026-08-15T10:28:22.0808298Z time="2026-08-15T03:25:35-07:00" level=info msg="✓ parent scheduled sentinel observed" source=console
project81 k6 proof on cael	Run Project 81 k6 proof wrapper	2026-08-15T10:28:22.0809009Z time="2026-08-15T03:25:35-07:00" level=info msg="✓ parent scheduled sentinel observed" source=console
project81 k6 proof on cael	Run Project 81 k6 proof wrapper	2026-08-15T10:28:22.0809784Z time="2026-08-15T03:25:35-07:00" level=info msg="✓ parent scheduled sentinel observed" source=console
project81 k6 proof on cael	Run Project 81 k6 proof wrapper	2026-08-15T10:28:22.0810505Z time="2026-08-15T03:25:35-07:00" level=info msg="✓ parent scheduled sentinel observed" source=console
project81 k6 proof on cael	Run Project 81 k6 proof wrapper	2026-08-15T10:28:22.0811202Z time="2026-08-15T03:25:35-07:00" level=info msg="✓ parent scheduled sentinel observed" source=console
project81 k6 proof on cael	Run Project 81 k6 proof wrapper	2026-08-15T10:28:22.0811900Z time="2026-08-15T03:25:35-07:00" level=info msg="✓ parent scheduled sentinel observed" source=console
project81 k6 proof on cael	Run Project 81 k6 proof wrapper	2026-08-15T10:28:22.0812605Z time="2026-08-15T03:25:35-07:00" level=info msg="✓ parent scheduled sentinel observed" source=console
project81 k6 proof on cael	Run Project 81 k6 proof wrapper	2026-08-15T10:28:22.0813304Z time="2026-08-15T03:25:35-07:00" level=info msg="✓ parent scheduled sentinel observed" source=console
project81 k6 proof on cael	Run Project 81 k6 proof wrapper	2026-08-15T10:28:22.0814215Z time="2026-08-15T03:25:35-07:00" level=info msg="✓ parent scheduled sentinel observed" source=console
project81 k6 proof on cael	Run Project 81 k6 proof wrapper	2026-08-15T10:28:22.0814912Z time="2026-08-15T03:25:35-07:00" level=info msg="✓ parent scheduled sentinel observed" source=console
project81 k6 proof on cael	Run Project 81 k6 proof wrapper	2026-08-15T10:28:22.0815609Z time="2026-08-15T03:25:35-07:00" level=info msg="✓ parent scheduled sentinel observed" source=console
project81 k6 proof on cael	Run Project 81 k6 proof wrapper	2026-08-15T10:28:22.0816316Z time="2026-08-15T03:25:35-07:00" level=info msg="✓ parent scheduled sentinel observed" source=console
project81 k6 proof on cael	Run Project 81 k6 proof wrapper	2026-08-15T10:28:22.0817014Z time="2026-08-15T03:25:35-07:00" level=info msg="✓ parent scheduled sentinel observed" source=console
project81 k6 proof on cael	Run Project 81 k6 proof wrapper	2026-08-15T10:28:22.0817710Z time="2026-08-15T03:25:35-07:00" level=info msg="✓ parent scheduled sentinel observed" source=console
project81 k6 proof on cael	Run Project 81 k6 proof wrapper	2026-08-15T10:28:22.0818406Z time="2026-08-15T03:25:35-07:00" level=info msg="✓ parent scheduled sentinel observed" source=console
project81 k6 proof on cael	Run Project 81 k6 proof wrapper	2026-08-15T10:28:22.0819202Z time="2026-08-15T03:25:35-07:00" level=info msg="✓ parent scheduled sentinel observed" source=console
project81 k6 proof on cael	Run Project 81 k6 proof wrapper	2026-08-15T10:28:22.0819987Z time="2026-08-15T03:25:35-07:00" level=info msg="✓ parent scheduled sentinel observed" source=console
project81 k6 proof on cael	Run Project 81 k6 proof wrapper	2026-08-15T10:28:22.0820689Z time="2026-08-15T03:25:35-07:00" level=info msg="✓ parent scheduled sentinel observed" source=console
project81 k6 proof on cael	Run Project 81 k6 proof wrapper	2026-08-15T10:28:22.0821387Z time="2026-08-15T03:25:35-07:00" level=info msg="✓ parent scheduled sentinel observed" source=console
project81 k6 proof on cael	Run Project 81 k6 proof wrapper	2026-08-15T10:28:22.0822288Z time="2026-08-15T03:25:35-07:00" level=info msg="✓ parent scheduled sentinel observed" source=console
project81 k6 proof on cael	Run Project 81 k6 proof wrapper	2026-08-15T10:28:22.0822987Z time="2026-08-15T03:25:35-07:00" level=info msg="✓ parent scheduled sentinel observed" source=console
project81 k6 proof on cael	Run Project 81 k6 proof wrapper	2026-08-15T10:28:22.0823686Z time="2026-08-15T03:25:35-07:00" level=info msg="✓ parent scheduled sentinel observed" source=console
project81 k6 proof on cael	Run Project 81 k6 proof wrapper	2026-08-15T10:28:22.0824379Z time="2026-08-15T03:25:35-07:00" level=info msg="✓ parent scheduled sentinel observed" source=console
project81 k6 proof on cael	Run Project 81 k6 proof wrapper	2026-08-15T10:28:22.0825076Z time="2026-08-15T03:25:35-07:00" level=info msg="✓ parent scheduled sentinel observed" source=console
project81 k6 proof on cael	Run Project 81 k6 proof wrapper	2026-08-15T10:28:22.0825780Z time="2026-08-15T03:25:35-07:00" level=info msg="✓ parent scheduled sentinel observed" source=console
project81 k6 proof on cael	Run Project 81 k6 proof wrapper	2026-08-15T10:28:22.0826476Z time="2026-08-15T03:25:35-07:00" level=info msg="✓ parent scheduled sentinel observed" source=console
project81 k6 proof on cael	Run Project 81 k6 proof wrapper	2026-08-15T10:28:22.0827174Z time="2026-08-15T03:25:35-07:00" level=info msg="✓ parent scheduled sentinel observed" source=console
project81 k6 proof on cael	Run Project 81 k6 proof wrapper	2026-08-15T10:28:22.0827876Z time="2026-08-15T03:25:35-07:00" level=info msg="✓ parent scheduled sentinel observed" source=console
project81 k6 proof on cael	Run Project 81 k6 proof wrapper	2026-08-15T10:28:22.0828570Z time="2026-08-15T03:25:35-07:00" level=info msg="✓ parent scheduled sentinel observed" source=console
project81 k6 proof on cael	Run Project 81 k6 proof wrapper	2026-08-15T10:28:22.0829267Z time="2026-08-15T03:25:35-07:00" level=info msg="✓ parent scheduled sentinel observed" source=console
project81 k6 proof on cael	Run Project 81 k6 proof wrapper	2026-08-15T10:28:22.0830083Z time="2026-08-15T03:25:35-07:00" level=info msg="✓ parent scheduled sentinel observed" source=console
project81 k6 proof on cael	Run Project 81 k6 proof wrapper	2026-08-15T10:28:22.0830793Z time="2026-08-15T03:25:35-07:00" level=info msg="✓ parent scheduled sentinel observed" source=console
project81 k6 proof on cael	Run Project 81 k6 proof wrapper	2026-08-15T10:28:22.0831503Z time="2026-08-15T03:25:35-07:00" level=info msg="✓ parent scheduled sentinel observed" source=console
project81 k6 proof on cael	Run Project 81 k6 proof wrapper	2026-08-15T10:28:22.0832201Z time="2026-08-15T03:25:35-07:00" level=info msg="✓ parent scheduled sentinel observed" source=console
project81 k6 proof on cael	Run Project 81 k6 proof wrapper	2026-08-15T10:28:22.0832912Z time="2026-08-15T03:25:35-07:00" level=info msg="✓ parent scheduled sentinel observed" source=console
project81 k6 proof on cael	Run Project 81 k6 proof wrapper	2026-08-15T10:28:22.0833653Z time="2026-08-15T03:25:35-07:00" level=info msg="✓ parent scheduled sentinel observed" source=console
project81 k6 proof on cael	Run Project 81 k6 proof wrapper	2026-08-15T10:28:22.0834354Z time="2026-08-15T03:25:35-07:00" level=info msg="✓ parent scheduled sentinel observed" source=console
project81 k6 proof on cael	Run Project 81 k6 proof wrapper	2026-08-15T10:28:22.0834717Z 
project81 k6 proof on cael	Run Project 81 k6 proof wrapper	2026-08-15T10:28:22.0834879Z running (0m22.0s), 1/1 VUs, 0 complete and 0 interrupted iterations
project81 k6 proof on cael	Run Project 81 k6 proof wrapper	2026-08-15T10:28:22.0835286Z r_cd_model_tool   [   0% ] 1 VUs  0m22.0s/3m30s  0/1 shared iters
project81 k6 proof on cael	Run Project 81 k6 proof wrapper	2026-08-15T10:28:22.0835871Z time="2026-08-15T03:25:35-07:00" level=info msg="✓ parent scheduled sentinel observed" source=console
project81 k6 proof on cael	Run Project 81 k6 proof wrapper	2026-08-15T10:28:22.0836780Z time="2026-08-15T03:25:35-07:00" level=info msg="✓ parent scheduled sentinel observed" source=console
project81 k6 proof on cael	Run Project 81 k6 proof wrapper	2026-08-15T10:28:22.0837478Z time="2026-08-15T03:25:35-07:00" level=info msg="✓ parent scheduled sentinel observed" source=console
project81 k6 proof on cael	Run Project 81 k6 proof wrapper	2026-08-15T10:28:22.0838184Z time="2026-08-15T03:25:35-07:00" level=info msg="✓ parent scheduled sentinel observed" source=console
project81 k6 proof on cael	Run Project 81 k6 proof wrapper	2026-08-15T10:28:22.0838882Z time="2026-08-15T03:25:35-07:00" level=info msg="✓ parent scheduled sentinel observed" source=console
project81 k6 proof on cael	Run Project 81 k6 proof wrapper	2026-08-15T10:28:22.0839580Z time="2026-08-15T03:25:35-07:00" level=info msg="✓ parent scheduled sentinel observed" source=console
project81 k6 proof on cael	Run Project 81 k6 proof wrapper	2026-08-15T10:28:22.0840351Z time="2026-08-15T03:25:35-07:00" level=info msg="✓ parent scheduled sentinel observed" source=console
project81 k6 proof on cael	Run Project 81 k6 proof wrapper	2026-08-15T10:28:22.0841048Z time="2026-08-15T03:25:35-07:00" level=info msg="✓ parent scheduled sentinel observed" source=console
project81 k6 proof on cael	Run Project 81 k6 proof wrapper	2026-08-15T10:28:22.0841753Z time="2026-08-15T03:25:35-07:00" level=info msg="✓ parent scheduled sentinel observed" source=console
project81 k6 proof on cael	Run Project 81 k6 proof wrapper	2026-08-15T10:28:22.0842466Z time="2026-08-15T03:25:35-07:00" level=info msg="✓ parent scheduled sentinel observed" source=console
project81 k6 proof on cael	Run Project 81 k6 proof wrapper	2026-08-15T10:28:22.0843161Z time="2026-08-15T03:25:35-07:00" level=info msg="✓ parent scheduled sentinel observed" source=console
project81 k6 proof on cael	Run Project 81 k6 proof wrapper	2026-08-15T10:28:22.0844011Z time="2026-08-15T03:25:35-07:00" level=info msg="✓ parent scheduled sentinel observed" source=console
project81 k6 proof on cael	Run Project 81 k6 proof wrapper	2026-08-15T10:28:22.0844708Z time="2026-08-15T03:25:35-07:00" level=info msg="✓ parent scheduled sentinel observed" source=console
project81 k6 proof on cael	Run Project 81 k6 proof wrapper	2026-08-15T10:28:22.0845406Z time="2026-08-15T03:25:35-07:00" level=info msg="✓ parent scheduled sentinel observed" source=console
project81 k6 proof on cael	Run Project 81 k6 proof wrapper	2026-08-15T10:28:22.0846103Z time="2026-08-15T03:25:35-07:00" level=info msg="✓ parent scheduled sentinel observed" source=console
project81 k6 proof on cael	Run Project 81 k6 proof wrapper	2026-08-15T10:28:22.0846801Z time="2026-08-15T03:25:36-07:00" level=info msg="✓ parent scheduled sentinel observed" source=console
project81 k6 proof on cael	Run Project 81 k6 proof wrapper	2026-08-15T10:28:22.0847509Z time="2026-08-15T03:25:36-07:00" level=info msg="✓ parent scheduled sentinel observed" source=console
project81 k6 proof on cael	Run Project 81 k6 proof wrapper	2026-08-15T10:28:22.0848216Z time="2026-08-15T03:25:36-07:00" level=info msg="✓ parent scheduled sentinel observed" source=console
project81 k6 proof on cael	Run Project 81 k6 proof wrapper	2026-08-15T10:28:22.0848912Z time="2026-08-15T03:25:36-07:00" level=info msg="✓ parent scheduled sentinel observed" source=console
project81 k6 proof on cael	Run Project 81 k6 proof wrapper	2026-08-15T10:28:22.0849618Z time="2026-08-15T03:25:36-07:00" level=info msg="✓ parent scheduled sentinel observed" source=console
project81 k6 proof on cael	Run Project 81 k6 proof wrapper	2026-08-15T10:28:22.0850381Z time="2026-08-15T03:25:36-07:00" level=info msg="✓ parent scheduled sentinel observed" source=console
project81 k6 proof on cael	Run Project 81 k6 proof wrapper	2026-08-15T10:28:22.0851082Z time="2026-08-15T03:25:36-07:00" level=info msg="✓ parent scheduled sentinel observed" source=console
project81 k6 proof on cael	Run Project 81 k6 proof wrapper	2026-08-15T10:28:22.0851777Z time="2026-08-15T03:25:36-07:00" level=info msg="✓ parent scheduled sentinel observed" source=console
project81 k6 proof on cael	Run Project 81 k6 proof wrapper	2026-08-15T10:28:22.0852472Z time="2026-08-15T03:25:36-07:00" level=info msg="✓ parent scheduled sentinel observed" source=console
project81 k6 proof on cael	Run Project 81 k6 proof wrapper	2026-08-15T10:28:22.0853187Z time="2026-08-15T03:25:36-07:00" level=info msg="✓ parent scheduled sentinel observed" source=console
project81 k6 proof on cael	Run Project 81 k6 proof wrapper	2026-08-15T10:28:22.0853886Z time="2026-08-15T03:25:36-07:00" level=info msg="✓ parent scheduled sentinel observed" source=console
project81 k6 proof on cael	Run Project 81 k6 proof wrapper	2026-08-15T10:28:22.0854585Z time="2026-08-15T03:25:36-07:00" level=info msg="✓ parent scheduled sentinel observed" source=console
project81 k6 proof on cael	Run Project 81 k6 proof wrapper	2026-08-15T10:28:22.0855286Z time="2026-08-15T03:25:36-07:00" level=info msg="✓ parent scheduled sentinel observed" source=console
project81 k6 proof on cael	Run Project 81 k6 proof wrapper	2026-08-15T10:28:22.0855989Z time="2026-08-15T03:25:36-07:00" level=info msg="✓ parent scheduled sentinel observed" source=console
project81 k6 proof on cael	Run Project 81 k6 proof wrapper	2026-08-15T10:28:22.0856685Z time="2026-08-15T03:25:36-07:00" level=info msg="✓ parent scheduled sentinel observed" source=console
project81 k6 proof on cael	Run Project 81 k6 proof wrapper	2026-08-15T10:28:22.0857382Z time="2026-08-15T03:25:36-07:00" level=info msg="✓ parent scheduled sentinel observed" source=console
project81 k6 proof on cael	Run Project 81 k6 proof wrapper	2026-08-15T10:28:22.0858105Z time="2026-08-15T03:25:36-07:00" level=info msg="✓ parent scheduled sentinel observed" source=console
project81 k6 proof on cael	Run Project 81 k6 proof wrapper	2026-08-15T10:28:22.0859263Z time="2026-08-15T03:25:36-07:00" level=info msg="✓ parent scheduled sentinel observed" source=console
project81 k6 proof on cael	Run Project 81 k6 proof wrapper	2026-08-15T10:28:22.0860069Z time="2026-08-15T03:25:36-07:00" level=info msg="✓ parent scheduled sentinel observed" source=console
project81 k6 proof on cael	Run Project 81 k6 proof wrapper	2026-08-15T10:28:22.0869024Z time="2026-08-15T03:25:36-07:00" level=info msg="✓ parent scheduled sentinel observed" source=console
project81 k6 proof on cael	Run Project 81 k6 proof wrapper	2026-08-15T10:28:22.0870012Z time="2026-08-15T03:25:36-07:00" level=info msg="✓ parent scheduled sentinel observed" source=console
project81 k6 proof on cael	Run Project 81 k6 proof wrapper	2026-08-15T10:28:22.0870750Z time="2026-08-15T03:25:36-07:00" level=info msg="✓ parent scheduled sentinel observed" source=console
project81 k6 proof on cael	Run Project 81 k6 proof wrapper	2026-08-15T10:28:22.0871457Z time="2026-08-15T03:25:36-07:00" level=info msg="✓ parent scheduled sentinel observed" source=console
project81 k6 proof on cael	Run Project 81 k6 proof wrapper	2026-08-15T10:28:22.0872161Z time="2026-08-15T03:25:36-07:00" level=info msg="✓ parent scheduled sentinel observed" source=console
project81 k6 proof on cael	Run Project 81 k6 proof wrapper	2026-08-15T10:28:22.0872525Z 
project81 k6 proof on cael	Run Project 81 k6 proof wrapper	2026-08-15T10:28:22.0872696Z running (0m23.0s), 1/1 VUs, 0 complete and 0 interrupted iterations
project81 k6 proof on cael	Run Project 81 k6 proof wrapper	2026-08-15T10:28:22.0873122Z r_cd_model_tool   [   0% ] 1 VUs  0m23.0s/3m30s  0/1 shared iters
project81 k6 proof on cael	Run Project 81 k6 proof wrapper	2026-08-15T10:28:22.0873374Z 
project81 k6 proof on cael	Run Project 81 k6 proof wrapper	2026-08-15T10:28:22.0873537Z running (0m24.0s), 1/1 VUs, 0 complete and 0 interrupted iterations
project81 k6 proof on cael	Run Project 81 k6 proof wrapper	2026-08-15T10:28:22.0873942Z r_cd_model_tool   [   0% ] 1 VUs  0m24.0s/3m30s  0/1 shared iters
project81 k6 proof on cael	Run Project 81 k6 proof wrapper	2026-08-15T10:28:22.0874523Z 
project81 k6 proof on cael	Run Project 81 k6 proof wrapper	2026-08-15T10:28:22.0874694Z running (0m25.0s), 1/1 VUs, 0 complete and 0 interrupted iterations
project81 k6 proof on cael	Run Project 81 k6 proof wrapper	2026-08-15T10:28:22.0875102Z r_cd_model_tool   [   0% ] 1 VUs  0m25.0s/3m30s  0/1 shared iters
project81 k6 proof on cael	Run Project 81 k6 proof wrapper	2026-08-15T10:28:22.0875347Z 
project81 k6 proof on cael	Run Project 81 k6 proof wrapper	2026-08-15T10:28:22.0875506Z running (0m26.0s), 1/1 VUs, 0 complete and 0 interrupted iterations
project81 k6 proof on cael	Run Project 81 k6 proof wrapper	2026-08-15T10:28:22.0875905Z r_cd_model_tool   [   0% ] 1 VUs  0m26.0s/3m30s  0/1 shared iters
project81 k6 proof on cael	Run Project 81 k6 proof wrapper	2026-08-15T10:28:22.0876276Z 
project81 k6 proof on cael	Run Project 81 k6 proof wrapper	2026-08-15T10:28:22.0876439Z running (0m27.0s), 1/1 VUs, 0 complete and 0 interrupted iterations
project81 k6 proof on cael	Run Project 81 k6 proof wrapper	2026-08-15T10:28:22.0876840Z r_cd_model_tool   [   0% ] 1 VUs  0m27.0s/3m30s  0/1 shared iters
project81 k6 proof on cael	Run Project 81 k6 proof wrapper	2026-08-15T10:28:22.0877092Z 
project81 k6 proof on cael	Run Project 81 k6 proof wrapper	2026-08-15T10:28:22.0877251Z running (0m28.0s), 1/1 VUs, 0 complete and 0 interrupted iterations
project81 k6 proof on cael	Run Project 81 k6 proof wrapper	2026-08-15T10:28:22.0877649Z r_cd_model_tool   [   0% ] 1 VUs  0m28.0s/3m30s  0/1 shared iters
project81 k6 proof on cael	Run Project 81 k6 proof wrapper	2026-08-15T10:28:22.0877896Z 
project81 k6 proof on cael	Run Project 81 k6 proof wrapper	2026-08-15T10:28:22.0878054Z running (0m29.0s), 1/1 VUs, 0 complete and 0 interrupted iterations
project81 k6 proof on cael	Run Project 81 k6 proof wrapper	2026-08-15T10:28:22.0878463Z r_cd_model_tool   [   0% ] 1 VUs  0m29.0s/3m30s  0/1 shared iters
project81 k6 proof on cael	Run Project 81 k6 proof wrapper	2026-08-15T10:28:22.0878701Z 
project81 k6 proof on cael	Run Project 81 k6 proof wrapper	2026-08-15T10:28:22.0878864Z running (0m30.0s), 1/1 VUs, 0 complete and 0 interrupted iterations
project81 k6 proof on cael	Run Project 81 k6 proof wrapper	2026-08-15T10:28:22.0879269Z r_cd_model_tool   [   0% ] 1 VUs  0m30.0s/3m30s  0/1 shared iters
project81 k6 proof on cael	Run Project 81 k6 proof wrapper	2026-08-15T10:28:22.0879506Z 
project81 k6 proof on cael	Run Project 81 k6 proof wrapper	2026-08-15T10:28:22.0879664Z running (0m31.0s), 1/1 VUs, 0 complete and 0 interrupted iterations
project81 k6 proof on cael	Run Project 81 k6 proof wrapper	2026-08-15T10:28:22.0880167Z r_cd_model_tool   [   0% ] 1 VUs  0m31.0s/3m30s  0/1 shared iters
project81 k6 proof on cael	Run Project 81 k6 proof wrapper	2026-08-15T10:28:22.0880842Z time="2026-08-15T03:25:44-07:00" level=info msg="✓ MODEL-TOOL-CHILD return payload observed" source=console
project81 k6 proof on cael	Run Project 81 k6 proof wrapper	2026-08-15T10:28:22.0881616Z time="2026-08-15T03:25:44-07:00" level=info msg="✓ MODEL-TOOL-CHILD return payload observed" source=console
project81 k6 proof on cael	Run Project 81 k6 proof wrapper	2026-08-15T10:28:22.0882369Z time="2026-08-15T03:25:45-07:00" level=info msg="✓ MODEL-TOOL-CHILD return payload observed" source=console
project81 k6 proof on cael	Run Project 81 k6 proof wrapper	2026-08-15T10:28:22.0883118Z time="2026-08-15T03:25:45-07:00" level=info msg="✓ MODEL-TOOL-CHILD return payload observed" source=console
project81 k6 proof on cael	Run Project 81 k6 proof wrapper	2026-08-15T10:28:22.0883877Z time="2026-08-15T03:25:45-07:00" level=info msg="✓ MODEL-TOOL-CHILD return payload observed" source=console
project81 k6 proof on cael	Run Project 81 k6 proof wrapper	2026-08-15T10:28:22.0884624Z time="2026-08-15T03:25:45-07:00" level=info msg="✓ MODEL-TOOL-CHILD return payload observed" source=console
project81 k6 proof on cael	Run Project 81 k6 proof wrapper	2026-08-15T10:28:22.0885367Z time="2026-08-15T03:25:45-07:00" level=info msg="✓ MODEL-TOOL-CHILD return payload observed" source=console
project81 k6 proof on cael	Run Project 81 k6 proof wrapper	2026-08-15T10:28:22.0886112Z time="2026-08-15T03:25:45-07:00" level=info msg="✓ MODEL-TOOL-CHILD return payload observed" source=console
project81 k6 proof on cael	Run Project 81 k6 proof wrapper	2026-08-15T10:28:22.0886856Z time="2026-08-15T03:25:45-07:00" level=info msg="✓ MODEL-TOOL-CHILD return payload observed" source=console
project81 k6 proof on cael	Run Project 81 k6 proof wrapper	2026-08-15T10:28:22.0887828Z time="2026-08-15T03:25:45-07:00" level=info msg="✓ MODEL-TOOL-CHILD return payload observed" source=console
project81 k6 proof on cael	Run Project 81 k6 proof wrapper	2026-08-15T10:28:22.0888575Z time="2026-08-15T03:25:45-07:00" level=info msg="✓ MODEL-TOOL-CHILD return payload observed" source=console
project81 k6 proof on cael	Run Project 81 k6 proof wrapper	2026-08-15T10:28:22.0888971Z 
project81 k6 proof on cael	Run Project 81 k6 proof wrapper	2026-08-15T10:28:22.0889132Z running (0m32.0s), 1/1 VUs, 0 complete and 0 interrupted iterations
project81 k6 proof on cael	Run Project 81 k6 proof wrapper	2026-08-15T10:28:22.0889541Z r_cd_model_tool   [   0% ] 1 VUs  0m32.0s/3m30s  0/1 shared iters
project81 k6 proof on cael	Run Project 81 k6 proof wrapper	2026-08-15T10:28:22.0889856Z 
project81 k6 proof on cael	Run Project 81 k6 proof wrapper	2026-08-15T10:28:22.0890017Z running (0m33.0s), 1/1 VUs, 0 complete and 0 interrupted iterations
project81 k6 proof on cael	Run Project 81 k6 proof wrapper	2026-08-15T10:28:22.0890421Z r_cd_model_tool   [   0% ] 1 VUs  0m33.0s/3m30s  0/1 shared iters
project81 k6 proof on cael	Run Project 81 k6 proof wrapper	2026-08-15T10:28:22.0890662Z 
project81 k6 proof on cael	Run Project 81 k6 proof wrapper	2026-08-15T10:28:22.0890822Z running (0m34.0s), 1/1 VUs, 0 complete and 0 interrupted iterations
project81 k6 proof on cael	Run Project 81 k6 proof wrapper	2026-08-15T10:28:22.0891219Z r_cd_model_tool   [   0% ] 1 VUs  0m34.0s/3m30s  0/1 shared iters
project81 k6 proof on cael	Run Project 81 k6 proof wrapper	2026-08-15T10:28:22.0891456Z 
project81 k6 proof on cael	Run Project 81 k6 proof wrapper	2026-08-15T10:28:22.0891625Z running (0m35.0s), 1/1 VUs, 0 complete and 0 interrupted iterations
project81 k6 proof on cael	Run Project 81 k6 proof wrapper	2026-08-15T10:28:22.0892023Z r_cd_model_tool   [   0% ] 1 VUs  0m35.0s/3m30s  0/1 shared iters
project81 k6 proof on cael	Run Project 81 k6 proof wrapper	2026-08-15T10:28:22.0892260Z 
project81 k6 proof on cael	Run Project 81 k6 proof wrapper	2026-08-15T10:28:22.0892419Z running (0m36.0s), 1/1 VUs, 0 complete and 0 interrupted iterations
project81 k6 proof on cael	Run Project 81 k6 proof wrapper	2026-08-15T10:28:22.0893063Z r_cd_model_tool   [   0% ] 1 VUs  0m36.0s/3m30s  0/1 shared iters
project81 k6 proof on cael	Run Project 81 k6 proof wrapper	2026-08-15T10:28:22.0893306Z 
project81 k6 proof on cael	Run Project 81 k6 proof wrapper	2026-08-15T10:28:22.0893469Z running (0m37.0s), 1/1 VUs, 0 complete and 0 interrupted iterations
project81 k6 proof on cael	Run Project 81 k6 proof wrapper	2026-08-15T10:28:22.0893864Z r_cd_model_tool   [   0% ] 1 VUs  0m37.0s/3m30s  0/1 shared iters
project81 k6 proof on cael	Run Project 81 k6 proof wrapper	2026-08-15T10:28:22.0894101Z 
project81 k6 proof on cael	Run Project 81 k6 proof wrapper	2026-08-15T10:28:22.0894264Z running (0m38.0s), 1/1 VUs, 0 complete and 0 interrupted iterations
project81 k6 proof on cael	Run Project 81 k6 proof wrapper	2026-08-15T10:28:22.0894658Z r_cd_model_tool   [   0% ] 1 VUs  0m38.0s/3m30s  0/1 shared iters
project81 k6 proof on cael	Run Project 81 k6 proof wrapper	2026-08-15T10:28:22.0895282Z time="2026-08-15T03:25:52-07:00" level=info msg="✓ MODEL-TOOL-CHILD return payload observed" source=console
project81 k6 proof on cael	Run Project 81 k6 proof wrapper	2026-08-15T10:28:22.0896050Z time="2026-08-15T03:25:52-07:00" level=info msg="✓ MODEL-TOOL-CHILD return payload observed" source=console
project81 k6 proof on cael	Run Project 81 k6 proof wrapper	2026-08-15T10:28:22.0896803Z time="2026-08-15T03:25:52-07:00" level=info msg="✓ MODEL-TOOL-CHILD return payload observed" source=console
project81 k6 proof on cael	Run Project 81 k6 proof wrapper	2026-08-15T10:28:22.0897548Z time="2026-08-15T03:25:52-07:00" level=info msg="✓ MODEL-TOOL-CHILD return payload observed" source=console
project81 k6 proof on cael	Run Project 81 k6 proof wrapper	2026-08-15T10:28:22.0897942Z 
project81 k6 proof on cael	Run Project 81 k6 proof wrapper	2026-08-15T10:28:22.0898102Z running (0m39.0s), 1/1 VUs, 0 complete and 0 interrupted iterations
project81 k6 proof on cael	Run Project 81 k6 proof wrapper	2026-08-15T10:28:22.0898504Z r_cd_model_tool   [   0% ] 1 VUs  0m39.0s/3m30s  0/1 shared iters
project81 k6 proof on cael	Run Project 81 k6 proof wrapper	2026-08-15T10:28:22.0899112Z time="2026-08-15T03:25:52-07:00" level=info msg="✓ MODEL-TOOL-CHILD return payload observed" source=console
project81 k6 proof on cael	Run Project 81 k6 proof wrapper	2026-08-15T10:28:22.0899937Z time="2026-08-15T03:25:53-07:00" level=info msg="✓ MODEL-TOOL-CHILD return payload observed" source=console
project81 k6 proof on cael	Run Project 81 k6 proof wrapper	2026-08-15T10:28:22.0900697Z time="2026-08-15T03:25:53-07:00" level=info msg="✓ MODEL-TOOL-CHILD return payload observed" source=console
project81 k6 proof on cael	Run Project 81 k6 proof wrapper	2026-08-15T10:28:22.0901455Z time="2026-08-15T03:25:53-07:00" level=info msg="✓ MODEL-TOOL-CHILD return payload observed" source=console
project81 k6 proof on cael	Run Project 81 k6 proof wrapper	2026-08-15T10:28:22.0901843Z 
project81 k6 proof on cael	Run Project 81 k6 proof wrapper	2026-08-15T10:28:22.0902003Z running (0m40.0s), 1/1 VUs, 0 complete and 0 interrupted iterations
project81 k6 proof on cael	Run Project 81 k6 proof wrapper	2026-08-15T10:28:22.0902406Z r_cd_model_tool   [   0% ] 1 VUs  0m40.0s/3m30s  0/1 shared iters
project81 k6 proof on cael	Run Project 81 k6 proof wrapper	2026-08-15T10:28:22.0902652Z 
project81 k6 proof on cael	Run Project 81 k6 proof wrapper	2026-08-15T10:28:22.0902813Z running (0m41.0s), 1/1 VUs, 0 complete and 0 interrupted iterations
project81 k6 proof on cael	Run Project 81 k6 proof wrapper	2026-08-15T10:28:22.0903211Z r_cd_model_tool   [   0% ] 1 VUs  0m41.0s/3m30s  0/1 shared iters
project81 k6 proof on cael	Run Project 81 k6 proof wrapper	2026-08-15T10:28:22.0903450Z 
project81 k6 proof on cael	Run Project 81 k6 proof wrapper	2026-08-15T10:28:22.0903616Z running (0m42.0s), 1/1 VUs, 0 complete and 0 interrupted iterations
project81 k6 proof on cael	Run Project 81 k6 proof wrapper	2026-08-15T10:28:22.0904012Z r_cd_model_tool   [   0% ] 1 VUs  0m42.0s/3m30s  0/1 shared iters
project81 k6 proof on cael	Run Project 81 k6 proof wrapper	2026-08-15T10:28:22.0904249Z 
project81 k6 proof on cael	Run Project 81 k6 proof wrapper	2026-08-15T10:28:22.0904409Z running (0m43.0s), 1/1 VUs, 0 complete and 0 interrupted iterations
project81 k6 proof on cael	Run Project 81 k6 proof wrapper	2026-08-15T10:28:22.0904804Z r_cd_model_tool   [   0% ] 1 VUs  0m43.0s/3m30s  0/1 shared iters
project81 k6 proof on cael	Run Project 81 k6 proof wrapper	2026-08-15T10:28:22.0905393Z 
project81 k6 proof on cael	Run Project 81 k6 proof wrapper	2026-08-15T10:28:22.0905556Z running (0m44.0s), 1/1 VUs, 0 complete and 0 interrupted iterations
project81 k6 proof on cael	Run Project 81 k6 proof wrapper	2026-08-15T10:28:22.0905951Z r_cd_model_tool   [   0% ] 1 VUs  0m44.0s/3m30s  0/1 shared iters
project81 k6 proof on cael	Run Project 81 k6 proof wrapper	2026-08-15T10:28:22.0906191Z 
project81 k6 proof on cael	Run Project 81 k6 proof wrapper	2026-08-15T10:28:22.0906347Z running (0m45.0s), 1/1 VUs, 0 complete and 0 interrupted iterations
project81 k6 proof on cael	Run Project 81 k6 proof wrapper	2026-08-15T10:28:22.0906748Z r_cd_model_tool   [   0% ] 1 VUs  0m45.0s/3m30s  0/1 shared iters
project81 k6 proof on cael	Run Project 81 k6 proof wrapper	2026-08-15T10:28:22.0906989Z 
project81 k6 proof on cael	Run Project 81 k6 proof wrapper	2026-08-15T10:28:22.0907145Z running (0m46.0s), 1/1 VUs, 0 complete and 0 interrupted iterations
project81 k6 proof on cael	Run Project 81 k6 proof wrapper	2026-08-15T10:28:22.0907540Z r_cd_model_tool   [   0% ] 1 VUs  0m46.0s/3m30s  0/1 shared iters
project81 k6 proof on cael	Run Project 81 k6 proof wrapper	2026-08-15T10:28:22.0907780Z 
project81 k6 proof on cael	Run Project 81 k6 proof wrapper	2026-08-15T10:28:22.0907937Z running (0m47.0s), 1/1 VUs, 0 complete and 0 interrupted iterations
project81 k6 proof on cael	Run Project 81 k6 proof wrapper	2026-08-15T10:28:22.0908333Z r_cd_model_tool   [   0% ] 1 VUs  0m47.0s/3m30s  0/1 shared iters
project81 k6 proof on cael	Run Project 81 k6 proof wrapper	2026-08-15T10:28:22.0908572Z 
project81 k6 proof on cael	Run Project 81 k6 proof wrapper	2026-08-15T10:28:22.0908728Z running (0m48.0s), 1/1 VUs, 0 complete and 0 interrupted iterations
project81 k6 proof on cael	Run Project 81 k6 proof wrapper	2026-08-15T10:28:22.0909131Z r_cd_model_tool   [   0% ] 1 VUs  0m48.0s/3m30s  0/1 shared iters
project81 k6 proof on cael	Run Project 81 k6 proof wrapper	2026-08-15T10:28:22.0909371Z 
project81 k6 proof on cael	Run Project 81 k6 proof wrapper	2026-08-15T10:28:22.0909530Z running (0m49.0s), 1/1 VUs, 0 complete and 0 interrupted iterations
project81 k6 proof on cael	Run Project 81 k6 proof wrapper	2026-08-15T10:28:22.0910397Z r_cd_model_tool   [   0% ] 1 VUs  0m49.0s/3m30s  0/1 shared iters
project81 k6 proof on cael	Run Project 81 k6 proof wrapper	2026-08-15T10:28:22.0910805Z 
project81 k6 proof on cael	Run Project 81 k6 proof wrapper	2026-08-15T10:28:22.0910965Z running (0m50.0s), 1/1 VUs, 0 complete and 0 interrupted iterations
project81 k6 proof on cael	Run Project 81 k6 proof wrapper	2026-08-15T10:28:22.0911362Z r_cd_model_tool   [   0% ] 1 VUs  0m50.0s/3m30s  0/1 shared iters
project81 k6 proof on cael	Run Project 81 k6 proof wrapper	2026-08-15T10:28:22.0911598Z 
project81 k6 proof on cael	Run Project 81 k6 proof wrapper	2026-08-15T10:28:22.0911757Z running (0m51.0s), 1/1 VUs, 0 complete and 0 interrupted iterations
project81 k6 proof on cael	Run Project 81 k6 proof wrapper	2026-08-15T10:28:22.0912150Z r_cd_model_tool   [   0% ] 1 VUs  0m51.0s/3m30s  0/1 shared iters
project81 k6 proof on cael	Run Project 81 k6 proof wrapper	2026-08-15T10:28:22.0912388Z 
project81 k6 proof on cael	Run Project 81 k6 proof wrapper	2026-08-15T10:28:22.0912547Z running (0m52.0s), 1/1 VUs, 0 complete and 0 interrupted iterations
project81 k6 proof on cael	Run Project 81 k6 proof wrapper	2026-08-15T10:28:22.0912943Z r_cd_model_tool   [   0% ] 1 VUs  0m52.0s/3m30s  0/1 shared iters
project81 k6 proof on cael	Run Project 81 k6 proof wrapper	2026-08-15T10:28:22.0913180Z 
project81 k6 proof on cael	Run Project 81 k6 proof wrapper	2026-08-15T10:28:22.0913344Z running (0m53.0s), 1/1 VUs, 0 complete and 0 interrupted iterations
project81 k6 proof on cael	Run Project 81 k6 proof wrapper	2026-08-15T10:28:22.0913737Z r_cd_model_tool   [   0% ] 1 VUs  0m53.0s/3m30s  0/1 shared iters
project81 k6 proof on cael	Run Project 81 k6 proof wrapper	2026-08-15T10:28:22.0913975Z 
project81 k6 proof on cael	Run Project 81 k6 proof wrapper	2026-08-15T10:28:22.0914135Z running (0m54.0s), 1/1 VUs, 0 complete and 0 interrupted iterations
project81 k6 proof on cael	Run Project 81 k6 proof wrapper	2026-08-15T10:28:22.0914531Z r_cd_model_tool   [   0% ] 1 VUs  0m54.0s/3m30s  0/1 shared iters
project81 k6 proof on cael	Run Project 81 k6 proof wrapper	2026-08-15T10:28:22.0914776Z 
project81 k6 proof on cael	Run Project 81 k6 proof wrapper	2026-08-15T10:28:22.0914933Z running (0m55.0s), 1/1 VUs, 0 complete and 0 interrupted iterations
project81 k6 proof on cael	Run Project 81 k6 proof wrapper	2026-08-15T10:28:22.0915327Z r_cd_model_tool   [   0% ] 1 VUs  0m55.0s/3m30s  0/1 shared iters
project81 k6 proof on cael	Run Project 81 k6 proof wrapper	2026-08-15T10:28:22.0915565Z 
project81 k6 proof on cael	Run Project 81 k6 proof wrapper	2026-08-15T10:28:22.0915722Z running (0m56.0s), 1/1 VUs, 0 complete and 0 interrupted iterations
project81 k6 proof on cael	Run Project 81 k6 proof wrapper	2026-08-15T10:28:22.0916115Z r_cd_model_tool   [   0% ] 1 VUs  0m56.0s/3m30s  0/1 shared iters
project81 k6 proof on cael	Run Project 81 k6 proof wrapper	2026-08-15T10:28:22.0916353Z 
project81 k6 proof on cael	Run Project 81 k6 proof wrapper	2026-08-15T10:28:22.0916509Z running (0m57.0s), 1/1 VUs, 0 complete and 0 interrupted iterations
project81 k6 proof on cael	Run Project 81 k6 proof wrapper	2026-08-15T10:28:22.0916906Z r_cd_model_tool   [   0% ] 1 VUs  0m57.0s/3m30s  0/1 shared iters
project81 k6 proof on cael	Run Project 81 k6 proof wrapper	2026-08-15T10:28:22.0917150Z 
project81 k6 proof on cael	Run Project 81 k6 proof wrapper	2026-08-15T10:28:22.0917305Z running (0m58.0s), 1/1 VUs, 0 complete and 0 interrupted iterations
project81 k6 proof on cael	Run Project 81 k6 proof wrapper	2026-08-15T10:28:22.0917704Z r_cd_model_tool   [   0% ] 1 VUs  0m58.0s/3m30s  0/1 shared iters
project81 k6 proof on cael	Run Project 81 k6 proof wrapper	2026-08-15T10:28:22.0917942Z 
project81 k6 proof on cael	Run Project 81 k6 proof wrapper	2026-08-15T10:28:22.0918099Z running (0m59.0s), 1/1 VUs, 0 complete and 0 interrupted iterations
project81 k6 proof on cael	Run Project 81 k6 proof wrapper	2026-08-15T10:28:22.0918499Z r_cd_model_tool   [   0% ] 1 VUs  0m59.0s/3m30s  0/1 shared iters
project81 k6 proof on cael	Run Project 81 k6 proof wrapper	2026-08-15T10:28:22.0918738Z 
project81 k6 proof on cael	Run Project 81 k6 proof wrapper	2026-08-15T10:28:22.0918895Z running (1m00.0s), 1/1 VUs, 0 complete and 0 interrupted iterations
project81 k6 proof on cael	Run Project 81 k6 proof wrapper	2026-08-15T10:28:22.0919290Z r_cd_model_tool   [   0% ] 1 VUs  1m00.0s/3m30s  0/1 shared iters
project81 k6 proof on cael	Run Project 81 k6 proof wrapper	2026-08-15T10:28:22.0919526Z 
project81 k6 proof on cael	Run Project 81 k6 proof wrapper	2026-08-15T10:28:22.0919768Z running (1m01.0s), 1/1 VUs, 0 complete and 0 interrupted iterations
project81 k6 proof on cael	Run Project 81 k6 proof wrapper	2026-08-15T10:28:22.0920180Z r_cd_model_tool   [   0% ] 1 VUs  1m01.0s/3m30s  0/1 shared iters
project81 k6 proof on cael	Run Project 81 k6 proof wrapper	2026-08-15T10:28:22.0920417Z 
project81 k6 proof on cael	Run Project 81 k6 proof wrapper	2026-08-15T10:28:22.0920583Z running (1m02.0s), 1/1 VUs, 0 complete and 0 interrupted iterations
project81 k6 proof on cael	Run Project 81 k6 proof wrapper	2026-08-15T10:28:22.0921176Z r_cd_model_tool   [   0% ] 1 VUs  1m02.0s/3m30s  0/1 shared iters
project81 k6 proof on cael	Run Project 81 k6 proof wrapper	2026-08-15T10:28:22.0921414Z 
project81 k6 proof on cael	Run Project 81 k6 proof wrapper	2026-08-15T10:28:22.0921573Z running (1m03.0s), 1/1 VUs, 0 complete and 0 interrupted iterations
project81 k6 proof on cael	Run Project 81 k6 proof wrapper	2026-08-15T10:28:22.0921967Z r_cd_model_tool   [   0% ] 1 VUs  1m03.0s/3m30s  0/1 shared iters
project81 k6 proof on cael	Run Project 81 k6 proof wrapper	2026-08-15T10:28:22.0922208Z 
project81 k6 proof on cael	Run Project 81 k6 proof wrapper	2026-08-15T10:28:22.0922370Z running (1m04.0s), 1/1 VUs, 0 complete and 0 interrupted iterations
project81 k6 proof on cael	Run Project 81 k6 proof wrapper	2026-08-15T10:28:22.0922764Z r_cd_model_tool   [   0% ] 1 VUs  1m04.0s/3m30s  0/1 shared iters
project81 k6 proof on cael	Run Project 81 k6 proof wrapper	2026-08-15T10:28:22.0923001Z 
project81 k6 proof on cael	Run Project 81 k6 proof wrapper	2026-08-15T10:28:22.0923160Z running (1m05.0s), 1/1 VUs, 0 complete and 0 interrupted iterations
project81 k6 proof on cael	Run Project 81 k6 proof wrapper	2026-08-15T10:28:22.0923554Z r_cd_model_tool   [   0% ] 1 VUs  1m05.0s/3m30s  0/1 shared iters
project81 k6 proof on cael	Run Project 81 k6 proof wrapper	2026-08-15T10:28:22.0923792Z 
project81 k6 proof on cael	Run Project 81 k6 proof wrapper	2026-08-15T10:28:22.0923949Z running (1m06.0s), 1/1 VUs, 0 complete and 0 interrupted iterations
project81 k6 proof on cael	Run Project 81 k6 proof wrapper	2026-08-15T10:28:22.0924345Z r_cd_model_tool   [   0% ] 1 VUs  1m06.0s/3m30s  0/1 shared iters
project81 k6 proof on cael	Run Project 81 k6 proof wrapper	2026-08-15T10:28:22.0924589Z 
project81 k6 proof on cael	Run Project 81 k6 proof wrapper	2026-08-15T10:28:22.0924745Z running (1m07.0s), 1/1 VUs, 0 complete and 0 interrupted iterations
project81 k6 proof on cael	Run Project 81 k6 proof wrapper	2026-08-15T10:28:22.0925139Z r_cd_model_tool   [   0% ] 1 VUs  1m07.0s/3m30s  0/1 shared iters
project81 k6 proof on cael	Run Project 81 k6 proof wrapper	2026-08-15T10:28:22.0925378Z 
project81 k6 proof on cael	Run Project 81 k6 proof wrapper	2026-08-15T10:28:22.0925533Z running (1m08.0s), 1/1 VUs, 0 complete and 0 interrupted iterations
project81 k6 proof on cael	Run Project 81 k6 proof wrapper	2026-08-15T10:28:22.0926050Z r_cd_model_tool   [   0% ] 1 VUs  1m08.0s/3m30s  0/1 shared iters
project81 k6 proof on cael	Run Project 81 k6 proof wrapper	2026-08-15T10:28:22.0926289Z 
project81 k6 proof on cael	Run Project 81 k6 proof wrapper	2026-08-15T10:28:22.0926446Z running (1m09.0s), 1/1 VUs, 0 complete and 0 interrupted iterations
project81 k6 proof on cael	Run Project 81 k6 proof wrapper	2026-08-15T10:28:22.0926841Z r_cd_model_tool   [   0% ] 1 VUs  1m09.0s/3m30s  0/1 shared iters
project81 k6 proof on cael	Run Project 81 k6 proof wrapper	2026-08-15T10:28:22.0927081Z 
project81 k6 proof on cael	Run Project 81 k6 proof wrapper	2026-08-15T10:28:22.0927238Z running (1m10.0s), 1/1 VUs, 0 complete and 0 interrupted iterations
project81 k6 proof on cael	Run Project 81 k6 proof wrapper	2026-08-15T10:28:22.0927633Z r_cd_model_tool   [   0% ] 1 VUs  1m10.0s/3m30s  0/1 shared iters
project81 k6 proof on cael	Run Project 81 k6 proof wrapper	2026-08-15T10:28:22.0927876Z 
project81 k6 proof on cael	Run Project 81 k6 proof wrapper	2026-08-15T10:28:22.0928033Z running (1m11.0s), 1/1 VUs, 0 complete and 0 interrupted iterations
project81 k6 proof on cael	Run Project 81 k6 proof wrapper	2026-08-15T10:28:22.0928430Z r_cd_model_tool   [   0% ] 1 VUs  1m11.0s/3m30s  0/1 shared iters
project81 k6 proof on cael	Run Project 81 k6 proof wrapper	2026-08-15T10:28:22.0928677Z 
project81 k6 proof on cael	Run Project 81 k6 proof wrapper	2026-08-15T10:28:22.0928836Z running (1m12.0s), 1/1 VUs, 0 complete and 0 interrupted iterations
project81 k6 proof on cael	Run Project 81 k6 proof wrapper	2026-08-15T10:28:22.0929229Z r_cd_model_tool   [   0% ] 1 VUs  1m12.0s/3m30s  0/1 shared iters
project81 k6 proof on cael	Run Project 81 k6 proof wrapper	2026-08-15T10:28:22.0929467Z 
project81 k6 proof on cael	Run Project 81 k6 proof wrapper	2026-08-15T10:28:22.0929630Z running (1m13.0s), 1/1 VUs, 0 complete and 0 interrupted iterations
project81 k6 proof on cael	Run Project 81 k6 proof wrapper	2026-08-15T10:28:22.0930167Z r_cd_model_tool   [   0% ] 1 VUs  1m13.0s/3m30s  0/1 shared iters
project81 k6 proof on cael	Run Project 81 k6 proof wrapper	2026-08-15T10:28:22.0930407Z 
project81 k6 proof on cael	Run Project 81 k6 proof wrapper	2026-08-15T10:28:22.0930567Z running (1m14.0s), 1/1 VUs, 0 complete and 0 interrupted iterations
project81 k6 proof on cael	Run Project 81 k6 proof wrapper	2026-08-15T10:28:22.0930960Z r_cd_model_tool   [   0% ] 1 VUs  1m14.0s/3m30s  0/1 shared iters
project81 k6 proof on cael	Run Project 81 k6 proof wrapper	2026-08-15T10:28:22.0931197Z 
project81 k6 proof on cael	Run Project 81 k6 proof wrapper	2026-08-15T10:28:22.0931360Z running (1m15.0s), 1/1 VUs, 0 complete and 0 interrupted iterations
project81 k6 proof on cael	Run Project 81 k6 proof wrapper	2026-08-15T10:28:22.0931754Z r_cd_model_tool   [   0% ] 1 VUs  1m15.0s/3m30s  0/1 shared iters
project81 k6 proof on cael	Run Project 81 k6 proof wrapper	2026-08-15T10:28:22.0931991Z 
project81 k6 proof on cael	Run Project 81 k6 proof wrapper	2026-08-15T10:28:22.0932150Z running (1m16.0s), 1/1 VUs, 0 complete and 0 interrupted iterations
project81 k6 proof on cael	Run Project 81 k6 proof wrapper	2026-08-15T10:28:22.0932552Z r_cd_model_tool   [   0% ] 1 VUs  1m16.0s/3m30s  0/1 shared iters
project81 k6 proof on cael	Run Project 81 k6 proof wrapper	2026-08-15T10:28:22.0932792Z 
project81 k6 proof on cael	Run Project 81 k6 proof wrapper	2026-08-15T10:28:22.0932949Z running (1m17.0s), 1/1 VUs, 0 complete and 0 interrupted iterations
project81 k6 proof on cael	Run Project 81 k6 proof wrapper	2026-08-15T10:28:22.0933343Z r_cd_model_tool   [   0% ] 1 VUs  1m17.0s/3m30s  0/1 shared iters
project81 k6 proof on cael	Run Project 81 k6 proof wrapper	2026-08-15T10:28:22.0933587Z 
project81 k6 proof on cael	Run Project 81 k6 proof wrapper	2026-08-15T10:28:22.0933743Z running (1m18.0s), 1/1 VUs, 0 complete and 0 interrupted iterations
project81 k6 proof on cael	Run Project 81 k6 proof wrapper	2026-08-15T10:28:22.0934137Z r_cd_model_tool   [   0% ] 1 VUs  1m18.0s/3m30s  0/1 shared iters
project81 k6 proof on cael	Run Project 81 k6 proof wrapper	2026-08-15T10:28:22.0934375Z 
project81 k6 proof on cael	Run Project 81 k6 proof wrapper	2026-08-15T10:28:22.0934532Z running (1m19.0s), 1/1 VUs, 0 complete and 0 interrupted iterations
project81 k6 proof on cael	Run Project 81 k6 proof wrapper	2026-08-15T10:28:22.0934925Z r_cd_model_tool   [   0% ] 1 VUs  1m19.0s/3m30s  0/1 shared iters
project81 k6 proof on cael	Run Project 81 k6 proof wrapper	2026-08-15T10:28:22.0935164Z 
project81 k6 proof on cael	Run Project 81 k6 proof wrapper	2026-08-15T10:28:22.0935321Z running (1m20.0s), 1/1 VUs, 0 complete and 0 interrupted iterations
project81 k6 proof on cael	Run Project 81 k6 proof wrapper	2026-08-15T10:28:22.0935716Z r_cd_model_tool   [   0% ] 1 VUs  1m20.0s/3m30s  0/1 shared iters
project81 k6 proof on cael	Run Project 81 k6 proof wrapper	2026-08-15T10:28:22.0936116Z 
project81 k6 proof on cael	Run Project 81 k6 proof wrapper	2026-08-15T10:28:22.0936275Z running (1m21.0s), 1/1 VUs, 0 complete and 0 interrupted iterations
project81 k6 proof on cael	Run Project 81 k6 proof wrapper	2026-08-15T10:28:22.0936670Z r_cd_model_tool   [   0% ] 1 VUs  1m21.0s/3m30s  0/1 shared iters
project81 k6 proof on cael	Run Project 81 k6 proof wrapper	2026-08-15T10:28:22.0936911Z 
project81 k6 proof on cael	Run Project 81 k6 proof wrapper	2026-08-15T10:28:22.0937067Z running (1m22.0s), 1/1 VUs, 0 complete and 0 interrupted iterations
project81 k6 proof on cael	Run Project 81 k6 proof wrapper	2026-08-15T10:28:22.0937470Z r_cd_model_tool   [   0% ] 1 VUs  1m22.0s/3m30s  0/1 shared iters
project81 k6 proof on cael	Run Project 81 k6 proof wrapper	2026-08-15T10:28:22.0937708Z 
project81 k6 proof on cael	Run Project 81 k6 proof wrapper	2026-08-15T10:28:22.0937866Z running (1m23.0s), 1/1 VUs, 0 complete and 0 interrupted iterations
project81 k6 proof on cael	Run Project 81 k6 proof wrapper	2026-08-15T10:28:22.0938259Z r_cd_model_tool   [   0% ] 1 VUs  1m23.0s/3m30s  0/1 shared iters
project81 k6 proof on cael	Run Project 81 k6 proof wrapper	2026-08-15T10:28:22.0938495Z 
project81 k6 proof on cael	Run Project 81 k6 proof wrapper	2026-08-15T10:28:22.0938653Z running (1m24.0s), 1/1 VUs, 0 complete and 0 interrupted iterations
project81 k6 proof on cael	Run Project 81 k6 proof wrapper	2026-08-15T10:28:22.0939045Z r_cd_model_tool   [   0% ] 1 VUs  1m24.0s/3m30s  0/1 shared iters
project81 k6 proof on cael	Run Project 81 k6 proof wrapper	2026-08-15T10:28:22.0939283Z 
project81 k6 proof on cael	Run Project 81 k6 proof wrapper	2026-08-15T10:28:22.0939441Z running (1m25.0s), 1/1 VUs, 0 complete and 0 interrupted iterations
project81 k6 proof on cael	Run Project 81 k6 proof wrapper	2026-08-15T10:28:22.0939912Z r_cd_model_tool   [   0% ] 1 VUs  1m25.0s/3m30s  0/1 shared iters
project81 k6 proof on cael	Run Project 81 k6 proof wrapper	2026-08-15T10:28:22.0940152Z 
project81 k6 proof on cael	Run Project 81 k6 proof wrapper	2026-08-15T10:28:22.0940310Z running (1m26.0s), 1/1 VUs, 0 complete and 0 interrupted iterations
project81 k6 proof on cael	Run Project 81 k6 proof wrapper	2026-08-15T10:28:22.0940707Z r_cd_model_tool   [   0% ] 1 VUs  1m26.0s/3m30s  0/1 shared iters
project81 k6 proof on cael	Run Project 81 k6 proof wrapper	2026-08-15T10:28:22.0941072Z 
project81 k6 proof on cael	Run Project 81 k6 proof wrapper	2026-08-15T10:28:22.0941234Z running (1m27.0s), 1/1 VUs, 0 complete and 0 interrupted iterations
project81 k6 proof on cael	Run Project 81 k6 proof wrapper	2026-08-15T10:28:22.0941629Z r_cd_model_tool   [   0% ] 1 VUs  1m27.0s/3m30s  0/1 shared iters
project81 k6 proof on cael	Run Project 81 k6 proof wrapper	2026-08-15T10:28:22.0941869Z 
project81 k6 proof on cael	Run Project 81 k6 proof wrapper	2026-08-15T10:28:22.0942026Z running (1m28.0s), 1/1 VUs, 0 complete and 0 interrupted iterations
project81 k6 proof on cael	Run Project 81 k6 proof wrapper	2026-08-15T10:28:22.0942513Z r_cd_model_tool   [   0% ] 1 VUs  1m28.0s/3m30s  0/1 shared iters
project81 k6 proof on cael	Run Project 81 k6 proof wrapper	2026-08-15T10:28:22.0942756Z 
project81 k6 proof on cael	Run Project 81 k6 proof wrapper	2026-08-15T10:28:22.0942911Z running (1m29.0s), 1/1 VUs, 0 complete and 0 interrupted iterations
project81 k6 proof on cael	Run Project 81 k6 proof wrapper	2026-08-15T10:28:22.0943305Z r_cd_model_tool   [   0% ] 1 VUs  1m29.0s/3m30s  0/1 shared iters
project81 k6 proof on cael	Run Project 81 k6 proof wrapper	2026-08-15T10:28:22.0943544Z 
project81 k6 proof on cael	Run Project 81 k6 proof wrapper	2026-08-15T10:28:22.0943719Z running (1m30.0s), 1/1 VUs, 0 complete and 0 interrupted iterations
project81 k6 proof on cael	Run Project 81 k6 proof wrapper	2026-08-15T10:28:22.0944117Z r_cd_model_tool   [   0% ] 1 VUs  1m30.0s/3m30s  0/1 shared iters
project81 k6 proof on cael	Run Project 81 k6 proof wrapper	2026-08-15T10:28:22.0944355Z 
project81 k6 proof on cael	Run Project 81 k6 proof wrapper	2026-08-15T10:28:22.0944514Z running (1m31.0s), 1/1 VUs, 0 complete and 0 interrupted iterations
project81 k6 proof on cael	Run Project 81 k6 proof wrapper	2026-08-15T10:28:22.0944914Z r_cd_model_tool   [   0% ] 1 VUs  1m31.0s/3m30s  0/1 shared iters
project81 k6 proof on cael	Run Project 81 k6 proof wrapper	2026-08-15T10:28:22.0945153Z 
project81 k6 proof on cael	Run Project 81 k6 proof wrapper	2026-08-15T10:28:22.0945314Z running (1m32.0s), 1/1 VUs, 0 complete and 0 interrupted iterations
project81 k6 proof on cael	Run Project 81 k6 proof wrapper	2026-08-15T10:28:22.0945715Z r_cd_model_tool   [   0% ] 1 VUs  1m32.0s/3m30s  0/1 shared iters
project81 k6 proof on cael	Run Project 81 k6 proof wrapper	2026-08-15T10:28:22.0945956Z 
project81 k6 proof on cael	Run Project 81 k6 proof wrapper	2026-08-15T10:28:22.0946116Z running (1m33.0s), 1/1 VUs, 0 complete and 0 interrupted iterations
project81 k6 proof on cael	Run Project 81 k6 proof wrapper	2026-08-15T10:28:22.0946514Z r_cd_model_tool   [   0% ] 1 VUs  1m33.0s/3m30s  0/1 shared iters
project81 k6 proof on cael	Run Project 81 k6 proof wrapper	2026-08-15T10:28:22.0946754Z 
project81 k6 proof on cael	Run Project 81 k6 proof wrapper	2026-08-15T10:28:22.0946916Z running (1m34.0s), 1/1 VUs, 0 complete and 0 interrupted iterations
project81 k6 proof on cael	Run Project 81 k6 proof wrapper	2026-08-15T10:28:22.0953118Z r_cd_model_tool   [   0% ] 1 VUs  1m34.0s/3m30s  0/1 shared iters
project81 k6 proof on cael	Run Project 81 k6 proof wrapper	2026-08-15T10:28:22.0953453Z 
project81 k6 proof on cael	Run Project 81 k6 proof wrapper	2026-08-15T10:28:22.0953623Z running (1m35.0s), 1/1 VUs, 0 complete and 0 interrupted iterations
project81 k6 proof on cael	Run Project 81 k6 proof wrapper	2026-08-15T10:28:22.0954028Z r_cd_model_tool   [   0% ] 1 VUs  1m35.0s/3m30s  0/1 shared iters
project81 k6 proof on cael	Run Project 81 k6 proof wrapper	2026-08-15T10:28:22.0954268Z 
project81 k6 proof on cael	Run Project 81 k6 proof wrapper	2026-08-15T10:28:22.0954435Z running (1m36.0s), 1/1 VUs, 0 complete and 0 interrupted iterations
project81 k6 proof on cael	Run Project 81 k6 proof wrapper	2026-08-15T10:28:22.0954832Z r_cd_model_tool   [   0% ] 1 VUs  1m36.0s/3m30s  0/1 shared iters
project81 k6 proof on cael	Run Project 81 k6 proof wrapper	2026-08-15T10:28:22.0955071Z 
project81 k6 proof on cael	Run Project 81 k6 proof wrapper	2026-08-15T10:28:22.0955232Z running (1m37.0s), 1/1 VUs, 0 complete and 0 interrupted iterations
project81 k6 proof on cael	Run Project 81 k6 proof wrapper	2026-08-15T10:28:22.0955632Z r_cd_model_tool   [   0% ] 1 VUs  1m37.0s/3m30s  0/1 shared iters
project81 k6 proof on cael	Run Project 81 k6 proof wrapper	2026-08-15T10:28:22.0955871Z 
project81 k6 proof on cael	Run Project 81 k6 proof wrapper	2026-08-15T10:28:22.0956032Z running (1m38.0s), 1/1 VUs, 0 complete and 0 interrupted iterations
project81 k6 proof on cael	Run Project 81 k6 proof wrapper	2026-08-15T10:28:22.0956427Z r_cd_model_tool   [   0% ] 1 VUs  1m38.0s/3m30s  0/1 shared iters
project81 k6 proof on cael	Run Project 81 k6 proof wrapper	2026-08-15T10:28:22.0956665Z 
project81 k6 proof on cael	Run Project 81 k6 proof wrapper	2026-08-15T10:28:22.0956826Z running (1m39.0s), 1/1 VUs, 0 complete and 0 interrupted iterations
project81 k6 proof on cael	Run Project 81 k6 proof wrapper	2026-08-15T10:28:22.0957518Z r_cd_model_tool   [   0% ] 1 VUs  1m39.0s/3m30s  0/1 shared iters
project81 k6 proof on cael	Run Project 81 k6 proof wrapper	2026-08-15T10:28:22.0957757Z 
project81 k6 proof on cael	Run Project 81 k6 proof wrapper	2026-08-15T10:28:22.0957917Z running (1m40.0s), 1/1 VUs, 0 complete and 0 interrupted iterations
project81 k6 proof on cael	Run Project 81 k6 proof wrapper	2026-08-15T10:28:22.0958314Z r_cd_model_tool   [   0% ] 1 VUs  1m40.0s/3m30s  0/1 shared iters
project81 k6 proof on cael	Run Project 81 k6 proof wrapper	2026-08-15T10:28:22.0958559Z 
project81 k6 proof on cael	Run Project 81 k6 proof wrapper	2026-08-15T10:28:22.0958717Z running (1m41.0s), 1/1 VUs, 0 complete and 0 interrupted iterations
project81 k6 proof on cael	Run Project 81 k6 proof wrapper	2026-08-15T10:28:22.0959111Z r_cd_model_tool   [   0% ] 1 VUs  1m41.0s/3m30s  0/1 shared iters
project81 k6 proof on cael	Run Project 81 k6 proof wrapper	2026-08-15T10:28:22.0959358Z 
project81 k6 proof on cael	Run Project 81 k6 proof wrapper	2026-08-15T10:28:22.0959516Z running (1m42.0s), 1/1 VUs, 0 complete and 0 interrupted iterations
project81 k6 proof on cael	Run Project 81 k6 proof wrapper	2026-08-15T10:28:22.0960016Z r_cd_model_tool   [   0% ] 1 VUs  1m42.0s/3m30s  0/1 shared iters
project81 k6 proof on cael	Run Project 81 k6 proof wrapper	2026-08-15T10:28:22.0960259Z 
project81 k6 proof on cael	Run Project 81 k6 proof wrapper	2026-08-15T10:28:22.0960417Z running (1m43.0s), 1/1 VUs, 0 complete and 0 interrupted iterations
project81 k6 proof on cael	Run Project 81 k6 proof wrapper	2026-08-15T10:28:22.0960814Z r_cd_model_tool   [   0% ] 1 VUs  1m43.0s/3m30s  0/1 shared iters
project81 k6 proof on cael	Run Project 81 k6 proof wrapper	2026-08-15T10:28:22.0961060Z 
project81 k6 proof on cael	Run Project 81 k6 proof wrapper	2026-08-15T10:28:22.0961217Z running (1m44.0s), 1/1 VUs, 0 complete and 0 interrupted iterations
project81 k6 proof on cael	Run Project 81 k6 proof wrapper	2026-08-15T10:28:22.0961612Z r_cd_model_tool   [   0% ] 1 VUs  1m44.0s/3m30s  0/1 shared iters
project81 k6 proof on cael	Run Project 81 k6 proof wrapper	2026-08-15T10:28:22.0961852Z 
project81 k6 proof on cael	Run Project 81 k6 proof wrapper	2026-08-15T10:28:22.0962008Z running (1m45.0s), 1/1 VUs, 0 complete and 0 interrupted iterations
project81 k6 proof on cael	Run Project 81 k6 proof wrapper	2026-08-15T10:28:22.0962596Z r_cd_model_tool   [   0% ] 1 VUs  1m45.0s/3m30s  0/1 shared iters
project81 k6 proof on cael	Run Project 81 k6 proof wrapper	2026-08-15T10:28:22.0962839Z 
project81 k6 proof on cael	Run Project 81 k6 proof wrapper	2026-08-15T10:28:22.0962998Z running (1m46.0s), 1/1 VUs, 0 complete and 0 interrupted iterations
project81 k6 proof on cael	Run Project 81 k6 proof wrapper	2026-08-15T10:28:22.0963395Z r_cd_model_tool   [   0% ] 1 VUs  1m46.0s/3m30s  0/1 shared iters
project81 k6 proof on cael	Run Project 81 k6 proof wrapper	2026-08-15T10:28:22.0963636Z 
project81 k6 proof on cael	Run Project 81 k6 proof wrapper	2026-08-15T10:28:22.0963795Z running (1m47.0s), 1/1 VUs, 0 complete and 0 interrupted iterations
project81 k6 proof on cael	Run Project 81 k6 proof wrapper	2026-08-15T10:28:22.0964188Z r_cd_model_tool   [   0% ] 1 VUs  1m47.0s/3m30s  0/1 shared iters
project81 k6 proof on cael	Run Project 81 k6 proof wrapper	2026-08-15T10:28:22.0964432Z 
project81 k6 proof on cael	Run Project 81 k6 proof wrapper	2026-08-15T10:28:22.0964592Z running (1m48.0s), 1/1 VUs, 0 complete and 0 interrupted iterations
project81 k6 proof on cael	Run Project 81 k6 proof wrapper	2026-08-15T10:28:22.0964993Z r_cd_model_tool   [   0% ] 1 VUs  1m48.0s/3m30s  0/1 shared iters
project81 k6 proof on cael	Run Project 81 k6 proof wrapper	2026-08-15T10:28:22.0965230Z 
project81 k6 proof on cael	Run Project 81 k6 proof wrapper	2026-08-15T10:28:22.0965390Z running (1m49.0s), 1/1 VUs, 0 complete and 0 interrupted iterations
project81 k6 proof on cael	Run Project 81 k6 proof wrapper	2026-08-15T10:28:22.0965785Z r_cd_model_tool   [   0% ] 1 VUs  1m49.0s/3m30s  0/1 shared iters
project81 k6 proof on cael	Run Project 81 k6 proof wrapper	2026-08-15T10:28:22.0966028Z 
project81 k6 proof on cael	Run Project 81 k6 proof wrapper	2026-08-15T10:28:22.0966189Z running (1m50.0s), 1/1 VUs, 0 complete and 0 interrupted iterations
project81 k6 proof on cael	Run Project 81 k6 proof wrapper	2026-08-15T10:28:22.0966583Z r_cd_model_tool   [   0% ] 1 VUs  1m50.0s/3m30s  0/1 shared iters
project81 k6 proof on cael	Run Project 81 k6 proof wrapper	2026-08-15T10:28:22.0966819Z 
project81 k6 proof on cael	Run Project 81 k6 proof wrapper	2026-08-15T10:28:22.0966980Z running (1m51.0s), 1/1 VUs, 0 complete and 0 interrupted iterations
project81 k6 proof on cael	Run Project 81 k6 proof wrapper	2026-08-15T10:28:22.0967377Z r_cd_model_tool   [   0% ] 1 VUs  1m51.0s/3m30s  0/1 shared iters
project81 k6 proof on cael	Run Project 81 k6 proof wrapper	2026-08-15T10:28:22.0967617Z 
project81 k6 proof on cael	Run Project 81 k6 proof wrapper	2026-08-15T10:28:22.0967774Z running (1m52.0s), 1/1 VUs, 0 complete and 0 interrupted iterations
project81 k6 proof on cael	Run Project 81 k6 proof wrapper	2026-08-15T10:28:22.0968168Z r_cd_model_tool   [   0% ] 1 VUs  1m52.0s/3m30s  0/1 shared iters
project81 k6 proof on cael	Run Project 81 k6 proof wrapper	2026-08-15T10:28:22.0968407Z 
project81 k6 proof on cael	Run Project 81 k6 proof wrapper	2026-08-15T10:28:22.0968570Z running (1m53.0s), 1/1 VUs, 0 complete and 0 interrupted iterations
project81 k6 proof on cael	Run Project 81 k6 proof wrapper	2026-08-15T10:28:22.0968969Z r_cd_model_tool   [   0% ] 1 VUs  1m53.0s/3m30s  0/1 shared iters
project81 k6 proof on cael	Run Project 81 k6 proof wrapper	2026-08-15T10:28:22.0969207Z 
project81 k6 proof on cael	Run Project 81 k6 proof wrapper	2026-08-15T10:28:22.0969365Z running (1m54.0s), 1/1 VUs, 0 complete and 0 interrupted iterations
project81 k6 proof on cael	Run Project 81 k6 proof wrapper	2026-08-15T10:28:22.0969881Z r_cd_model_tool   [   0% ] 1 VUs  1m54.0s/3m30s  0/1 shared iters
project81 k6 proof on cael	Run Project 81 k6 proof wrapper	2026-08-15T10:28:22.0970130Z 
project81 k6 proof on cael	Run Project 81 k6 proof wrapper	2026-08-15T10:28:22.0970290Z running (1m55.0s), 1/1 VUs, 0 complete and 0 interrupted iterations
project81 k6 proof on cael	Run Project 81 k6 proof wrapper	2026-08-15T10:28:22.0970685Z r_cd_model_tool   [   0% ] 1 VUs  1m55.0s/3m30s  0/1 shared iters
project81 k6 proof on cael	Run Project 81 k6 proof wrapper	2026-08-15T10:28:22.0970925Z 
project81 k6 proof on cael	Run Project 81 k6 proof wrapper	2026-08-15T10:28:22.0971082Z running (1m56.0s), 1/1 VUs, 0 complete and 0 interrupted iterations
project81 k6 proof on cael	Run Project 81 k6 proof wrapper	2026-08-15T10:28:22.0971476Z r_cd_model_tool   [   0% ] 1 VUs  1m56.0s/3m30s  0/1 shared iters
project81 k6 proof on cael	Run Project 81 k6 proof wrapper	2026-08-15T10:28:22.0971717Z 
project81 k6 proof on cael	Run Project 81 k6 proof wrapper	2026-08-15T10:28:22.0971875Z running (1m57.0s), 1/1 VUs, 0 complete and 0 interrupted iterations
project81 k6 proof on cael	Run Project 81 k6 proof wrapper	2026-08-15T10:28:22.0972272Z r_cd_model_tool   [   0% ] 1 VUs  1m57.0s/3m30s  0/1 shared iters
project81 k6 proof on cael	Run Project 81 k6 proof wrapper	2026-08-15T10:28:22.0972681Z 
project81 k6 proof on cael	Run Project 81 k6 proof wrapper	2026-08-15T10:28:22.0972844Z running (1m58.0s), 1/1 VUs, 0 complete and 0 interrupted iterations
project81 k6 proof on cael	Run Project 81 k6 proof wrapper	2026-08-15T10:28:22.0973240Z r_cd_model_tool   [   0% ] 1 VUs  1m58.0s/3m30s  0/1 shared iters
project81 k6 proof on cael	Run Project 81 k6 proof wrapper	2026-08-15T10:28:22.0973476Z 
project81 k6 proof on cael	Run Project 81 k6 proof wrapper	2026-08-15T10:28:22.0973637Z running (1m59.0s), 1/1 VUs, 0 complete and 0 interrupted iterations
project81 k6 proof on cael	Run Project 81 k6 proof wrapper	2026-08-15T10:28:22.0974042Z r_cd_model_tool   [   0% ] 1 VUs  1m59.0s/3m30s  0/1 shared iters
project81 k6 proof on cael	Run Project 81 k6 proof wrapper	2026-08-15T10:28:22.0974279Z 
project81 k6 proof on cael	Run Project 81 k6 proof wrapper	2026-08-15T10:28:22.0974438Z running (2m00.0s), 1/1 VUs, 0 complete and 0 interrupted iterations
project81 k6 proof on cael	Run Project 81 k6 proof wrapper	2026-08-15T10:28:22.0974834Z r_cd_model_tool   [   0% ] 1 VUs  2m00.0s/3m30s  0/1 shared iters
project81 k6 proof on cael	Run Project 81 k6 proof wrapper	2026-08-15T10:28:22.0975070Z 
project81 k6 proof on cael	Run Project 81 k6 proof wrapper	2026-08-15T10:28:22.0975230Z running (2m01.0s), 1/1 VUs, 0 complete and 0 interrupted iterations
project81 k6 proof on cael	Run Project 81 k6 proof wrapper	2026-08-15T10:28:22.0975625Z r_cd_model_tool   [   0% ] 1 VUs  2m01.0s/3m30s  0/1 shared iters
project81 k6 proof on cael	Run Project 81 k6 proof wrapper	2026-08-15T10:28:22.0975861Z 
project81 k6 proof on cael	Run Project 81 k6 proof wrapper	2026-08-15T10:28:22.0976020Z running (2m02.0s), 1/1 VUs, 0 complete and 0 interrupted iterations
project81 k6 proof on cael	Run Project 81 k6 proof wrapper	2026-08-15T10:28:22.0976421Z r_cd_model_tool   [   0% ] 1 VUs  2m02.0s/3m30s  0/1 shared iters
project81 k6 proof on cael	Run Project 81 k6 proof wrapper	2026-08-15T10:28:22.0976660Z 
project81 k6 proof on cael	Run Project 81 k6 proof wrapper	2026-08-15T10:28:22.0976818Z running (2m03.0s), 1/1 VUs, 0 complete and 0 interrupted iterations
project81 k6 proof on cael	Run Project 81 k6 proof wrapper	2026-08-15T10:28:22.0977212Z r_cd_model_tool   [   0% ] 1 VUs  2m03.0s/3m30s  0/1 shared iters
project81 k6 proof on cael	Run Project 81 k6 proof wrapper	2026-08-15T10:28:22.0977605Z 
project81 k6 proof on cael	Run Project 81 k6 proof wrapper	2026-08-15T10:28:22.0977765Z running (2m04.0s), 1/1 VUs, 0 complete and 0 interrupted iterations
project81 k6 proof on cael	Run Project 81 k6 proof wrapper	2026-08-15T10:28:22.0978162Z r_cd_model_tool   [   0% ] 1 VUs  2m04.0s/3m30s  0/1 shared iters
project81 k6 proof on cael	Run Project 81 k6 proof wrapper	2026-08-15T10:28:22.0978404Z 
project81 k6 proof on cael	Run Project 81 k6 proof wrapper	2026-08-15T10:28:22.0978560Z running (2m05.0s), 1/1 VUs, 0 complete and 0 interrupted iterations
project81 k6 proof on cael	Run Project 81 k6 proof wrapper	2026-08-15T10:28:22.0978959Z r_cd_model_tool   [   0% ] 1 VUs  2m05.0s/3m30s  0/1 shared iters
project81 k6 proof on cael	Run Project 81 k6 proof wrapper	2026-08-15T10:28:22.0979199Z 
project81 k6 proof on cael	Run Project 81 k6 proof wrapper	2026-08-15T10:28:22.0979355Z running (2m06.0s), 1/1 VUs, 0 complete and 0 interrupted iterations
project81 k6 proof on cael	Run Project 81 k6 proof wrapper	2026-08-15T10:28:22.0979830Z r_cd_model_tool   [   0% ] 1 VUs  2m06.0s/3m30s  0/1 shared iters
project81 k6 proof on cael	Run Project 81 k6 proof wrapper	2026-08-15T10:28:22.0980078Z 
project81 k6 proof on cael	Run Project 81 k6 proof wrapper	2026-08-15T10:28:22.0980236Z running (2m07.0s), 1/1 VUs, 0 complete and 0 interrupted iterations
project81 k6 proof on cael	Run Project 81 k6 proof wrapper	2026-08-15T10:28:22.0980630Z r_cd_model_tool   [   0% ] 1 VUs  2m07.0s/3m30s  0/1 shared iters
project81 k6 proof on cael	Run Project 81 k6 proof wrapper	2026-08-15T10:28:22.0980869Z 
project81 k6 proof on cael	Run Project 81 k6 proof wrapper	2026-08-15T10:28:22.0981025Z running (2m08.0s), 1/1 VUs, 0 complete and 0 interrupted iterations
project81 k6 proof on cael	Run Project 81 k6 proof wrapper	2026-08-15T10:28:22.0981423Z r_cd_model_tool   [   0% ] 1 VUs  2m08.0s/3m30s  0/1 shared iters
project81 k6 proof on cael	Run Project 81 k6 proof wrapper	2026-08-15T10:28:22.0981662Z 
project81 k6 proof on cael	Run Project 81 k6 proof wrapper	2026-08-15T10:28:22.0981819Z running (2m09.0s), 1/1 VUs, 0 complete and 0 interrupted iterations
project81 k6 proof on cael	Run Project 81 k6 proof wrapper	2026-08-15T10:28:22.0982214Z r_cd_model_tool   [   0% ] 1 VUs  2m09.0s/3m30s  0/1 shared iters
project81 k6 proof on cael	Run Project 81 k6 proof wrapper	2026-08-15T10:28:22.0982455Z 
project81 k6 proof on cael	Run Project 81 k6 proof wrapper	2026-08-15T10:28:22.0982612Z running (2m10.0s), 1/1 VUs, 0 complete and 0 interrupted iterations
project81 k6 proof on cael	Run Project 81 k6 proof wrapper	2026-08-15T10:28:22.0983005Z r_cd_model_tool   [   0% ] 1 VUs  2m10.0s/3m30s  0/1 shared iters
project81 k6 proof on cael	Run Project 81 k6 proof wrapper	2026-08-15T10:28:22.0983245Z 
project81 k6 proof on cael	Run Project 81 k6 proof wrapper	2026-08-15T10:28:22.0983402Z running (2m11.0s), 1/1 VUs, 0 complete and 0 interrupted iterations
project81 k6 proof on cael	Run Project 81 k6 proof wrapper	2026-08-15T10:28:22.0983801Z r_cd_model_tool   [   0% ] 1 VUs  2m11.0s/3m30s  0/1 shared iters
project81 k6 proof on cael	Run Project 81 k6 proof wrapper	2026-08-15T10:28:22.0984040Z 
project81 k6 proof on cael	Run Project 81 k6 proof wrapper	2026-08-15T10:28:22.0984200Z running (2m12.0s), 1/1 VUs, 0 complete and 0 interrupted iterations
project81 k6 proof on cael	Run Project 81 k6 proof wrapper	2026-08-15T10:28:22.0984600Z r_cd_model_tool   [   0% ] 1 VUs  2m12.0s/3m30s  0/1 shared iters
project81 k6 proof on cael	Run Project 81 k6 proof wrapper	2026-08-15T10:28:22.0984841Z 
project81 k6 proof on cael	Run Project 81 k6 proof wrapper	2026-08-15T10:28:22.0985000Z running (2m13.0s), 1/1 VUs, 0 complete and 0 interrupted iterations
project81 k6 proof on cael	Run Project 81 k6 proof wrapper	2026-08-15T10:28:22.0985393Z r_cd_model_tool   [   0% ] 1 VUs  2m13.0s/3m30s  0/1 shared iters
project81 k6 proof on cael	Run Project 81 k6 proof wrapper	2026-08-15T10:28:22.0985631Z 
project81 k6 proof on cael	Run Project 81 k6 proof wrapper	2026-08-15T10:28:22.0985789Z running (2m14.0s), 1/1 VUs, 0 complete and 0 interrupted iterations
project81 k6 proof on cael	Run Project 81 k6 proof wrapper	2026-08-15T10:28:22.0986183Z r_cd_model_tool   [   0% ] 1 VUs  2m14.0s/3m30s  0/1 shared iters
project81 k6 proof on cael	Run Project 81 k6 proof wrapper	2026-08-15T10:28:22.0986420Z 
project81 k6 proof on cael	Run Project 81 k6 proof wrapper	2026-08-15T10:28:22.0986578Z running (2m15.0s), 1/1 VUs, 0 complete and 0 interrupted iterations
project81 k6 proof on cael	Run Project 81 k6 proof wrapper	2026-08-15T10:28:22.0986973Z r_cd_model_tool   [   0% ] 1 VUs  2m15.0s/3m30s  0/1 shared iters
project81 k6 proof on cael	Run Project 81 k6 proof wrapper	2026-08-15T10:28:22.0987210Z 
project81 k6 proof on cael	Run Project 81 k6 proof wrapper	2026-08-15T10:28:22.0987370Z running (2m16.0s), 1/1 VUs, 0 complete and 0 interrupted iterations
project81 k6 proof on cael	Run Project 81 k6 proof wrapper	2026-08-15T10:28:22.0987915Z r_cd_model_tool   [   0% ] 1 VUs  2m16.0s/3m30s  0/1 shared iters
project81 k6 proof on cael	Run Project 81 k6 proof wrapper	2026-08-15T10:28:22.0988167Z 
project81 k6 proof on cael	Run Project 81 k6 proof wrapper	2026-08-15T10:28:22.0988325Z running (2m17.0s), 1/1 VUs, 0 complete and 0 interrupted iterations
project81 k6 proof on cael	Run Project 81 k6 proof wrapper	2026-08-15T10:28:22.0988717Z r_cd_model_tool   [   0% ] 1 VUs  2m17.0s/3m30s  0/1 shared iters
project81 k6 proof on cael	Run Project 81 k6 proof wrapper	2026-08-15T10:28:22.0989032Z 
project81 k6 proof on cael	Run Project 81 k6 proof wrapper	2026-08-15T10:28:22.0989218Z running (2m18.0s), 1/1 VUs, 0 complete and 0 interrupted iterations
project81 k6 proof on cael	Run Project 81 k6 proof wrapper	2026-08-15T10:28:22.0989627Z r_cd_model_tool   [   0% ] 1 VUs  2m18.0s/3m30s  0/1 shared iters
project81 k6 proof on cael	Run Project 81 k6 proof wrapper	2026-08-15T10:28:22.0989946Z 
project81 k6 proof on cael	Run Project 81 k6 proof wrapper	2026-08-15T10:28:22.0990114Z running (2m19.0s), 1/1 VUs, 0 complete and 0 interrupted iterations
project81 k6 proof on cael	Run Project 81 k6 proof wrapper	2026-08-15T10:28:22.0990509Z r_cd_model_tool   [   0% ] 1 VUs  2m19.0s/3m30s  0/1 shared iters
project81 k6 proof on cael	Run Project 81 k6 proof wrapper	2026-08-15T10:28:22.0990750Z 
project81 k6 proof on cael	Run Project 81 k6 proof wrapper	2026-08-15T10:28:22.0990907Z running (2m20.0s), 1/1 VUs, 0 complete and 0 interrupted iterations
project81 k6 proof on cael	Run Project 81 k6 proof wrapper	2026-08-15T10:28:22.0991303Z r_cd_model_tool   [   0% ] 1 VUs  2m20.0s/3m30s  0/1 shared iters
project81 k6 proof on cael	Run Project 81 k6 proof wrapper	2026-08-15T10:28:22.0991559Z 
project81 k6 proof on cael	Run Project 81 k6 proof wrapper	2026-08-15T10:28:22.0991715Z running (2m21.0s), 1/1 VUs, 0 complete and 0 interrupted iterations
project81 k6 proof on cael	Run Project 81 k6 proof wrapper	2026-08-15T10:28:22.0992114Z r_cd_model_tool   [   0% ] 1 VUs  2m21.0s/3m30s  0/1 shared iters
project81 k6 proof on cael	Run Project 81 k6 proof wrapper	2026-08-15T10:28:22.0992354Z 
project81 k6 proof on cael	Run Project 81 k6 proof wrapper	2026-08-15T10:28:22.0992512Z running (2m22.0s), 1/1 VUs, 0 complete and 0 interrupted iterations
project81 k6 proof on cael	Run Project 81 k6 proof wrapper	2026-08-15T10:28:22.0993134Z r_cd_model_tool   [   0% ] 1 VUs  2m22.0s/3m30s  0/1 shared iters
project81 k6 proof on cael	Run Project 81 k6 proof wrapper	2026-08-15T10:28:22.0993373Z 
project81 k6 proof on cael	Run Project 81 k6 proof wrapper	2026-08-15T10:28:22.0993532Z running (2m23.0s), 1/1 VUs, 0 complete and 0 interrupted iterations
project81 k6 proof on cael	Run Project 81 k6 proof wrapper	2026-08-15T10:28:22.0993927Z r_cd_model_tool   [   0% ] 1 VUs  2m23.0s/3m30s  0/1 shared iters
project81 k6 proof on cael	Run Project 81 k6 proof wrapper	2026-08-15T10:28:22.0994164Z 
project81 k6 proof on cael	Run Project 81 k6 proof wrapper	2026-08-15T10:28:22.0994326Z running (2m24.0s), 1/1 VUs, 0 complete and 0 interrupted iterations
project81 k6 proof on cael	Run Project 81 k6 proof wrapper	2026-08-15T10:28:22.0994722Z r_cd_model_tool   [   0% ] 1 VUs  2m24.0s/3m30s  0/1 shared iters
project81 k6 proof on cael	Run Project 81 k6 proof wrapper	2026-08-15T10:28:22.0994959Z 
project81 k6 proof on cael	Run Project 81 k6 proof wrapper	2026-08-15T10:28:22.0995118Z running (2m25.0s), 1/1 VUs, 0 complete and 0 interrupted iterations
project81 k6 proof on cael	Run Project 81 k6 proof wrapper	2026-08-15T10:28:22.0995517Z r_cd_model_tool   [   0% ] 1 VUs  2m25.0s/3m30s  0/1 shared iters
project81 k6 proof on cael	Run Project 81 k6 proof wrapper	2026-08-15T10:28:22.0995753Z 
project81 k6 proof on cael	Run Project 81 k6 proof wrapper	2026-08-15T10:28:22.0995912Z running (2m26.0s), 1/1 VUs, 0 complete and 0 interrupted iterations
project81 k6 proof on cael	Run Project 81 k6 proof wrapper	2026-08-15T10:28:22.0996306Z r_cd_model_tool   [   0% ] 1 VUs  2m26.0s/3m30s  0/1 shared iters
project81 k6 proof on cael	Run Project 81 k6 proof wrapper	2026-08-15T10:28:22.0996547Z 
project81 k6 proof on cael	Run Project 81 k6 proof wrapper	2026-08-15T10:28:22.0996705Z running (2m27.0s), 1/1 VUs, 0 complete and 0 interrupted iterations
project81 k6 proof on cael	Run Project 81 k6 proof wrapper	2026-08-15T10:28:22.0997099Z r_cd_model_tool   [   0% ] 1 VUs  2m27.0s/3m30s  0/1 shared iters
project81 k6 proof on cael	Run Project 81 k6 proof wrapper	2026-08-15T10:28:22.0997339Z 
project81 k6 proof on cael	Run Project 81 k6 proof wrapper	2026-08-15T10:28:22.0997496Z running (2m28.0s), 1/1 VUs, 0 complete and 0 interrupted iterations
project81 k6 proof on cael	Run Project 81 k6 proof wrapper	2026-08-15T10:28:22.0997889Z r_cd_model_tool   [   0% ] 1 VUs  2m28.0s/3m30s  0/1 shared iters
project81 k6 proof on cael	Run Project 81 k6 proof wrapper	2026-08-15T10:28:22.0998128Z 
project81 k6 proof on cael	Run Project 81 k6 proof wrapper	2026-08-15T10:28:22.0998284Z running (2m29.0s), 1/1 VUs, 0 complete and 0 interrupted iterations
project81 k6 proof on cael	Run Project 81 k6 proof wrapper	2026-08-15T10:28:22.0998679Z r_cd_model_tool   [   0% ] 1 VUs  2m29.0s/3m30s  0/1 shared iters
project81 k6 proof on cael	Run Project 81 k6 proof wrapper	2026-08-15T10:28:22.0998920Z 
project81 k6 proof on cael	Run Project 81 k6 proof wrapper	2026-08-15T10:28:22.0999077Z running (2m30.0s), 1/1 VUs, 0 complete and 0 interrupted iterations
project81 k6 proof on cael	Run Project 81 k6 proof wrapper	2026-08-15T10:28:22.0999472Z r_cd_model_tool   [   0% ] 1 VUs  2m30.0s/3m30s  0/1 shared iters
project81 k6 proof on cael	Run Project 81 k6 proof wrapper	2026-08-15T10:28:22.0999763Z 
project81 k6 proof on cael	Run Project 81 k6 proof wrapper	2026-08-15T10:28:22.0999928Z running (2m31.0s), 1/1 VUs, 0 complete and 0 interrupted iterations
project81 k6 proof on cael	Run Project 81 k6 proof wrapper	2026-08-15T10:28:22.1000335Z r_cd_model_tool   [   0% ] 1 VUs  2m31.0s/3m30s  0/1 shared iters
project81 k6 proof on cael	Run Project 81 k6 proof wrapper	2026-08-15T10:28:22.1000576Z 
project81 k6 proof on cael	Run Project 81 k6 proof wrapper	2026-08-15T10:28:22.1000734Z running (2m32.0s), 1/1 VUs, 0 complete and 0 interrupted iterations
project81 k6 proof on cael	Run Project 81 k6 proof wrapper	2026-08-15T10:28:22.1001129Z r_cd_model_tool   [   0% ] 1 VUs  2m32.0s/3m30s  0/1 shared iters
project81 k6 proof on cael	Run Project 81 k6 proof wrapper	2026-08-15T10:28:22.1001367Z 
project81 k6 proof on cael	Run Project 81 k6 proof wrapper	2026-08-15T10:28:22.1001523Z running (2m33.0s), 1/1 VUs, 0 complete and 0 interrupted iterations
project81 k6 proof on cael	Run Project 81 k6 proof wrapper	2026-08-15T10:28:22.1001918Z r_cd_model_tool   [   0% ] 1 VUs  2m33.0s/3m30s  0/1 shared iters
project81 k6 proof on cael	Run Project 81 k6 proof wrapper	2026-08-15T10:28:22.1002158Z 
project81 k6 proof on cael	Run Project 81 k6 proof wrapper	2026-08-15T10:28:22.1002316Z running (2m34.0s), 1/1 VUs, 0 complete and 0 interrupted iterations
project81 k6 proof on cael	Run Project 81 k6 proof wrapper	2026-08-15T10:28:22.1002708Z r_cd_model_tool   [   0% ] 1 VUs  2m34.0s/3m30s  0/1 shared iters
project81 k6 proof on cael	Run Project 81 k6 proof wrapper	2026-08-15T10:28:22.1003072Z 
project81 k6 proof on cael	Run Project 81 k6 proof wrapper	2026-08-15T10:28:22.1003234Z running (2m35.0s), 1/1 VUs, 0 complete and 0 interrupted iterations
project81 k6 proof on cael	Run Project 81 k6 proof wrapper	2026-08-15T10:28:22.1003628Z r_cd_model_tool   [   0% ] 1 VUs  2m35.0s/3m30s  0/1 shared iters
project81 k6 proof on cael	Run Project 81 k6 proof wrapper	2026-08-15T10:28:22.1003865Z 
project81 k6 proof on cael	Run Project 81 k6 proof wrapper	2026-08-15T10:28:22.1004029Z running (2m36.0s), 1/1 VUs, 0 complete and 0 interrupted iterations
project81 k6 proof on cael	Run Project 81 k6 proof wrapper	2026-08-15T10:28:22.1004423Z r_cd_model_tool   [   0% ] 1 VUs  2m36.0s/3m30s  0/1 shared iters
project81 k6 proof on cael	Run Project 81 k6 proof wrapper	2026-08-15T10:28:22.1004660Z 
project81 k6 proof on cael	Run Project 81 k6 proof wrapper	2026-08-15T10:28:22.1004820Z running (2m37.0s), 1/1 VUs, 0 complete and 0 interrupted iterations
project81 k6 proof on cael	Run Project 81 k6 proof wrapper	2026-08-15T10:28:22.1005213Z r_cd_model_tool   [   0% ] 1 VUs  2m37.0s/3m30s  0/1 shared iters
project81 k6 proof on cael	Run Project 81 k6 proof wrapper	2026-08-15T10:28:22.1005450Z 
project81 k6 proof on cael	Run Project 81 k6 proof wrapper	2026-08-15T10:28:22.1005608Z running (2m38.0s), 1/1 VUs, 0 complete and 0 interrupted iterations
project81 k6 proof on cael	Run Project 81 k6 proof wrapper	2026-08-15T10:28:22.1006005Z r_cd_model_tool   [   0% ] 1 VUs  2m38.0s/3m30s  0/1 shared iters
project81 k6 proof on cael	Run Project 81 k6 proof wrapper	2026-08-15T10:28:22.1006245Z 
project81 k6 proof on cael	Run Project 81 k6 proof wrapper	2026-08-15T10:28:22.1006403Z running (2m39.0s), 1/1 VUs, 0 complete and 0 interrupted iterations
project81 k6 proof on cael	Run Project 81 k6 proof wrapper	2026-08-15T10:28:22.1006801Z r_cd_model_tool   [   0% ] 1 VUs  2m39.0s/3m30s  0/1 shared iters
project81 k6 proof on cael	Run Project 81 k6 proof wrapper	2026-08-15T10:28:22.1007039Z 
project81 k6 proof on cael	Run Project 81 k6 proof wrapper	2026-08-15T10:28:22.1007195Z running (2m40.0s), 1/1 VUs, 0 complete and 0 interrupted iterations
project81 k6 proof on cael	Run Project 81 k6 proof wrapper	2026-08-15T10:28:22.1007592Z r_cd_model_tool   [   0% ] 1 VUs  2m40.0s/3m30s  0/1 shared iters
project81 k6 proof on cael	Run Project 81 k6 proof wrapper	2026-08-15T10:28:22.1007934Z 
project81 k6 proof on cael	Run Project 81 k6 proof wrapper	2026-08-15T10:28:22.1008093Z running (2m41.0s), 1/1 VUs, 0 complete and 0 interrupted iterations
project81 k6 proof on cael	Run Project 81 k6 proof wrapper	2026-08-15T10:28:22.1008491Z r_cd_model_tool   [   0% ] 1 VUs  2m41.0s/3m30s  0/1 shared iters
project81 k6 proof on cael	Run Project 81 k6 proof wrapper	2026-08-15T10:28:22.1008730Z 
project81 k6 proof on cael	Run Project 81 k6 proof wrapper	2026-08-15T10:28:22.1008887Z running (2m42.0s), 1/1 VUs, 0 complete and 0 interrupted iterations
project81 k6 proof on cael	Run Project 81 k6 proof wrapper	2026-08-15T10:28:22.1009282Z r_cd_model_tool   [   0% ] 1 VUs  2m42.0s/3m30s  0/1 shared iters
project81 k6 proof on cael	Run Project 81 k6 proof wrapper	2026-08-15T10:28:22.1009527Z 
project81 k6 proof on cael	Run Project 81 k6 proof wrapper	2026-08-15T10:28:22.1009732Z running (2m43.0s), 1/1 VUs, 0 complete and 0 interrupted iterations
project81 k6 proof on cael	Run Project 81 k6 proof wrapper	2026-08-15T10:28:22.1010135Z r_cd_model_tool   [   0% ] 1 VUs  2m43.0s/3m30s  0/1 shared iters
project81 k6 proof on cael	Run Project 81 k6 proof wrapper	2026-08-15T10:28:22.1010380Z 
project81 k6 proof on cael	Run Project 81 k6 proof wrapper	2026-08-15T10:28:22.1010536Z running (2m44.0s), 1/1 VUs, 0 complete and 0 interrupted iterations
project81 k6 proof on cael	Run Project 81 k6 proof wrapper	2026-08-15T10:28:22.1010932Z r_cd_model_tool   [   0% ] 1 VUs  2m44.0s/3m30s  0/1 shared iters
project81 k6 proof on cael	Run Project 81 k6 proof wrapper	2026-08-15T10:28:22.1011169Z 
project81 k6 proof on cael	Run Project 81 k6 proof wrapper	2026-08-15T10:28:22.1011328Z running (2m45.0s), 1/1 VUs, 0 complete and 0 interrupted iterations
project81 k6 proof on cael	Run Project 81 k6 proof wrapper	2026-08-15T10:28:22.1011727Z r_cd_model_tool   [   0% ] 1 VUs  2m45.0s/3m30s  0/1 shared iters
project81 k6 proof on cael	Run Project 81 k6 proof wrapper	2026-08-15T10:28:22.1011963Z 
project81 k6 proof on cael	Run Project 81 k6 proof wrapper	2026-08-15T10:28:22.1012122Z running (2m46.0s), 1/1 VUs, 0 complete and 0 interrupted iterations
project81 k6 proof on cael	Run Project 81 k6 proof wrapper	2026-08-15T10:28:22.1012517Z r_cd_model_tool   [   0% ] 1 VUs  2m46.0s/3m30s  0/1 shared iters
project81 k6 proof on cael	Run Project 81 k6 proof wrapper	2026-08-15T10:28:22.1012755Z 
project81 k6 proof on cael	Run Project 81 k6 proof wrapper	2026-08-15T10:28:22.1012913Z running (2m47.0s), 1/1 VUs, 0 complete and 0 interrupted iterations
project81 k6 proof on cael	Run Project 81 k6 proof wrapper	2026-08-15T10:28:22.1013309Z r_cd_model_tool   [   0% ] 1 VUs  2m47.0s/3m30s  0/1 shared iters
project81 k6 proof on cael	Run Project 81 k6 proof wrapper	2026-08-15T10:28:22.1013545Z 
project81 k6 proof on cael	Run Project 81 k6 proof wrapper	2026-08-15T10:28:22.1013704Z running (2m48.0s), 1/1 VUs, 0 complete and 0 interrupted iterations
project81 k6 proof on cael	Run Project 81 k6 proof wrapper	2026-08-15T10:28:22.1014103Z r_cd_model_tool   [   0% ] 1 VUs  2m48.0s/3m30s  0/1 shared iters
project81 k6 proof on cael	Run Project 81 k6 proof wrapper	2026-08-15T10:28:22.1014339Z 
project81 k6 proof on cael	Run Project 81 k6 proof wrapper	2026-08-15T10:28:22.1014499Z running (2m49.0s), 1/1 VUs, 0 complete and 0 interrupted iterations
project81 k6 proof on cael	Run Project 81 k6 proof wrapper	2026-08-15T10:28:22.1014893Z r_cd_model_tool   [   0% ] 1 VUs  2m49.0s/3m30s  0/1 shared iters
project81 k6 proof on cael	Run Project 81 k6 proof wrapper	2026-08-15T10:28:22.1015136Z 
project81 k6 proof on cael	Run Project 81 k6 proof wrapper	2026-08-15T10:28:22.1015291Z running (2m50.0s), 1/1 VUs, 0 complete and 0 interrupted iterations
project81 k6 proof on cael	Run Project 81 k6 proof wrapper	2026-08-15T10:28:22.1015685Z r_cd_model_tool   [   0% ] 1 VUs  2m50.0s/3m30s  0/1 shared iters
project81 k6 proof on cael	Run Project 81 k6 proof wrapper	2026-08-15T10:28:22.1015925Z 
project81 k6 proof on cael	Run Project 81 k6 proof wrapper	2026-08-15T10:28:22.1016082Z running (2m51.0s), 1/1 VUs, 0 complete and 0 interrupted iterations
project81 k6 proof on cael	Run Project 81 k6 proof wrapper	2026-08-15T10:28:22.1016479Z r_cd_model_tool   [   0% ] 1 VUs  2m51.0s/3m30s  0/1 shared iters
project81 k6 proof on cael	Run Project 81 k6 proof wrapper	2026-08-15T10:28:22.1016719Z 
project81 k6 proof on cael	Run Project 81 k6 proof wrapper	2026-08-15T10:28:22.1016875Z running (2m52.0s), 1/1 VUs, 0 complete and 0 interrupted iterations
project81 k6 proof on cael	Run Project 81 k6 proof wrapper	2026-08-15T10:28:22.1017269Z r_cd_model_tool   [   0% ] 1 VUs  2m52.0s/3m30s  0/1 shared iters
project81 k6 proof on cael	Run Project 81 k6 proof wrapper	2026-08-15T10:28:22.1017510Z 
project81 k6 proof on cael	Run Project 81 k6 proof wrapper	2026-08-15T10:28:22.1017835Z running (2m53.0s), 1/1 VUs, 0 complete and 0 interrupted iterations
project81 k6 proof on cael	Run Project 81 k6 proof wrapper	2026-08-15T10:28:22.1018247Z r_cd_model_tool   [   0% ] 1 VUs  2m53.0s/3m30s  0/1 shared iters
project81 k6 proof on cael	Run Project 81 k6 proof wrapper	2026-08-15T10:28:22.1018488Z 
project81 k6 proof on cael	Run Project 81 k6 proof wrapper	2026-08-15T10:28:22.1018648Z running (2m54.0s), 1/1 VUs, 0 complete and 0 interrupted iterations
project81 k6 proof on cael	Run Project 81 k6 proof wrapper	2026-08-15T10:28:22.1019050Z r_cd_model_tool   [   0% ] 1 VUs  2m54.0s/3m30s  0/1 shared iters
project81 k6 proof on cael	Run Project 81 k6 proof wrapper	2026-08-15T10:28:22.1019287Z 
project81 k6 proof on cael	Run Project 81 k6 proof wrapper	2026-08-15T10:28:22.1019447Z running (2m55.0s), 1/1 VUs, 0 complete and 0 interrupted iterations
project81 k6 proof on cael	Run Project 81 k6 proof wrapper	2026-08-15T10:28:22.1019904Z r_cd_model_tool   [   0% ] 1 VUs  2m55.0s/3m30s  0/1 shared iters
project81 k6 proof on cael	Run Project 81 k6 proof wrapper	2026-08-15T10:28:22.1020150Z 
project81 k6 proof on cael	Run Project 81 k6 proof wrapper	2026-08-15T10:28:22.1020312Z running (2m56.0s), 1/1 VUs, 0 complete and 0 interrupted iterations
project81 k6 proof on cael	Run Project 81 k6 proof wrapper	2026-08-15T10:28:22.1020707Z r_cd_model_tool   [   0% ] 1 VUs  2m56.0s/3m30s  0/1 shared iters
project81 k6 proof on cael	Run Project 81 k6 proof wrapper	2026-08-15T10:28:22.1020946Z 
project81 k6 proof on cael	Run Project 81 k6 proof wrapper	2026-08-15T10:28:22.1021103Z running (2m57.0s), 1/1 VUs, 0 complete and 0 interrupted iterations
project81 k6 proof on cael	Run Project 81 k6 proof wrapper	2026-08-15T10:28:22.1021497Z r_cd_model_tool   [   0% ] 1 VUs  2m57.0s/3m30s  0/1 shared iters
project81 k6 proof on cael	Run Project 81 k6 proof wrapper	2026-08-15T10:28:22.1021743Z 
project81 k6 proof on cael	Run Project 81 k6 proof wrapper	2026-08-15T10:28:22.1027445Z running (2m58.0s), 1/1 VUs, 0 complete and 0 interrupted iterations
project81 k6 proof on cael	Run Project 81 k6 proof wrapper	2026-08-15T10:28:22.1027859Z r_cd_model_tool   [   0% ] 1 VUs  2m58.0s/3m30s  0/1 shared iters
project81 k6 proof on cael	Run Project 81 k6 proof wrapper	2026-08-15T10:28:22.1028105Z 
project81 k6 proof on cael	Run Project 81 k6 proof wrapper	2026-08-15T10:28:22.1028503Z running (2m59.0s), 1/1 VUs, 0 complete and 0 interrupted iterations
project81 k6 proof on cael	Run Project 81 k6 proof wrapper	2026-08-15T10:28:22.1028915Z r_cd_model_tool   [   0% ] 1 VUs  2m59.0s/3m30s  0/1 shared iters
project81 k6 proof on cael	Run Project 81 k6 proof wrapper	2026-08-15T10:28:22.1029158Z 
project81 k6 proof on cael	Run Project 81 k6 proof wrapper	2026-08-15T10:28:22.1029317Z running (3m00.0s), 1/1 VUs, 0 complete and 0 interrupted iterations
project81 k6 proof on cael	Run Project 81 k6 proof wrapper	2026-08-15T10:28:22.1029808Z r_cd_model_tool   [   0% ] 1 VUs  3m00.0s/3m30s  0/1 shared iters
project81 k6 proof on cael	Run Project 81 k6 proof wrapper	2026-08-15T10:28:22.1030060Z 
project81 k6 proof on cael	Run Project 81 k6 proof wrapper	2026-08-15T10:28:22.1030219Z running (3m01.0s), 1/1 VUs, 0 complete and 0 interrupted iterations
project81 k6 proof on cael	Run Project 81 k6 proof wrapper	2026-08-15T10:28:22.1030621Z r_cd_model_tool   [   0% ] 1 VUs  3m01.0s/3m30s  0/1 shared iters
project81 k6 proof on cael	Run Project 81 k6 proof wrapper	2026-08-15T10:28:22.1030863Z 
project81 k6 proof on cael	Run Project 81 k6 proof wrapper	2026-08-15T10:28:22.1031020Z running (3m02.0s), 1/1 VUs, 0 complete and 0 interrupted iterations
project81 k6 proof on cael	Run Project 81 k6 proof wrapper	2026-08-15T10:28:22.1031423Z r_cd_model_tool   [   0% ] 1 VUs  3m02.0s/3m30s  0/1 shared iters
project81 k6 proof on cael	Run Project 81 k6 proof wrapper	2026-08-15T10:28:22.1031665Z 
project81 k6 proof on cael	Run Project 81 k6 proof wrapper	2026-08-15T10:28:22.1031823Z running (3m03.0s), 1/1 VUs, 0 complete and 0 interrupted iterations
project81 k6 proof on cael	Run Project 81 k6 proof wrapper	2026-08-15T10:28:22.1032219Z r_cd_model_tool   [   0% ] 1 VUs  3m03.0s/3m30s  0/1 shared iters
project81 k6 proof on cael	Run Project 81 k6 proof wrapper	2026-08-15T10:28:22.1032467Z 
project81 k6 proof on cael	Run Project 81 k6 proof wrapper	2026-08-15T10:28:22.1032627Z running (3m04.0s), 1/1 VUs, 0 complete and 0 interrupted iterations
project81 k6 proof on cael	Run Project 81 k6 proof wrapper	2026-08-15T10:28:22.1033022Z r_cd_model_tool   [   0% ] 1 VUs  3m04.0s/3m30s  0/1 shared iters
project81 k6 proof on cael	Run Project 81 k6 proof wrapper	2026-08-15T10:28:22.1033260Z 
project81 k6 proof on cael	Run Project 81 k6 proof wrapper	2026-08-15T10:28:22.1033420Z running (3m05.0s), 1/1 VUs, 0 complete and 0 interrupted iterations
project81 k6 proof on cael	Run Project 81 k6 proof wrapper	2026-08-15T10:28:22.1033815Z r_cd_model_tool   [   0% ] 1 VUs  3m05.0s/3m30s  0/1 shared iters
project81 k6 proof on cael	Run Project 81 k6 proof wrapper	2026-08-15T10:28:22.1034051Z 
project81 k6 proof on cael	Run Project 81 k6 proof wrapper	2026-08-15T10:28:22.1034210Z running (3m06.0s), 1/1 VUs, 0 complete and 0 interrupted iterations
project81 k6 proof on cael	Run Project 81 k6 proof wrapper	2026-08-15T10:28:22.1034606Z r_cd_model_tool   [   0% ] 1 VUs  3m06.0s/3m30s  0/1 shared iters
project81 k6 proof on cael	Run Project 81 k6 proof wrapper	2026-08-15T10:28:22.1034847Z 
project81 k6 proof on cael	Run Project 81 k6 proof wrapper	2026-08-15T10:28:22.1035007Z running (3m07.0s), 1/1 VUs, 0 complete and 0 interrupted iterations
project81 k6 proof on cael	Run Project 81 k6 proof wrapper	2026-08-15T10:28:22.1035401Z r_cd_model_tool   [   0% ] 1 VUs  3m07.0s/3m30s  0/1 shared iters
project81 k6 proof on cael	Run Project 81 k6 proof wrapper	2026-08-15T10:28:22.1038613Z PUBLIC_EVIDENCE {"row":"R-CD-MODEL-TOOL","manifest_loaded":true,"seat":"cael","session_created":true,"candidateSha":"6b09b1dbe938ab6b5f56eaf4e58f1ed243f89955","started":"2026-08-15T10:25:13.872Z","requested_model_byte":"openai/gpt-5.6-luna","requested_model_source":"continue_delegate.model parameter","dispatch_accepted":true,"parent_scheduled_sentinel":true,"child_session_observed":true,"child_session_metadata_observed":false,"child_metadata_model_byte":null,"child_metadata_model_source":null,"child_self_reported_model":"UNKNOWN","child_self_reported_model_source":"auxiliary child runtime-context self-report (not used for equality)","child_session_metadata":null,"child_metadata_requested":false,"model_matches":false,"return_payload":true,"trace_id":null,"model_classification_reason":null,"ended":"2026-08-15T10:28:21.816Z","duration_ms":187944}
project81 k6 proof on cael	Run Project 81 k6 proof wrapper	2026-08-15T10:28:22.1042702Z time="2026-08-15T03:28:21-07:00" level=info msg="\n[R-CD-MODEL-TOOL] VERDICT: PARTIAL-candidate" source=console
project81 k6 proof on cael	Run Project 81 k6 proof wrapper	2026-08-15T10:28:22.1043124Z 
project81 k6 proof on cael	Run Project 81 k6 proof wrapper	2026-08-15T10:28:22.1043445Z [R-CD-MODEL-TOOL] Summary: PARTIAL-candidate | SHA: 6b09b1dbe938ab6b5f56eaf4e58f1ed243f89955 | Seat: cael
project81 k6 proof on cael	Run Project 81 k6 proof wrapper	2026-08-15T10:28:22.1043871Z 
project81 k6 proof on cael	Run Project 81 k6 proof wrapper	2026-08-15T10:28:22.1044032Z running (3m07.9s), 0/1 VUs, 1 complete and 0 interrupted iterations
project81 k6 proof on cael	Run Project 81 k6 proof wrapper	2026-08-15T10:28:22.1044563Z r_cd_model_tool ✓ [ 100% ] 1 VUs  3m07.9s/3m30s  1/1 shared iters
project81 k6 proof on cael	Run Project 81 k6 proof wrapper	2026-08-15T10:28:22.1045188Z time="2026-08-15T03:28:21-07:00" level=error msg="thresholds on metrics 'proof_failures, r_cd_model_tool_duration' have been crossed"
project81 k6 proof on cael	Run Project 81 k6 proof wrapper	2026-08-15T10:28:22.1275546Z [R-CD-MODEL-TOOL] Candidate routing envelope withheld: review is incomplete or its identity contract did not validate.
project81 k6 proof on cael	Run Project 81 k6 proof wrapper	2026-08-15T10:28:22.1985052Z [R-CD-MODEL-TOOL] METRICS: /home/figs/actions-runner/_work/openclaw-bootstrap/openclaw-bootstrap/openclaw-bootstrap/PROOFS/6b09b1dbe938ab6b5f56eaf4e58f1ed243f89955/project81-k6/20260815T102457Z-cael-dgx-4105131/6b09b1dbe938ab6b5f56eaf4e58f1ed243f89955/R-CD-MODEL-TOOL/cael/20260815T102511Z-r-cd-model-tool-273343a5/openclaw-proofs-k6.prom
project81 k6 proof on cael	Run Project 81 k6 proof wrapper	2026-08-15T10:28:22.2019301Z [R-CD-MODEL-TOOL] ARTIFACTS: /home/figs/actions-runner/_work/openclaw-bootstrap/openclaw-bootstrap/openclaw-bootstrap/PROOFS/6b09b1dbe938ab6b5f56eaf4e58f1ed243f89955/project81-k6/20260815T102457Z-cael-dgx-4105131/6b09b1dbe938ab6b5f56eaf4e58f1ed243f89955/R-CD-MODEL-TOOL/cael/20260815T102511Z-r-cd-model-tool-273343a5
project81 k6 proof on cael	Run Project 81 k6 proof wrapper	2026-08-15T10:28:22.2021453Z [R-CD-MODEL-TOOL] FAILED with effective exit code 99. Public-safe artifacts preserved.
project81 k6 proof on cael	Run Project 81 k6 proof wrapper	2026-08-15T10:28:22.2022079Z [R-CD-MODEL-TOOL] Continuing matrix so later rows retain their one-shot execution and receipts.
project81 k6 proof on cael	Run Project 81 k6 proof wrapper	2026-08-15T10:28:22.2626616Z 
project81 k6 proof on cael	Run Project 81 k6 proof wrapper	2026-08-15T10:28:22.2626923Z ----------------------------------------
project81 k6 proof on cael	Run Project 81 k6 proof wrapper	2026-08-15T10:28:22.2627221Z Row: R-CD-RETURN-OVERLAP
project81 k6 proof on cael	Run Project 81 k6 proof wrapper	2026-08-15T10:28:22.2627678Z Manifest: /tmp/openclaw-k6-harness.GQgfip/tools/k6-proofs/manifests/r-cd-return-overlap.json
project81 k6 proof on cael	Run Project 81 k6 proof wrapper	2026-08-15T10:28:22.2628176Z Scenario: scenarios/r-cd-return-overlap.js
project81 k6 proof on cael	Run Project 81 k6 proof wrapper	2026-08-15T10:28:22.2628445Z Status: runnable
project81 k6 proof on cael	Run Project 81 k6 proof wrapper	2026-08-15T10:28:22.2628638Z Live Safety: k6-runnable
project81 k6 proof on cael	Run Project 81 k6 proof wrapper	2026-08-15T10:28:24.9040105Z [R-CD-RETURN-OVERLAP] RUNNING...
project81 k6 proof on cael	Run Project 81 k6 proof wrapper	2026-08-15T10:28:27.8151143Z [R-CD-RETURN-OVERLAP] EVIDENCE EXTRACTION FAILED; see /home/figs/actions-runner/_work/openclaw-bootstrap/openclaw-bootstrap/openclaw-bootstrap/PROOFS/6b09b1dbe938ab6b5f56eaf4e58f1ed243f89955/project81-k6/20260815T102457Z-cael-dgx-4105131/6b09b1dbe938ab6b5f56eaf4e58f1ed243f89955/R-CD-RETURN-OVERLAP/cael/20260815T102824Z-r-cd-return-overlap-273343a5/evidence-extraction.error.log
project81 k6 proof on cael	Run Project 81 k6 proof wrapper	2026-08-15T10:28:27.8569240Z [R-CD-RETURN-OVERLAP] PUBLIC ARTIFACT REDACTION FAILED; see /home/figs/actions-runner/_work/openclaw-bootstrap/openclaw-bootstrap/openclaw-bootstrap/PROOFS/6b09b1dbe938ab6b5f56eaf4e58f1ed243f89955/project81-k6/20260815T102457Z-cael-dgx-4105131/6b09b1dbe938ab6b5f56eaf4e58f1ed243f89955/R-CD-RETURN-OVERLAP/cael/20260815T102824Z-r-cd-return-overlap-273343a5/evidence-redaction.error.log
project81 k6 proof on cael	Run Project 81 k6 proof wrapper	2026-08-15T10:28:27.8664325Z time="2026-08-15T03:28:27-07:00" level=error msg="GoError: stat /tmp/openclaw-k6-harness.GQgfip/PROOFS/0921776150142c3fd8d517de5c73e1c94732f004/R-CD-RETURN-OVERLAP/cael-dgx/EVIDENCE.md: no such file or directory\n\tat go.k6.io/k6/v2/internal/js.(*Bundle).setInitGlobals.func3 (native)\n\tat file:///tmp/openclaw-k6-harness.GQgfip/tools/k6-proofs/scenarios/r-cd-return-overlap.js:25:24(83)\n" hint="script exception"
project81 k6 proof on cael	Run Project 81 k6 proof wrapper	2026-08-15T10:28:27.9064819Z [R-CD-RETURN-OVERLAP] Candidate routing envelope withheld: review is incomplete or its identity contract did not validate.
project81 k6 proof on cael	Run Project 81 k6 proof wrapper	2026-08-15T10:28:27.9596231Z [R-CD-RETURN-OVERLAP] METRICS: /home/figs/actions-runner/_work/openclaw-bootstrap/openclaw-bootstrap/openclaw-bootstrap/PROOFS/6b09b1dbe938ab6b5f56eaf4e58f1ed243f89955/project81-k6/20260815T102457Z-cael-dgx-4105131/6b09b1dbe938ab6b5f56eaf4e58f1ed243f89955/R-CD-RETURN-OVERLAP/cael/20260815T102824Z-r-cd-return-overlap-273343a5/openclaw-proofs-k6.prom
project81 k6 proof on cael	Run Project 81 k6 proof wrapper	2026-08-15T10:28:27.9640591Z [R-CD-RETURN-OVERLAP] ARTIFACTS: /home/figs/actions-runner/_work/openclaw-bootstrap/openclaw-bootstrap/openclaw-bootstrap/PROOFS/6b09b1dbe938ab6b5f56eaf4e58f1ed243f89955/project81-k6/20260815T102457Z-cael-dgx-4105131/6b09b1dbe938ab6b5f56eaf4e58f1ed243f89955/R-CD-RETURN-OVERLAP/cael/20260815T102824Z-r-cd-return-overlap-273343a5
project81 k6 proof on cael	Run Project 81 k6 proof wrapper	2026-08-15T10:28:27.9642219Z [R-CD-RETURN-OVERLAP] FAILED with effective exit code 107. Public-safe artifacts preserved.
project81 k6 proof on cael	Run Project 81 k6 proof wrapper	2026-08-15T10:28:27.9642897Z [R-CD-RETURN-OVERLAP] Continuing matrix so later rows retain their one-shot execution and receipts.
project81 k6 proof on cael	Run Project 81 k6 proof wrapper	2026-08-15T10:28:28.0578263Z 
project81 k6 proof on cael	Run Project 81 k6 proof wrapper	2026-08-15T10:28:28.0578591Z ----------------------------------------
project81 k6 proof on cael	Run Project 81 k6 proof wrapper	2026-08-15T10:28:28.0578884Z Row: R-CD-SILENT
project81 k6 proof on cael	Run Project 81 k6 proof wrapper	2026-08-15T10:28:28.0579258Z Manifest: /tmp/openclaw-k6-harness.GQgfip/tools/k6-proofs/manifests/r-cd-silent.json
project81 k6 proof on cael	Run Project 81 k6 proof wrapper	2026-08-15T10:28:28.0579840Z Scenario: scenarios/r-cd-silent.js
project81 k6 proof on cael	Run Project 81 k6 proof wrapper	2026-08-15T10:28:28.0580115Z Status: runnable
project81 k6 proof on cael	Run Project 81 k6 proof wrapper	2026-08-15T10:28:28.0580307Z Live Safety: k6-runnable
project81 k6 proof on cael	Run Project 81 k6 proof wrapper	2026-08-15T10:28:30.8189348Z [R-CD-SILENT] RUNNING...
project81 k6 proof on cael	Run Project 81 k6 proof wrapper	2026-08-15T10:29:05.0339881Z ./r-cd-silent-summary.json
project81 k6 proof on cael	Run Project 81 k6 proof wrapper	2026-08-15T10:29:05.1629481Z 
project81 k6 proof on cael	Run Project 81 k6 proof wrapper	2026-08-15T10:29:05.1630304Z          /\      Grafana   /‾‾/  
project81 k6 proof on cael	Run Project 81 k6 proof wrapper	2026-08-15T10:29:05.1631142Z     /\  /  \     |\  __   /  /   
project81 k6 proof on cael	Run Project 81 k6 proof wrapper	2026-08-15T10:29:05.1631441Z    /  \/    \    | |/ /  /   ‾‾\ 
project81 k6 proof on cael	Run Project 81 k6 proof wrapper	2026-08-15T10:29:05.1631707Z   /          \   |   (  |  (‾)  |
project81 k6 proof on cael	Run Project 81 k6 proof wrapper	2026-08-15T10:29:05.1632622Z  / __________ \  |_|\_\  \_____/ 
project81 k6 proof on cael	Run Project 81 k6 proof wrapper	2026-08-15T10:29:05.1632791Z 
project81 k6 proof on cael	Run Project 81 k6 proof wrapper	2026-08-15T10:29:05.1632796Z 
project81 k6 proof on cael	Run Project 81 k6 proof wrapper	2026-08-15T10:29:05.1632875Z      execution: local
project81 k6 proof on cael	Run Project 81 k6 proof wrapper	2026-08-15T10:29:05.1633108Z         script: scenarios/r-cd-silent.js
project81 k6 proof on cael	Run Project 81 k6 proof wrapper	2026-08-15T10:29:05.1633379Z         output: -
project81 k6 proof on cael	Run Project 81 k6 proof wrapper	2026-08-15T10:29:05.1633503Z 
project81 k6 proof on cael	Run Project 81 k6 proof wrapper	2026-08-15T10:29:05.1633737Z      scenarios: (100.00%) 1 scenario, 1 max VUs, 4m0s max duration (incl. graceful stop):
project81 k6 proof on cael	Run Project 81 k6 proof wrapper	2026-08-15T10:29:05.1634320Z               * r_cd_silent: 1 iterations shared among 1 VUs (maxDuration: 3m30s, gracefulStop: 30s)
project81 k6 proof on cael	Run Project 81 k6 proof wrapper	2026-08-15T10:29:05.1634702Z 
project81 k6 proof on cael	Run Project 81 k6 proof wrapper	2026-08-15T10:29:05.1634706Z 
project81 k6 proof on cael	Run Project 81 k6 proof wrapper	2026-08-15T10:29:05.1634872Z running (0m01.0s), 1/1 VUs, 0 complete and 0 interrupted iterations
project81 k6 proof on cael	Run Project 81 k6 proof wrapper	2026-08-15T10:29:05.1635272Z r_cd_silent   [   0% ] 1 VUs  0m01.0s/3m30s  0/1 shared iters
project81 k6 proof on cael	Run Project 81 k6 proof wrapper	2026-08-15T10:29:05.1635982Z time="2026-08-15T03:28:34-07:00" level=info msg="✓ disposable session created: <redacted-session-key>" source=console
project81 k6 proof on cael	Run Project 81 k6 proof wrapper	2026-08-15T10:29:05.1636433Z 
project81 k6 proof on cael	Run Project 81 k6 proof wrapper	2026-08-15T10:29:05.1636598Z running (0m02.0s), 1/1 VUs, 0 complete and 0 interrupted iterations
project81 k6 proof on cael	Run Project 81 k6 proof wrapper	2026-08-15T10:29:05.1636996Z r_cd_silent   [   0% ] 1 VUs  0m02.0s/3m30s  0/1 shared iters
project81 k6 proof on cael	Run Project 81 k6 proof wrapper	2026-08-15T10:29:05.1637650Z time="2026-08-15T03:28:35-07:00" level=info msg="✓ dispatch sessions.send accepted for mode=silent" source=console
project81 k6 proof on cael	Run Project 81 k6 proof wrapper	2026-08-15T10:29:05.1638122Z 
project81 k6 proof on cael	Run Project 81 k6 proof wrapper	2026-08-15T10:29:05.1638288Z running (0m03.0s), 1/1 VUs, 0 complete and 0 interrupted iterations
project81 k6 proof on cael	Run Project 81 k6 proof wrapper	2026-08-15T10:29:05.1638688Z r_cd_silent   [   0% ] 1 VUs  0m03.0s/3m30s  0/1 shared iters
project81 k6 proof on cael	Run Project 81 k6 proof wrapper	2026-08-15T10:29:05.1638940Z 
project81 k6 proof on cael	Run Project 81 k6 proof wrapper	2026-08-15T10:29:05.1639105Z running (0m04.0s), 1/1 VUs, 0 complete and 0 interrupted iterations
project81 k6 proof on cael	Run Project 81 k6 proof wrapper	2026-08-15T10:29:05.1639499Z r_cd_silent   [   0% ] 1 VUs  0m04.0s/3m30s  0/1 shared iters
project81 k6 proof on cael	Run Project 81 k6 proof wrapper	2026-08-15T10:29:05.1639853Z 
project81 k6 proof on cael	Run Project 81 k6 proof wrapper	2026-08-15T10:29:05.1640042Z running (0m05.0s), 1/1 VUs, 0 complete and 0 interrupted iterations
project81 k6 proof on cael	Run Project 81 k6 proof wrapper	2026-08-15T10:29:05.1640455Z r_cd_silent   [   0% ] 1 VUs  0m05.0s/3m30s  0/1 shared iters
project81 k6 proof on cael	Run Project 81 k6 proof wrapper	2026-08-15T10:29:05.1640688Z 
project81 k6 proof on cael	Run Project 81 k6 proof wrapper	2026-08-15T10:29:05.1640847Z running (0m06.0s), 1/1 VUs, 0 complete and 0 interrupted iterations
project81 k6 proof on cael	Run Project 81 k6 proof wrapper	2026-08-15T10:29:05.1641238Z r_cd_silent   [   0% ] 1 VUs  0m06.0s/3m30s  0/1 shared iters
project81 k6 proof on cael	Run Project 81 k6 proof wrapper	2026-08-15T10:29:05.1641469Z 
project81 k6 proof on cael	Run Project 81 k6 proof wrapper	2026-08-15T10:29:05.1641629Z running (0m07.0s), 1/1 VUs, 0 complete and 0 interrupted iterations
project81 k6 proof on cael	Run Project 81 k6 proof wrapper	2026-08-15T10:29:05.1642017Z r_cd_silent   [   0% ] 1 VUs  0m07.0s/3m30s  0/1 shared iters
project81 k6 proof on cael	Run Project 81 k6 proof wrapper	2026-08-15T10:29:05.1642247Z 
project81 k6 proof on cael	Run Project 81 k6 proof wrapper	2026-08-15T10:29:05.1642404Z running (0m08.0s), 1/1 VUs, 0 complete and 0 interrupted iterations
project81 k6 proof on cael	Run Project 81 k6 proof wrapper	2026-08-15T10:29:05.1642798Z r_cd_silent   [   0% ] 1 VUs  0m08.0s/3m30s  0/1 shared iters
project81 k6 proof on cael	Run Project 81 k6 proof wrapper	2026-08-15T10:29:05.1643401Z 
project81 k6 proof on cael	Run Project 81 k6 proof wrapper	2026-08-15T10:29:05.1643565Z running (0m09.0s), 1/1 VUs, 0 complete and 0 interrupted iterations
project81 k6 proof on cael	Run Project 81 k6 proof wrapper	2026-08-15T10:29:05.1643960Z r_cd_silent   [   0% ] 1 VUs  0m09.0s/3m30s  0/1 shared iters
project81 k6 proof on cael	Run Project 81 k6 proof wrapper	2026-08-15T10:29:05.1644188Z 
project81 k6 proof on cael	Run Project 81 k6 proof wrapper	2026-08-15T10:29:05.1644357Z running (0m10.0s), 1/1 VUs, 0 complete and 0 interrupted iterations
project81 k6 proof on cael	Run Project 81 k6 proof wrapper	2026-08-15T10:29:05.1644744Z r_cd_silent   [   0% ] 1 VUs  0m10.0s/3m30s  0/1 shared iters
project81 k6 proof on cael	Run Project 81 k6 proof wrapper	2026-08-15T10:29:05.1644973Z 
project81 k6 proof on cael	Run Project 81 k6 proof wrapper	2026-08-15T10:29:05.1645136Z running (0m11.0s), 1/1 VUs, 0 complete and 0 interrupted iterations
project81 k6 proof on cael	Run Project 81 k6 proof wrapper	2026-08-15T10:29:05.1645522Z r_cd_silent   [   0% ] 1 VUs  0m11.0s/3m30s  0/1 shared iters
project81 k6 proof on cael	Run Project 81 k6 proof wrapper	2026-08-15T10:29:05.1645748Z 
project81 k6 proof on cael	Run Project 81 k6 proof wrapper	2026-08-15T10:29:05.1645909Z running (0m12.0s), 1/1 VUs, 0 complete and 0 interrupted iterations
project81 k6 proof on cael	Run Project 81 k6 proof wrapper	2026-08-15T10:29:05.1646296Z r_cd_silent   [   0% ] 1 VUs  0m12.0s/3m30s  0/1 shared iters
project81 k6 proof on cael	Run Project 81 k6 proof wrapper	2026-08-15T10:29:05.1646887Z time="2026-08-15T03:28:46-07:00" level=info msg="✓ scheduled sentinel observed" source=console
project81 k6 proof on cael	Run Project 81 k6 proof wrapper	2026-08-15T10:29:05.1647557Z time="2026-08-15T03:28:46-07:00" level=info msg="✓ scheduled sentinel observed" source=console
project81 k6 proof on cael	Run Project 81 k6 proof wrapper	2026-08-15T10:29:05.1647897Z 
project81 k6 proof on cael	Run Project 81 k6 proof wrapper	2026-08-15T10:29:05.1648060Z running (0m13.0s), 1/1 VUs, 0 complete and 0 interrupted iterations
project81 k6 proof on cael	Run Project 81 k6 proof wrapper	2026-08-15T10:29:05.1648448Z r_cd_silent   [   0% ] 1 VUs  0m13.0s/3m30s  0/1 shared iters
project81 k6 proof on cael	Run Project 81 k6 proof wrapper	2026-08-15T10:29:05.1649176Z time="2026-08-15T03:28:46-07:00" level=info msg="✓ scheduled sentinel observed" source=console
project81 k6 proof on cael	Run Project 81 k6 proof wrapper	2026-08-15T10:29:05.1649924Z time="2026-08-15T03:28:46-07:00" level=info msg="✓ scheduled sentinel observed" source=console
project81 k6 proof on cael	Run Project 81 k6 proof wrapper	2026-08-15T10:29:05.1650578Z time="2026-08-15T03:28:46-07:00" level=info msg="✓ scheduled sentinel observed" source=console
project81 k6 proof on cael	Run Project 81 k6 proof wrapper	2026-08-15T10:29:05.1650921Z 
project81 k6 proof on cael	Run Project 81 k6 proof wrapper	2026-08-15T10:29:05.1651081Z running (0m14.0s), 1/1 VUs, 0 complete and 0 interrupted iterations
project81 k6 proof on cael	Run Project 81 k6 proof wrapper	2026-08-15T10:29:05.1651474Z r_cd_silent   [   0% ] 1 VUs  0m14.0s/3m30s  0/1 shared iters
project81 k6 proof on cael	Run Project 81 k6 proof wrapper	2026-08-15T10:29:05.1651715Z 
project81 k6 proof on cael	Run Project 81 k6 proof wrapper	2026-08-15T10:29:05.1651874Z running (0m15.0s), 1/1 VUs, 0 complete and 0 interrupted iterations
project81 k6 proof on cael	Run Project 81 k6 proof wrapper	2026-08-15T10:29:05.1652275Z r_cd_silent   [   0% ] 1 VUs  0m15.0s/3m30s  0/1 shared iters
project81 k6 proof on cael	Run Project 81 k6 proof wrapper	2026-08-15T10:29:05.1652505Z 
project81 k6 proof on cael	Run Project 81 k6 proof wrapper	2026-08-15T10:29:05.1652663Z running (0m16.0s), 1/1 VUs, 0 complete and 0 interrupted iterations
project81 k6 proof on cael	Run Project 81 k6 proof wrapper	2026-08-15T10:29:05.1653052Z r_cd_silent   [   0% ] 1 VUs  0m16.0s/3m30s  0/1 shared iters
project81 k6 proof on cael	Run Project 81 k6 proof wrapper	2026-08-15T10:29:05.1653289Z 
project81 k6 proof on cael	Run Project 81 k6 proof wrapper	2026-08-15T10:29:05.1653447Z running (0m17.0s), 1/1 VUs, 0 complete and 0 interrupted iterations
project81 k6 proof on cael	Run Project 81 k6 proof wrapper	2026-08-15T10:29:05.1653837Z r_cd_silent   [   0% ] 1 VUs  0m17.0s/3m30s  0/1 shared iters
project81 k6 proof on cael	Run Project 81 k6 proof wrapper	2026-08-15T10:29:05.1654070Z 
project81 k6 proof on cael	Run Project 81 k6 proof wrapper	2026-08-15T10:29:05.1654228Z running (0m18.0s), 1/1 VUs, 0 complete and 0 interrupted iterations
project81 k6 proof on cael	Run Project 81 k6 proof wrapper	2026-08-15T10:29:05.1654617Z r_cd_silent   [   0% ] 1 VUs  0m18.0s/3m30s  0/1 shared iters
project81 k6 proof on cael	Run Project 81 k6 proof wrapper	2026-08-15T10:29:05.1654843Z 
project81 k6 proof on cael	Run Project 81 k6 proof wrapper	2026-08-15T10:29:05.1655003Z running (0m19.0s), 1/1 VUs, 0 complete and 0 interrupted iterations
project81 k6 proof on cael	Run Project 81 k6 proof wrapper	2026-08-15T10:29:05.1655394Z r_cd_silent   [   0% ] 1 VUs  0m19.0s/3m30s  0/1 shared iters
project81 k6 proof on cael	Run Project 81 k6 proof wrapper	2026-08-15T10:29:05.1655627Z 
project81 k6 proof on cael	Run Project 81 k6 proof wrapper	2026-08-15T10:29:05.1655792Z running (0m20.0s), 1/1 VUs, 0 complete and 0 interrupted iterations
project81 k6 proof on cael	Run Project 81 k6 proof wrapper	2026-08-15T10:29:05.1656179Z r_cd_silent   [   0% ] 1 VUs  0m20.0s/3m30s  0/1 shared iters
project81 k6 proof on cael	Run Project 81 k6 proof wrapper	2026-08-15T10:29:05.1656839Z time="2026-08-15T03:28:54-07:00" level=info msg="✓ silent child completion observed on internal stream" source=console
project81 k6 proof on cael	Run Project 81 k6 proof wrapper	2026-08-15T10:29:05.1657275Z 
project81 k6 proof on cael	Run Project 81 k6 proof wrapper	2026-08-15T10:29:05.1657438Z running (0m21.0s), 1/1 VUs, 0 complete and 0 interrupted iterations
project81 k6 proof on cael	Run Project 81 k6 proof wrapper	2026-08-15T10:29:05.1657825Z r_cd_silent   [   0% ] 1 VUs  0m21.0s/3m30s  0/1 shared iters
project81 k6 proof on cael	Run Project 81 k6 proof wrapper	2026-08-15T10:29:05.1658054Z 
project81 k6 proof on cael	Run Project 81 k6 proof wrapper	2026-08-15T10:29:05.1658216Z running (0m22.0s), 1/1 VUs, 0 complete and 0 interrupted iterations
project81 k6 proof on cael	Run Project 81 k6 proof wrapper	2026-08-15T10:29:05.1658605Z r_cd_silent   [   0% ] 1 VUs  0m22.0s/3m30s  0/1 shared iters
project81 k6 proof on cael	Run Project 81 k6 proof wrapper	2026-08-15T10:29:05.1658832Z 
project81 k6 proof on cael	Run Project 81 k6 proof wrapper	2026-08-15T10:29:05.1658995Z running (0m23.0s), 1/1 VUs, 0 complete and 0 interrupted iterations
project81 k6 proof on cael	Run Project 81 k6 proof wrapper	2026-08-15T10:29:05.1659381Z r_cd_silent   [   0% ] 1 VUs  0m23.0s/3m30s  0/1 shared iters
project81 k6 proof on cael	Run Project 81 k6 proof wrapper	2026-08-15T10:29:05.1660123Z 
project81 k6 proof on cael	Run Project 81 k6 proof wrapper	2026-08-15T10:29:05.1660289Z running (0m24.0s), 1/1 VUs, 0 complete and 0 interrupted iterations
project81 k6 proof on cael	Run Project 81 k6 proof wrapper	2026-08-15T10:29:05.1660677Z r_cd_silent   [   0% ] 1 VUs  0m24.0s/3m30s  0/1 shared iters
project81 k6 proof on cael	Run Project 81 k6 proof wrapper	2026-08-15T10:29:05.1660909Z 
project81 k6 proof on cael	Run Project 81 k6 proof wrapper	2026-08-15T10:29:05.1661068Z running (0m25.0s), 1/1 VUs, 0 complete and 0 interrupted iterations
project81 k6 proof on cael	Run Project 81 k6 proof wrapper	2026-08-15T10:29:05.1661463Z r_cd_silent   [   0% ] 1 VUs  0m25.0s/3m30s  0/1 shared iters
project81 k6 proof on cael	Run Project 81 k6 proof wrapper	2026-08-15T10:29:05.1661694Z 
project81 k6 proof on cael	Run Project 81 k6 proof wrapper	2026-08-15T10:29:05.1661850Z running (0m26.0s), 1/1 VUs, 0 complete and 0 interrupted iterations
project81 k6 proof on cael	Run Project 81 k6 proof wrapper	2026-08-15T10:29:05.1662237Z r_cd_silent   [   0% ] 1 VUs  0m26.0s/3m30s  0/1 shared iters
project81 k6 proof on cael	Run Project 81 k6 proof wrapper	2026-08-15T10:29:05.1662824Z time="2026-08-15T03:28:59-07:00" level=info msg="✓ follow-up sessions.send accepted" source=console
project81 k6 proof on cael	Run Project 81 k6 proof wrapper	2026-08-15T10:29:05.1663197Z 
project81 k6 proof on cael	Run Project 81 k6 proof wrapper	2026-08-15T10:29:05.1663384Z running (0m27.0s), 1/1 VUs, 0 complete and 0 interrupted iterations
project81 k6 proof on cael	Run Project 81 k6 proof wrapper	2026-08-15T10:29:05.1663773Z r_cd_silent   [   0% ] 1 VUs  0m27.0s/3m30s  0/1 shared iters
project81 k6 proof on cael	Run Project 81 k6 proof wrapper	2026-08-15T10:29:05.1664003Z 
project81 k6 proof on cael	Run Project 81 k6 proof wrapper	2026-08-15T10:29:05.1664171Z running (0m28.0s), 1/1 VUs, 0 complete and 0 interrupted iterations
project81 k6 proof on cael	Run Project 81 k6 proof wrapper	2026-08-15T10:29:05.1664564Z r_cd_silent   [   0% ] 1 VUs  0m28.0s/3m30s  0/1 shared iters
project81 k6 proof on cael	Run Project 81 k6 proof wrapper	2026-08-15T10:29:05.1664794Z 
project81 k6 proof on cael	Run Project 81 k6 proof wrapper	2026-08-15T10:29:05.1664953Z running (0m29.0s), 1/1 VUs, 0 complete and 0 interrupted iterations
project81 k6 proof on cael	Run Project 81 k6 proof wrapper	2026-08-15T10:29:05.1665525Z r_cd_silent   [   0% ] 1 VUs  0m29.0s/3m30s  0/1 shared iters
project81 k6 proof on cael	Run Project 81 k6 proof wrapper	2026-08-15T10:29:05.1665758Z 
project81 k6 proof on cael	Run Project 81 k6 proof wrapper	2026-08-15T10:29:05.1665919Z running (0m30.0s), 1/1 VUs, 0 complete and 0 interrupted iterations
project81 k6 proof on cael	Run Project 81 k6 proof wrapper	2026-08-15T10:29:05.1666307Z r_cd_silent   [   0% ] 1 VUs  0m30.0s/3m30s  0/1 shared iters
project81 k6 proof on cael	Run Project 81 k6 proof wrapper	2026-08-15T10:29:05.1666537Z 
project81 k6 proof on cael	Run Project 81 k6 proof wrapper	2026-08-15T10:29:05.1666697Z running (0m31.0s), 1/1 VUs, 0 complete and 0 interrupted iterations
project81 k6 proof on cael	Run Project 81 k6 proof wrapper	2026-08-15T10:29:05.1667087Z r_cd_silent   [   0% ] 1 VUs  0m31.0s/3m30s  0/1 shared iters
project81 k6 proof on cael	Run Project 81 k6 proof wrapper	2026-08-15T10:29:05.1676259Z time="2026-08-15T03:29:04-07:00" level=info msg="✓ parent reported silent child token from internal context" source=console
project81 k6 proof on cael	Run Project 81 k6 proof wrapper	2026-08-15T10:29:05.1677086Z time="2026-08-15T03:29:04-07:00" level=info msg="All required R-CD-SILENT evidence gathered, closing early" source=console
project81 k6 proof on cael	Run Project 81 k6 proof wrapper	2026-08-15T10:29:05.1679414Z PUBLIC_EVIDENCE {"row":"R-CD-SILENT","manifest_loaded":true,"seat":"cael","session_created":true,"candidateSha":"6b09b1dbe938ab6b5f56eaf4e58f1ed243f89955","started":"2026-08-15T10:28:33.641Z","dispatch_accepted":true,"scheduled_sentinel":true,"child_completion_observed":true,"followup_accepted":true,"parent_internal_context_observed":true,"no_channel_delivery":true,"child_channel_delivery_observed":false,"dispatch_accepted_at_ms":1786789715882,"followup_sent_at_ms":1786789739526,"trace_id":null,"ended":"2026-08-15T10:29:04.901Z","duration_ms":31260}
project81 k6 proof on cael	Run Project 81 k6 proof wrapper	2026-08-15T10:29:05.1681821Z time="2026-08-15T03:29:04-07:00" level=info msg="\n[R-CD-SILENT] VERDICT: PASS-candidate" source=console
project81 k6 proof on cael	Run Project 81 k6 proof wrapper	2026-08-15T10:29:05.1682213Z 
project81 k6 proof on cael	Run Project 81 k6 proof wrapper	2026-08-15T10:29:05.1682502Z [R-CD-SILENT] Summary: PASS-candidate | SHA: 6b09b1dbe938ab6b5f56eaf4e58f1ed243f89955 | Seat: cael
project81 k6 proof on cael	Run Project 81 k6 proof wrapper	2026-08-15T10:29:05.1682901Z 
project81 k6 proof on cael	Run Project 81 k6 proof wrapper	2026-08-15T10:29:05.1683068Z running (0m31.3s), 0/1 VUs, 1 complete and 0 interrupted iterations
project81 k6 proof on cael	Run Project 81 k6 proof wrapper	2026-08-15T10:29:05.1683550Z r_cd_silent ✓ [ 100% ] 1 VUs  0m31.3s/3m30s  1/1 shared iters
project81 k6 proof on cael	Run Project 81 k6 proof wrapper	2026-08-15T10:29:05.2000648Z [R-CD-SILENT] CANDIDATE REVIEW ENVELOPE: /home/figs/actions-runner/_work/openclaw-bootstrap/openclaw-bootstrap/openclaw-bootstrap/PROOFS/6b09b1dbe938ab6b5f56eaf4e58f1ed243f89955/project81-k6/20260815T102457Z-cael-dgx-4105131/6b09b1dbe938ab6b5f56eaf4e58f1ed243f89955/R-CD-SILENT/cael/20260815T102830Z-r-cd-silent-273343a5/candidate-run-result.json
project81 k6 proof on cael	Run Project 81 k6 proof wrapper	2026-08-15T10:29:05.2465456Z [R-CD-SILENT] METRICS: /home/figs/actions-runner/_work/openclaw-bootstrap/openclaw-bootstrap/openclaw-bootstrap/PROOFS/6b09b1dbe938ab6b5f56eaf4e58f1ed243f89955/project81-k6/20260815T102457Z-cael-dgx-4105131/6b09b1dbe938ab6b5f56eaf4e58f1ed243f89955/R-CD-SILENT/cael/20260815T102830Z-r-cd-silent-273343a5/openclaw-proofs-k6.prom
project81 k6 proof on cael	Run Project 81 k6 proof wrapper	2026-08-15T10:29:05.2503234Z [R-CD-SILENT] ARTIFACTS: /home/figs/actions-runner/_work/openclaw-bootstrap/openclaw-bootstrap/openclaw-bootstrap/PROOFS/6b09b1dbe938ab6b5f56eaf4e58f1ed243f89955/project81-k6/20260815T102457Z-cael-dgx-4105131/6b09b1dbe938ab6b5f56eaf4e58f1ed243f89955/R-CD-SILENT/cael/20260815T102830Z-r-cd-silent-273343a5
project81 k6 proof on cael	Run Project 81 k6 proof wrapper	2026-08-15T10:29:05.2505117Z [R-CD-SILENT] COMPLETED.
project81 k6 proof on cael	Run Project 81 k6 proof wrapper	2026-08-15T10:29:05.2505542Z Observability check: query Grafana for run/nonce or review Tempo traces if trace ID was emitted.
project81 k6 proof on cael	Run Project 81 k6 proof wrapper	2026-08-15T10:29:05.3331540Z 
project81 k6 proof on cael	Run Project 81 k6 proof wrapper	2026-08-15T10:29:05.3332910Z ----------------------------------------
project81 k6 proof on cael	Run Project 81 k6 proof wrapper	2026-08-15T10:29:05.3333231Z Row: R-CD-TOKEN
project81 k6 proof on cael	Run Project 81 k6 proof wrapper	2026-08-15T10:29:05.3333603Z Manifest: /tmp/openclaw-k6-harness.GQgfip/tools/k6-proofs/manifests/r-cd-token.json
project81 k6 proof on cael	Run Project 81 k6 proof wrapper	2026-08-15T10:29:05.3334092Z Scenario: scenarios/r-cd-token-bracket-delegate.js
project81 k6 proof on cael	Run Project 81 k6 proof wrapper	2026-08-15T10:29:05.3334395Z Status: runnable
project81 k6 proof on cael	Run Project 81 k6 proof wrapper	2026-08-15T10:29:05.3334588Z Live Safety: k6-runnable
project81 k6 proof on cael	Run Project 81 k6 proof wrapper	2026-08-15T10:29:07.9849670Z [R-CD-TOKEN] RUNNING...
project81 k6 proof on cael	Run Project 81 k6 proof wrapper	2026-08-15T10:29:08.0600188Z [R-CD-TOKEN] PARTIAL-candidate: exact equal candidate/runtime SHAs are required; no dispatch occurred.
project81 k6 proof on cael	Run Project 81 k6 proof wrapper	2026-08-15T10:29:08.1543001Z 
project81 k6 proof on cael	Run Project 81 k6 proof wrapper	2026-08-15T10:29:08.1543335Z ----------------------------------------
project81 k6 proof on cael	Run Project 81 k6 proof wrapper	2026-08-15T10:29:08.1543655Z Row: R-CONFIG-DEFAULTS
project81 k6 proof on cael	Run Project 81 k6 proof wrapper	2026-08-15T10:29:08.1544075Z Manifest: /tmp/openclaw-k6-harness.GQgfip/tools/k6-proofs/manifests/r-config-defaults.json
project81 k6 proof on cael	Run Project 81 k6 proof wrapper	2026-08-15T10:29:08.1544571Z Scenario: scenarios/r-config-defaults.js
project81 k6 proof on cael	Run Project 81 k6 proof wrapper	2026-08-15T10:29:08.1545238Z Status: runnable
project81 k6 proof on cael	Run Project 81 k6 proof wrapper	2026-08-15T10:29:08.1545437Z Live Safety: k6-runnable
project81 k6 proof on cael	Run Project 81 k6 proof wrapper	2026-08-15T10:29:10.8295876Z [R-CONFIG-DEFAULTS] RUNNING...
project81 k6 proof on cael	Run Project 81 k6 proof wrapper	2026-08-15T10:29:14.7742556Z 
project81 k6 proof on cael	Run Project 81 k6 proof wrapper	2026-08-15T10:29:14.7744027Z          /\      Grafana   /‾‾/  
project81 k6 proof on cael	Run Project 81 k6 proof wrapper	2026-08-15T10:29:14.7744329Z     /\  /  \     |\  __   /  /   
project81 k6 proof on cael	Run Project 81 k6 proof wrapper	2026-08-15T10:29:14.7744609Z    /  \/    \    | |/ /  /   ‾‾\ 
project81 k6 proof on cael	Run Project 81 k6 proof wrapper	2026-08-15T10:29:14.7744872Z   /          \   |   (  |  (‾)  |
project81 k6 proof on cael	Run Project 81 k6 proof wrapper	2026-08-15T10:29:14.7745095Z  / __________ \  |_|\_\  \_____/ 
project81 k6 proof on cael	Run Project 81 k6 proof wrapper	2026-08-15T10:29:14.7745248Z 
project81 k6 proof on cael	Run Project 81 k6 proof wrapper	2026-08-15T10:29:14.7745253Z 
project81 k6 proof on cael	Run Project 81 k6 proof wrapper	2026-08-15T10:29:14.7745331Z      execution: local
project81 k6 proof on cael	Run Project 81 k6 proof wrapper	2026-08-15T10:29:14.7745586Z         script: scenarios/r-config-defaults.js
project81 k6 proof on cael	Run Project 81 k6 proof wrapper	2026-08-15T10:29:14.7745916Z         output: -
project81 k6 proof on cael	Run Project 81 k6 proof wrapper	2026-08-15T10:29:14.7746036Z 
project81 k6 proof on cael	Run Project 81 k6 proof wrapper	2026-08-15T10:29:14.7746266Z      scenarios: (100.00%) 1 scenario, 1 max VUs, 1m15s max duration (incl. graceful stop):
project81 k6 proof on cael	Run Project 81 k6 proof wrapper	2026-08-15T10:29:14.7746867Z               * r_config_defaults: 1 iterations shared among 1 VUs (maxDuration: 45s, gracefulStop: 30s)
project81 k6 proof on cael	Run Project 81 k6 proof wrapper	2026-08-15T10:29:14.7747260Z 
project81 k6 proof on cael	Run Project 81 k6 proof wrapper	2026-08-15T10:29:14.7749334Z PUBLIC_EVIDENCE {"row":"R-CONFIG-DEFAULTS","manifest_loaded":true,"seat":"cael","candidateSha":"6b09b1dbe938ab6b5f56eaf4e58f1ed243f89955","started":"2026-08-15T10:29:13.660Z","rpc":{"method":"config.get","operator_surface":true,"response_ok":true,"response_shape":{"config_present":true,"continuation_present":true}},"config_read":true,"enabled":true,"max_chain_length":200,"max_delegates_per_turn":500,"cost_cap_tokens":50000000,"trace_id":null,"correlation":{"service":"cael-prince","query_window_start":"2026-08-15T10:29:13.660Z","query_window_end":"2026-08-15T10:29:14.543Z"},"ended":"2026-08-15T10:29:14.543Z","duration_ms":883}
project81 k6 proof on cael	Run Project 81 k6 proof wrapper	2026-08-15T10:29:14.7752012Z time="2026-08-15T03:29:14-07:00" level=info msg="\n[R-CONFIG-DEFAULTS] VERDICT: PASS-candidate" source=console
project81 k6 proof on cael	Run Project 81 k6 proof wrapper	2026-08-15T10:29:14.7752430Z 
project81 k6 proof on cael	Run Project 81 k6 proof wrapper	2026-08-15T10:29:14.7752742Z [R-CONFIG-DEFAULTS] Summary: PASS-candidate | SHA: 6b09b1dbe938ab6b5f56eaf4e58f1ed243f89955 | Seat: cael
project81 k6 proof on cael	Run Project 81 k6 proof wrapper	2026-08-15T10:29:14.7753171Z 
project81 k6 proof on cael	Run Project 81 k6 proof wrapper	2026-08-15T10:29:14.7753335Z running (0m00.9s), 0/1 VUs, 1 complete and 0 interrupted iterations
project81 k6 proof on cael	Run Project 81 k6 proof wrapper	2026-08-15T10:29:14.7753863Z r_config_defaults ✓ [ 100% ] 1 VUs  00.9s/45s  1/1 shared iters
project81 k6 proof on cael	Run Project 81 k6 proof wrapper	2026-08-15T10:29:14.8281282Z [R-CONFIG-DEFAULTS] CANDIDATE REVIEW ENVELOPE: /home/figs/actions-runner/_work/openclaw-bootstrap/openclaw-bootstrap/openclaw-bootstrap/PROOFS/6b09b1dbe938ab6b5f56eaf4e58f1ed243f89955/project81-k6/20260815T102457Z-cael-dgx-4105131/6b09b1dbe938ab6b5f56eaf4e58f1ed243f89955/R-CONFIG-DEFAULTS/cael/20260815T102910Z-r-config-defaults-273343a5/candidate-run-result.json
project81 k6 proof on cael	Run Project 81 k6 proof wrapper	2026-08-15T10:29:14.8965813Z [R-CONFIG-DEFAULTS] METRICS: /home/figs/actions-runner/_work/openclaw-bootstrap/openclaw-bootstrap/openclaw-bootstrap/PROOFS/6b09b1dbe938ab6b5f56eaf4e58f1ed243f89955/project81-k6/20260815T102457Z-cael-dgx-4105131/6b09b1dbe938ab6b5f56eaf4e58f1ed243f89955/R-CONFIG-DEFAULTS/cael/20260815T102910Z-r-config-defaults-273343a5/openclaw-proofs-k6.prom
project81 k6 proof on cael	Run Project 81 k6 proof wrapper	2026-08-15T10:29:14.9001510Z [R-CONFIG-DEFAULTS] ARTIFACTS: /home/figs/actions-runner/_work/openclaw-bootstrap/openclaw-bootstrap/openclaw-bootstrap/PROOFS/6b09b1dbe938ab6b5f56eaf4e58f1ed243f89955/project81-k6/20260815T102457Z-cael-dgx-4105131/6b09b1dbe938ab6b5f56eaf4e58f1ed243f89955/R-CONFIG-DEFAULTS/cael/20260815T102910Z-r-config-defaults-273343a5
project81 k6 proof on cael	Run Project 81 k6 proof wrapper	2026-08-15T10:29:14.9003013Z [R-CONFIG-DEFAULTS] COMPLETED.
project81 k6 proof on cael	Run Project 81 k6 proof wrapper	2026-08-15T10:29:14.9003450Z Observability check: query Grafana for run/nonce or review Tempo traces if trace ID was emitted.
project81 k6 proof on cael	Run Project 81 k6 proof wrapper	2026-08-15T10:29:14.9961787Z 
project81 k6 proof on cael	Run Project 81 k6 proof wrapper	2026-08-15T10:29:14.9962997Z ----------------------------------------
project81 k6 proof on cael	Run Project 81 k6 proof wrapper	2026-08-15T10:29:14.9963331Z Row: R-CONFIG-INTERSESSION
project81 k6 proof on cael	Run Project 81 k6 proof wrapper	2026-08-15T10:29:14.9963784Z Manifest: /tmp/openclaw-k6-harness.GQgfip/tools/k6-proofs/manifests/r-config-intersession.json
project81 k6 proof on cael	Run Project 81 k6 proof wrapper	2026-08-15T10:29:14.9964335Z Scenario: scenarios/r-config-intersession.js
project81 k6 proof on cael	Run Project 81 k6 proof wrapper	2026-08-15T10:29:14.9964618Z Status: runnable
project81 k6 proof on cael	Run Project 81 k6 proof wrapper	2026-08-15T10:29:14.9964817Z Live Safety: k6-runnable
project81 k6 proof on cael	Run Project 81 k6 proof wrapper	2026-08-15T10:29:17.6956509Z [R-CONFIG-INTERSESSION] RUNNING...
project81 k6 proof on cael	Run Project 81 k6 proof wrapper	2026-08-15T10:29:21.0848433Z 
project81 k6 proof on cael	Run Project 81 k6 proof wrapper	2026-08-15T10:29:21.0849299Z          /\      Grafana   /‾‾/  
project81 k6 proof on cael	Run Project 81 k6 proof wrapper	2026-08-15T10:29:21.0849505Z     /\  /  \     |\  __   /  /   
project81 k6 proof on cael	Run Project 81 k6 proof wrapper	2026-08-15T10:29:21.0849649Z    /  \/    \    | |/ /  /   ‾‾\ 
project81 k6 proof on cael	Run Project 81 k6 proof wrapper	2026-08-15T10:29:21.0849827Z   /          \   |   (  |  (‾)  |
project81 k6 proof on cael	Run Project 81 k6 proof wrapper	2026-08-15T10:29:21.0849941Z  / __________ \  |_|\_\  \_____/ 
project81 k6 proof on cael	Run Project 81 k6 proof wrapper	2026-08-15T10:29:21.0850017Z 
project81 k6 proof on cael	Run Project 81 k6 proof wrapper	2026-08-15T10:29:21.0850020Z 
project81 k6 proof on cael	Run Project 81 k6 proof wrapper	2026-08-15T10:29:21.0850063Z      execution: local
project81 k6 proof on cael	Run Project 81 k6 proof wrapper	2026-08-15T10:29:21.0850198Z         script: scenarios/r-config-intersession.js
project81 k6 proof on cael	Run Project 81 k6 proof wrapper	2026-08-15T10:29:21.0850368Z         output: -
project81 k6 proof on cael	Run Project 81 k6 proof wrapper	2026-08-15T10:29:21.0850433Z 
project81 k6 proof on cael	Run Project 81 k6 proof wrapper	2026-08-15T10:29:21.0850562Z      scenarios: (100.00%) 1 scenario, 1 max VUs, 1m15s max duration (incl. graceful stop):
project81 k6 proof on cael	Run Project 81 k6 proof wrapper	2026-08-15T10:29:21.0850923Z               * r_config_intersession: 1 iterations shared among 1 VUs (maxDuration: 45s, gracefulStop: 30s)
project81 k6 proof on cael	Run Project 81 k6 proof wrapper	2026-08-15T10:29:21.0851129Z 
project81 k6 proof on cael	Run Project 81 k6 proof wrapper	2026-08-15T10:29:21.0852140Z PUBLIC_EVIDENCE {"row":"R-CONFIG-INTERSESSION","manifest_loaded":true,"seat":"cael","candidateSha":"6b09b1dbe938ab6b5f56eaf4e58f1ed243f89955","started":"2026-08-15T10:29:20.536Z","rpc":{"method":"config.get","operator_surface":true,"response_ok":true,"response_shape":{"config_present":true,"continuation_present":true}},"config_read":true,"cross_session_targeting":"enabled","trace_id":null,"correlation":{"service":"cael-prince","query_window_start":"2026-08-15T10:29:20.536Z","query_window_end":"2026-08-15T10:29:20.844Z"},"ended":"2026-08-15T10:29:20.844Z","duration_ms":308}
project81 k6 proof on cael	Run Project 81 k6 proof wrapper	2026-08-15T10:29:21.0853367Z time="2026-08-15T03:29:20-07:00" level=info msg="\n[R-CONFIG-INTERSESSION] VERDICT: PASS-candidate" source=console
project81 k6 proof on cael	Run Project 81 k6 proof wrapper	2026-08-15T10:29:21.0853585Z 
project81 k6 proof on cael	Run Project 81 k6 proof wrapper	2026-08-15T10:29:21.0853757Z [R-CONFIG-INTERSESSION] Summary: PASS-candidate | SHA: 6b09b1dbe938ab6b5f56eaf4e58f1ed243f89955 | Seat: cael
project81 k6 proof on cael	Run Project 81 k6 proof wrapper	2026-08-15T10:29:21.0853989Z 
project81 k6 proof on cael	Run Project 81 k6 proof wrapper	2026-08-15T10:29:21.0854077Z running (0m00.3s), 0/1 VUs, 1 complete and 0 interrupted iterations
project81 k6 proof on cael	Run Project 81 k6 proof wrapper	2026-08-15T10:29:21.0854352Z r_config_intersession ✓ [ 100% ] 1 VUs  00.3s/45s  1/1 shared iters
project81 k6 proof on cael	Run Project 81 k6 proof wrapper	2026-08-15T10:29:21.1402693Z [R-CONFIG-INTERSESSION] CANDIDATE REVIEW ENVELOPE: /home/figs/actions-runner/_work/openclaw-bootstrap/openclaw-bootstrap/openclaw-bootstrap/PROOFS/6b09b1dbe938ab6b5f56eaf4e58f1ed243f89955/project81-k6/20260815T102457Z-cael-dgx-4105131/6b09b1dbe938ab6b5f56eaf4e58f1ed243f89955/R-CONFIG-INTERSESSION/cael/20260815T102917Z-r-config-intersession-273343a5/candidate-run-result.json
project81 k6 proof on cael	Run Project 81 k6 proof wrapper	2026-08-15T10:29:21.2070381Z [R-CONFIG-INTERSESSION] METRICS: /home/figs/actions-runner/_work/openclaw-bootstrap/openclaw-bootstrap/openclaw-bootstrap/PROOFS/6b09b1dbe938ab6b5f56eaf4e58f1ed243f89955/project81-k6/20260815T102457Z-cael-dgx-4105131/6b09b1dbe938ab6b5f56eaf4e58f1ed243f89955/R-CONFIG-INTERSESSION/cael/20260815T102917Z-r-config-intersession-273343a5/openclaw-proofs-k6.prom
project81 k6 proof on cael	Run Project 81 k6 proof wrapper	2026-08-15T10:29:21.2105268Z [R-CONFIG-INTERSESSION] ARTIFACTS: /home/figs/actions-runner/_work/openclaw-bootstrap/openclaw-bootstrap/openclaw-bootstrap/PROOFS/6b09b1dbe938ab6b5f56eaf4e58f1ed243f89955/project81-k6/20260815T102457Z-cael-dgx-4105131/6b09b1dbe938ab6b5f56eaf4e58f1ed243f89955/R-CONFIG-INTERSESSION/cael/20260815T102917Z-r-config-intersession-273343a5
project81 k6 proof on cael	Run Project 81 k6 proof wrapper	2026-08-15T10:29:21.2106087Z [R-CONFIG-INTERSESSION] COMPLETED.
project81 k6 proof on cael	Run Project 81 k6 proof wrapper	2026-08-15T10:29:21.2106328Z Observability check: query Grafana for run/nonce or review Tempo traces if trace ID was emitted.
project81 k6 proof on cael	Run Project 81 k6 proof wrapper	2026-08-15T10:29:21.3110023Z 
project81 k6 proof on cael	Run Project 81 k6 proof wrapper	2026-08-15T10:29:21.3111412Z ----------------------------------------
project81 k6 proof on cael	Run Project 81 k6 proof wrapper	2026-08-15T10:29:21.3111728Z Row: R-CW-1
project81 k6 proof on cael	Run Project 81 k6 proof wrapper	2026-08-15T10:29:21.3112072Z Manifest: /tmp/openclaw-k6-harness.GQgfip/tools/k6-proofs/manifests/r-cw-1.json
project81 k6 proof on cael	Run Project 81 k6 proof wrapper	2026-08-15T10:29:21.3112535Z Scenario: scenarios/r-cw-1-tool-schedule-wake.js
project81 k6 proof on cael	Run Project 81 k6 proof wrapper	2026-08-15T10:29:21.3112829Z Status: runnable
project81 k6 proof on cael	Run Project 81 k6 proof wrapper	2026-08-15T10:29:21.3113058Z Live Safety: k6-runnable
project81 k6 proof on cael	Run Project 81 k6 proof wrapper	2026-08-15T10:29:24.0687924Z [R-CW-1] RUNNING...
project81 k6 proof on cael	Run Project 81 k6 proof wrapper	2026-08-15T10:29:41.0408136Z ./r-cw-1-tool-schedule-wake-summary.json
project81 k6 proof on cael	Run Project 81 k6 proof wrapper	2026-08-15T10:30:42.0997106Z [R-CW-1] TRACE CORRELATION FAILED; see /home/figs/actions-runner/_work/openclaw-bootstrap/openclaw-bootstrap/openclaw-bootstrap/PROOFS/6b09b1dbe938ab6b5f56eaf4e58f1ed243f89955/project81-k6/20260815T102457Z-cael-dgx-4105131/6b09b1dbe938ab6b5f56eaf4e58f1ed243f89955/R-CW-1/cael/20260815T102924Z-r-cw-1-273343a5/continuation-trace-collector.error.log
project81 k6 proof on cael	Run Project 81 k6 proof wrapper	2026-08-15T10:30:42.1347751Z 
project81 k6 proof on cael	Run Project 81 k6 proof wrapper	2026-08-15T10:30:42.1348353Z          /\      Grafana   /‾‾/  
project81 k6 proof on cael	Run Project 81 k6 proof wrapper	2026-08-15T10:30:42.1348629Z     /\  /  \     |\  __   /  /   
project81 k6 proof on cael	Run Project 81 k6 proof wrapper	2026-08-15T10:30:42.1349424Z    /  \/    \    | |/ /  /   ‾‾\ 
project81 k6 proof on cael	Run Project 81 k6 proof wrapper	2026-08-15T10:30:42.1349771Z   /          \   |   (  |  (‾)  |
project81 k6 proof on cael	Run Project 81 k6 proof wrapper	2026-08-15T10:30:42.1350000Z  / __________ \  |_|\_\  \_____/ 
project81 k6 proof on cael	Run Project 81 k6 proof wrapper	2026-08-15T10:30:42.1350153Z 
project81 k6 proof on cael	Run Project 81 k6 proof wrapper	2026-08-15T10:30:42.1350159Z 
project81 k6 proof on cael	Run Project 81 k6 proof wrapper	2026-08-15T10:30:42.1350238Z      execution: local
project81 k6 proof on cael	Run Project 81 k6 proof wrapper	2026-08-15T10:30:42.1350526Z         script: scenarios/r-cw-1-tool-schedule-wake.js
project81 k6 proof on cael	Run Project 81 k6 proof wrapper	2026-08-15T10:30:42.1350859Z         output: -
project81 k6 proof on cael	Run Project 81 k6 proof wrapper	2026-08-15T10:30:42.1350976Z 
project81 k6 proof on cael	Run Project 81 k6 proof wrapper	2026-08-15T10:30:42.1351200Z      scenarios: (100.00%) 1 scenario, 1 max VUs, 2m30s max duration (incl. graceful stop):
project81 k6 proof on cael	Run Project 81 k6 proof wrapper	2026-08-15T10:30:42.1351823Z               * r_cw_1_tool_schedule_wake: 1 iterations shared among 1 VUs (maxDuration: 2m0s, gracefulStop: 30s)
project81 k6 proof on cael	Run Project 81 k6 proof wrapper	2026-08-15T10:30:42.1352236Z 
project81 k6 proof on cael	Run Project 81 k6 proof wrapper	2026-08-15T10:30:42.1352240Z 
project81 k6 proof on cael	Run Project 81 k6 proof wrapper	2026-08-15T10:30:42.1352403Z running (0m01.0s), 1/1 VUs, 0 complete and 0 interrupted iterations
project81 k6 proof on cael	Run Project 81 k6 proof wrapper	2026-08-15T10:30:42.1352843Z r_cw_1_tool_schedule_wake   [   0% ] 1 VUs  0m01.0s/2m0s  0/1 shared iters
project81 k6 proof on cael	Run Project 81 k6 proof wrapper	2026-08-15T10:30:42.1353585Z time="2026-08-15T03:29:28-07:00" level=info msg="✓ disposable session created: <redacted-session-key>" source=console
project81 k6 proof on cael	Run Project 81 k6 proof wrapper	2026-08-15T10:30:42.1354019Z 
project81 k6 proof on cael	Run Project 81 k6 proof wrapper	2026-08-15T10:30:42.1354184Z running (0m02.0s), 1/1 VUs, 0 complete and 0 interrupted iterations
project81 k6 proof on cael	Run Project 81 k6 proof wrapper	2026-08-15T10:30:42.1354616Z r_cw_1_tool_schedule_wake   [   0% ] 1 VUs  0m02.0s/2m0s  0/1 shared iters
project81 k6 proof on cael	Run Project 81 k6 proof wrapper	2026-08-15T10:30:42.1355422Z time="2026-08-15T03:29:29-07:00" level=info msg="✓ sessions.send accepted — agent turn triggered (will call continue_work)" source=console
project81 k6 proof on cael	Run Project 81 k6 proof wrapper	2026-08-15T10:30:42.1355921Z 
project81 k6 proof on cael	Run Project 81 k6 proof wrapper	2026-08-15T10:30:42.1356085Z running (0m03.0s), 1/1 VUs, 0 complete and 0 interrupted iterations
project81 k6 proof on cael	Run Project 81 k6 proof wrapper	2026-08-15T10:30:42.1356524Z r_cw_1_tool_schedule_wake   [   0% ] 1 VUs  0m03.0s/2m0s  0/1 shared iters
project81 k6 proof on cael	Run Project 81 k6 proof wrapper	2026-08-15T10:30:42.1357148Z time="2026-08-15T03:29:30-07:00" level=info msg="ℹ Ignoring harness prompt echo event" source=console
project81 k6 proof on cael	Run Project 81 k6 proof wrapper	2026-08-15T10:30:42.1357518Z 
project81 k6 proof on cael	Run Project 81 k6 proof wrapper	2026-08-15T10:30:42.1357683Z running (0m04.0s), 1/1 VUs, 0 complete and 0 interrupted iterations
project81 k6 proof on cael	Run Project 81 k6 proof wrapper	2026-08-15T10:30:42.1358111Z r_cw_1_tool_schedule_wake   [   0% ] 1 VUs  0m04.0s/2m0s  0/1 shared iters
project81 k6 proof on cael	Run Project 81 k6 proof wrapper	2026-08-15T10:30:42.1358385Z 
project81 k6 proof on cael	Run Project 81 k6 proof wrapper	2026-08-15T10:30:42.1358545Z running (0m05.0s), 1/1 VUs, 0 complete and 0 interrupted iterations
project81 k6 proof on cael	Run Project 81 k6 proof wrapper	2026-08-15T10:30:42.1358969Z r_cw_1_tool_schedule_wake   [   0% ] 1 VUs  0m05.0s/2m0s  0/1 shared iters
project81 k6 proof on cael	Run Project 81 k6 proof wrapper	2026-08-15T10:30:42.1359772Z 
project81 k6 proof on cael	Run Project 81 k6 proof wrapper	2026-08-15T10:30:42.1359948Z running (0m06.0s), 1/1 VUs, 0 complete and 0 interrupted iterations
project81 k6 proof on cael	Run Project 81 k6 proof wrapper	2026-08-15T10:30:42.1360381Z r_cw_1_tool_schedule_wake   [   0% ] 1 VUs  0m06.0s/2m0s  0/1 shared iters
project81 k6 proof on cael	Run Project 81 k6 proof wrapper	2026-08-15T10:30:42.1360657Z 
project81 k6 proof on cael	Run Project 81 k6 proof wrapper	2026-08-15T10:30:42.1360815Z running (0m07.0s), 1/1 VUs, 0 complete and 0 interrupted iterations
project81 k6 proof on cael	Run Project 81 k6 proof wrapper	2026-08-15T10:30:42.1361251Z r_cw_1_tool_schedule_wake   [   0% ] 1 VUs  0m07.0s/2m0s  0/1 shared iters
project81 k6 proof on cael	Run Project 81 k6 proof wrapper	2026-08-15T10:30:42.1361525Z 
project81 k6 proof on cael	Run Project 81 k6 proof wrapper	2026-08-15T10:30:42.1361683Z running (0m08.0s), 1/1 VUs, 0 complete and 0 interrupted iterations
project81 k6 proof on cael	Run Project 81 k6 proof wrapper	2026-08-15T10:30:42.1362109Z r_cw_1_tool_schedule_wake   [   0% ] 1 VUs  0m08.0s/2m0s  0/1 shared iters
project81 k6 proof on cael	Run Project 81 k6 proof wrapper	2026-08-15T10:30:42.1362383Z 
project81 k6 proof on cael	Run Project 81 k6 proof wrapper	2026-08-15T10:30:42.1362541Z running (0m09.0s), 1/1 VUs, 0 complete and 0 interrupted iterations
project81 k6 proof on cael	Run Project 81 k6 proof wrapper	2026-08-15T10:30:42.1362966Z r_cw_1_tool_schedule_wake   [   0% ] 1 VUs  0m09.0s/2m0s  0/1 shared iters
project81 k6 proof on cael	Run Project 81 k6 proof wrapper	2026-08-15T10:30:42.1363245Z 
project81 k6 proof on cael	Run Project 81 k6 proof wrapper	2026-08-15T10:30:42.1363406Z running (0m10.0s), 1/1 VUs, 0 complete and 0 interrupted iterations
project81 k6 proof on cael	Run Project 81 k6 proof wrapper	2026-08-15T10:30:42.1363834Z r_cw_1_tool_schedule_wake   [   0% ] 1 VUs  0m10.0s/2m0s  0/1 shared iters
project81 k6 proof on cael	Run Project 81 k6 proof wrapper	2026-08-15T10:30:42.1364107Z 
project81 k6 proof on cael	Run Project 81 k6 proof wrapper	2026-08-15T10:30:42.1364268Z running (0m11.0s), 1/1 VUs, 0 complete and 0 interrupted iterations
project81 k6 proof on cael	Run Project 81 k6 proof wrapper	2026-08-15T10:30:42.1364692Z r_cw_1_tool_schedule_wake   [   0% ] 1 VUs  0m11.0s/2m0s  0/1 shared iters
project81 k6 proof on cael	Run Project 81 k6 proof wrapper	2026-08-15T10:30:42.1365147Z 
project81 k6 proof on cael	Run Project 81 k6 proof wrapper	2026-08-15T10:30:42.1365310Z running (0m12.0s), 1/1 VUs, 0 complete and 0 interrupted iterations
project81 k6 proof on cael	Run Project 81 k6 proof wrapper	2026-08-15T10:30:42.1365736Z r_cw_1_tool_schedule_wake   [   0% ] 1 VUs  0m12.0s/2m0s  0/1 shared iters
project81 k6 proof on cael	Run Project 81 k6 proof wrapper	2026-08-15T10:30:42.1366006Z 
project81 k6 proof on cael	Run Project 81 k6 proof wrapper	2026-08-15T10:30:42.1366168Z running (0m13.0s), 1/1 VUs, 0 complete and 0 interrupted iterations
project81 k6 proof on cael	Run Project 81 k6 proof wrapper	2026-08-15T10:30:42.1366612Z r_cw_1_tool_schedule_wake   [   0% ] 1 VUs  0m13.0s/2m0s  0/1 shared iters
project81 k6 proof on cael	Run Project 81 k6 proof wrapper	2026-08-15T10:30:42.1367287Z time="2026-08-15T03:29:40-07:00" level=info msg="✓ CW-SCHEDULED sentinel observed: agent" source=console
project81 k6 proof on cael	Run Project 81 k6 proof wrapper	2026-08-15T10:30:42.1367674Z 
project81 k6 proof on cael	Run Project 81 k6 proof wrapper	2026-08-15T10:30:42.1367837Z running (0m14.0s), 1/1 VUs, 0 complete and 0 interrupted iterations
project81 k6 proof on cael	Run Project 81 k6 proof wrapper	2026-08-15T10:30:42.1368274Z r_cw_1_tool_schedule_wake   [   0% ] 1 VUs  0m14.0s/2m0s  0/1 shared iters
project81 k6 proof on cael	Run Project 81 k6 proof wrapper	2026-08-15T10:30:42.1369031Z time="2026-08-15T03:29:40-07:00" level=info msg="✓ CW-WOKE sentinel observed: session.message (878ms after scheduled)" source=console
project81 k6 proof on cael	Run Project 81 k6 proof wrapper	2026-08-15T10:30:42.1369934Z time="2026-08-15T03:29:40-07:00" level=info msg="All required R-CW-1 evidence gathered, closing early" source=console
project81 k6 proof on cael	Run Project 81 k6 proof wrapper	2026-08-15T10:30:42.1372010Z PUBLIC_EVIDENCE {"row":"R-CW-1","manifest_loaded":true,"seat":"cael","session_created":true,"candidateSha":"6b09b1dbe938ab6b5f56eaf4e58f1ed243f89955","started":"2026-08-15T10:29:26.890Z","tool_invoke_accepted":true,"continue_work_tool_result_scheduled":true,"work_woke_event":true,"dispatch_accepted_at_ms":1786789769227,"scheduled_result_at_ms":1786789780041,"wake_delay_ms":878,"reason_hash":"def1c2fad361be94","reason_length":121,"trace_id":null,"ended":"2026-08-15T10:29:40.919Z","duration_ms":14029}
project81 k6 proof on cael	Run Project 81 k6 proof wrapper	2026-08-15T10:30:42.1381407Z time="2026-08-15T03:29:40-07:00" level=info msg="\n[R-CW-1] VERDICT: PASS-candidate" source=console
project81 k6 proof on cael	Run Project 81 k6 proof wrapper	2026-08-15T10:30:42.1381792Z 
project81 k6 proof on cael	Run Project 81 k6 proof wrapper	2026-08-15T10:30:42.1382061Z [R-CW-1] Summary: PASS-candidate | SHA: 6b09b1dbe938ab6b5f56eaf4e58f1ed243f89955 | Seat: cael
project81 k6 proof on cael	Run Project 81 k6 proof wrapper	2026-08-15T10:30:42.1382436Z 
project81 k6 proof on cael	Run Project 81 k6 proof wrapper	2026-08-15T10:30:42.1382600Z running (0m14.0s), 0/1 VUs, 1 complete and 0 interrupted iterations
project81 k6 proof on cael	Run Project 81 k6 proof wrapper	2026-08-15T10:30:42.1383152Z r_cw_1_tool_schedule_wake ✓ [ 100% ] 1 VUs  0m14.0s/2m0s  1/1 shared iters
project81 k6 proof on cael	Run Project 81 k6 proof wrapper	2026-08-15T10:30:42.1835702Z [R-CW-1] Candidate routing envelope withheld: review is incomplete or its identity contract did not validate.
project81 k6 proof on cael	Run Project 81 k6 proof wrapper	2026-08-15T10:30:42.2514833Z [R-CW-1] METRICS: /home/figs/actions-runner/_work/openclaw-bootstrap/openclaw-bootstrap/openclaw-bootstrap/PROOFS/6b09b1dbe938ab6b5f56eaf4e58f1ed243f89955/project81-k6/20260815T102457Z-cael-dgx-4105131/6b09b1dbe938ab6b5f56eaf4e58f1ed243f89955/R-CW-1/cael/20260815T102924Z-r-cw-1-273343a5/openclaw-proofs-k6.prom
project81 k6 proof on cael	Run Project 81 k6 proof wrapper	2026-08-15T10:30:42.2557042Z [R-CW-1] ARTIFACTS: /home/figs/actions-runner/_work/openclaw-bootstrap/openclaw-bootstrap/openclaw-bootstrap/PROOFS/6b09b1dbe938ab6b5f56eaf4e58f1ed243f89955/project81-k6/20260815T102457Z-cael-dgx-4105131/6b09b1dbe938ab6b5f56eaf4e58f1ed243f89955/R-CW-1/cael/20260815T102924Z-r-cw-1-273343a5
project81 k6 proof on cael	Run Project 81 k6 proof wrapper	2026-08-15T10:30:42.2558680Z [R-CW-1] COMPLETED.
project81 k6 proof on cael	Run Project 81 k6 proof wrapper	2026-08-15T10:30:42.2559093Z Observability check: query Grafana for run/nonce or review Tempo traces if trace ID was emitted.
project81 k6 proof on cael	Run Project 81 k6 proof wrapper	2026-08-15T10:30:42.3593214Z 
project81 k6 proof on cael	Run Project 81 k6 proof wrapper	2026-08-15T10:30:42.3593417Z ----------------------------------------
project81 k6 proof on cael	Run Project 81 k6 proof wrapper	2026-08-15T10:30:42.3593696Z Row: R-CW-2
project81 k6 proof on cael	Run Project 81 k6 proof wrapper	2026-08-15T10:30:42.3594036Z Manifest: /tmp/openclaw-k6-harness.GQgfip/tools/k6-proofs/manifests/r-cw-2.json
project81 k6 proof on cael	Run Project 81 k6 proof wrapper	2026-08-15T10:30:42.3594485Z Scenario: scenarios/r-cw-2-immediate-wake.js
project81 k6 proof on cael	Run Project 81 k6 proof wrapper	2026-08-15T10:30:42.3594764Z Status: runnable
project81 k6 proof on cael	Run Project 81 k6 proof wrapper	2026-08-15T10:30:42.3594957Z Live Safety: k6-runnable
project81 k6 proof on cael	Run Project 81 k6 proof wrapper	2026-08-15T10:30:44.9745218Z [R-CW-2] RUNNING...
project81 k6 proof on cael	Run Project 81 k6 proof wrapper	2026-08-15T10:31:00.7215979Z ./r-cw-2-immediate-wake-summary.json
project81 k6 proof on cael	Run Project 81 k6 proof wrapper	2026-08-15T10:31:00.8567421Z 
project81 k6 proof on cael	Run Project 81 k6 proof wrapper	2026-08-15T10:31:00.8568161Z          /\      Grafana   /‾‾/  
project81 k6 proof on cael	Run Project 81 k6 proof wrapper	2026-08-15T10:31:00.8568357Z     /\  /  \     |\  __   /  /   
project81 k6 proof on cael	Run Project 81 k6 proof wrapper	2026-08-15T10:31:00.8568527Z    /  \/    \    | |/ /  /   ‾‾\ 
project81 k6 proof on cael	Run Project 81 k6 proof wrapper	2026-08-15T10:31:00.8568668Z   /          \   |   (  |  (‾)  |
project81 k6 proof on cael	Run Project 81 k6 proof wrapper	2026-08-15T10:31:00.8568781Z  / __________ \  |_|\_\  \_____/ 
project81 k6 proof on cael	Run Project 81 k6 proof wrapper	2026-08-15T10:31:00.8568859Z 
project81 k6 proof on cael	Run Project 81 k6 proof wrapper	2026-08-15T10:31:00.8569316Z 
project81 k6 proof on cael	Run Project 81 k6 proof wrapper	2026-08-15T10:31:00.8569358Z      execution: local
project81 k6 proof on cael	Run Project 81 k6 proof wrapper	2026-08-15T10:31:00.8569495Z         script: scenarios/r-cw-2-immediate-wake.js
project81 k6 proof on cael	Run Project 81 k6 proof wrapper	2026-08-15T10:31:00.8569665Z         output: -
project81 k6 proof on cael	Run Project 81 k6 proof wrapper	2026-08-15T10:31:00.8569814Z 
project81 k6 proof on cael	Run Project 81 k6 proof wrapper	2026-08-15T10:31:00.8569942Z      scenarios: (100.00%) 1 scenario, 1 max VUs, 2m30s max duration (incl. graceful stop):
project81 k6 proof on cael	Run Project 81 k6 proof wrapper	2026-08-15T10:31:00.8570274Z               * r_cw_2_immediate_wake: 1 iterations shared among 1 VUs (maxDuration: 2m0s, gracefulStop: 30s)
project81 k6 proof on cael	Run Project 81 k6 proof wrapper	2026-08-15T10:31:00.8570479Z 
project81 k6 proof on cael	Run Project 81 k6 proof wrapper	2026-08-15T10:31:00.8570482Z 
project81 k6 proof on cael	Run Project 81 k6 proof wrapper	2026-08-15T10:31:00.8570572Z running (0m01.0s), 1/1 VUs, 0 complete and 0 interrupted iterations
project81 k6 proof on cael	Run Project 81 k6 proof wrapper	2026-08-15T10:31:00.8570798Z r_cw_2_immediate_wake   [   0% ] 1 VUs  0m01.0s/2m0s  0/1 shared iters
project81 k6 proof on cael	Run Project 81 k6 proof wrapper	2026-08-15T10:31:00.8571202Z time="2026-08-15T03:30:49-07:00" level=info msg="✓ disposable session created: <redacted-session-key>" source=console
project81 k6 proof on cael	Run Project 81 k6 proof wrapper	2026-08-15T10:31:00.8571427Z 
project81 k6 proof on cael	Run Project 81 k6 proof wrapper	2026-08-15T10:31:00.8571512Z running (0m02.0s), 1/1 VUs, 0 complete and 0 interrupted iterations
project81 k6 proof on cael	Run Project 81 k6 proof wrapper	2026-08-15T10:31:00.8571726Z r_cw_2_immediate_wake   [   0% ] 1 VUs  0m02.0s/2m0s  0/1 shared iters
project81 k6 proof on cael	Run Project 81 k6 proof wrapper	2026-08-15T10:31:00.8572128Z time="2026-08-15T03:30:50-07:00" level=info msg="✓ sessions.send accepted — immediate continue_work turn triggered" source=console
project81 k6 proof on cael	Run Project 81 k6 proof wrapper	2026-08-15T10:31:00.8572371Z 
project81 k6 proof on cael	Run Project 81 k6 proof wrapper	2026-08-15T10:31:00.8572449Z running (0m03.0s), 1/1 VUs, 0 complete and 0 interrupted iterations
project81 k6 proof on cael	Run Project 81 k6 proof wrapper	2026-08-15T10:31:00.8572654Z r_cw_2_immediate_wake   [   0% ] 1 VUs  0m03.0s/2m0s  0/1 shared iters
project81 k6 proof on cael	Run Project 81 k6 proof wrapper	2026-08-15T10:31:00.8572784Z 
project81 k6 proof on cael	Run Project 81 k6 proof wrapper	2026-08-15T10:31:00.8572860Z running (0m04.0s), 1/1 VUs, 0 complete and 0 interrupted iterations
project81 k6 proof on cael	Run Project 81 k6 proof wrapper	2026-08-15T10:31:00.8573063Z r_cw_2_immediate_wake   [   0% ] 1 VUs  0m04.0s/2m0s  0/1 shared iters
project81 k6 proof on cael	Run Project 81 k6 proof wrapper	2026-08-15T10:31:00.8573200Z 
project81 k6 proof on cael	Run Project 81 k6 proof wrapper	2026-08-15T10:31:00.8573276Z running (0m05.0s), 1/1 VUs, 0 complete and 0 interrupted iterations
project81 k6 proof on cael	Run Project 81 k6 proof wrapper	2026-08-15T10:31:00.8573478Z r_cw_2_immediate_wake   [   0% ] 1 VUs  0m05.0s/2m0s  0/1 shared iters
project81 k6 proof on cael	Run Project 81 k6 proof wrapper	2026-08-15T10:31:00.8573606Z 
project81 k6 proof on cael	Run Project 81 k6 proof wrapper	2026-08-15T10:31:00.8573682Z running (0m06.0s), 1/1 VUs, 0 complete and 0 interrupted iterations
project81 k6 proof on cael	Run Project 81 k6 proof wrapper	2026-08-15T10:31:00.8573886Z r_cw_2_immediate_wake   [   0% ] 1 VUs  0m06.0s/2m0s  0/1 shared iters
project81 k6 proof on cael	Run Project 81 k6 proof wrapper	2026-08-15T10:31:00.8574015Z 
project81 k6 proof on cael	Run Project 81 k6 proof wrapper	2026-08-15T10:31:00.8574093Z running (0m07.0s), 1/1 VUs, 0 complete and 0 interrupted iterations
project81 k6 proof on cael	Run Project 81 k6 proof wrapper	2026-08-15T10:31:00.8574292Z r_cw_2_immediate_wake   [   0% ] 1 VUs  0m07.0s/2m0s  0/1 shared iters
project81 k6 proof on cael	Run Project 81 k6 proof wrapper	2026-08-15T10:31:00.8574417Z 
project81 k6 proof on cael	Run Project 81 k6 proof wrapper	2026-08-15T10:31:00.8574495Z running (0m08.0s), 1/1 VUs, 0 complete and 0 interrupted iterations
project81 k6 proof on cael	Run Project 81 k6 proof wrapper	2026-08-15T10:31:00.8574693Z r_cw_2_immediate_wake   [   0% ] 1 VUs  0m08.0s/2m0s  0/1 shared iters
project81 k6 proof on cael	Run Project 81 k6 proof wrapper	2026-08-15T10:31:00.8574817Z 
project81 k6 proof on cael	Run Project 81 k6 proof wrapper	2026-08-15T10:31:00.8574895Z running (0m09.0s), 1/1 VUs, 0 complete and 0 interrupted iterations
project81 k6 proof on cael	Run Project 81 k6 proof wrapper	2026-08-15T10:31:00.8575191Z r_cw_2_immediate_wake   [   0% ] 1 VUs  0m09.0s/2m0s  0/1 shared iters
project81 k6 proof on cael	Run Project 81 k6 proof wrapper	2026-08-15T10:31:00.8575317Z 
project81 k6 proof on cael	Run Project 81 k6 proof wrapper	2026-08-15T10:31:00.8575395Z running (0m10.0s), 1/1 VUs, 0 complete and 0 interrupted iterations
project81 k6 proof on cael	Run Project 81 k6 proof wrapper	2026-08-15T10:31:00.8575594Z r_cw_2_immediate_wake   [   0% ] 1 VUs  0m10.0s/2m0s  0/1 shared iters
project81 k6 proof on cael	Run Project 81 k6 proof wrapper	2026-08-15T10:31:00.8575724Z 
project81 k6 proof on cael	Run Project 81 k6 proof wrapper	2026-08-15T10:31:00.8575803Z running (0m11.0s), 1/1 VUs, 0 complete and 0 interrupted iterations
project81 k6 proof on cael	Run Project 81 k6 proof wrapper	2026-08-15T10:31:00.8576002Z r_cw_2_immediate_wake   [   0% ] 1 VUs  0m11.0s/2m0s  0/1 shared iters
project81 k6 proof on cael	Run Project 81 k6 proof wrapper	2026-08-15T10:31:00.8576128Z 
project81 k6 proof on cael	Run Project 81 k6 proof wrapper	2026-08-15T10:31:00.8576206Z running (0m12.0s), 1/1 VUs, 0 complete and 0 interrupted iterations
project81 k6 proof on cael	Run Project 81 k6 proof wrapper	2026-08-15T10:31:00.8576405Z r_cw_2_immediate_wake   [   0% ] 1 VUs  0m12.0s/2m0s  0/1 shared iters
project81 k6 proof on cael	Run Project 81 k6 proof wrapper	2026-08-15T10:31:00.8576708Z time="2026-08-15T03:31:00-07:00" level=info msg="✓ CW2-SCHEDULED sentinel observed" source=console
project81 k6 proof on cael	Run Project 81 k6 proof wrapper	2026-08-15T10:31:00.8577068Z time="2026-08-15T03:31:00-07:00" level=info msg="✓ CW2-WOKE sentinel observed" source=console
project81 k6 proof on cael	Run Project 81 k6 proof wrapper	2026-08-15T10:31:00.8577404Z time="2026-08-15T03:31:00-07:00" level=info msg="All required R-CW-2 evidence gathered, closing early" source=console
project81 k6 proof on cael	Run Project 81 k6 proof wrapper	2026-08-15T10:31:00.8578427Z PUBLIC_EVIDENCE {"row":"R-CW-2","manifest_loaded":true,"seat":"cael","session_created":true,"candidateSha":"6b09b1dbe938ab6b5f56eaf4e58f1ed243f89955","started":"2026-08-15T10:30:47.826Z","dispatch_accepted":true,"scheduled_sentinel":true,"immediate_wake_observed":true,"prompt_echo_ignored":true,"dispatch_accepted_at_ms":1786789850123,"scheduled_result_at_ms":1786789860383,"wake_delay_ms":218,"trace_id":null,"ended":"2026-08-15T10:31:00.602Z","duration_ms":12776}
project81 k6 proof on cael	Run Project 81 k6 proof wrapper	2026-08-15T10:31:00.8579751Z time="2026-08-15T03:31:00-07:00" level=info msg="\n[R-CW-2] VERDICT: PASS-candidate" source=console
project81 k6 proof on cael	Run Project 81 k6 proof wrapper	2026-08-15T10:31:00.8579934Z 
project81 k6 proof on cael	Run Project 81 k6 proof wrapper	2026-08-15T10:31:00.8580074Z [R-CW-2] Summary: PASS-candidate | SHA: 6b09b1dbe938ab6b5f56eaf4e58f1ed243f89955 | Seat: cael
project81 k6 proof on cael	Run Project 81 k6 proof wrapper	2026-08-15T10:31:00.8580260Z 
project81 k6 proof on cael	Run Project 81 k6 proof wrapper	2026-08-15T10:31:00.8580344Z running (0m12.8s), 0/1 VUs, 1 complete and 0 interrupted iterations
project81 k6 proof on cael	Run Project 81 k6 proof wrapper	2026-08-15T10:31:00.8580594Z r_cw_2_immediate_wake ✓ [ 100% ] 1 VUs  0m12.8s/2m0s  1/1 shared iters
project81 k6 proof on cael	Run Project 81 k6 proof wrapper	2026-08-15T10:31:00.9127712Z [R-CW-2] CANDIDATE REVIEW ENVELOPE: /home/figs/actions-runner/_work/openclaw-bootstrap/openclaw-bootstrap/openclaw-bootstrap/PROOFS/6b09b1dbe938ab6b5f56eaf4e58f1ed243f89955/project81-k6/20260815T102457Z-cael-dgx-4105131/6b09b1dbe938ab6b5f56eaf4e58f1ed243f89955/R-CW-2/cael/20260815T103044Z-r-cw-2-273343a5/candidate-run-result.json
project81 k6 proof on cael	Run Project 81 k6 proof wrapper	2026-08-15T10:31:00.9628162Z [R-CW-2] METRICS: /home/figs/actions-runner/_work/openclaw-bootstrap/openclaw-bootstrap/openclaw-bootstrap/PROOFS/6b09b1dbe938ab6b5f56eaf4e58f1ed243f89955/project81-k6/20260815T102457Z-cael-dgx-4105131/6b09b1dbe938ab6b5f56eaf4e58f1ed243f89955/R-CW-2/cael/20260815T103044Z-r-cw-2-273343a5/openclaw-proofs-k6.prom
project81 k6 proof on cael	Run Project 81 k6 proof wrapper	2026-08-15T10:31:00.9653884Z [R-CW-2] ARTIFACTS: /home/figs/actions-runner/_work/openclaw-bootstrap/openclaw-bootstrap/openclaw-bootstrap/PROOFS/6b09b1dbe938ab6b5f56eaf4e58f1ed243f89955/project81-k6/20260815T102457Z-cael-dgx-4105131/6b09b1dbe938ab6b5f56eaf4e58f1ed243f89955/R-CW-2/cael/20260815T103044Z-r-cw-2-273343a5
project81 k6 proof on cael	Run Project 81 k6 proof wrapper	2026-08-15T10:31:00.9654657Z [R-CW-2] COMPLETED.
project81 k6 proof on cael	Run Project 81 k6 proof wrapper	2026-08-15T10:31:00.9654874Z Observability check: query Grafana for run/nonce or review Tempo traces if trace ID was emitted.
project81 k6 proof on cael	Run Project 81 k6 proof wrapper	2026-08-15T10:31:01.0803378Z 
project81 k6 proof on cael	Run Project 81 k6 proof wrapper	2026-08-15T10:31:01.0804933Z ----------------------------------------
project81 k6 proof on cael	Run Project 81 k6 proof wrapper	2026-08-15T10:31:01.0805198Z Row: R-CW-3
project81 k6 proof on cael	Run Project 81 k6 proof wrapper	2026-08-15T10:31:01.0805395Z Manifest: /tmp/openclaw-k6-harness.GQgfip/tools/k6-proofs/manifests/r-cw-3.json
project81 k6 proof on cael	Run Project 81 k6 proof wrapper	2026-08-15T10:31:01.0805652Z Scenario: scenarios/r-cw-3-reason-telemetry.js
project81 k6 proof on cael	Run Project 81 k6 proof wrapper	2026-08-15T10:31:01.0805805Z Status: runnable
project81 k6 proof on cael	Run Project 81 k6 proof wrapper	2026-08-15T10:31:01.0805908Z Live Safety: k6-runnable
project81 k6 proof on cael	Run Project 81 k6 proof wrapper	2026-08-15T10:31:03.8354244Z [R-CW-3] RUNNING...
project81 k6 proof on cael	Run Project 81 k6 proof wrapper	2026-08-15T10:31:22.1632093Z ./r-cw-3-reason-telemetry-summary.json
project81 k6 proof on cael	Run Project 81 k6 proof wrapper	2026-08-15T10:32:22.8222650Z [R-CW-3] TRACE CORRELATION FAILED; see /home/figs/actions-runner/_work/openclaw-bootstrap/openclaw-bootstrap/openclaw-bootstrap/PROOFS/6b09b1dbe938ab6b5f56eaf4e58f1ed243f89955/project81-k6/20260815T102457Z-cael-dgx-4105131/6b09b1dbe938ab6b5f56eaf4e58f1ed243f89955/R-CW-3/cael/20260815T103103Z-r-cw-3-273343a5/continuation-trace-collector.error.log
project81 k6 proof on cael	Run Project 81 k6 proof wrapper	2026-08-15T10:32:22.8678369Z 
project81 k6 proof on cael	Run Project 81 k6 proof wrapper	2026-08-15T10:32:22.8678954Z          /\      Grafana   /‾‾/  
project81 k6 proof on cael	Run Project 81 k6 proof wrapper	2026-08-15T10:32:22.8679269Z     /\  /  \     |\  __   /  /   
project81 k6 proof on cael	Run Project 81 k6 proof wrapper	2026-08-15T10:32:22.8679549Z    /  \/    \    | |/ /  /   ‾‾\ 
project81 k6 proof on cael	Run Project 81 k6 proof wrapper	2026-08-15T10:32:22.8679995Z   /          \   |   (  |  (‾)  |
project81 k6 proof on cael	Run Project 81 k6 proof wrapper	2026-08-15T10:32:22.8680261Z  / __________ \  |_|\_\  \_____/ 
project81 k6 proof on cael	Run Project 81 k6 proof wrapper	2026-08-15T10:32:22.8680410Z 
project81 k6 proof on cael	Run Project 81 k6 proof wrapper	2026-08-15T10:32:22.8680416Z 
project81 k6 proof on cael	Run Project 81 k6 proof wrapper	2026-08-15T10:32:22.8680497Z      execution: local
project81 k6 proof on cael	Run Project 81 k6 proof wrapper	2026-08-15T10:32:22.8680747Z         script: scenarios/r-cw-3-reason-telemetry.js
project81 k6 proof on cael	Run Project 81 k6 proof wrapper	2026-08-15T10:32:22.8681049Z         output: -
project81 k6 proof on cael	Run Project 81 k6 proof wrapper	2026-08-15T10:32:22.8681171Z 
project81 k6 proof on cael	Run Project 81 k6 proof wrapper	2026-08-15T10:32:22.8681403Z      scenarios: (100.00%) 1 scenario, 1 max VUs, 10m30s max duration (incl. graceful stop):
project81 k6 proof on cael	Run Project 81 k6 proof wrapper	2026-08-15T10:32:22.8682029Z               * r_cw_3_reason_telemetry: 1 iterations shared among 1 VUs (maxDuration: 10m0s, gracefulStop: 30s)
project81 k6 proof on cael	Run Project 81 k6 proof wrapper	2026-08-15T10:32:22.8682442Z 
project81 k6 proof on cael	Run Project 81 k6 proof wrapper	2026-08-15T10:32:22.8682449Z 
project81 k6 proof on cael	Run Project 81 k6 proof wrapper	2026-08-15T10:32:22.8682617Z running (00m01.0s), 1/1 VUs, 0 complete and 0 interrupted iterations
project81 k6 proof on cael	Run Project 81 k6 proof wrapper	2026-08-15T10:32:22.8683066Z r_cw_3_reason_telemetry   [   0% ] 1 VUs  00m01.0s/10m0s  0/1 shared iters
project81 k6 proof on cael	Run Project 81 k6 proof wrapper	2026-08-15T10:32:22.8684224Z time="2026-08-15T03:31:07-07:00" level=info msg="✓ disposable session created: <redacted-session-key>" source=console
project81 k6 proof on cael	Run Project 81 k6 proof wrapper	2026-08-15T10:32:22.8684669Z 
project81 k6 proof on cael	Run Project 81 k6 proof wrapper	2026-08-15T10:32:22.8684835Z running (00m02.0s), 1/1 VUs, 0 complete and 0 interrupted iterations
project81 k6 proof on cael	Run Project 81 k6 proof wrapper	2026-08-15T10:32:22.8685275Z r_cw_3_reason_telemetry   [   0% ] 1 VUs  00m02.0s/10m0s  0/1 shared iters
project81 k6 proof on cael	Run Project 81 k6 proof wrapper	2026-08-15T10:32:22.8686006Z time="2026-08-15T03:31:08-07:00" level=info msg="✓ sessions.send accepted — reason telemetry turn triggered" source=console
project81 k6 proof on cael	Run Project 81 k6 proof wrapper	2026-08-15T10:32:22.8686459Z 
project81 k6 proof on cael	Run Project 81 k6 proof wrapper	2026-08-15T10:32:22.8686623Z running (00m03.0s), 1/1 VUs, 0 complete and 0 interrupted iterations
project81 k6 proof on cael	Run Project 81 k6 proof wrapper	2026-08-15T10:32:22.8687070Z r_cw_3_reason_telemetry   [   0% ] 1 VUs  00m03.0s/10m0s  0/1 shared iters
project81 k6 proof on cael	Run Project 81 k6 proof wrapper	2026-08-15T10:32:22.8687346Z 
project81 k6 proof on cael	Run Project 81 k6 proof wrapper	2026-08-15T10:32:22.8687510Z running (00m04.0s), 1/1 VUs, 0 complete and 0 interrupted iterations
project81 k6 proof on cael	Run Project 81 k6 proof wrapper	2026-08-15T10:32:22.8687942Z r_cw_3_reason_telemetry   [   0% ] 1 VUs  00m04.0s/10m0s  0/1 shared iters
project81 k6 proof on cael	Run Project 81 k6 proof wrapper	2026-08-15T10:32:22.8688221Z 
project81 k6 proof on cael	Run Project 81 k6 proof wrapper	2026-08-15T10:32:22.8688389Z running (00m05.0s), 1/1 VUs, 0 complete and 0 interrupted iterations
project81 k6 proof on cael	Run Project 81 k6 proof wrapper	2026-08-15T10:32:22.8688818Z r_cw_3_reason_telemetry   [   0% ] 1 VUs  00m05.0s/10m0s  0/1 shared iters
project81 k6 proof on cael	Run Project 81 k6 proof wrapper	2026-08-15T10:32:22.8689089Z 
project81 k6 proof on cael	Run Project 81 k6 proof wrapper	2026-08-15T10:32:22.8689256Z running (00m06.0s), 1/1 VUs, 0 complete and 0 interrupted iterations
project81 k6 proof on cael	Run Project 81 k6 proof wrapper	2026-08-15T10:32:22.8689791Z r_cw_3_reason_telemetry   [   0% ] 1 VUs  00m06.0s/10m0s  0/1 shared iters
project81 k6 proof on cael	Run Project 81 k6 proof wrapper	2026-08-15T10:32:22.8690068Z 
project81 k6 proof on cael	Run Project 81 k6 proof wrapper	2026-08-15T10:32:22.8690235Z running (00m07.0s), 1/1 VUs, 0 complete and 0 interrupted iterations
project81 k6 proof on cael	Run Project 81 k6 proof wrapper	2026-08-15T10:32:22.8690665Z r_cw_3_reason_telemetry   [   0% ] 1 VUs  00m07.0s/10m0s  0/1 shared iters
project81 k6 proof on cael	Run Project 81 k6 proof wrapper	2026-08-15T10:32:22.8690945Z 
project81 k6 proof on cael	Run Project 81 k6 proof wrapper	2026-08-15T10:32:22.8691111Z running (00m08.0s), 1/1 VUs, 0 complete and 0 interrupted iterations
project81 k6 proof on cael	Run Project 81 k6 proof wrapper	2026-08-15T10:32:22.8691547Z r_cw_3_reason_telemetry   [   0% ] 1 VUs  00m08.0s/10m0s  0/1 shared iters
project81 k6 proof on cael	Run Project 81 k6 proof wrapper	2026-08-15T10:32:22.8691819Z 
project81 k6 proof on cael	Run Project 81 k6 proof wrapper	2026-08-15T10:32:22.8691984Z running (00m09.0s), 1/1 VUs, 0 complete and 0 interrupted iterations
project81 k6 proof on cael	Run Project 81 k6 proof wrapper	2026-08-15T10:32:22.8692418Z r_cw_3_reason_telemetry   [   0% ] 1 VUs  00m09.0s/10m0s  0/1 shared iters
project81 k6 proof on cael	Run Project 81 k6 proof wrapper	2026-08-15T10:32:22.8692692Z 
project81 k6 proof on cael	Run Project 81 k6 proof wrapper	2026-08-15T10:32:22.8692854Z running (00m10.0s), 1/1 VUs, 0 complete and 0 interrupted iterations
project81 k6 proof on cael	Run Project 81 k6 proof wrapper	2026-08-15T10:32:22.8693284Z r_cw_3_reason_telemetry   [   0% ] 1 VUs  00m10.0s/10m0s  0/1 shared iters
project81 k6 proof on cael	Run Project 81 k6 proof wrapper	2026-08-15T10:32:22.8693557Z 
project81 k6 proof on cael	Run Project 81 k6 proof wrapper	2026-08-15T10:32:22.8693720Z running (00m11.0s), 1/1 VUs, 0 complete and 0 interrupted iterations
project81 k6 proof on cael	Run Project 81 k6 proof wrapper	2026-08-15T10:32:22.8694148Z r_cw_3_reason_telemetry   [   0% ] 1 VUs  00m11.0s/10m0s  0/1 shared iters
project81 k6 proof on cael	Run Project 81 k6 proof wrapper	2026-08-15T10:32:22.8694423Z 
project81 k6 proof on cael	Run Project 81 k6 proof wrapper	2026-08-15T10:32:22.8694584Z running (00m12.0s), 1/1 VUs, 0 complete and 0 interrupted iterations
project81 k6 proof on cael	Run Project 81 k6 proof wrapper	2026-08-15T10:32:22.8695239Z r_cw_3_reason_telemetry   [   0% ] 1 VUs  00m12.0s/10m0s  0/1 shared iters
project81 k6 proof on cael	Run Project 81 k6 proof wrapper	2026-08-15T10:32:22.8695515Z 
project81 k6 proof on cael	Run Project 81 k6 proof wrapper	2026-08-15T10:32:22.8695678Z running (00m13.0s), 1/1 VUs, 0 complete and 0 interrupted iterations
project81 k6 proof on cael	Run Project 81 k6 proof wrapper	2026-08-15T10:32:22.8696109Z r_cw_3_reason_telemetry   [   0% ] 1 VUs  00m13.0s/10m0s  0/1 shared iters
project81 k6 proof on cael	Run Project 81 k6 proof wrapper	2026-08-15T10:32:22.8696389Z 
project81 k6 proof on cael	Run Project 81 k6 proof wrapper	2026-08-15T10:32:22.8696551Z running (00m14.0s), 1/1 VUs, 0 complete and 0 interrupted iterations
project81 k6 proof on cael	Run Project 81 k6 proof wrapper	2026-08-15T10:32:22.8696981Z r_cw_3_reason_telemetry   [   0% ] 1 VUs  00m14.0s/10m0s  0/1 shared iters
project81 k6 proof on cael	Run Project 81 k6 proof wrapper	2026-08-15T10:32:22.8697254Z 
project81 k6 proof on cael	Run Project 81 k6 proof wrapper	2026-08-15T10:32:22.8697420Z running (00m15.0s), 1/1 VUs, 0 complete and 0 interrupted iterations
project81 k6 proof on cael	Run Project 81 k6 proof wrapper	2026-08-15T10:32:22.8697849Z r_cw_3_reason_telemetry   [   0% ] 1 VUs  00m15.0s/10m0s  0/1 shared iters
project81 k6 proof on cael	Run Project 81 k6 proof wrapper	2026-08-15T10:32:22.8698477Z time="2026-08-15T03:31:21-07:00" level=info msg="✓ CW3-SCHEDULED sentinel observed" source=console
project81 k6 proof on cael	Run Project 81 k6 proof wrapper	2026-08-15T10:32:22.8699157Z time="2026-08-15T03:31:22-07:00" level=info msg="✓ CW3-WOKE sentinel observed" source=console
project81 k6 proof on cael	Run Project 81 k6 proof wrapper	2026-08-15T10:32:22.8699938Z time="2026-08-15T03:31:22-07:00" level=info msg="Required R-CW-3 schedule/wake evidence gathered, closing early" source=console
project81 k6 proof on cael	Run Project 81 k6 proof wrapper	2026-08-15T10:32:22.8702331Z PUBLIC_EVIDENCE {"row":"R-CW-3","manifest_loaded":true,"seat":"cael","session_created":true,"candidateSha":"6b09b1dbe938ab6b5f56eaf4e58f1ed243f89955","started":"2026-08-15T10:31:06.639Z","dispatch_accepted":true,"scheduled_sentinel":true,"wake_observed":true,"public_artifact_raw_reason_absent":true,"tempo_assertion":"pending-review","reason_hash":"f8864da269f715cc","reason_length":139,"trace_id":null,"trace_id_source":null,"dispatch_accepted_at_ms":1786789868988,"scheduled_result_at_ms":1786789881856,"wake_delay_ms":195,"ended":"2026-08-15T10:31:22.051Z","duration_ms":15412}
project81 k6 proof on cael	Run Project 81 k6 proof wrapper	2026-08-15T10:32:22.8704798Z time="2026-08-15T03:31:22-07:00" level=info msg="\n[R-CW-3] VERDICT: PARTIAL-candidate" source=console
project81 k6 proof on cael	Run Project 81 k6 proof wrapper	2026-08-15T10:32:22.8705172Z 
project81 k6 proof on cael	Run Project 81 k6 proof wrapper	2026-08-15T10:32:22.8705447Z [R-CW-3] Summary: PARTIAL-candidate | SHA: 6b09b1dbe938ab6b5f56eaf4e58f1ed243f89955 | Seat: cael
project81 k6 proof on cael	Run Project 81 k6 proof wrapper	2026-08-15T10:32:22.8705835Z 
project81 k6 proof on cael	Run Project 81 k6 proof wrapper	2026-08-15T10:32:22.8706025Z running (00m15.4s), 0/1 VUs, 1 complete and 0 interrupted iterations
project81 k6 proof on cael	Run Project 81 k6 proof wrapper	2026-08-15T10:32:22.8706546Z r_cw_3_reason_telemetry ✓ [ 100% ] 1 VUs  00m15.4s/10m0s  1/1 shared iters
project81 k6 proof on cael	Run Project 81 k6 proof wrapper	2026-08-15T10:32:22.9222215Z [R-CW-3] Candidate routing envelope withheld: review is incomplete or its identity contract did not validate.
project81 k6 proof on cael	Run Project 81 k6 proof wrapper	2026-08-15T10:32:22.9975328Z [R-CW-3] METRICS: /home/figs/actions-runner/_work/openclaw-bootstrap/openclaw-bootstrap/openclaw-bootstrap/PROOFS/6b09b1dbe938ab6b5f56eaf4e58f1ed243f89955/project81-k6/20260815T102457Z-cael-dgx-4105131/6b09b1dbe938ab6b5f56eaf4e58f1ed243f89955/R-CW-3/cael/20260815T103103Z-r-cw-3-273343a5/openclaw-proofs-k6.prom
project81 k6 proof on cael	Run Project 81 k6 proof wrapper	2026-08-15T10:32:23.0008759Z [R-CW-3] ARTIFACTS: /home/figs/actions-runner/_work/openclaw-bootstrap/openclaw-bootstrap/openclaw-bootstrap/PROOFS/6b09b1dbe938ab6b5f56eaf4e58f1ed243f89955/project81-k6/20260815T102457Z-cael-dgx-4105131/6b09b1dbe938ab6b5f56eaf4e58f1ed243f89955/R-CW-3/cael/20260815T103103Z-r-cw-3-273343a5
project81 k6 proof on cael	Run Project 81 k6 proof wrapper	2026-08-15T10:32:23.0010187Z [R-CW-3] COMPLETED.
project81 k6 proof on cael	Run Project 81 k6 proof wrapper	2026-08-15T10:32:23.0017320Z Observability check: query Grafana for run/nonce or review Tempo traces if trace ID was emitted.
project81 k6 proof on cael	Run Project 81 k6 proof wrapper	2026-08-15T10:32:23.1008909Z 
project81 k6 proof on cael	Run Project 81 k6 proof wrapper	2026-08-15T10:32:23.1009225Z ----------------------------------------
project81 k6 proof on cael	Run Project 81 k6 proof wrapper	2026-08-15T10:32:23.1009538Z Row: R-CW-4
project81 k6 proof on cael	Run Project 81 k6 proof wrapper	2026-08-15T10:32:23.1010026Z Manifest: /tmp/openclaw-k6-harness.GQgfip/tools/k6-proofs/manifests/r-cw-4.json
project81 k6 proof on cael	Run Project 81 k6 proof wrapper	2026-08-15T10:32:23.1010482Z Scenario: scenarios/r-cw-4-chain-depth.js
project81 k6 proof on cael	Run Project 81 k6 proof wrapper	2026-08-15T10:32:23.1011108Z Status: runnable
project81 k6 proof on cael	Run Project 81 k6 proof wrapper	2026-08-15T10:32:23.1011303Z Live Safety: k6-runnable
project81 k6 proof on cael	Run Project 81 k6 proof wrapper	2026-08-15T10:32:25.7754526Z [R-CW-4] RUNNING...
project81 k6 proof on cael	Run Project 81 k6 proof wrapper	2026-08-15T10:33:24.4031639Z ./r-cw-4-chain-depth-summary.json
project81 k6 proof on cael	Run Project 81 k6 proof wrapper	2026-08-15T10:33:24.5226731Z 
project81 k6 proof on cael	Run Project 81 k6 proof wrapper	2026-08-15T10:33:24.5227423Z          /\      Grafana   /‾‾/  
project81 k6 proof on cael	Run Project 81 k6 proof wrapper	2026-08-15T10:33:24.5227626Z     /\  /  \     |\  __   /  /   
project81 k6 proof on cael	Run Project 81 k6 proof wrapper	2026-08-15T10:33:24.5227773Z    /  \/    \    | |/ /  /   ‾‾\ 
project81 k6 proof on cael	Run Project 81 k6 proof wrapper	2026-08-15T10:33:24.5231999Z   /          \   |   (  |  (‾)  |
project81 k6 proof on cael	Run Project 81 k6 proof wrapper	2026-08-15T10:33:24.5232312Z  / __________ \  |_|\_\  \_____/ 
project81 k6 proof on cael	Run Project 81 k6 proof wrapper	2026-08-15T10:33:24.5232485Z 
project81 k6 proof on cael	Run Project 81 k6 proof wrapper	2026-08-15T10:33:24.5232490Z 
project81 k6 proof on cael	Run Project 81 k6 proof wrapper	2026-08-15T10:33:24.5232573Z      execution: local
project81 k6 proof on cael	Run Project 81 k6 proof wrapper	2026-08-15T10:33:24.5232815Z         script: scenarios/r-cw-4-chain-depth.js
project81 k6 proof on cael	Run Project 81 k6 proof wrapper	2026-08-15T10:33:24.5233137Z         output: -
project81 k6 proof on cael	Run Project 81 k6 proof wrapper	2026-08-15T10:33:24.5233254Z 
project81 k6 proof on cael	Run Project 81 k6 proof wrapper	2026-08-15T10:33:24.5233489Z      scenarios: (100.00%) 1 scenario, 1 max VUs, 10m30s max duration (incl. graceful stop):
project81 k6 proof on cael	Run Project 81 k6 proof wrapper	2026-08-15T10:33:24.5234105Z               * r_cw_4_chain_depth: 1 iterations shared among 1 VUs (maxDuration: 10m0s, gracefulStop: 30s)
project81 k6 proof on cael	Run Project 81 k6 proof wrapper	2026-08-15T10:33:24.5234488Z 
project81 k6 proof on cael	Run Project 81 k6 proof wrapper	2026-08-15T10:33:24.5234493Z 
project81 k6 proof on cael	Run Project 81 k6 proof wrapper	2026-08-15T10:33:24.5234661Z running (00m01.0s), 1/1 VUs, 0 complete and 0 interrupted iterations
project81 k6 proof on cael	Run Project 81 k6 proof wrapper	2026-08-15T10:33:24.5235085Z r_cw_4_chain_depth   [   0% ] 1 VUs  00m01.0s/10m0s  0/1 shared iters
project81 k6 proof on cael	Run Project 81 k6 proof wrapper	2026-08-15T10:33:24.5235848Z time="2026-08-15T03:32:29-07:00" level=info msg="✓ sessions.send accepted — chain-depth parent turn triggered" source=console
project81 k6 proof on cael	Run Project 81 k6 proof wrapper	2026-08-15T10:33:24.5236327Z 
project81 k6 proof on cael	Run Project 81 k6 proof wrapper	2026-08-15T10:33:24.5236495Z running (00m02.0s), 1/1 VUs, 0 complete and 0 interrupted iterations
project81 k6 proof on cael	Run Project 81 k6 proof wrapper	2026-08-15T10:33:24.5236915Z r_cw_4_chain_depth   [   0% ] 1 VUs  00m02.0s/10m0s  0/1 shared iters
project81 k6 proof on cael	Run Project 81 k6 proof wrapper	2026-08-15T10:33:24.5237171Z 
project81 k6 proof on cael	Run Project 81 k6 proof wrapper	2026-08-15T10:33:24.5237404Z running (00m03.0s), 1/1 VUs, 0 complete and 0 interrupted iterations
project81 k6 proof on cael	Run Project 81 k6 proof wrapper	2026-08-15T10:33:24.5238307Z r_cw_4_chain_depth   [   0% ] 1 VUs  00m03.0s/10m0s  0/1 shared iters
project81 k6 proof on cael	Run Project 81 k6 proof wrapper	2026-08-15T10:33:24.5238562Z 
project81 k6 proof on cael	Run Project 81 k6 proof wrapper	2026-08-15T10:33:24.5238731Z running (00m04.0s), 1/1 VUs, 0 complete and 0 interrupted iterations
project81 k6 proof on cael	Run Project 81 k6 proof wrapper	2026-08-15T10:33:24.5239144Z r_cw_4_chain_depth   [   0% ] 1 VUs  00m04.0s/10m0s  0/1 shared iters
project81 k6 proof on cael	Run Project 81 k6 proof wrapper	2026-08-15T10:33:24.5239450Z 
project81 k6 proof on cael	Run Project 81 k6 proof wrapper	2026-08-15T10:33:24.5239613Z running (00m05.0s), 1/1 VUs, 0 complete and 0 interrupted iterations
project81 k6 proof on cael	Run Project 81 k6 proof wrapper	2026-08-15T10:33:24.5240211Z r_cw_4_chain_depth   [   0% ] 1 VUs  00m05.0s/10m0s  0/1 shared iters
project81 k6 proof on cael	Run Project 81 k6 proof wrapper	2026-08-15T10:33:24.5240472Z 
project81 k6 proof on cael	Run Project 81 k6 proof wrapper	2026-08-15T10:33:24.5240693Z running (00m06.0s), 1/1 VUs, 0 complete and 0 interrupted iterations
project81 k6 proof on cael	Run Project 81 k6 proof wrapper	2026-08-15T10:33:24.5241118Z r_cw_4_chain_depth   [   0% ] 1 VUs  00m06.0s/10m0s  0/1 shared iters
project81 k6 proof on cael	Run Project 81 k6 proof wrapper	2026-08-15T10:33:24.5241379Z 
project81 k6 proof on cael	Run Project 81 k6 proof wrapper	2026-08-15T10:33:24.5241547Z running (00m07.0s), 1/1 VUs, 0 complete and 0 interrupted iterations
project81 k6 proof on cael	Run Project 81 k6 proof wrapper	2026-08-15T10:33:24.5241960Z r_cw_4_chain_depth   [   0% ] 1 VUs  00m07.0s/10m0s  0/1 shared iters
project81 k6 proof on cael	Run Project 81 k6 proof wrapper	2026-08-15T10:33:24.5242220Z 
project81 k6 proof on cael	Run Project 81 k6 proof wrapper	2026-08-15T10:33:24.5242382Z running (00m08.0s), 1/1 VUs, 0 complete and 0 interrupted iterations
project81 k6 proof on cael	Run Project 81 k6 proof wrapper	2026-08-15T10:33:24.5242794Z r_cw_4_chain_depth   [   0% ] 1 VUs  00m08.0s/10m0s  0/1 shared iters
project81 k6 proof on cael	Run Project 81 k6 proof wrapper	2026-08-15T10:33:24.5243050Z 
project81 k6 proof on cael	Run Project 81 k6 proof wrapper	2026-08-15T10:33:24.5243212Z running (00m09.0s), 1/1 VUs, 0 complete and 0 interrupted iterations
project81 k6 proof on cael	Run Project 81 k6 proof wrapper	2026-08-15T10:33:24.5243631Z r_cw_4_chain_depth   [   0% ] 1 VUs  00m09.0s/10m0s  0/1 shared iters
project81 k6 proof on cael	Run Project 81 k6 proof wrapper	2026-08-15T10:33:24.5243890Z 
project81 k6 proof on cael	Run Project 81 k6 proof wrapper	2026-08-15T10:33:24.5244057Z running (00m10.0s), 1/1 VUs, 0 complete and 0 interrupted iterations
project81 k6 proof on cael	Run Project 81 k6 proof wrapper	2026-08-15T10:33:24.5244471Z r_cw_4_chain_depth   [   0% ] 1 VUs  00m10.0s/10m0s  0/1 shared iters
project81 k6 proof on cael	Run Project 81 k6 proof wrapper	2026-08-15T10:33:24.5244741Z 
project81 k6 proof on cael	Run Project 81 k6 proof wrapper	2026-08-15T10:33:24.5244907Z running (00m11.0s), 1/1 VUs, 0 complete and 0 interrupted iterations
project81 k6 proof on cael	Run Project 81 k6 proof wrapper	2026-08-15T10:33:24.5245320Z r_cw_4_chain_depth   [   0% ] 1 VUs  00m11.0s/10m0s  0/1 shared iters
project81 k6 proof on cael	Run Project 81 k6 proof wrapper	2026-08-15T10:33:24.5245570Z 
project81 k6 proof on cael	Run Project 81 k6 proof wrapper	2026-08-15T10:33:24.5245737Z running (00m12.0s), 1/1 VUs, 0 complete and 0 interrupted iterations
project81 k6 proof on cael	Run Project 81 k6 proof wrapper	2026-08-15T10:33:24.5246151Z r_cw_4_chain_depth   [   0% ] 1 VUs  00m12.0s/10m0s  0/1 shared iters
project81 k6 proof on cael	Run Project 81 k6 proof wrapper	2026-08-15T10:33:24.5246400Z 
project81 k6 proof on cael	Run Project 81 k6 proof wrapper	2026-08-15T10:33:24.5246567Z running (00m13.0s), 1/1 VUs, 0 complete and 0 interrupted iterations
project81 k6 proof on cael	Run Project 81 k6 proof wrapper	2026-08-15T10:33:24.5246979Z r_cw_4_chain_depth   [   0% ] 1 VUs  00m13.0s/10m0s  0/1 shared iters
project81 k6 proof on cael	Run Project 81 k6 proof wrapper	2026-08-15T10:33:24.5247596Z time="2026-08-15T03:32:42-07:00" level=info msg="✓ CW4-HOP1-SCHEDULED observed" source=console
project81 k6 proof on cael	Run Project 81 k6 proof wrapper	2026-08-15T10:33:24.5247950Z 
project81 k6 proof on cael	Run Project 81 k6 proof wrapper	2026-08-15T10:33:24.5248114Z running (00m14.0s), 1/1 VUs, 0 complete and 0 interrupted iterations
project81 k6 proof on cael	Run Project 81 k6 proof wrapper	2026-08-15T10:33:24.5248529Z r_cw_4_chain_depth   [   0% ] 1 VUs  00m14.0s/10m0s  0/1 shared iters
project81 k6 proof on cael	Run Project 81 k6 proof wrapper	2026-08-15T10:33:24.5249021Z 
project81 k6 proof on cael	Run Project 81 k6 proof wrapper	2026-08-15T10:33:24.5249186Z running (00m15.0s), 1/1 VUs, 0 complete and 0 interrupted iterations
project81 k6 proof on cael	Run Project 81 k6 proof wrapper	2026-08-15T10:33:24.5249601Z r_cw_4_chain_depth   [   0% ] 1 VUs  00m15.0s/10m0s  0/1 shared iters
project81 k6 proof on cael	Run Project 81 k6 proof wrapper	2026-08-15T10:33:24.5249940Z 
project81 k6 proof on cael	Run Project 81 k6 proof wrapper	2026-08-15T10:33:24.5250105Z running (00m16.0s), 1/1 VUs, 0 complete and 0 interrupted iterations
project81 k6 proof on cael	Run Project 81 k6 proof wrapper	2026-08-15T10:33:24.5250526Z r_cw_4_chain_depth   [   0% ] 1 VUs  00m16.0s/10m0s  0/1 shared iters
project81 k6 proof on cael	Run Project 81 k6 proof wrapper	2026-08-15T10:33:24.5250780Z 
project81 k6 proof on cael	Run Project 81 k6 proof wrapper	2026-08-15T10:33:24.5250943Z running (00m17.0s), 1/1 VUs, 0 complete and 0 interrupted iterations
project81 k6 proof on cael	Run Project 81 k6 proof wrapper	2026-08-15T10:33:24.5251355Z r_cw_4_chain_depth   [   0% ] 1 VUs  00m17.0s/10m0s  0/1 shared iters
project81 k6 proof on cael	Run Project 81 k6 proof wrapper	2026-08-15T10:33:24.5251608Z 
project81 k6 proof on cael	Run Project 81 k6 proof wrapper	2026-08-15T10:33:24.5251770Z running (00m18.0s), 1/1 VUs, 0 complete and 0 interrupted iterations
project81 k6 proof on cael	Run Project 81 k6 proof wrapper	2026-08-15T10:33:24.5252182Z r_cw_4_chain_depth   [   0% ] 1 VUs  00m18.0s/10m0s  0/1 shared iters
project81 k6 proof on cael	Run Project 81 k6 proof wrapper	2026-08-15T10:33:24.5252436Z 
project81 k6 proof on cael	Run Project 81 k6 proof wrapper	2026-08-15T10:33:24.5252601Z running (00m19.0s), 1/1 VUs, 0 complete and 0 interrupted iterations
project81 k6 proof on cael	Run Project 81 k6 proof wrapper	2026-08-15T10:33:24.5253019Z r_cw_4_chain_depth   [   0% ] 1 VUs  00m19.0s/10m0s  0/1 shared iters
project81 k6 proof on cael	Run Project 81 k6 proof wrapper	2026-08-15T10:33:24.5253270Z 
project81 k6 proof on cael	Run Project 81 k6 proof wrapper	2026-08-15T10:33:24.5253435Z running (00m20.0s), 1/1 VUs, 0 complete and 0 interrupted iterations
project81 k6 proof on cael	Run Project 81 k6 proof wrapper	2026-08-15T10:33:24.5253847Z r_cw_4_chain_depth   [   0% ] 1 VUs  00m20.0s/10m0s  0/1 shared iters
project81 k6 proof on cael	Run Project 81 k6 proof wrapper	2026-08-15T10:33:24.5254287Z 
project81 k6 proof on cael	Run Project 81 k6 proof wrapper	2026-08-15T10:33:24.5254456Z running (00m21.0s), 1/1 VUs, 0 complete and 0 interrupted iterations
project81 k6 proof on cael	Run Project 81 k6 proof wrapper	2026-08-15T10:33:24.5254866Z r_cw_4_chain_depth   [   0% ] 1 VUs  00m21.0s/10m0s  0/1 shared iters
project81 k6 proof on cael	Run Project 81 k6 proof wrapper	2026-08-15T10:33:24.5255115Z 
project81 k6 proof on cael	Run Project 81 k6 proof wrapper	2026-08-15T10:33:24.5255280Z running (00m22.0s), 1/1 VUs, 0 complete and 0 interrupted iterations
project81 k6 proof on cael	Run Project 81 k6 proof wrapper	2026-08-15T10:33:24.5255692Z r_cw_4_chain_depth   [   0% ] 1 VUs  00m22.0s/10m0s  0/1 shared iters
project81 k6 proof on cael	Run Project 81 k6 proof wrapper	2026-08-15T10:33:24.5255942Z 
project81 k6 proof on cael	Run Project 81 k6 proof wrapper	2026-08-15T10:33:24.5256106Z running (00m23.0s), 1/1 VUs, 0 complete and 0 interrupted iterations
project81 k6 proof on cael	Run Project 81 k6 proof wrapper	2026-08-15T10:33:24.5256519Z r_cw_4_chain_depth   [   0% ] 1 VUs  00m23.0s/10m0s  0/1 shared iters
project81 k6 proof on cael	Run Project 81 k6 proof wrapper	2026-08-15T10:33:24.5256774Z 
project81 k6 proof on cael	Run Project 81 k6 proof wrapper	2026-08-15T10:33:24.5256940Z running (00m24.0s), 1/1 VUs, 0 complete and 0 interrupted iterations
project81 k6 proof on cael	Run Project 81 k6 proof wrapper	2026-08-15T10:33:24.5257350Z r_cw_4_chain_depth   [   0% ] 1 VUs  00m24.0s/10m0s  0/1 shared iters
project81 k6 proof on cael	Run Project 81 k6 proof wrapper	2026-08-15T10:33:24.5257604Z 
project81 k6 proof on cael	Run Project 81 k6 proof wrapper	2026-08-15T10:33:24.5257766Z running (00m25.0s), 1/1 VUs, 0 complete and 0 interrupted iterations
project81 k6 proof on cael	Run Project 81 k6 proof wrapper	2026-08-15T10:33:24.5258185Z r_cw_4_chain_depth   [   0% ] 1 VUs  00m25.0s/10m0s  0/1 shared iters
project81 k6 proof on cael	Run Project 81 k6 proof wrapper	2026-08-15T10:33:24.5258439Z 
project81 k6 proof on cael	Run Project 81 k6 proof wrapper	2026-08-15T10:33:24.5258602Z running (00m26.0s), 1/1 VUs, 0 complete and 0 interrupted iterations
project81 k6 proof on cael	Run Project 81 k6 proof wrapper	2026-08-15T10:33:24.5259015Z r_cw_4_chain_depth   [   0% ] 1 VUs  00m26.0s/10m0s  0/1 shared iters
project81 k6 proof on cael	Run Project 81 k6 proof wrapper	2026-08-15T10:33:24.5259267Z 
project81 k6 proof on cael	Run Project 81 k6 proof wrapper	2026-08-15T10:33:24.5259429Z running (00m27.0s), 1/1 VUs, 0 complete and 0 interrupted iterations
project81 k6 proof on cael	Run Project 81 k6 proof wrapper	2026-08-15T10:33:24.5259951Z r_cw_4_chain_depth   [   0% ] 1 VUs  00m27.0s/10m0s  0/1 shared iters
project81 k6 proof on cael	Run Project 81 k6 proof wrapper	2026-08-15T10:33:24.5260211Z 
project81 k6 proof on cael	Run Project 81 k6 proof wrapper	2026-08-15T10:33:24.5260373Z running (00m28.0s), 1/1 VUs, 0 complete and 0 interrupted iterations
project81 k6 proof on cael	Run Project 81 k6 proof wrapper	2026-08-15T10:33:24.5260790Z r_cw_4_chain_depth   [   0% ] 1 VUs  00m28.0s/10m0s  0/1 shared iters
project81 k6 proof on cael	Run Project 81 k6 proof wrapper	2026-08-15T10:33:24.5261043Z 
project81 k6 proof on cael	Run Project 81 k6 proof wrapper	2026-08-15T10:33:24.5261206Z running (00m29.0s), 1/1 VUs, 0 complete and 0 interrupted iterations
project81 k6 proof on cael	Run Project 81 k6 proof wrapper	2026-08-15T10:33:24.5261617Z r_cw_4_chain_depth   [   0% ] 1 VUs  00m29.0s/10m0s  0/1 shared iters
project81 k6 proof on cael	Run Project 81 k6 proof wrapper	2026-08-15T10:33:24.5261873Z 
project81 k6 proof on cael	Run Project 81 k6 proof wrapper	2026-08-15T10:33:24.5262038Z running (00m30.0s), 1/1 VUs, 0 complete and 0 interrupted iterations
project81 k6 proof on cael	Run Project 81 k6 proof wrapper	2026-08-15T10:33:24.5262452Z r_cw_4_chain_depth   [   0% ] 1 VUs  00m30.0s/10m0s  0/1 shared iters
project81 k6 proof on cael	Run Project 81 k6 proof wrapper	2026-08-15T10:33:24.5262702Z 
project81 k6 proof on cael	Run Project 81 k6 proof wrapper	2026-08-15T10:33:24.5262869Z running (00m31.0s), 1/1 VUs, 0 complete and 0 interrupted iterations
project81 k6 proof on cael	Run Project 81 k6 proof wrapper	2026-08-15T10:33:24.5263279Z r_cw_4_chain_depth   [   0% ] 1 VUs  00m31.0s/10m0s  0/1 shared iters
project81 k6 proof on cael	Run Project 81 k6 proof wrapper	2026-08-15T10:33:24.5263887Z time="2026-08-15T03:33:00-07:00" level=info msg="✓ CW4-HOP2-SCHEDULED observed" source=console
project81 k6 proof on cael	Run Project 81 k6 proof wrapper	2026-08-15T10:33:24.5264233Z 
project81 k6 proof on cael	Run Project 81 k6 proof wrapper	2026-08-15T10:33:24.5264401Z running (00m32.0s), 1/1 VUs, 0 complete and 0 interrupted iterations
project81 k6 proof on cael	Run Project 81 k6 proof wrapper	2026-08-15T10:33:24.5265079Z r_cw_4_chain_depth   [   0% ] 1 VUs  00m32.0s/10m0s  0/1 shared iters
project81 k6 proof on cael	Run Project 81 k6 proof wrapper	2026-08-15T10:33:24.5265334Z 
project81 k6 proof on cael	Run Project 81 k6 proof wrapper	2026-08-15T10:33:24.5265504Z running (00m33.0s), 1/1 VUs, 0 complete and 0 interrupted iterations
project81 k6 proof on cael	Run Project 81 k6 proof wrapper	2026-08-15T10:33:24.5265952Z r_cw_4_chain_depth   [   0% ] 1 VUs  00m33.0s/10m0s  0/1 shared iters
project81 k6 proof on cael	Run Project 81 k6 proof wrapper	2026-08-15T10:33:24.5266217Z 
project81 k6 proof on cael	Run Project 81 k6 proof wrapper	2026-08-15T10:33:24.5266394Z running (00m34.0s), 1/1 VUs, 0 complete and 0 interrupted iterations
project81 k6 proof on cael	Run Project 81 k6 proof wrapper	2026-08-15T10:33:24.5266812Z r_cw_4_chain_depth   [   0% ] 1 VUs  00m34.0s/10m0s  0/1 shared iters
project81 k6 proof on cael	Run Project 81 k6 proof wrapper	2026-08-15T10:33:24.5267067Z 
project81 k6 proof on cael	Run Project 81 k6 proof wrapper	2026-08-15T10:33:24.5267231Z running (00m35.0s), 1/1 VUs, 0 complete and 0 interrupted iterations
project81 k6 proof on cael	Run Project 81 k6 proof wrapper	2026-08-15T10:33:24.5267646Z r_cw_4_chain_depth   [   0% ] 1 VUs  00m35.0s/10m0s  0/1 shared iters
project81 k6 proof on cael	Run Project 81 k6 proof wrapper	2026-08-15T10:33:24.5267902Z 
project81 k6 proof on cael	Run Project 81 k6 proof wrapper	2026-08-15T10:33:24.5268065Z running (00m36.0s), 1/1 VUs, 0 complete and 0 interrupted iterations
project81 k6 proof on cael	Run Project 81 k6 proof wrapper	2026-08-15T10:33:24.5268478Z r_cw_4_chain_depth   [   0% ] 1 VUs  00m36.0s/10m0s  0/1 shared iters
project81 k6 proof on cael	Run Project 81 k6 proof wrapper	2026-08-15T10:33:24.5268736Z 
project81 k6 proof on cael	Run Project 81 k6 proof wrapper	2026-08-15T10:33:24.5268898Z running (00m37.0s), 1/1 VUs, 0 complete and 0 interrupted iterations
project81 k6 proof on cael	Run Project 81 k6 proof wrapper	2026-08-15T10:33:24.5269310Z r_cw_4_chain_depth   [   0% ] 1 VUs  00m37.0s/10m0s  0/1 shared iters
project81 k6 proof on cael	Run Project 81 k6 proof wrapper	2026-08-15T10:33:24.5269567Z 
project81 k6 proof on cael	Run Project 81 k6 proof wrapper	2026-08-15T10:33:24.5269821Z running (00m38.0s), 1/1 VUs, 0 complete and 0 interrupted iterations
project81 k6 proof on cael	Run Project 81 k6 proof wrapper	2026-08-15T10:33:24.5270431Z r_cw_4_chain_depth   [   0% ] 1 VUs  00m38.0s/10m0s  0/1 shared iters
project81 k6 proof on cael	Run Project 81 k6 proof wrapper	2026-08-15T10:33:24.5270688Z 
project81 k6 proof on cael	Run Project 81 k6 proof wrapper	2026-08-15T10:33:24.5270850Z running (00m39.0s), 1/1 VUs, 0 complete and 0 interrupted iterations
project81 k6 proof on cael	Run Project 81 k6 proof wrapper	2026-08-15T10:33:24.5271266Z r_cw_4_chain_depth   [   0% ] 1 VUs  00m39.0s/10m0s  0/1 shared iters
project81 k6 proof on cael	Run Project 81 k6 proof wrapper	2026-08-15T10:33:24.5271519Z 
project81 k6 proof on cael	Run Project 81 k6 proof wrapper	2026-08-15T10:33:24.5271686Z running (00m40.0s), 1/1 VUs, 0 complete and 0 interrupted iterations
project81 k6 proof on cael	Run Project 81 k6 proof wrapper	2026-08-15T10:33:24.5272099Z r_cw_4_chain_depth   [   0% ] 1 VUs  00m40.0s/10m0s  0/1 shared iters
project81 k6 proof on cael	Run Project 81 k6 proof wrapper	2026-08-15T10:33:24.5272352Z 
project81 k6 proof on cael	Run Project 81 k6 proof wrapper	2026-08-15T10:33:24.5272516Z running (00m41.0s), 1/1 VUs, 0 complete and 0 interrupted iterations
project81 k6 proof on cael	Run Project 81 k6 proof wrapper	2026-08-15T10:33:24.5272932Z r_cw_4_chain_depth   [   0% ] 1 VUs  00m41.0s/10m0s  0/1 shared iters
project81 k6 proof on cael	Run Project 81 k6 proof wrapper	2026-08-15T10:33:24.5273183Z 
project81 k6 proof on cael	Run Project 81 k6 proof wrapper	2026-08-15T10:33:24.5273347Z running (00m42.0s), 1/1 VUs, 0 complete and 0 interrupted iterations
project81 k6 proof on cael	Run Project 81 k6 proof wrapper	2026-08-15T10:33:24.5273759Z r_cw_4_chain_depth   [   0% ] 1 VUs  00m42.0s/10m0s  0/1 shared iters
project81 k6 proof on cael	Run Project 81 k6 proof wrapper	2026-08-15T10:33:24.5274014Z 
project81 k6 proof on cael	Run Project 81 k6 proof wrapper	2026-08-15T10:33:24.5274183Z running (00m43.0s), 1/1 VUs, 0 complete and 0 interrupted iterations
project81 k6 proof on cael	Run Project 81 k6 proof wrapper	2026-08-15T10:33:24.5274595Z r_cw_4_chain_depth   [   0% ] 1 VUs  00m43.0s/10m0s  0/1 shared iters
project81 k6 proof on cael	Run Project 81 k6 proof wrapper	2026-08-15T10:33:24.5274846Z 
project81 k6 proof on cael	Run Project 81 k6 proof wrapper	2026-08-15T10:33:24.5275010Z running (00m44.0s), 1/1 VUs, 0 complete and 0 interrupted iterations
project81 k6 proof on cael	Run Project 81 k6 proof wrapper	2026-08-15T10:33:24.5275425Z r_cw_4_chain_depth   [   0% ] 1 VUs  00m44.0s/10m0s  0/1 shared iters
project81 k6 proof on cael	Run Project 81 k6 proof wrapper	2026-08-15T10:33:24.5275677Z 
project81 k6 proof on cael	Run Project 81 k6 proof wrapper	2026-08-15T10:33:24.5275840Z running (00m45.0s), 1/1 VUs, 0 complete and 0 interrupted iterations
project81 k6 proof on cael	Run Project 81 k6 proof wrapper	2026-08-15T10:33:24.5276254Z r_cw_4_chain_depth   [   0% ] 1 VUs  00m45.0s/10m0s  0/1 shared iters
project81 k6 proof on cael	Run Project 81 k6 proof wrapper	2026-08-15T10:33:24.5276867Z time="2026-08-15T03:33:13-07:00" level=info msg="✓ CW4-HOP3-SCHEDULED observed" source=console
project81 k6 proof on cael	Run Project 81 k6 proof wrapper	2026-08-15T10:33:24.5277221Z 
project81 k6 proof on cael	Run Project 81 k6 proof wrapper	2026-08-15T10:33:24.5277386Z running (00m46.0s), 1/1 VUs, 0 complete and 0 interrupted iterations
project81 k6 proof on cael	Run Project 81 k6 proof wrapper	2026-08-15T10:33:24.5277803Z r_cw_4_chain_depth   [   0% ] 1 VUs  00m46.0s/10m0s  0/1 shared iters
project81 k6 proof on cael	Run Project 81 k6 proof wrapper	2026-08-15T10:33:24.5278063Z 
project81 k6 proof on cael	Run Project 81 k6 proof wrapper	2026-08-15T10:33:24.5278226Z running (00m47.0s), 1/1 VUs, 0 complete and 0 interrupted iterations
project81 k6 proof on cael	Run Project 81 k6 proof wrapper	2026-08-15T10:33:24.5278638Z r_cw_4_chain_depth   [   0% ] 1 VUs  00m47.0s/10m0s  0/1 shared iters
project81 k6 proof on cael	Run Project 81 k6 proof wrapper	2026-08-15T10:33:24.5278892Z 
project81 k6 proof on cael	Run Project 81 k6 proof wrapper	2026-08-15T10:33:24.5279056Z running (00m48.0s), 1/1 VUs, 0 complete and 0 interrupted iterations
project81 k6 proof on cael	Run Project 81 k6 proof wrapper	2026-08-15T10:33:24.5279467Z r_cw_4_chain_depth   [   0% ] 1 VUs  00m48.0s/10m0s  0/1 shared iters
project81 k6 proof on cael	Run Project 81 k6 proof wrapper	2026-08-15T10:33:24.5279792Z 
project81 k6 proof on cael	Run Project 81 k6 proof wrapper	2026-08-15T10:33:24.5279964Z running (00m49.0s), 1/1 VUs, 0 complete and 0 interrupted iterations
project81 k6 proof on cael	Run Project 81 k6 proof wrapper	2026-08-15T10:33:24.5280379Z r_cw_4_chain_depth   [   0% ] 1 VUs  00m49.0s/10m0s  0/1 shared iters
project81 k6 proof on cael	Run Project 81 k6 proof wrapper	2026-08-15T10:33:24.5280805Z 
project81 k6 proof on cael	Run Project 81 k6 proof wrapper	2026-08-15T10:33:24.5280970Z running (00m50.0s), 1/1 VUs, 0 complete and 0 interrupted iterations
project81 k6 proof on cael	Run Project 81 k6 proof wrapper	2026-08-15T10:33:24.5281386Z r_cw_4_chain_depth   [   0% ] 1 VUs  00m50.0s/10m0s  0/1 shared iters
project81 k6 proof on cael	Run Project 81 k6 proof wrapper	2026-08-15T10:33:24.5281638Z 
project81 k6 proof on cael	Run Project 81 k6 proof wrapper	2026-08-15T10:33:24.5281801Z running (00m51.0s), 1/1 VUs, 0 complete and 0 interrupted iterations
project81 k6 proof on cael	Run Project 81 k6 proof wrapper	2026-08-15T10:33:24.5282218Z r_cw_4_chain_depth   [   0% ] 1 VUs  00m51.0s/10m0s  0/1 shared iters
project81 k6 proof on cael	Run Project 81 k6 proof wrapper	2026-08-15T10:33:24.5282471Z 
project81 k6 proof on cael	Run Project 81 k6 proof wrapper	2026-08-15T10:33:24.5282636Z running (00m52.0s), 1/1 VUs, 0 complete and 0 interrupted iterations
project81 k6 proof on cael	Run Project 81 k6 proof wrapper	2026-08-15T10:33:24.5283049Z r_cw_4_chain_depth   [   0% ] 1 VUs  00m52.0s/10m0s  0/1 shared iters
project81 k6 proof on cael	Run Project 81 k6 proof wrapper	2026-08-15T10:33:24.5283298Z 
project81 k6 proof on cael	Run Project 81 k6 proof wrapper	2026-08-15T10:33:24.5283463Z running (00m53.0s), 1/1 VUs, 0 complete and 0 interrupted iterations
project81 k6 proof on cael	Run Project 81 k6 proof wrapper	2026-08-15T10:33:24.5283874Z r_cw_4_chain_depth   [   0% ] 1 VUs  00m53.0s/10m0s  0/1 shared iters
project81 k6 proof on cael	Run Project 81 k6 proof wrapper	2026-08-15T10:33:24.5284126Z 
project81 k6 proof on cael	Run Project 81 k6 proof wrapper	2026-08-15T10:33:24.5284290Z running (00m54.0s), 1/1 VUs, 0 complete and 0 interrupted iterations
project81 k6 proof on cael	Run Project 81 k6 proof wrapper	2026-08-15T10:33:24.5284707Z r_cw_4_chain_depth   [   0% ] 1 VUs  00m54.0s/10m0s  0/1 shared iters
project81 k6 proof on cael	Run Project 81 k6 proof wrapper	2026-08-15T10:33:24.5284956Z 
project81 k6 proof on cael	Run Project 81 k6 proof wrapper	2026-08-15T10:33:24.5285121Z running (00m55.0s), 1/1 VUs, 0 complete and 0 interrupted iterations
project81 k6 proof on cael	Run Project 81 k6 proof wrapper	2026-08-15T10:33:24.5285532Z r_cw_4_chain_depth   [   0% ] 1 VUs  00m55.0s/10m0s  0/1 shared iters
project81 k6 proof on cael	Run Project 81 k6 proof wrapper	2026-08-15T10:33:24.5286418Z time="2026-08-15T03:33:24-07:00" level=info msg="✓ CW4-DONE observed" source=console
project81 k6 proof on cael	Run Project 81 k6 proof wrapper	2026-08-15T10:33:24.5287066Z time="2026-08-15T03:33:24-07:00" level=info msg="All required R-CW-4 evidence gathered, closing early" source=console
project81 k6 proof on cael	Run Project 81 k6 proof wrapper	2026-08-15T10:33:24.5289557Z PUBLIC_EVIDENCE {"row":"R-CW-4","manifest_loaded":true,"seat":"cael","session_created":false,"candidateSha":"6b09b1dbe938ab6b5f56eaf4e58f1ed243f89955","started":"2026-08-15T10:32:28.603Z","dispatch_accepted":true,"hop1_scheduled":true,"hop2_scheduled":true,"hop3_scheduled":true,"final_done":true,"hop_events":[{"marker":"CW4-HOP1-SCHEDULED","ts":1786789962516,"event":"agent"},{"marker":"CW4-HOP2-SCHEDULED","ts":1786789980124,"event":"agent"},{"marker":"CW4-HOP3-SCHEDULED","ts":1786789993725,"event":"agent"},{"marker":"CW4-DONE","ts":1786790004278,"event":"agent"}],"trace_id":null,"ended":"2026-08-15T10:33:24.278Z","duration_ms":55675}
project81 k6 proof on cael	Run Project 81 k6 proof wrapper	2026-08-15T10:33:24.5292234Z time="2026-08-15T03:33:24-07:00" level=info msg="\n[R-CW-4] VERDICT: PASS-candidate" source=console
project81 k6 proof on cael	Run Project 81 k6 proof wrapper	2026-08-15T10:33:24.5292605Z 
project81 k6 proof on cael	Run Project 81 k6 proof wrapper	2026-08-15T10:33:24.5292869Z [R-CW-4] Summary: PASS-candidate | SHA: 6b09b1dbe938ab6b5f56eaf4e58f1ed243f89955 | Seat: cael
project81 k6 proof on cael	Run Project 81 k6 proof wrapper	2026-08-15T10:33:24.5293238Z 
project81 k6 proof on cael	Run Project 81 k6 proof wrapper	2026-08-15T10:33:24.5293405Z running (00m55.7s), 0/1 VUs, 1 complete and 0 interrupted iterations
project81 k6 proof on cael	Run Project 81 k6 proof wrapper	2026-08-15T10:33:24.5293913Z r_cw_4_chain_depth ✓ [ 100% ] 1 VUs  00m55.7s/10m0s  1/1 shared iters
project81 k6 proof on cael	Run Project 81 k6 proof wrapper	2026-08-15T10:33:24.5598506Z [R-CW-4] CANDIDATE REVIEW ENVELOPE: /home/figs/actions-runner/_work/openclaw-bootstrap/openclaw-bootstrap/openclaw-bootstrap/PROOFS/6b09b1dbe938ab6b5f56eaf4e58f1ed243f89955/project81-k6/20260815T102457Z-cael-dgx-4105131/6b09b1dbe938ab6b5f56eaf4e58f1ed243f89955/R-CW-4/cael/20260815T103225Z-r-cw-4-273343a5/candidate-run-result.json
project81 k6 proof on cael	Run Project 81 k6 proof wrapper	2026-08-15T10:33:24.6404169Z [R-CW-4] METRICS: /home/figs/actions-runner/_work/openclaw-bootstrap/openclaw-bootstrap/openclaw-bootstrap/PROOFS/6b09b1dbe938ab6b5f56eaf4e58f1ed243f89955/project81-k6/20260815T102457Z-cael-dgx-4105131/6b09b1dbe938ab6b5f56eaf4e58f1ed243f89955/R-CW-4/cael/20260815T103225Z-r-cw-4-273343a5/openclaw-proofs-k6.prom
project81 k6 proof on cael	Run Project 81 k6 proof wrapper	2026-08-15T10:33:24.6448306Z [R-CW-4] ARTIFACTS: /home/figs/actions-runner/_work/openclaw-bootstrap/openclaw-bootstrap/openclaw-bootstrap/PROOFS/6b09b1dbe938ab6b5f56eaf4e58f1ed243f89955/project81-k6/20260815T102457Z-cael-dgx-4105131/6b09b1dbe938ab6b5f56eaf4e58f1ed243f89955/R-CW-4/cael/20260815T103225Z-r-cw-4-273343a5
project81 k6 proof on cael	Run Project 81 k6 proof wrapper	2026-08-15T10:33:24.6449605Z [R-CW-4] COMPLETED.
project81 k6 proof on cael	Run Project 81 k6 proof wrapper	2026-08-15T10:33:24.6450198Z Observability check: query Grafana for run/nonce or review Tempo traces if trace ID was emitted.
project81 k6 proof on cael	Run Project 81 k6 proof wrapper	2026-08-15T10:33:24.6987414Z REPORT: /home/figs/actions-runner/_work/openclaw-bootstrap/openclaw-bootstrap/openclaw-bootstrap/PROOFS/6b09b1dbe938ab6b5f56eaf4e58f1ed243f89955/project81-k6/20260815T102457Z-cael-dgx-4105131/report.html
project81 k6 proof on cael	Run Project 81 k6 proof wrapper	2026-08-15T10:33:24.6988726Z 
project81 k6 proof on cael	Run Project 81 k6 proof wrapper	2026-08-15T10:33:24.6988834Z ==========================================================
project81 k6 proof on cael	Run Project 81 k6 proof wrapper	2026-08-15T10:33:24.6989123Z Runner execution finished.
project81 k6 proof on cael	Run Project 81 k6 proof wrapper	2026-08-15T10:33:24.6989507Z Rows with non-zero effective exits: R-CD-MODEL-TOOL:99 R-CD-RETURN-OVERLAP:107
project81 k6 proof on cael	Run Project 81 k6 proof wrapper	2026-08-15T10:33:25.2193659Z ##[error]Process completed with exit code 99.
project81 k6 proof on cael	Upload proof artifacts	﻿2026-08-15T10:33:25.2292270Z Node 20 is being deprecated. This workflow is running with Node 24 by default. If you need to temporarily use Node 20, you can set the ACTIONS_ALLOW_USE_UNSECURE_NODE_VERSION=true environment variable. For more information see: https://github.blog/changelog/2025-09-19-deprecation-of-node-20-on-github-actions-runners/
project81 k6 proof on cael	Upload proof artifacts	2026-08-15T10:33:25.2293672Z ##[group]Run actions/upload-artifact@v4
project81 k6 proof on cael	Upload proof artifacts	2026-08-15T10:33:25.2293932Z with:
project81 k6 proof on cael	Upload proof artifacts	2026-08-15T10:33:25.2294139Z   name: project81-k6-proof-cael-31879446802
project81 k6 proof on cael	Upload proof artifacts	2026-08-15T10:33:25.2294635Z   path: openclaw-bootstrap/PROOFS/*/project81-k6/**
project81 k6 proof on cael	Upload proof artifacts	karmaterminal-openclaw-docs/PROOFS/**
project81 k6 proof on cael	Upload proof artifacts	
project81 k6 proof on cael	Upload proof artifacts	2026-08-15T10:33:25.2295100Z   if-no-files-found: error
project81 k6 proof on cael	Upload proof artifacts	2026-08-15T10:33:25.2295325Z   compression-level: 6
project81 k6 proof on cael	Upload proof artifacts	2026-08-15T10:33:25.2295531Z   overwrite: false
project81 k6 proof on cael	Upload proof artifacts	2026-08-15T10:33:25.2295734Z   include-hidden-files: false
project81 k6 proof on cael	Upload proof artifacts	2026-08-15T10:33:25.2295955Z env:
project81 k6 proof on cael	Upload proof artifacts	2026-08-15T10:33:25.2296120Z   TARGET_PRINCE: cael
project81 k6 proof on cael	Upload proof artifacts	2026-08-15T10:33:25.2296387Z   CANDIDATE_SHA: 6b09b1dbe938ab6b5f56eaf4e58f1ed243f89955
project81 k6 proof on cael	Upload proof artifacts	2026-08-15T10:33:25.2296733Z   TARGET_REF: 
project81 k6 proof on cael	Upload proof artifacts	2026-08-15T10:33:25.2297389Z   ROWS: R-CD-MODEL-TOOL,R-CD-RETURN-OVERLAP,R-CD-SILENT,R-CD-TOKEN,R-CONFIG-DEFAULTS,R-CONFIG-INTERSESSION,R-CW-1,R-CW-2,R-CW-3,R-CW-4
project81 k6 proof on cael	Upload proof artifacts	2026-08-15T10:33:25.2298113Z   K6SCENARIOS: 
project81 k6 proof on cael	Upload proof artifacts	2026-08-15T10:33:25.2298305Z   SESSION_SELECTOR: main
project81 k6 proof on cael	Upload proof artifacts	2026-08-15T10:33:25.2298542Z   MANIFEST_PATH: project81-k6/manifest.json
project81 k6 proof on cael	Upload proof artifacts	2026-08-15T10:33:25.2298854Z   DOCS_REF: 7ab525923833cbddffa5c75c22481fcbe9d12fe9
project81 k6 proof on cael	Upload proof artifacts	2026-08-15T10:33:25.2299240Z   OPENCLAW_PROOFS_DOCS_REF: 7ab525923833cbddffa5c75c22481fcbe9d12fe9
project81 k6 proof on cael	Upload proof artifacts	2026-08-15T10:33:25.2299602Z   USE_DOCS_CATALOG: true
project81 k6 proof on cael	Upload proof artifacts	2026-08-15T10:33:25.2299919Z   DRY_RUN: false
project81 k6 proof on cael	Upload proof artifacts	2026-08-15T10:33:25.2300118Z   PROOFS_METRICS_PUSH: true
project81 k6 proof on cael	Upload proof artifacts	2026-08-15T10:33:25.2300425Z   PROOFS_METRICS_OTLP_ENDPOINT: http://10.0.0.99:4318/v1/metrics
project81 k6 proof on cael	Upload proof artifacts	2026-08-15T10:33:25.2300766Z   OPENCLAW_ALT_MODEL: 
project81 k6 proof on cael	Upload proof artifacts	2026-08-15T10:33:25.2300993Z   OPENCLAW_CREATE_DISPOSABLE_SESSION: true
project81 k6 proof on cael	Upload proof artifacts	2026-08-15T10:33:25.2301283Z   OPENCLAW_CREATE_DISPOSABLE_SESSIONS: true
project81 k6 proof on cael	Upload proof artifacts	2026-08-15T10:33:25.2301740Z   REASON: Full matrix continuation batch2 after all-run timeout; runtime6b09, corpus pure99ce.
project81 k6 proof on cael	Upload proof artifacts	2026-08-15T10:33:25.2302185Z ##[endgroup]
project81 k6 proof on cael	Upload proof artifacts	2026-08-15T10:33:25.3264830Z (node:4122607) [DEP0040] DeprecationWarning: The `punycode` module is deprecated. Please use a userland alternative instead.
project81 k6 proof on cael	Upload proof artifacts	2026-08-15T10:33:25.3265583Z (Use `node --trace-deprecation ...` to show where the warning was created)
project81 k6 proof on cael	Upload proof artifacts	2026-08-15T10:33:30.2451284Z Multiple search paths detected. Calculating the least common ancestor of all paths
project81 k6 proof on cael	Upload proof artifacts	2026-08-15T10:33:30.2454366Z The least common ancestor is /home/figs/actions-runner/_work/openclaw-bootstrap/openclaw-bootstrap. This will be the root directory of the artifact
project81 k6 proof on cael	Upload proof artifacts	2026-08-15T10:33:30.2454791Z With the provided path, there will be 39956 files uploaded
project81 k6 proof on cael	Upload proof artifacts	2026-08-15T10:33:30.2455756Z Artifact name is valid!
project81 k6 proof on cael	Upload proof artifacts	2026-08-15T10:33:30.2456197Z Root directory input is valid!
project81 k6 proof on cael	Upload proof artifacts	2026-08-15T10:33:30.7385706Z Beginning upload of artifact content to blob storage
project81 k6 proof on cael	Upload proof artifacts	2026-08-15T10:33:34.9803725Z (node:4122607) [DEP0169] DeprecationWarning: `url.parse()` behavior is not standardized and prone to errors that have security implications. Use the WHATWG URL API instead. CVEs are not issued for `url.parse()` vulnerabilities.
project81 k6 proof on cael	Upload proof artifacts	2026-08-15T10:33:36.6095687Z Uploaded bytes 8388608
project81 k6 proof on cael	Upload proof artifacts	2026-08-15T10:33:42.0172100Z Uploaded bytes 16777216
project81 k6 proof on cael	Upload proof artifacts	2026-08-15T10:33:47.5083053Z Uploaded bytes 25165824
project81 k6 proof on cael	Upload proof artifacts	2026-08-15T10:33:53.8861327Z Uploaded bytes 33554432
project81 k6 proof on cael	Upload proof artifacts	2026-08-15T10:33:59.5298738Z Uploaded bytes 41943040
project81 k6 proof on cael	Upload proof artifacts	2026-08-15T10:34:05.5797357Z Uploaded bytes 50331648
project81 k6 proof on cael	Upload proof artifacts	2026-08-15T10:34:08.5166456Z Uploaded bytes 58720256
project81 k6 proof on cael	Upload proof artifacts	2026-08-15T10:34:09.6028227Z Uploaded bytes 63995312
project81 k6 proof on cael	Upload proof artifacts	2026-08-15T10:34:09.6807484Z Finished uploading artifact content to blob storage!
project81 k6 proof on cael	Upload proof artifacts	2026-08-15T10:34:09.6808431Z SHA256 digest of uploaded artifact zip is f7a59b18e35ec60f31d30024e1e121b6bf7f1a1d0594b58c9ecb328c30f2f6c2
project81 k6 proof on cael	Upload proof artifacts	2026-08-15T10:34:09.6808732Z Finalizing artifact upload
project81 k6 proof on cael	Upload proof artifacts	2026-08-15T10:34:10.0526460Z Artifact project81-k6-proof-cael-31879446802.zip successfully finalized. Artifact ID 9245724007
project81 k6 proof on cael	Upload proof artifacts	2026-08-15T10:34:10.0527544Z Artifact project81-k6-proof-cael-31879446802 has been successfully uploaded! Final size is 63995312 bytes. Artifact ID is 9245724007
project81 k6 proof on cael	Upload proof artifacts	2026-08-15T10:34:10.0534820Z Artifact download URL: https://github.com/karmaterminal/openclaw-bootstrap/actions/runs/31879446802/artifacts/9245724007
project81 k6 proof on cael	Post Checkout proof catalog	﻿2026-08-15T10:34:10.1568048Z Node 20 is being deprecated. This workflow is running with Node 24 by default. If you need to temporarily use Node 20, you can set the ACTIONS_ALLOW_USE_UNSECURE_NODE_VERSION=true environment variable. For more information see: https://github.blog/changelog/2025-09-19-deprecation-of-node-20-on-github-actions-runners/
project81 k6 proof on cael	Post Checkout proof catalog	2026-08-15T10:34:10.1568764Z Post job cleanup.
project81 k6 proof on cael	Post Checkout proof catalog	2026-08-15T10:34:10.2134137Z [command]/usr/bin/git version
project81 k6 proof on cael	Post Checkout proof catalog	2026-08-15T10:34:10.2169231Z git version 2.43.0
project81 k6 proof on cael	Post Checkout proof catalog	2026-08-15T10:34:10.2185998Z Copying '/home/figs/.gitconfig' to '/home/figs/actions-runner/_work/_temp/de3866ea-00c9-4315-87dd-94fab990c692/.gitconfig'
project81 k6 proof on cael	Post Checkout proof catalog	2026-08-15T10:34:10.2194130Z Temporarily overriding HOME='/home/figs/actions-runner/_work/_temp/de3866ea-00c9-4315-87dd-94fab990c692' before making global git config changes
project81 k6 proof on cael	Post Checkout proof catalog	2026-08-15T10:34:10.2194952Z Adding repository directory to the temporary git global config as a safe directory
project81 k6 proof on cael	Post Checkout proof catalog	2026-08-15T10:34:10.2197834Z [command]/usr/bin/git config --global --add safe.directory /home/figs/actions-runner/_work/openclaw-bootstrap/openclaw-bootstrap/karmaterminal-openclaw-docs
project81 k6 proof on cael	Post Checkout proof catalog	2026-08-15T10:34:10.2296526Z [command]/usr/bin/git config --local --name-only --get-regexp core\.sshCommand
project81 k6 proof on cael	Post Checkout proof catalog	2026-08-15T10:34:10.2324044Z [command]/usr/bin/git submodule foreach --recursive sh -c "git config --local --name-only --get-regexp 'core\.sshCommand' && git config --local --unset-all 'core.sshCommand' || :"
project81 k6 proof on cael	Post Checkout proof catalog	2026-08-15T10:34:10.2590741Z [command]/usr/bin/git config --local --name-only --get-regexp http\.https\:\/\/github\.com\/\.extraheader
project81 k6 proof on cael	Post Checkout proof catalog	2026-08-15T10:34:10.2613977Z http.https://github.com/.extraheader
project81 k6 proof on cael	Post Checkout proof catalog	2026-08-15T10:34:10.2621741Z [command]/usr/bin/git config --local --unset-all http.https://github.com/.extraheader
project81 k6 proof on cael	Post Checkout proof catalog	2026-08-15T10:34:10.2658873Z [command]/usr/bin/git submodule foreach --recursive sh -c "git config --local --name-only --get-regexp 'http\.https\:\/\/github\.com\/\.extraheader' && git config --local --unset-all 'http.https://github.com/.extraheader' || :"
project81 k6 proof on cael	Post Checkout proof catalog	2026-08-15T10:34:10.2971118Z [command]/usr/bin/git config --local --name-only --get-regexp ^includeIf\.gitdir:
project81 k6 proof on cael	Post Checkout proof catalog	2026-08-15T10:34:10.3002619Z [command]/usr/bin/git submodule foreach --recursive git config --local --show-origin --name-only --get-regexp remote.origin.url
project81 k6 proof on cael	Post Checkout bootstrap	﻿2026-08-15T10:34:10.3437421Z Node 20 is being deprecated. This workflow is running with Node 24 by default. If you need to temporarily use Node 20, you can set the ACTIONS_ALLOW_USE_UNSECURE_NODE_VERSION=true environment variable. For more information see: https://github.blog/changelog/2025-09-19-deprecation-of-node-20-on-github-actions-runners/
project81 k6 proof on cael	Post Checkout bootstrap	2026-08-15T10:34:10.3438132Z Post job cleanup.
project81 k6 proof on cael	Post Checkout bootstrap	2026-08-15T10:34:10.3997939Z [command]/usr/bin/git version
project81 k6 proof on cael	Post Checkout bootstrap	2026-08-15T10:34:10.4032164Z git version 2.43.0
project81 k6 proof on cael	Post Checkout bootstrap	2026-08-15T10:34:10.4048802Z Copying '/home/figs/.gitconfig' to '/home/figs/actions-runner/_work/_temp/1d90355f-1f15-4e22-af80-997ff316e532/.gitconfig'
project81 k6 proof on cael	Post Checkout bootstrap	2026-08-15T10:34:10.4054340Z Temporarily overriding HOME='/home/figs/actions-runner/_work/_temp/1d90355f-1f15-4e22-af80-997ff316e532' before making global git config changes
project81 k6 proof on cael	Post Checkout bootstrap	2026-08-15T10:34:10.4055186Z Adding repository directory to the temporary git global config as a safe directory
project81 k6 proof on cael	Post Checkout bootstrap	2026-08-15T10:34:10.4056742Z [command]/usr/bin/git config --global --add safe.directory /home/figs/actions-runner/_work/openclaw-bootstrap/openclaw-bootstrap/openclaw-bootstrap
project81 k6 proof on cael	Post Checkout bootstrap	2026-08-15T10:34:10.4158402Z [command]/usr/bin/git config --local --name-only --get-regexp core\.sshCommand
project81 k6 proof on cael	Post Checkout bootstrap	2026-08-15T10:34:10.4189163Z [command]/usr/bin/git submodule foreach --recursive sh -c "git config --local --name-only --get-regexp 'core\.sshCommand' && git config --local --unset-all 'core.sshCommand' || :"
project81 k6 proof on cael	Post Checkout bootstrap	2026-08-15T10:34:10.4424910Z [command]/usr/bin/git config --local --name-only --get-regexp http\.https\:\/\/github\.com\/\.extraheader
project81 k6 proof on cael	Post Checkout bootstrap	2026-08-15T10:34:10.4449607Z http.https://github.com/.extraheader
project81 k6 proof on cael	Post Checkout bootstrap	2026-08-15T10:34:10.4456688Z [command]/usr/bin/git config --local --unset-all http.https://github.com/.extraheader
project81 k6 proof on cael	Post Checkout bootstrap	2026-08-15T10:34:10.4492337Z [command]/usr/bin/git submodule foreach --recursive sh -c "git config --local --name-only --get-regexp 'http\.https\:\/\/github\.com\/\.extraheader' && git config --local --unset-all 'http.https://github.com/.extraheader' || :"
project81 k6 proof on cael	Post Checkout bootstrap	2026-08-15T10:34:10.4704082Z [command]/usr/bin/git config --local --name-only --get-regexp ^includeIf\.gitdir:
project81 k6 proof on cael	Post Checkout bootstrap	2026-08-15T10:34:10.4728647Z [command]/usr/bin/git submodule foreach --recursive git config --local --show-origin --name-only --get-regexp remote.origin.url
project81 k6 proof on cael	Complete job	﻿2026-08-15T10:34:10.5111567Z Cleaning up orphan processes
project81 k6 proof on cael	Complete job	2026-08-15T10:34:10.5864097Z ##[warning]Node.js 20 is deprecated. The following actions target Node.js 20 but are being forced to run on Node.js 24: actions/checkout@v4, actions/upload-artifact@v4. For more information see: https://github.blog/changelog/2025-09-19-deprecation-of-node-20-on-github-actions-runners/
