
         /\      Grafana   /‾‾/  
    /\  /  \     |\  __   /  /   
   /  \/    \    | |/ /  /   ‾‾\ 
  /          \   |   (  |  (‾)  |
 / __________ \  |_|\_\  \_____/ 


     execution: local
        script: scenarios/r-cw-3-reason-telemetry.js
        output: -

     scenarios: (100.00%) 1 scenario, 1 max VUs, 10m30s max duration (incl. graceful stop):
              * r_cw_3_reason_telemetry: 1 iterations shared among 1 VUs (maxDuration: 10m0s, gracefulStop: 30s)

time="2026-07-08T20:19:56-07:00" level=info msg="✓ disposable session created: agent:main:r-cw-3-r-cw-3-1783567195695-hssdg6n4" source=console
time="2026-07-08T20:19:56-07:00" level=info msg="✓ sessions.send accepted — reason telemetry turn triggered" source=console

running (00m01.0s), 1/1 VUs, 0 complete and 0 interrupted iterations
r_cw_3_reason_telemetry   [   0% ] 1 VUs  00m01.0s/10m0s  0/1 shared iters

running (00m02.0s), 1/1 VUs, 0 complete and 0 interrupted iterations
r_cw_3_reason_telemetry   [   0% ] 1 VUs  00m02.0s/10m0s  0/1 shared iters

running (00m03.0s), 1/1 VUs, 0 complete and 0 interrupted iterations
r_cw_3_reason_telemetry   [   0% ] 1 VUs  00m03.0s/10m0s  0/1 shared iters

running (00m04.0s), 1/1 VUs, 0 complete and 0 interrupted iterations
r_cw_3_reason_telemetry   [   0% ] 1 VUs  00m04.0s/10m0s  0/1 shared iters

running (00m05.0s), 1/1 VUs, 0 complete and 0 interrupted iterations
r_cw_3_reason_telemetry   [   0% ] 1 VUs  00m05.0s/10m0s  0/1 shared iters

running (00m06.0s), 1/1 VUs, 0 complete and 0 interrupted iterations
r_cw_3_reason_telemetry   [   0% ] 1 VUs  00m06.0s/10m0s  0/1 shared iters

running (00m07.0s), 1/1 VUs, 0 complete and 0 interrupted iterations
r_cw_3_reason_telemetry   [   0% ] 1 VUs  00m07.0s/10m0s  0/1 shared iters

running (00m08.0s), 1/1 VUs, 0 complete and 0 interrupted iterations
r_cw_3_reason_telemetry   [   0% ] 1 VUs  00m08.0s/10m0s  0/1 shared iters

running (00m09.0s), 1/1 VUs, 0 complete and 0 interrupted iterations
r_cw_3_reason_telemetry   [   0% ] 1 VUs  00m09.0s/10m0s  0/1 shared iters

running (00m10.0s), 1/1 VUs, 0 complete and 0 interrupted iterations
r_cw_3_reason_telemetry   [   0% ] 1 VUs  00m10.0s/10m0s  0/1 shared iters

running (00m11.0s), 1/1 VUs, 0 complete and 0 interrupted iterations
r_cw_3_reason_telemetry   [   0% ] 1 VUs  00m11.0s/10m0s  0/1 shared iters

running (00m12.0s), 1/1 VUs, 0 complete and 0 interrupted iterations
r_cw_3_reason_telemetry   [   0% ] 1 VUs  00m12.0s/10m0s  0/1 shared iters

running (00m13.0s), 1/1 VUs, 0 complete and 0 interrupted iterations
r_cw_3_reason_telemetry   [   0% ] 1 VUs  00m13.0s/10m0s  0/1 shared iters
time="2026-07-08T20:20:08-07:00" level=info msg="✓ CW3-SCHEDULED sentinel observed" source=console

running (00m14.0s), 1/1 VUs, 0 complete and 0 interrupted iterations
r_cw_3_reason_telemetry   [   0% ] 1 VUs  00m14.0s/10m0s  0/1 shared iters

running (00m15.0s), 1/1 VUs, 0 complete and 0 interrupted iterations
r_cw_3_reason_telemetry   [   0% ] 1 VUs  00m15.0s/10m0s  0/1 shared iters

running (00m16.0s), 1/1 VUs, 0 complete and 0 interrupted iterations
r_cw_3_reason_telemetry   [   0% ] 1 VUs  00m16.0s/10m0s  0/1 shared iters

running (00m17.0s), 1/1 VUs, 0 complete and 0 interrupted iterations
r_cw_3_reason_telemetry   [   0% ] 1 VUs  00m17.0s/10m0s  0/1 shared iters

running (00m18.0s), 1/1 VUs, 0 complete and 0 interrupted iterations
r_cw_3_reason_telemetry   [   0% ] 1 VUs  00m18.0s/10m0s  0/1 shared iters

running (00m19.0s), 1/1 VUs, 0 complete and 0 interrupted iterations
r_cw_3_reason_telemetry   [   0% ] 1 VUs  00m19.0s/10m0s  0/1 shared iters

running (00m20.0s), 1/1 VUs, 0 complete and 0 interrupted iterations
r_cw_3_reason_telemetry   [   0% ] 1 VUs  00m20.0s/10m0s  0/1 shared iters

running (00m21.0s), 1/1 VUs, 0 complete and 0 interrupted iterations
r_cw_3_reason_telemetry   [   0% ] 1 VUs  00m21.0s/10m0s  0/1 shared iters

running (00m22.0s), 1/1 VUs, 0 complete and 0 interrupted iterations
r_cw_3_reason_telemetry   [   0% ] 1 VUs  00m22.0s/10m0s  0/1 shared iters

running (00m23.0s), 1/1 VUs, 0 complete and 0 interrupted iterations
r_cw_3_reason_telemetry   [   0% ] 1 VUs  00m23.0s/10m0s  0/1 shared iters

running (00m24.0s), 1/1 VUs, 0 complete and 0 interrupted iterations
r_cw_3_reason_telemetry   [   0% ] 1 VUs  00m24.0s/10m0s  0/1 shared iters

running (00m25.0s), 1/1 VUs, 0 complete and 0 interrupted iterations
r_cw_3_reason_telemetry   [   0% ] 1 VUs  00m25.0s/10m0s  0/1 shared iters

running (00m26.0s), 1/1 VUs, 0 complete and 0 interrupted iterations
r_cw_3_reason_telemetry   [   0% ] 1 VUs  00m26.0s/10m0s  0/1 shared iters

running (00m27.0s), 1/1 VUs, 0 complete and 0 interrupted iterations
r_cw_3_reason_telemetry   [   0% ] 1 VUs  00m27.0s/10m0s  0/1 shared iters

running (00m28.0s), 1/1 VUs, 0 complete and 0 interrupted iterations
r_cw_3_reason_telemetry   [   0% ] 1 VUs  00m28.0s/10m0s  0/1 shared iters

running (00m29.0s), 1/1 VUs, 0 complete and 0 interrupted iterations
r_cw_3_reason_telemetry   [   0% ] 1 VUs  00m29.0s/10m0s  0/1 shared iters

running (00m30.0s), 1/1 VUs, 0 complete and 0 interrupted iterations
r_cw_3_reason_telemetry   [   0% ] 1 VUs  00m30.0s/10m0s  0/1 shared iters

running (00m31.0s), 1/1 VUs, 0 complete and 0 interrupted iterations
r_cw_3_reason_telemetry   [   0% ] 1 VUs  00m31.0s/10m0s  0/1 shared iters

running (00m32.0s), 1/1 VUs, 0 complete and 0 interrupted iterations
r_cw_3_reason_telemetry   [   0% ] 1 VUs  00m32.0s/10m0s  0/1 shared iters

running (00m33.0s), 1/1 VUs, 0 complete and 0 interrupted iterations
r_cw_3_reason_telemetry   [   0% ] 1 VUs  00m33.0s/10m0s  0/1 shared iters

running (00m34.0s), 1/1 VUs, 0 complete and 0 interrupted iterations
r_cw_3_reason_telemetry   [   0% ] 1 VUs  00m34.0s/10m0s  0/1 shared iters

running (00m35.0s), 1/1 VUs, 0 complete and 0 interrupted iterations
r_cw_3_reason_telemetry   [   0% ] 1 VUs  00m35.0s/10m0s  0/1 shared iters

running (00m36.0s), 1/1 VUs, 0 complete and 0 interrupted iterations
r_cw_3_reason_telemetry   [   0% ] 1 VUs  00m36.0s/10m0s  0/1 shared iters

running (00m37.0s), 1/1 VUs, 0 complete and 0 interrupted iterations
r_cw_3_reason_telemetry   [   0% ] 1 VUs  00m37.0s/10m0s  0/1 shared iters

running (00m38.0s), 1/1 VUs, 0 complete and 0 interrupted iterations
r_cw_3_reason_telemetry   [   0% ] 1 VUs  00m38.0s/10m0s  0/1 shared iters

running (00m39.0s), 1/1 VUs, 0 complete and 0 interrupted iterations
r_cw_3_reason_telemetry   [   0% ] 1 VUs  00m39.0s/10m0s  0/1 shared iters

running (00m40.0s), 1/1 VUs, 0 complete and 0 interrupted iterations
r_cw_3_reason_telemetry   [   0% ] 1 VUs  00m40.0s/10m0s  0/1 shared iters

running (00m41.0s), 1/1 VUs, 0 complete and 0 interrupted iterations
r_cw_3_reason_telemetry   [   0% ] 1 VUs  00m41.0s/10m0s  0/1 shared iters

running (00m42.0s), 1/1 VUs, 0 complete and 0 interrupted iterations
r_cw_3_reason_telemetry   [   0% ] 1 VUs  00m42.0s/10m0s  0/1 shared iters

running (00m43.0s), 1/1 VUs, 0 complete and 0 interrupted iterations
r_cw_3_reason_telemetry   [   0% ] 1 VUs  00m43.0s/10m0s  0/1 shared iters

running (00m44.0s), 1/1 VUs, 0 complete and 0 interrupted iterations
r_cw_3_reason_telemetry   [   0% ] 1 VUs  00m44.0s/10m0s  0/1 shared iters

running (00m45.0s), 1/1 VUs, 0 complete and 0 interrupted iterations
r_cw_3_reason_telemetry   [   0% ] 1 VUs  00m45.0s/10m0s  0/1 shared iters

running (00m46.0s), 1/1 VUs, 0 complete and 0 interrupted iterations
r_cw_3_reason_telemetry   [   0% ] 1 VUs  00m46.0s/10m0s  0/1 shared iters

running (00m47.0s), 1/1 VUs, 0 complete and 0 interrupted iterations
r_cw_3_reason_telemetry   [   0% ] 1 VUs  00m47.0s/10m0s  0/1 shared iters

running (00m48.0s), 1/1 VUs, 0 complete and 0 interrupted iterations
r_cw_3_reason_telemetry   [   0% ] 1 VUs  00m48.0s/10m0s  0/1 shared iters

running (00m49.0s), 1/1 VUs, 0 complete and 0 interrupted iterations
r_cw_3_reason_telemetry   [   0% ] 1 VUs  00m49.0s/10m0s  0/1 shared iters

running (00m50.0s), 1/1 VUs, 0 complete and 0 interrupted iterations
r_cw_3_reason_telemetry   [   0% ] 1 VUs  00m50.0s/10m0s  0/1 shared iters

running (00m51.0s), 1/1 VUs, 0 complete and 0 interrupted iterations
r_cw_3_reason_telemetry   [   0% ] 1 VUs  00m51.0s/10m0s  0/1 shared iters

running (00m52.0s), 1/1 VUs, 0 complete and 0 interrupted iterations
r_cw_3_reason_telemetry   [   0% ] 1 VUs  00m52.0s/10m0s  0/1 shared iters

running (00m53.0s), 1/1 VUs, 0 complete and 0 interrupted iterations
r_cw_3_reason_telemetry   [   0% ] 1 VUs  00m53.0s/10m0s  0/1 shared iters

running (00m54.0s), 1/1 VUs, 0 complete and 0 interrupted iterations
r_cw_3_reason_telemetry   [   0% ] 1 VUs  00m54.0s/10m0s  0/1 shared iters

running (00m55.0s), 1/1 VUs, 0 complete and 0 interrupted iterations
r_cw_3_reason_telemetry   [   0% ] 1 VUs  00m55.0s/10m0s  0/1 shared iters

running (00m56.0s), 1/1 VUs, 0 complete and 0 interrupted iterations
r_cw_3_reason_telemetry   [   0% ] 1 VUs  00m56.0s/10m0s  0/1 shared iters

running (00m57.0s), 1/1 VUs, 0 complete and 0 interrupted iterations
r_cw_3_reason_telemetry   [   0% ] 1 VUs  00m57.0s/10m0s  0/1 shared iters

running (00m58.0s), 1/1 VUs, 0 complete and 0 interrupted iterations
r_cw_3_reason_telemetry   [   0% ] 1 VUs  00m58.0s/10m0s  0/1 shared iters

running (00m59.0s), 1/1 VUs, 0 complete and 0 interrupted iterations
r_cw_3_reason_telemetry   [   0% ] 1 VUs  00m59.0s/10m0s  0/1 shared iters

running (01m00.0s), 1/1 VUs, 0 complete and 0 interrupted iterations
r_cw_3_reason_telemetry   [   0% ] 1 VUs  01m00.0s/10m0s  0/1 shared iters

running (01m01.0s), 1/1 VUs, 0 complete and 0 interrupted iterations
r_cw_3_reason_telemetry   [   0% ] 1 VUs  01m01.0s/10m0s  0/1 shared iters

running (01m02.0s), 1/1 VUs, 0 complete and 0 interrupted iterations
r_cw_3_reason_telemetry   [   0% ] 1 VUs  01m02.0s/10m0s  0/1 shared iters

running (01m03.0s), 1/1 VUs, 0 complete and 0 interrupted iterations
r_cw_3_reason_telemetry   [   0% ] 1 VUs  01m03.0s/10m0s  0/1 shared iters

running (01m04.0s), 1/1 VUs, 0 complete and 0 interrupted iterations
r_cw_3_reason_telemetry   [   0% ] 1 VUs  01m04.0s/10m0s  0/1 shared iters

running (01m05.0s), 1/1 VUs, 0 complete and 0 interrupted iterations
r_cw_3_reason_telemetry   [   0% ] 1 VUs  01m05.0s/10m0s  0/1 shared iters

running (01m06.0s), 1/1 VUs, 0 complete and 0 interrupted iterations
r_cw_3_reason_telemetry   [   0% ] 1 VUs  01m06.0s/10m0s  0/1 shared iters

running (01m07.0s), 1/1 VUs, 0 complete and 0 interrupted iterations
r_cw_3_reason_telemetry   [   0% ] 1 VUs  01m07.0s/10m0s  0/1 shared iters

running (01m08.0s), 1/1 VUs, 0 complete and 0 interrupted iterations
r_cw_3_reason_telemetry   [   0% ] 1 VUs  01m08.0s/10m0s  0/1 shared iters

running (01m09.0s), 1/1 VUs, 0 complete and 0 interrupted iterations
r_cw_3_reason_telemetry   [   0% ] 1 VUs  01m09.0s/10m0s  0/1 shared iters

running (01m10.0s), 1/1 VUs, 0 complete and 0 interrupted iterations
r_cw_3_reason_telemetry   [   0% ] 1 VUs  01m10.0s/10m0s  0/1 shared iters

running (01m11.0s), 1/1 VUs, 0 complete and 0 interrupted iterations
r_cw_3_reason_telemetry   [   0% ] 1 VUs  01m11.0s/10m0s  0/1 shared iters

running (01m12.0s), 1/1 VUs, 0 complete and 0 interrupted iterations
r_cw_3_reason_telemetry   [   0% ] 1 VUs  01m12.0s/10m0s  0/1 shared iters

running (01m13.0s), 1/1 VUs, 0 complete and 0 interrupted iterations
r_cw_3_reason_telemetry   [   0% ] 1 VUs  01m13.0s/10m0s  0/1 shared iters

running (01m14.0s), 1/1 VUs, 0 complete and 0 interrupted iterations
r_cw_3_reason_telemetry   [   0% ] 1 VUs  01m14.0s/10m0s  0/1 shared iters

running (01m15.0s), 1/1 VUs, 0 complete and 0 interrupted iterations
r_cw_3_reason_telemetry   [   0% ] 1 VUs  01m15.0s/10m0s  0/1 shared iters

running (01m16.0s), 1/1 VUs, 0 complete and 0 interrupted iterations
r_cw_3_reason_telemetry   [   0% ] 1 VUs  01m16.0s/10m0s  0/1 shared iters

running (01m17.0s), 1/1 VUs, 0 complete and 0 interrupted iterations
r_cw_3_reason_telemetry   [   0% ] 1 VUs  01m17.0s/10m0s  0/1 shared iters

running (01m18.0s), 1/1 VUs, 0 complete and 0 interrupted iterations
r_cw_3_reason_telemetry   [   0% ] 1 VUs  01m18.0s/10m0s  0/1 shared iters

running (01m19.0s), 1/1 VUs, 0 complete and 0 interrupted iterations
r_cw_3_reason_telemetry   [   0% ] 1 VUs  01m19.0s/10m0s  0/1 shared iters

running (01m20.0s), 1/1 VUs, 0 complete and 0 interrupted iterations
r_cw_3_reason_telemetry   [   0% ] 1 VUs  01m20.0s/10m0s  0/1 shared iters

running (01m21.0s), 1/1 VUs, 0 complete and 0 interrupted iterations
r_cw_3_reason_telemetry   [   0% ] 1 VUs  01m21.0s/10m0s  0/1 shared iters

running (01m22.0s), 1/1 VUs, 0 complete and 0 interrupted iterations
r_cw_3_reason_telemetry   [   0% ] 1 VUs  01m22.0s/10m0s  0/1 shared iters

running (01m23.0s), 1/1 VUs, 0 complete and 0 interrupted iterations
r_cw_3_reason_telemetry   [   0% ] 1 VUs  01m23.0s/10m0s  0/1 shared iters

running (01m24.0s), 1/1 VUs, 0 complete and 0 interrupted iterations
r_cw_3_reason_telemetry   [   0% ] 1 VUs  01m24.0s/10m0s  0/1 shared iters

running (01m25.0s), 1/1 VUs, 0 complete and 0 interrupted iterations
r_cw_3_reason_telemetry   [   0% ] 1 VUs  01m25.0s/10m0s  0/1 shared iters

running (01m26.0s), 1/1 VUs, 0 complete and 0 interrupted iterations
r_cw_3_reason_telemetry   [   0% ] 1 VUs  01m26.0s/10m0s  0/1 shared iters

running (01m27.0s), 1/1 VUs, 0 complete and 0 interrupted iterations
r_cw_3_reason_telemetry   [   0% ] 1 VUs  01m27.0s/10m0s  0/1 shared iters

running (01m28.0s), 1/1 VUs, 0 complete and 0 interrupted iterations
r_cw_3_reason_telemetry   [   0% ] 1 VUs  01m28.0s/10m0s  0/1 shared iters

running (01m29.0s), 1/1 VUs, 0 complete and 0 interrupted iterations
r_cw_3_reason_telemetry   [   0% ] 1 VUs  01m29.0s/10m0s  0/1 shared iters

running (01m30.0s), 1/1 VUs, 0 complete and 0 interrupted iterations
r_cw_3_reason_telemetry   [   0% ] 1 VUs  01m30.0s/10m0s  0/1 shared iters

running (01m31.0s), 1/1 VUs, 0 complete and 0 interrupted iterations
r_cw_3_reason_telemetry   [   0% ] 1 VUs  01m31.0s/10m0s  0/1 shared iters

running (01m32.0s), 1/1 VUs, 0 complete and 0 interrupted iterations
r_cw_3_reason_telemetry   [   0% ] 1 VUs  01m32.0s/10m0s  0/1 shared iters

running (01m33.0s), 1/1 VUs, 0 complete and 0 interrupted iterations
r_cw_3_reason_telemetry   [   0% ] 1 VUs  01m33.0s/10m0s  0/1 shared iters

running (01m34.0s), 1/1 VUs, 0 complete and 0 interrupted iterations
r_cw_3_reason_telemetry   [   0% ] 1 VUs  01m34.0s/10m0s  0/1 shared iters

running (01m35.0s), 1/1 VUs, 0 complete and 0 interrupted iterations
r_cw_3_reason_telemetry   [   0% ] 1 VUs  01m35.0s/10m0s  0/1 shared iters

running (01m36.0s), 1/1 VUs, 0 complete and 0 interrupted iterations
r_cw_3_reason_telemetry   [   0% ] 1 VUs  01m36.0s/10m0s  0/1 shared iters

running (01m37.0s), 1/1 VUs, 0 complete and 0 interrupted iterations
r_cw_3_reason_telemetry   [   0% ] 1 VUs  01m37.0s/10m0s  0/1 shared iters

running (01m38.0s), 1/1 VUs, 0 complete and 0 interrupted iterations
r_cw_3_reason_telemetry   [   0% ] 1 VUs  01m38.0s/10m0s  0/1 shared iters

running (01m39.0s), 1/1 VUs, 0 complete and 0 interrupted iterations
r_cw_3_reason_telemetry   [   0% ] 1 VUs  01m39.0s/10m0s  0/1 shared iters

running (01m40.0s), 1/1 VUs, 0 complete and 0 interrupted iterations
r_cw_3_reason_telemetry   [   0% ] 1 VUs  01m40.0s/10m0s  0/1 shared iters

running (01m41.0s), 1/1 VUs, 0 complete and 0 interrupted iterations
r_cw_3_reason_telemetry   [   0% ] 1 VUs  01m41.0s/10m0s  0/1 shared iters

running (01m42.0s), 1/1 VUs, 0 complete and 0 interrupted iterations
r_cw_3_reason_telemetry   [   0% ] 1 VUs  01m42.0s/10m0s  0/1 shared iters

running (01m43.0s), 1/1 VUs, 0 complete and 0 interrupted iterations
r_cw_3_reason_telemetry   [   0% ] 1 VUs  01m43.0s/10m0s  0/1 shared iters

running (01m44.0s), 1/1 VUs, 0 complete and 0 interrupted iterations
r_cw_3_reason_telemetry   [   0% ] 1 VUs  01m44.0s/10m0s  0/1 shared iters

running (01m45.0s), 1/1 VUs, 0 complete and 0 interrupted iterations
r_cw_3_reason_telemetry   [   0% ] 1 VUs  01m45.0s/10m0s  0/1 shared iters

running (01m46.0s), 1/1 VUs, 0 complete and 0 interrupted iterations
r_cw_3_reason_telemetry   [   0% ] 1 VUs  01m46.0s/10m0s  0/1 shared iters

running (01m47.0s), 1/1 VUs, 0 complete and 0 interrupted iterations
r_cw_3_reason_telemetry   [   0% ] 1 VUs  01m47.0s/10m0s  0/1 shared iters

running (01m48.0s), 1/1 VUs, 0 complete and 0 interrupted iterations
r_cw_3_reason_telemetry   [   0% ] 1 VUs  01m48.0s/10m0s  0/1 shared iters

running (01m49.0s), 1/1 VUs, 0 complete and 0 interrupted iterations
r_cw_3_reason_telemetry   [   0% ] 1 VUs  01m49.0s/10m0s  0/1 shared iters

running (01m50.0s), 1/1 VUs, 0 complete and 0 interrupted iterations
r_cw_3_reason_telemetry   [   0% ] 1 VUs  01m50.0s/10m0s  0/1 shared iters

running (01m51.0s), 1/1 VUs, 0 complete and 0 interrupted iterations
r_cw_3_reason_telemetry   [   0% ] 1 VUs  01m51.0s/10m0s  0/1 shared iters

running (01m52.0s), 1/1 VUs, 0 complete and 0 interrupted iterations
r_cw_3_reason_telemetry   [   0% ] 1 VUs  01m52.0s/10m0s  0/1 shared iters

running (01m53.0s), 1/1 VUs, 0 complete and 0 interrupted iterations
r_cw_3_reason_telemetry   [   0% ] 1 VUs  01m53.0s/10m0s  0/1 shared iters

running (01m54.0s), 1/1 VUs, 0 complete and 0 interrupted iterations
r_cw_3_reason_telemetry   [   0% ] 1 VUs  01m54.0s/10m0s  0/1 shared iters

running (01m55.0s), 1/1 VUs, 0 complete and 0 interrupted iterations
r_cw_3_reason_telemetry   [   0% ] 1 VUs  01m55.0s/10m0s  0/1 shared iters

running (01m56.0s), 1/1 VUs, 0 complete and 0 interrupted iterations
r_cw_3_reason_telemetry   [   0% ] 1 VUs  01m56.0s/10m0s  0/1 shared iters

running (01m57.0s), 1/1 VUs, 0 complete and 0 interrupted iterations
r_cw_3_reason_telemetry   [   0% ] 1 VUs  01m57.0s/10m0s  0/1 shared iters

running (01m58.0s), 1/1 VUs, 0 complete and 0 interrupted iterations
r_cw_3_reason_telemetry   [   0% ] 1 VUs  01m58.0s/10m0s  0/1 shared iters

running (01m59.0s), 1/1 VUs, 0 complete and 0 interrupted iterations
r_cw_3_reason_telemetry   [   0% ] 1 VUs  01m59.0s/10m0s  0/1 shared iters

running (02m00.0s), 1/1 VUs, 0 complete and 0 interrupted iterations
r_cw_3_reason_telemetry   [   0% ] 1 VUs  02m00.0s/10m0s  0/1 shared iters

running (02m01.0s), 1/1 VUs, 0 complete and 0 interrupted iterations
r_cw_3_reason_telemetry   [   0% ] 1 VUs  02m01.0s/10m0s  0/1 shared iters

running (02m02.0s), 1/1 VUs, 0 complete and 0 interrupted iterations
r_cw_3_reason_telemetry   [   0% ] 1 VUs  02m02.0s/10m0s  0/1 shared iters

running (02m03.0s), 1/1 VUs, 0 complete and 0 interrupted iterations
r_cw_3_reason_telemetry   [   0% ] 1 VUs  02m03.0s/10m0s  0/1 shared iters

running (02m04.0s), 1/1 VUs, 0 complete and 0 interrupted iterations
r_cw_3_reason_telemetry   [   0% ] 1 VUs  02m04.0s/10m0s  0/1 shared iters

running (02m05.0s), 1/1 VUs, 0 complete and 0 interrupted iterations
r_cw_3_reason_telemetry   [   0% ] 1 VUs  02m05.0s/10m0s  0/1 shared iters

running (02m06.0s), 1/1 VUs, 0 complete and 0 interrupted iterations
r_cw_3_reason_telemetry   [   0% ] 1 VUs  02m06.0s/10m0s  0/1 shared iters

running (02m07.0s), 1/1 VUs, 0 complete and 0 interrupted iterations
r_cw_3_reason_telemetry   [   0% ] 1 VUs  02m07.0s/10m0s  0/1 shared iters

running (02m08.0s), 1/1 VUs, 0 complete and 0 interrupted iterations
r_cw_3_reason_telemetry   [   0% ] 1 VUs  02m08.0s/10m0s  0/1 shared iters

running (02m09.0s), 1/1 VUs, 0 complete and 0 interrupted iterations
r_cw_3_reason_telemetry   [   0% ] 1 VUs  02m09.0s/10m0s  0/1 shared iters

running (02m10.0s), 1/1 VUs, 0 complete and 0 interrupted iterations
r_cw_3_reason_telemetry   [   0% ] 1 VUs  02m10.0s/10m0s  0/1 shared iters

running (02m11.0s), 1/1 VUs, 0 complete and 0 interrupted iterations
r_cw_3_reason_telemetry   [   0% ] 1 VUs  02m11.0s/10m0s  0/1 shared iters

running (02m12.0s), 1/1 VUs, 0 complete and 0 interrupted iterations
r_cw_3_reason_telemetry   [   0% ] 1 VUs  02m12.0s/10m0s  0/1 shared iters

running (02m13.0s), 1/1 VUs, 0 complete and 0 interrupted iterations
r_cw_3_reason_telemetry   [   0% ] 1 VUs  02m13.0s/10m0s  0/1 shared iters

running (02m14.0s), 1/1 VUs, 0 complete and 0 interrupted iterations
r_cw_3_reason_telemetry   [   0% ] 1 VUs  02m14.0s/10m0s  0/1 shared iters

running (02m15.0s), 1/1 VUs, 0 complete and 0 interrupted iterations
r_cw_3_reason_telemetry   [   0% ] 1 VUs  02m15.0s/10m0s  0/1 shared iters

running (02m16.0s), 1/1 VUs, 0 complete and 0 interrupted iterations
r_cw_3_reason_telemetry   [   0% ] 1 VUs  02m16.0s/10m0s  0/1 shared iters

running (02m17.0s), 1/1 VUs, 0 complete and 0 interrupted iterations
r_cw_3_reason_telemetry   [   0% ] 1 VUs  02m17.0s/10m0s  0/1 shared iters

running (02m18.0s), 1/1 VUs, 0 complete and 0 interrupted iterations
r_cw_3_reason_telemetry   [   0% ] 1 VUs  02m18.0s/10m0s  0/1 shared iters

running (02m19.0s), 1/1 VUs, 0 complete and 0 interrupted iterations
r_cw_3_reason_telemetry   [   0% ] 1 VUs  02m19.0s/10m0s  0/1 shared iters

running (02m20.0s), 1/1 VUs, 0 complete and 0 interrupted iterations
r_cw_3_reason_telemetry   [   0% ] 1 VUs  02m20.0s/10m0s  0/1 shared iters

running (02m21.0s), 1/1 VUs, 0 complete and 0 interrupted iterations
r_cw_3_reason_telemetry   [   0% ] 1 VUs  02m21.0s/10m0s  0/1 shared iters

running (02m22.0s), 1/1 VUs, 0 complete and 0 interrupted iterations
r_cw_3_reason_telemetry   [   0% ] 1 VUs  02m22.0s/10m0s  0/1 shared iters

running (02m23.0s), 1/1 VUs, 0 complete and 0 interrupted iterations
r_cw_3_reason_telemetry   [   0% ] 1 VUs  02m23.0s/10m0s  0/1 shared iters

running (02m24.0s), 1/1 VUs, 0 complete and 0 interrupted iterations
r_cw_3_reason_telemetry   [   0% ] 1 VUs  02m24.0s/10m0s  0/1 shared iters

running (02m25.0s), 1/1 VUs, 0 complete and 0 interrupted iterations
r_cw_3_reason_telemetry   [   0% ] 1 VUs  02m25.0s/10m0s  0/1 shared iters

running (02m26.0s), 1/1 VUs, 0 complete and 0 interrupted iterations
r_cw_3_reason_telemetry   [   0% ] 1 VUs  02m26.0s/10m0s  0/1 shared iters

running (02m27.0s), 1/1 VUs, 0 complete and 0 interrupted iterations
r_cw_3_reason_telemetry   [   0% ] 1 VUs  02m27.0s/10m0s  0/1 shared iters

running (02m28.0s), 1/1 VUs, 0 complete and 0 interrupted iterations
r_cw_3_reason_telemetry   [   0% ] 1 VUs  02m28.0s/10m0s  0/1 shared iters

running (02m29.0s), 1/1 VUs, 0 complete and 0 interrupted iterations
r_cw_3_reason_telemetry   [   0% ] 1 VUs  02m29.0s/10m0s  0/1 shared iters

running (02m30.0s), 1/1 VUs, 0 complete and 0 interrupted iterations
r_cw_3_reason_telemetry   [   0% ] 1 VUs  02m30.0s/10m0s  0/1 shared iters

running (02m31.0s), 1/1 VUs, 0 complete and 0 interrupted iterations
r_cw_3_reason_telemetry   [   0% ] 1 VUs  02m31.0s/10m0s  0/1 shared iters

running (02m32.0s), 1/1 VUs, 0 complete and 0 interrupted iterations
r_cw_3_reason_telemetry   [   0% ] 1 VUs  02m32.0s/10m0s  0/1 shared iters

running (02m33.0s), 1/1 VUs, 0 complete and 0 interrupted iterations
r_cw_3_reason_telemetry   [   0% ] 1 VUs  02m33.0s/10m0s  0/1 shared iters

running (02m34.0s), 1/1 VUs, 0 complete and 0 interrupted iterations
r_cw_3_reason_telemetry   [   0% ] 1 VUs  02m34.0s/10m0s  0/1 shared iters

running (02m35.0s), 1/1 VUs, 0 complete and 0 interrupted iterations
r_cw_3_reason_telemetry   [   0% ] 1 VUs  02m35.0s/10m0s  0/1 shared iters

running (02m36.0s), 1/1 VUs, 0 complete and 0 interrupted iterations
r_cw_3_reason_telemetry   [   0% ] 1 VUs  02m36.0s/10m0s  0/1 shared iters

running (02m37.0s), 1/1 VUs, 0 complete and 0 interrupted iterations
r_cw_3_reason_telemetry   [   0% ] 1 VUs  02m37.0s/10m0s  0/1 shared iters

running (02m38.0s), 1/1 VUs, 0 complete and 0 interrupted iterations
r_cw_3_reason_telemetry   [   0% ] 1 VUs  02m38.0s/10m0s  0/1 shared iters

running (02m39.0s), 1/1 VUs, 0 complete and 0 interrupted iterations
r_cw_3_reason_telemetry   [   0% ] 1 VUs  02m39.0s/10m0s  0/1 shared iters

running (02m40.0s), 1/1 VUs, 0 complete and 0 interrupted iterations
r_cw_3_reason_telemetry   [   0% ] 1 VUs  02m40.0s/10m0s  0/1 shared iters

running (02m41.0s), 1/1 VUs, 0 complete and 0 interrupted iterations
r_cw_3_reason_telemetry   [   0% ] 1 VUs  02m41.0s/10m0s  0/1 shared iters

running (02m42.0s), 1/1 VUs, 0 complete and 0 interrupted iterations
r_cw_3_reason_telemetry   [   0% ] 1 VUs  02m42.0s/10m0s  0/1 shared iters

running (02m43.0s), 1/1 VUs, 0 complete and 0 interrupted iterations
r_cw_3_reason_telemetry   [   0% ] 1 VUs  02m43.0s/10m0s  0/1 shared iters

running (02m44.0s), 1/1 VUs, 0 complete and 0 interrupted iterations
r_cw_3_reason_telemetry   [   0% ] 1 VUs  02m44.0s/10m0s  0/1 shared iters

running (02m45.0s), 1/1 VUs, 0 complete and 0 interrupted iterations
r_cw_3_reason_telemetry   [   0% ] 1 VUs  02m45.0s/10m0s  0/1 shared iters

running (02m46.0s), 1/1 VUs, 0 complete and 0 interrupted iterations
r_cw_3_reason_telemetry   [   0% ] 1 VUs  02m46.0s/10m0s  0/1 shared iters

running (02m47.0s), 1/1 VUs, 0 complete and 0 interrupted iterations
r_cw_3_reason_telemetry   [   0% ] 1 VUs  02m47.0s/10m0s  0/1 shared iters

running (02m48.0s), 1/1 VUs, 0 complete and 0 interrupted iterations
r_cw_3_reason_telemetry   [   0% ] 1 VUs  02m48.0s/10m0s  0/1 shared iters

running (02m49.0s), 1/1 VUs, 0 complete and 0 interrupted iterations
r_cw_3_reason_telemetry   [   0% ] 1 VUs  02m49.0s/10m0s  0/1 shared iters

running (02m50.0s), 1/1 VUs, 0 complete and 0 interrupted iterations
r_cw_3_reason_telemetry   [   0% ] 1 VUs  02m50.0s/10m0s  0/1 shared iters

running (02m51.0s), 1/1 VUs, 0 complete and 0 interrupted iterations
r_cw_3_reason_telemetry   [   0% ] 1 VUs  02m51.0s/10m0s  0/1 shared iters

running (02m52.0s), 1/1 VUs, 0 complete and 0 interrupted iterations
r_cw_3_reason_telemetry   [   0% ] 1 VUs  02m52.0s/10m0s  0/1 shared iters

running (02m53.0s), 1/1 VUs, 0 complete and 0 interrupted iterations
r_cw_3_reason_telemetry   [   0% ] 1 VUs  02m53.0s/10m0s  0/1 shared iters

running (02m54.0s), 1/1 VUs, 0 complete and 0 interrupted iterations
r_cw_3_reason_telemetry   [   0% ] 1 VUs  02m54.0s/10m0s  0/1 shared iters

running (02m55.0s), 1/1 VUs, 0 complete and 0 interrupted iterations
r_cw_3_reason_telemetry   [   0% ] 1 VUs  02m55.0s/10m0s  0/1 shared iters

running (02m56.0s), 1/1 VUs, 0 complete and 0 interrupted iterations
r_cw_3_reason_telemetry   [   0% ] 1 VUs  02m56.0s/10m0s  0/1 shared iters

running (02m57.0s), 1/1 VUs, 0 complete and 0 interrupted iterations
r_cw_3_reason_telemetry   [   0% ] 1 VUs  02m57.0s/10m0s  0/1 shared iters

running (02m58.0s), 1/1 VUs, 0 complete and 0 interrupted iterations
r_cw_3_reason_telemetry   [   0% ] 1 VUs  02m58.0s/10m0s  0/1 shared iters

running (02m59.0s), 1/1 VUs, 0 complete and 0 interrupted iterations
r_cw_3_reason_telemetry   [   0% ] 1 VUs  02m59.0s/10m0s  0/1 shared iters

running (03m00.0s), 1/1 VUs, 0 complete and 0 interrupted iterations
r_cw_3_reason_telemetry   [   0% ] 1 VUs  03m00.0s/10m0s  0/1 shared iters

running (03m01.0s), 1/1 VUs, 0 complete and 0 interrupted iterations
r_cw_3_reason_telemetry   [   0% ] 1 VUs  03m01.0s/10m0s  0/1 shared iters

running (03m02.0s), 1/1 VUs, 0 complete and 0 interrupted iterations
r_cw_3_reason_telemetry   [   0% ] 1 VUs  03m02.0s/10m0s  0/1 shared iters

running (03m03.0s), 1/1 VUs, 0 complete and 0 interrupted iterations
r_cw_3_reason_telemetry   [   0% ] 1 VUs  03m03.0s/10m0s  0/1 shared iters

running (03m04.0s), 1/1 VUs, 0 complete and 0 interrupted iterations
r_cw_3_reason_telemetry   [   0% ] 1 VUs  03m04.0s/10m0s  0/1 shared iters

running (03m05.0s), 1/1 VUs, 0 complete and 0 interrupted iterations
r_cw_3_reason_telemetry   [   0% ] 1 VUs  03m05.0s/10m0s  0/1 shared iters

running (03m06.0s), 1/1 VUs, 0 complete and 0 interrupted iterations
r_cw_3_reason_telemetry   [   0% ] 1 VUs  03m06.0s/10m0s  0/1 shared iters

running (03m07.0s), 1/1 VUs, 0 complete and 0 interrupted iterations
r_cw_3_reason_telemetry   [   0% ] 1 VUs  03m07.0s/10m0s  0/1 shared iters

running (03m08.0s), 1/1 VUs, 0 complete and 0 interrupted iterations
r_cw_3_reason_telemetry   [   0% ] 1 VUs  03m08.0s/10m0s  0/1 shared iters

running (03m09.0s), 1/1 VUs, 0 complete and 0 interrupted iterations
r_cw_3_reason_telemetry   [   0% ] 1 VUs  03m09.0s/10m0s  0/1 shared iters

running (03m10.0s), 1/1 VUs, 0 complete and 0 interrupted iterations
r_cw_3_reason_telemetry   [   0% ] 1 VUs  03m10.0s/10m0s  0/1 shared iters

running (03m11.0s), 1/1 VUs, 0 complete and 0 interrupted iterations
r_cw_3_reason_telemetry   [   0% ] 1 VUs  03m11.0s/10m0s  0/1 shared iters

running (03m12.0s), 1/1 VUs, 0 complete and 0 interrupted iterations
r_cw_3_reason_telemetry   [   0% ] 1 VUs  03m12.0s/10m0s  0/1 shared iters

running (03m13.0s), 1/1 VUs, 0 complete and 0 interrupted iterations
r_cw_3_reason_telemetry   [   0% ] 1 VUs  03m13.0s/10m0s  0/1 shared iters

running (03m14.0s), 1/1 VUs, 0 complete and 0 interrupted iterations
r_cw_3_reason_telemetry   [   0% ] 1 VUs  03m14.0s/10m0s  0/1 shared iters

running (03m15.0s), 1/1 VUs, 0 complete and 0 interrupted iterations
r_cw_3_reason_telemetry   [   0% ] 1 VUs  03m15.0s/10m0s  0/1 shared iters

running (03m16.0s), 1/1 VUs, 0 complete and 0 interrupted iterations
r_cw_3_reason_telemetry   [   0% ] 1 VUs  03m16.0s/10m0s  0/1 shared iters

running (03m17.0s), 1/1 VUs, 0 complete and 0 interrupted iterations
r_cw_3_reason_telemetry   [   0% ] 1 VUs  03m17.0s/10m0s  0/1 shared iters

running (03m18.0s), 1/1 VUs, 0 complete and 0 interrupted iterations
r_cw_3_reason_telemetry   [   0% ] 1 VUs  03m18.0s/10m0s  0/1 shared iters

running (03m19.0s), 1/1 VUs, 0 complete and 0 interrupted iterations
r_cw_3_reason_telemetry   [   0% ] 1 VUs  03m19.0s/10m0s  0/1 shared iters

running (03m20.0s), 1/1 VUs, 0 complete and 0 interrupted iterations
r_cw_3_reason_telemetry   [   0% ] 1 VUs  03m20.0s/10m0s  0/1 shared iters

running (03m21.0s), 1/1 VUs, 0 complete and 0 interrupted iterations
r_cw_3_reason_telemetry   [   0% ] 1 VUs  03m21.0s/10m0s  0/1 shared iters

running (03m22.0s), 1/1 VUs, 0 complete and 0 interrupted iterations
r_cw_3_reason_telemetry   [   0% ] 1 VUs  03m22.0s/10m0s  0/1 shared iters

running (03m23.0s), 1/1 VUs, 0 complete and 0 interrupted iterations
r_cw_3_reason_telemetry   [   0% ] 1 VUs  03m23.0s/10m0s  0/1 shared iters

running (03m24.0s), 1/1 VUs, 0 complete and 0 interrupted iterations
r_cw_3_reason_telemetry   [   0% ] 1 VUs  03m24.0s/10m0s  0/1 shared iters

running (03m25.0s), 1/1 VUs, 0 complete and 0 interrupted iterations
r_cw_3_reason_telemetry   [   0% ] 1 VUs  03m25.0s/10m0s  0/1 shared iters

running (03m26.0s), 1/1 VUs, 0 complete and 0 interrupted iterations
r_cw_3_reason_telemetry   [   0% ] 1 VUs  03m26.0s/10m0s  0/1 shared iters

running (03m27.0s), 1/1 VUs, 0 complete and 0 interrupted iterations
r_cw_3_reason_telemetry   [   0% ] 1 VUs  03m27.0s/10m0s  0/1 shared iters

running (03m28.0s), 1/1 VUs, 0 complete and 0 interrupted iterations
r_cw_3_reason_telemetry   [   0% ] 1 VUs  03m28.0s/10m0s  0/1 shared iters

running (03m29.0s), 1/1 VUs, 0 complete and 0 interrupted iterations
r_cw_3_reason_telemetry   [   0% ] 1 VUs  03m29.0s/10m0s  0/1 shared iters

running (03m30.0s), 1/1 VUs, 0 complete and 0 interrupted iterations
r_cw_3_reason_telemetry   [   0% ] 1 VUs  03m30.0s/10m0s  0/1 shared iters

running (03m31.0s), 1/1 VUs, 0 complete and 0 interrupted iterations
r_cw_3_reason_telemetry   [   0% ] 1 VUs  03m31.0s/10m0s  0/1 shared iters

running (03m32.0s), 1/1 VUs, 0 complete and 0 interrupted iterations
r_cw_3_reason_telemetry   [   0% ] 1 VUs  03m32.0s/10m0s  0/1 shared iters

running (03m33.0s), 1/1 VUs, 0 complete and 0 interrupted iterations
r_cw_3_reason_telemetry   [   0% ] 1 VUs  03m33.0s/10m0s  0/1 shared iters

running (03m34.0s), 1/1 VUs, 0 complete and 0 interrupted iterations
r_cw_3_reason_telemetry   [   0% ] 1 VUs  03m34.0s/10m0s  0/1 shared iters

running (03m35.0s), 1/1 VUs, 0 complete and 0 interrupted iterations
r_cw_3_reason_telemetry   [   0% ] 1 VUs  03m35.0s/10m0s  0/1 shared iters

running (03m36.0s), 1/1 VUs, 0 complete and 0 interrupted iterations
r_cw_3_reason_telemetry   [   0% ] 1 VUs  03m36.0s/10m0s  0/1 shared iters

running (03m37.0s), 1/1 VUs, 0 complete and 0 interrupted iterations
r_cw_3_reason_telemetry   [   0% ] 1 VUs  03m37.0s/10m0s  0/1 shared iters

running (03m38.0s), 1/1 VUs, 0 complete and 0 interrupted iterations
r_cw_3_reason_telemetry   [   0% ] 1 VUs  03m38.0s/10m0s  0/1 shared iters

running (03m39.0s), 1/1 VUs, 0 complete and 0 interrupted iterations
r_cw_3_reason_telemetry   [   0% ] 1 VUs  03m39.0s/10m0s  0/1 shared iters

running (03m40.0s), 1/1 VUs, 0 complete and 0 interrupted iterations
r_cw_3_reason_telemetry   [   0% ] 1 VUs  03m40.0s/10m0s  0/1 shared iters

running (03m41.0s), 1/1 VUs, 0 complete and 0 interrupted iterations
r_cw_3_reason_telemetry   [   0% ] 1 VUs  03m41.0s/10m0s  0/1 shared iters

running (03m42.0s), 1/1 VUs, 0 complete and 0 interrupted iterations
r_cw_3_reason_telemetry   [   0% ] 1 VUs  03m42.0s/10m0s  0/1 shared iters

running (03m43.0s), 1/1 VUs, 0 complete and 0 interrupted iterations
r_cw_3_reason_telemetry   [   0% ] 1 VUs  03m43.0s/10m0s  0/1 shared iters

running (03m44.0s), 1/1 VUs, 0 complete and 0 interrupted iterations
r_cw_3_reason_telemetry   [   0% ] 1 VUs  03m44.0s/10m0s  0/1 shared iters

running (03m45.0s), 1/1 VUs, 0 complete and 0 interrupted iterations
r_cw_3_reason_telemetry   [   0% ] 1 VUs  03m45.0s/10m0s  0/1 shared iters

running (03m46.0s), 1/1 VUs, 0 complete and 0 interrupted iterations
r_cw_3_reason_telemetry   [   0% ] 1 VUs  03m46.0s/10m0s  0/1 shared iters

running (03m47.0s), 1/1 VUs, 0 complete and 0 interrupted iterations
r_cw_3_reason_telemetry   [   0% ] 1 VUs  03m47.0s/10m0s  0/1 shared iters

running (03m48.0s), 1/1 VUs, 0 complete and 0 interrupted iterations
r_cw_3_reason_telemetry   [   0% ] 1 VUs  03m48.0s/10m0s  0/1 shared iters

running (03m49.0s), 1/1 VUs, 0 complete and 0 interrupted iterations
r_cw_3_reason_telemetry   [   0% ] 1 VUs  03m49.0s/10m0s  0/1 shared iters

running (03m50.0s), 1/1 VUs, 0 complete and 0 interrupted iterations
r_cw_3_reason_telemetry   [   0% ] 1 VUs  03m50.0s/10m0s  0/1 shared iters

running (03m51.0s), 1/1 VUs, 0 complete and 0 interrupted iterations
r_cw_3_reason_telemetry   [   0% ] 1 VUs  03m51.0s/10m0s  0/1 shared iters

running (03m52.0s), 1/1 VUs, 0 complete and 0 interrupted iterations
r_cw_3_reason_telemetry   [   0% ] 1 VUs  03m52.0s/10m0s  0/1 shared iters

running (03m53.0s), 1/1 VUs, 0 complete and 0 interrupted iterations
r_cw_3_reason_telemetry   [   0% ] 1 VUs  03m53.0s/10m0s  0/1 shared iters

running (03m54.0s), 1/1 VUs, 0 complete and 0 interrupted iterations
r_cw_3_reason_telemetry   [   0% ] 1 VUs  03m54.0s/10m0s  0/1 shared iters

running (03m55.0s), 1/1 VUs, 0 complete and 0 interrupted iterations
r_cw_3_reason_telemetry   [   0% ] 1 VUs  03m55.0s/10m0s  0/1 shared iters

running (03m56.0s), 1/1 VUs, 0 complete and 0 interrupted iterations
r_cw_3_reason_telemetry   [   0% ] 1 VUs  03m56.0s/10m0s  0/1 shared iters

running (03m57.0s), 1/1 VUs, 0 complete and 0 interrupted iterations
r_cw_3_reason_telemetry   [   0% ] 1 VUs  03m57.0s/10m0s  0/1 shared iters

running (03m58.0s), 1/1 VUs, 0 complete and 0 interrupted iterations
r_cw_3_reason_telemetry   [   0% ] 1 VUs  03m58.0s/10m0s  0/1 shared iters

running (03m59.0s), 1/1 VUs, 0 complete and 0 interrupted iterations
r_cw_3_reason_telemetry   [   0% ] 1 VUs  03m59.0s/10m0s  0/1 shared iters

running (04m00.0s), 1/1 VUs, 0 complete and 0 interrupted iterations
r_cw_3_reason_telemetry   [   0% ] 1 VUs  04m00.0s/10m0s  0/1 shared iters

running (04m01.0s), 1/1 VUs, 0 complete and 0 interrupted iterations
r_cw_3_reason_telemetry   [   0% ] 1 VUs  04m01.0s/10m0s  0/1 shared iters

running (04m02.0s), 1/1 VUs, 0 complete and 0 interrupted iterations
r_cw_3_reason_telemetry   [   0% ] 1 VUs  04m02.0s/10m0s  0/1 shared iters

running (04m03.0s), 1/1 VUs, 0 complete and 0 interrupted iterations
r_cw_3_reason_telemetry   [   0% ] 1 VUs  04m03.0s/10m0s  0/1 shared iters

running (04m04.0s), 1/1 VUs, 0 complete and 0 interrupted iterations
r_cw_3_reason_telemetry   [   0% ] 1 VUs  04m04.0s/10m0s  0/1 shared iters

running (04m05.0s), 1/1 VUs, 0 complete and 0 interrupted iterations
r_cw_3_reason_telemetry   [   0% ] 1 VUs  04m05.0s/10m0s  0/1 shared iters

running (04m06.0s), 1/1 VUs, 0 complete and 0 interrupted iterations
r_cw_3_reason_telemetry   [   0% ] 1 VUs  04m06.0s/10m0s  0/1 shared iters

running (04m07.0s), 1/1 VUs, 0 complete and 0 interrupted iterations
r_cw_3_reason_telemetry   [   0% ] 1 VUs  04m07.0s/10m0s  0/1 shared iters

running (04m08.0s), 1/1 VUs, 0 complete and 0 interrupted iterations
r_cw_3_reason_telemetry   [   0% ] 1 VUs  04m08.0s/10m0s  0/1 shared iters

running (04m09.0s), 1/1 VUs, 0 complete and 0 interrupted iterations
r_cw_3_reason_telemetry   [   0% ] 1 VUs  04m09.0s/10m0s  0/1 shared iters

running (04m10.0s), 1/1 VUs, 0 complete and 0 interrupted iterations
r_cw_3_reason_telemetry   [   0% ] 1 VUs  04m10.0s/10m0s  0/1 shared iters

running (04m11.0s), 1/1 VUs, 0 complete and 0 interrupted iterations
r_cw_3_reason_telemetry   [   0% ] 1 VUs  04m11.0s/10m0s  0/1 shared iters

running (04m12.0s), 1/1 VUs, 0 complete and 0 interrupted iterations
r_cw_3_reason_telemetry   [   0% ] 1 VUs  04m12.0s/10m0s  0/1 shared iters

running (04m13.0s), 1/1 VUs, 0 complete and 0 interrupted iterations
r_cw_3_reason_telemetry   [   0% ] 1 VUs  04m13.0s/10m0s  0/1 shared iters

running (04m14.0s), 1/1 VUs, 0 complete and 0 interrupted iterations
r_cw_3_reason_telemetry   [   0% ] 1 VUs  04m14.0s/10m0s  0/1 shared iters

running (04m15.0s), 1/1 VUs, 0 complete and 0 interrupted iterations
r_cw_3_reason_telemetry   [   0% ] 1 VUs  04m15.0s/10m0s  0/1 shared iters

running (04m16.0s), 1/1 VUs, 0 complete and 0 interrupted iterations
r_cw_3_reason_telemetry   [   0% ] 1 VUs  04m16.0s/10m0s  0/1 shared iters

running (04m17.0s), 1/1 VUs, 0 complete and 0 interrupted iterations
r_cw_3_reason_telemetry   [   0% ] 1 VUs  04m17.0s/10m0s  0/1 shared iters

running (04m18.0s), 1/1 VUs, 0 complete and 0 interrupted iterations
r_cw_3_reason_telemetry   [   0% ] 1 VUs  04m18.0s/10m0s  0/1 shared iters

running (04m19.0s), 1/1 VUs, 0 complete and 0 interrupted iterations
r_cw_3_reason_telemetry   [   0% ] 1 VUs  04m19.0s/10m0s  0/1 shared iters

running (04m20.0s), 1/1 VUs, 0 complete and 0 interrupted iterations
r_cw_3_reason_telemetry   [   0% ] 1 VUs  04m20.0s/10m0s  0/1 shared iters

running (04m21.0s), 1/1 VUs, 0 complete and 0 interrupted iterations
r_cw_3_reason_telemetry   [   0% ] 1 VUs  04m21.0s/10m0s  0/1 shared iters

running (04m22.0s), 1/1 VUs, 0 complete and 0 interrupted iterations
r_cw_3_reason_telemetry   [   0% ] 1 VUs  04m22.0s/10m0s  0/1 shared iters

running (04m23.0s), 1/1 VUs, 0 complete and 0 interrupted iterations
r_cw_3_reason_telemetry   [   0% ] 1 VUs  04m23.0s/10m0s  0/1 shared iters

running (04m24.0s), 1/1 VUs, 0 complete and 0 interrupted iterations
r_cw_3_reason_telemetry   [   0% ] 1 VUs  04m24.0s/10m0s  0/1 shared iters

running (04m25.0s), 1/1 VUs, 0 complete and 0 interrupted iterations
r_cw_3_reason_telemetry   [   0% ] 1 VUs  04m25.0s/10m0s  0/1 shared iters

running (04m26.0s), 1/1 VUs, 0 complete and 0 interrupted iterations
r_cw_3_reason_telemetry   [   0% ] 1 VUs  04m26.0s/10m0s  0/1 shared iters

running (04m27.0s), 1/1 VUs, 0 complete and 0 interrupted iterations
r_cw_3_reason_telemetry   [   0% ] 1 VUs  04m27.0s/10m0s  0/1 shared iters

running (04m28.0s), 1/1 VUs, 0 complete and 0 interrupted iterations
r_cw_3_reason_telemetry   [   0% ] 1 VUs  04m28.0s/10m0s  0/1 shared iters

running (04m29.0s), 1/1 VUs, 0 complete and 0 interrupted iterations
r_cw_3_reason_telemetry   [   0% ] 1 VUs  04m29.0s/10m0s  0/1 shared iters

running (04m30.0s), 1/1 VUs, 0 complete and 0 interrupted iterations
r_cw_3_reason_telemetry   [   0% ] 1 VUs  04m30.0s/10m0s  0/1 shared iters

running (04m31.0s), 1/1 VUs, 0 complete and 0 interrupted iterations
r_cw_3_reason_telemetry   [   0% ] 1 VUs  04m31.0s/10m0s  0/1 shared iters

running (04m32.0s), 1/1 VUs, 0 complete and 0 interrupted iterations
r_cw_3_reason_telemetry   [   0% ] 1 VUs  04m32.0s/10m0s  0/1 shared iters

running (04m33.0s), 1/1 VUs, 0 complete and 0 interrupted iterations
r_cw_3_reason_telemetry   [   0% ] 1 VUs  04m33.0s/10m0s  0/1 shared iters

running (04m34.0s), 1/1 VUs, 0 complete and 0 interrupted iterations
r_cw_3_reason_telemetry   [   0% ] 1 VUs  04m34.0s/10m0s  0/1 shared iters

running (04m35.0s), 1/1 VUs, 0 complete and 0 interrupted iterations
r_cw_3_reason_telemetry   [   0% ] 1 VUs  04m35.0s/10m0s  0/1 shared iters

running (04m36.0s), 1/1 VUs, 0 complete and 0 interrupted iterations
r_cw_3_reason_telemetry   [   0% ] 1 VUs  04m36.0s/10m0s  0/1 shared iters

running (04m37.0s), 1/1 VUs, 0 complete and 0 interrupted iterations
r_cw_3_reason_telemetry   [   0% ] 1 VUs  04m37.0s/10m0s  0/1 shared iters

running (04m38.0s), 1/1 VUs, 0 complete and 0 interrupted iterations
r_cw_3_reason_telemetry   [   0% ] 1 VUs  04m38.0s/10m0s  0/1 shared iters

running (04m39.0s), 1/1 VUs, 0 complete and 0 interrupted iterations
r_cw_3_reason_telemetry   [   0% ] 1 VUs  04m39.0s/10m0s  0/1 shared iters

running (04m40.0s), 1/1 VUs, 0 complete and 0 interrupted iterations
r_cw_3_reason_telemetry   [   0% ] 1 VUs  04m40.0s/10m0s  0/1 shared iters

running (04m41.0s), 1/1 VUs, 0 complete and 0 interrupted iterations
r_cw_3_reason_telemetry   [   0% ] 1 VUs  04m41.0s/10m0s  0/1 shared iters

running (04m42.0s), 1/1 VUs, 0 complete and 0 interrupted iterations
r_cw_3_reason_telemetry   [   0% ] 1 VUs  04m42.0s/10m0s  0/1 shared iters

running (04m43.0s), 1/1 VUs, 0 complete and 0 interrupted iterations
r_cw_3_reason_telemetry   [   0% ] 1 VUs  04m43.0s/10m0s  0/1 shared iters

running (04m44.0s), 1/1 VUs, 0 complete and 0 interrupted iterations
r_cw_3_reason_telemetry   [   0% ] 1 VUs  04m44.0s/10m0s  0/1 shared iters

running (04m45.0s), 1/1 VUs, 0 complete and 0 interrupted iterations
r_cw_3_reason_telemetry   [   0% ] 1 VUs  04m45.0s/10m0s  0/1 shared iters

running (04m46.0s), 1/1 VUs, 0 complete and 0 interrupted iterations
r_cw_3_reason_telemetry   [   0% ] 1 VUs  04m46.0s/10m0s  0/1 shared iters

running (04m47.0s), 1/1 VUs, 0 complete and 0 interrupted iterations
r_cw_3_reason_telemetry   [   0% ] 1 VUs  04m47.0s/10m0s  0/1 shared iters

running (04m48.0s), 1/1 VUs, 0 complete and 0 interrupted iterations
r_cw_3_reason_telemetry   [   0% ] 1 VUs  04m48.0s/10m0s  0/1 shared iters

running (04m49.0s), 1/1 VUs, 0 complete and 0 interrupted iterations
r_cw_3_reason_telemetry   [   0% ] 1 VUs  04m49.0s/10m0s  0/1 shared iters

running (04m50.0s), 1/1 VUs, 0 complete and 0 interrupted iterations
r_cw_3_reason_telemetry   [   0% ] 1 VUs  04m50.0s/10m0s  0/1 shared iters

running (04m51.0s), 1/1 VUs, 0 complete and 0 interrupted iterations
r_cw_3_reason_telemetry   [   0% ] 1 VUs  04m51.0s/10m0s  0/1 shared iters

running (04m52.0s), 1/1 VUs, 0 complete and 0 interrupted iterations
r_cw_3_reason_telemetry   [   0% ] 1 VUs  04m52.0s/10m0s  0/1 shared iters

running (04m53.0s), 1/1 VUs, 0 complete and 0 interrupted iterations
r_cw_3_reason_telemetry   [   0% ] 1 VUs  04m53.0s/10m0s  0/1 shared iters

running (04m54.0s), 1/1 VUs, 0 complete and 0 interrupted iterations
r_cw_3_reason_telemetry   [   0% ] 1 VUs  04m54.0s/10m0s  0/1 shared iters

running (04m55.0s), 1/1 VUs, 0 complete and 0 interrupted iterations
r_cw_3_reason_telemetry   [   0% ] 1 VUs  04m55.0s/10m0s  0/1 shared iters

running (04m56.0s), 1/1 VUs, 0 complete and 0 interrupted iterations
r_cw_3_reason_telemetry   [   0% ] 1 VUs  04m56.0s/10m0s  0/1 shared iters

running (04m57.0s), 1/1 VUs, 0 complete and 0 interrupted iterations
r_cw_3_reason_telemetry   [   0% ] 1 VUs  04m57.0s/10m0s  0/1 shared iters

running (04m58.0s), 1/1 VUs, 0 complete and 0 interrupted iterations
r_cw_3_reason_telemetry   [   0% ] 1 VUs  04m58.0s/10m0s  0/1 shared iters

running (04m59.0s), 1/1 VUs, 0 complete and 0 interrupted iterations
r_cw_3_reason_telemetry   [   0% ] 1 VUs  04m59.0s/10m0s  0/1 shared iters

running (05m00.0s), 1/1 VUs, 0 complete and 0 interrupted iterations
r_cw_3_reason_telemetry   [   0% ] 1 VUs  05m00.0s/10m0s  0/1 shared iters

running (05m01.0s), 1/1 VUs, 0 complete and 0 interrupted iterations
r_cw_3_reason_telemetry   [   0% ] 1 VUs  05m01.0s/10m0s  0/1 shared iters

running (05m02.0s), 1/1 VUs, 0 complete and 0 interrupted iterations
r_cw_3_reason_telemetry   [   0% ] 1 VUs  05m02.0s/10m0s  0/1 shared iters

running (05m03.0s), 1/1 VUs, 0 complete and 0 interrupted iterations
r_cw_3_reason_telemetry   [   0% ] 1 VUs  05m03.0s/10m0s  0/1 shared iters

running (05m04.0s), 1/1 VUs, 0 complete and 0 interrupted iterations
r_cw_3_reason_telemetry   [   0% ] 1 VUs  05m04.0s/10m0s  0/1 shared iters

running (05m05.0s), 1/1 VUs, 0 complete and 0 interrupted iterations
r_cw_3_reason_telemetry   [   0% ] 1 VUs  05m05.0s/10m0s  0/1 shared iters

running (05m06.0s), 1/1 VUs, 0 complete and 0 interrupted iterations
r_cw_3_reason_telemetry   [   0% ] 1 VUs  05m06.0s/10m0s  0/1 shared iters

running (05m07.0s), 1/1 VUs, 0 complete and 0 interrupted iterations
r_cw_3_reason_telemetry   [   0% ] 1 VUs  05m07.0s/10m0s  0/1 shared iters

running (05m08.0s), 1/1 VUs, 0 complete and 0 interrupted iterations
r_cw_3_reason_telemetry   [   0% ] 1 VUs  05m08.0s/10m0s  0/1 shared iters

running (05m09.0s), 1/1 VUs, 0 complete and 0 interrupted iterations
r_cw_3_reason_telemetry   [   0% ] 1 VUs  05m09.0s/10m0s  0/1 shared iters

running (05m10.0s), 1/1 VUs, 0 complete and 0 interrupted iterations
r_cw_3_reason_telemetry   [   0% ] 1 VUs  05m10.0s/10m0s  0/1 shared iters

running (05m11.0s), 1/1 VUs, 0 complete and 0 interrupted iterations
r_cw_3_reason_telemetry   [   0% ] 1 VUs  05m11.0s/10m0s  0/1 shared iters

running (05m12.0s), 1/1 VUs, 0 complete and 0 interrupted iterations
r_cw_3_reason_telemetry   [   0% ] 1 VUs  05m12.0s/10m0s  0/1 shared iters

running (05m13.0s), 1/1 VUs, 0 complete and 0 interrupted iterations
r_cw_3_reason_telemetry   [   0% ] 1 VUs  05m13.0s/10m0s  0/1 shared iters

running (05m14.0s), 1/1 VUs, 0 complete and 0 interrupted iterations
r_cw_3_reason_telemetry   [   0% ] 1 VUs  05m14.0s/10m0s  0/1 shared iters

running (05m15.0s), 1/1 VUs, 0 complete and 0 interrupted iterations
r_cw_3_reason_telemetry   [   0% ] 1 VUs  05m15.0s/10m0s  0/1 shared iters

running (05m16.0s), 1/1 VUs, 0 complete and 0 interrupted iterations
r_cw_3_reason_telemetry   [   0% ] 1 VUs  05m16.0s/10m0s  0/1 shared iters

running (05m17.0s), 1/1 VUs, 0 complete and 0 interrupted iterations
r_cw_3_reason_telemetry   [   0% ] 1 VUs  05m17.0s/10m0s  0/1 shared iters

running (05m18.0s), 1/1 VUs, 0 complete and 0 interrupted iterations
r_cw_3_reason_telemetry   [   0% ] 1 VUs  05m18.0s/10m0s  0/1 shared iters

running (05m19.0s), 1/1 VUs, 0 complete and 0 interrupted iterations
r_cw_3_reason_telemetry   [   0% ] 1 VUs  05m19.0s/10m0s  0/1 shared iters

running (05m20.0s), 1/1 VUs, 0 complete and 0 interrupted iterations
r_cw_3_reason_telemetry   [   0% ] 1 VUs  05m20.0s/10m0s  0/1 shared iters

running (05m21.0s), 1/1 VUs, 0 complete and 0 interrupted iterations
r_cw_3_reason_telemetry   [   0% ] 1 VUs  05m21.0s/10m0s  0/1 shared iters

running (05m22.0s), 1/1 VUs, 0 complete and 0 interrupted iterations
r_cw_3_reason_telemetry   [   0% ] 1 VUs  05m22.0s/10m0s  0/1 shared iters

running (05m23.0s), 1/1 VUs, 0 complete and 0 interrupted iterations
r_cw_3_reason_telemetry   [   0% ] 1 VUs  05m23.0s/10m0s  0/1 shared iters

running (05m24.0s), 1/1 VUs, 0 complete and 0 interrupted iterations
r_cw_3_reason_telemetry   [   0% ] 1 VUs  05m24.0s/10m0s  0/1 shared iters

running (05m25.0s), 1/1 VUs, 0 complete and 0 interrupted iterations
r_cw_3_reason_telemetry   [   0% ] 1 VUs  05m25.0s/10m0s  0/1 shared iters

running (05m26.0s), 1/1 VUs, 0 complete and 0 interrupted iterations
r_cw_3_reason_telemetry   [   0% ] 1 VUs  05m26.0s/10m0s  0/1 shared iters

running (05m27.0s), 1/1 VUs, 0 complete and 0 interrupted iterations
r_cw_3_reason_telemetry   [   0% ] 1 VUs  05m27.0s/10m0s  0/1 shared iters

running (05m28.0s), 1/1 VUs, 0 complete and 0 interrupted iterations
r_cw_3_reason_telemetry   [   0% ] 1 VUs  05m28.0s/10m0s  0/1 shared iters

running (05m29.0s), 1/1 VUs, 0 complete and 0 interrupted iterations
r_cw_3_reason_telemetry   [   0% ] 1 VUs  05m29.0s/10m0s  0/1 shared iters

running (05m30.0s), 1/1 VUs, 0 complete and 0 interrupted iterations
r_cw_3_reason_telemetry   [   0% ] 1 VUs  05m30.0s/10m0s  0/1 shared iters

running (05m31.0s), 1/1 VUs, 0 complete and 0 interrupted iterations
r_cw_3_reason_telemetry   [   0% ] 1 VUs  05m31.0s/10m0s  0/1 shared iters

running (05m32.0s), 1/1 VUs, 0 complete and 0 interrupted iterations
r_cw_3_reason_telemetry   [   0% ] 1 VUs  05m32.0s/10m0s  0/1 shared iters

running (05m33.0s), 1/1 VUs, 0 complete and 0 interrupted iterations
r_cw_3_reason_telemetry   [   0% ] 1 VUs  05m33.0s/10m0s  0/1 shared iters

running (05m34.0s), 1/1 VUs, 0 complete and 0 interrupted iterations
r_cw_3_reason_telemetry   [   0% ] 1 VUs  05m34.0s/10m0s  0/1 shared iters

running (05m35.0s), 1/1 VUs, 0 complete and 0 interrupted iterations
r_cw_3_reason_telemetry   [   0% ] 1 VUs  05m35.0s/10m0s  0/1 shared iters

running (05m36.0s), 1/1 VUs, 0 complete and 0 interrupted iterations
r_cw_3_reason_telemetry   [   0% ] 1 VUs  05m36.0s/10m0s  0/1 shared iters

running (05m37.0s), 1/1 VUs, 0 complete and 0 interrupted iterations
r_cw_3_reason_telemetry   [   0% ] 1 VUs  05m37.0s/10m0s  0/1 shared iters

running (05m38.0s), 1/1 VUs, 0 complete and 0 interrupted iterations
r_cw_3_reason_telemetry   [   0% ] 1 VUs  05m38.0s/10m0s  0/1 shared iters

running (05m39.0s), 1/1 VUs, 0 complete and 0 interrupted iterations
r_cw_3_reason_telemetry   [   0% ] 1 VUs  05m39.0s/10m0s  0/1 shared iters

running (05m40.0s), 1/1 VUs, 0 complete and 0 interrupted iterations
r_cw_3_reason_telemetry   [   0% ] 1 VUs  05m40.0s/10m0s  0/1 shared iters

running (05m41.0s), 1/1 VUs, 0 complete and 0 interrupted iterations
r_cw_3_reason_telemetry   [   0% ] 1 VUs  05m41.0s/10m0s  0/1 shared iters

running (05m42.0s), 1/1 VUs, 0 complete and 0 interrupted iterations
r_cw_3_reason_telemetry   [   0% ] 1 VUs  05m42.0s/10m0s  0/1 shared iters

running (05m43.0s), 1/1 VUs, 0 complete and 0 interrupted iterations
r_cw_3_reason_telemetry   [   0% ] 1 VUs  05m43.0s/10m0s  0/1 shared iters

running (05m44.0s), 1/1 VUs, 0 complete and 0 interrupted iterations
r_cw_3_reason_telemetry   [   0% ] 1 VUs  05m44.0s/10m0s  0/1 shared iters

running (05m45.0s), 1/1 VUs, 0 complete and 0 interrupted iterations
r_cw_3_reason_telemetry   [   0% ] 1 VUs  05m45.0s/10m0s  0/1 shared iters

running (05m46.0s), 1/1 VUs, 0 complete and 0 interrupted iterations
r_cw_3_reason_telemetry   [   0% ] 1 VUs  05m46.0s/10m0s  0/1 shared iters

running (05m47.0s), 1/1 VUs, 0 complete and 0 interrupted iterations
r_cw_3_reason_telemetry   [   0% ] 1 VUs  05m47.0s/10m0s  0/1 shared iters

running (05m48.0s), 1/1 VUs, 0 complete and 0 interrupted iterations
r_cw_3_reason_telemetry   [   0% ] 1 VUs  05m48.0s/10m0s  0/1 shared iters

running (05m49.0s), 1/1 VUs, 0 complete and 0 interrupted iterations
r_cw_3_reason_telemetry   [   0% ] 1 VUs  05m49.0s/10m0s  0/1 shared iters

running (05m50.0s), 1/1 VUs, 0 complete and 0 interrupted iterations
r_cw_3_reason_telemetry   [   0% ] 1 VUs  05m50.0s/10m0s  0/1 shared iters

running (05m51.0s), 1/1 VUs, 0 complete and 0 interrupted iterations
r_cw_3_reason_telemetry   [   0% ] 1 VUs  05m51.0s/10m0s  0/1 shared iters

running (05m52.0s), 1/1 VUs, 0 complete and 0 interrupted iterations
r_cw_3_reason_telemetry   [   0% ] 1 VUs  05m52.0s/10m0s  0/1 shared iters

running (05m53.0s), 1/1 VUs, 0 complete and 0 interrupted iterations
r_cw_3_reason_telemetry   [   0% ] 1 VUs  05m53.0s/10m0s  0/1 shared iters

running (05m54.0s), 1/1 VUs, 0 complete and 0 interrupted iterations
r_cw_3_reason_telemetry   [   0% ] 1 VUs  05m54.0s/10m0s  0/1 shared iters

running (05m55.0s), 1/1 VUs, 0 complete and 0 interrupted iterations
r_cw_3_reason_telemetry   [   0% ] 1 VUs  05m55.0s/10m0s  0/1 shared iters

running (05m56.0s), 1/1 VUs, 0 complete and 0 interrupted iterations
r_cw_3_reason_telemetry   [   0% ] 1 VUs  05m56.0s/10m0s  0/1 shared iters

running (05m57.0s), 1/1 VUs, 0 complete and 0 interrupted iterations
r_cw_3_reason_telemetry   [   0% ] 1 VUs  05m57.0s/10m0s  0/1 shared iters

running (05m58.0s), 1/1 VUs, 0 complete and 0 interrupted iterations
r_cw_3_reason_telemetry   [   0% ] 1 VUs  05m58.0s/10m0s  0/1 shared iters

running (05m59.0s), 1/1 VUs, 0 complete and 0 interrupted iterations
r_cw_3_reason_telemetry   [   0% ] 1 VUs  05m59.0s/10m0s  0/1 shared iters

running (06m00.0s), 1/1 VUs, 0 complete and 0 interrupted iterations
r_cw_3_reason_telemetry   [   0% ] 1 VUs  06m00.0s/10m0s  0/1 shared iters

running (06m01.0s), 1/1 VUs, 0 complete and 0 interrupted iterations
r_cw_3_reason_telemetry   [   0% ] 1 VUs  06m01.0s/10m0s  0/1 shared iters

running (06m02.0s), 1/1 VUs, 0 complete and 0 interrupted iterations
r_cw_3_reason_telemetry   [   0% ] 1 VUs  06m02.0s/10m0s  0/1 shared iters

running (06m03.0s), 1/1 VUs, 0 complete and 0 interrupted iterations
r_cw_3_reason_telemetry   [   0% ] 1 VUs  06m03.0s/10m0s  0/1 shared iters

running (06m04.0s), 1/1 VUs, 0 complete and 0 interrupted iterations
r_cw_3_reason_telemetry   [   0% ] 1 VUs  06m04.0s/10m0s  0/1 shared iters

running (06m05.0s), 1/1 VUs, 0 complete and 0 interrupted iterations
r_cw_3_reason_telemetry   [   0% ] 1 VUs  06m05.0s/10m0s  0/1 shared iters

running (06m06.0s), 1/1 VUs, 0 complete and 0 interrupted iterations
r_cw_3_reason_telemetry   [   0% ] 1 VUs  06m06.0s/10m0s  0/1 shared iters

running (06m07.0s), 1/1 VUs, 0 complete and 0 interrupted iterations
r_cw_3_reason_telemetry   [   0% ] 1 VUs  06m07.0s/10m0s  0/1 shared iters

running (06m08.0s), 1/1 VUs, 0 complete and 0 interrupted iterations
r_cw_3_reason_telemetry   [   0% ] 1 VUs  06m08.0s/10m0s  0/1 shared iters

running (06m09.0s), 1/1 VUs, 0 complete and 0 interrupted iterations
r_cw_3_reason_telemetry   [   0% ] 1 VUs  06m09.0s/10m0s  0/1 shared iters

running (06m10.0s), 1/1 VUs, 0 complete and 0 interrupted iterations
r_cw_3_reason_telemetry   [   0% ] 1 VUs  06m10.0s/10m0s  0/1 shared iters

running (06m11.0s), 1/1 VUs, 0 complete and 0 interrupted iterations
r_cw_3_reason_telemetry   [   0% ] 1 VUs  06m11.0s/10m0s  0/1 shared iters

running (06m12.0s), 1/1 VUs, 0 complete and 0 interrupted iterations
r_cw_3_reason_telemetry   [   0% ] 1 VUs  06m12.0s/10m0s  0/1 shared iters

running (06m13.0s), 1/1 VUs, 0 complete and 0 interrupted iterations
r_cw_3_reason_telemetry   [   0% ] 1 VUs  06m13.0s/10m0s  0/1 shared iters

running (06m14.0s), 1/1 VUs, 0 complete and 0 interrupted iterations
r_cw_3_reason_telemetry   [   0% ] 1 VUs  06m14.0s/10m0s  0/1 shared iters

running (06m15.0s), 1/1 VUs, 0 complete and 0 interrupted iterations
r_cw_3_reason_telemetry   [   0% ] 1 VUs  06m15.0s/10m0s  0/1 shared iters

running (06m16.0s), 1/1 VUs, 0 complete and 0 interrupted iterations
r_cw_3_reason_telemetry   [   0% ] 1 VUs  06m16.0s/10m0s  0/1 shared iters

running (06m17.0s), 1/1 VUs, 0 complete and 0 interrupted iterations
r_cw_3_reason_telemetry   [   0% ] 1 VUs  06m17.0s/10m0s  0/1 shared iters

running (06m18.0s), 1/1 VUs, 0 complete and 0 interrupted iterations
r_cw_3_reason_telemetry   [   0% ] 1 VUs  06m18.0s/10m0s  0/1 shared iters

running (06m19.0s), 1/1 VUs, 0 complete and 0 interrupted iterations
r_cw_3_reason_telemetry   [   0% ] 1 VUs  06m19.0s/10m0s  0/1 shared iters

running (06m20.0s), 1/1 VUs, 0 complete and 0 interrupted iterations
r_cw_3_reason_telemetry   [   0% ] 1 VUs  06m20.0s/10m0s  0/1 shared iters

running (06m21.0s), 1/1 VUs, 0 complete and 0 interrupted iterations
r_cw_3_reason_telemetry   [   0% ] 1 VUs  06m21.0s/10m0s  0/1 shared iters

running (06m22.0s), 1/1 VUs, 0 complete and 0 interrupted iterations
r_cw_3_reason_telemetry   [   0% ] 1 VUs  06m22.0s/10m0s  0/1 shared iters

running (06m23.0s), 1/1 VUs, 0 complete and 0 interrupted iterations
r_cw_3_reason_telemetry   [   0% ] 1 VUs  06m23.0s/10m0s  0/1 shared iters

running (06m24.0s), 1/1 VUs, 0 complete and 0 interrupted iterations
r_cw_3_reason_telemetry   [   0% ] 1 VUs  06m24.0s/10m0s  0/1 shared iters

running (06m25.0s), 1/1 VUs, 0 complete and 0 interrupted iterations
r_cw_3_reason_telemetry   [   0% ] 1 VUs  06m25.0s/10m0s  0/1 shared iters

running (06m26.0s), 1/1 VUs, 0 complete and 0 interrupted iterations
r_cw_3_reason_telemetry   [   0% ] 1 VUs  06m26.0s/10m0s  0/1 shared iters

running (06m27.0s), 1/1 VUs, 0 complete and 0 interrupted iterations
r_cw_3_reason_telemetry   [   0% ] 1 VUs  06m27.0s/10m0s  0/1 shared iters

running (06m28.0s), 1/1 VUs, 0 complete and 0 interrupted iterations
r_cw_3_reason_telemetry   [   0% ] 1 VUs  06m28.0s/10m0s  0/1 shared iters

running (06m29.0s), 1/1 VUs, 0 complete and 0 interrupted iterations
r_cw_3_reason_telemetry   [   0% ] 1 VUs  06m29.0s/10m0s  0/1 shared iters

running (06m30.0s), 1/1 VUs, 0 complete and 0 interrupted iterations
r_cw_3_reason_telemetry   [   0% ] 1 VUs  06m30.0s/10m0s  0/1 shared iters

running (06m31.0s), 1/1 VUs, 0 complete and 0 interrupted iterations
r_cw_3_reason_telemetry   [   0% ] 1 VUs  06m31.0s/10m0s  0/1 shared iters

running (06m32.0s), 1/1 VUs, 0 complete and 0 interrupted iterations
r_cw_3_reason_telemetry   [   0% ] 1 VUs  06m32.0s/10m0s  0/1 shared iters

running (06m33.0s), 1/1 VUs, 0 complete and 0 interrupted iterations
r_cw_3_reason_telemetry   [   0% ] 1 VUs  06m33.0s/10m0s  0/1 shared iters

running (06m34.0s), 1/1 VUs, 0 complete and 0 interrupted iterations
r_cw_3_reason_telemetry   [   0% ] 1 VUs  06m34.0s/10m0s  0/1 shared iters

running (06m35.0s), 1/1 VUs, 0 complete and 0 interrupted iterations
r_cw_3_reason_telemetry   [   0% ] 1 VUs  06m35.0s/10m0s  0/1 shared iters

running (06m36.0s), 1/1 VUs, 0 complete and 0 interrupted iterations
r_cw_3_reason_telemetry   [   0% ] 1 VUs  06m36.0s/10m0s  0/1 shared iters

running (06m37.0s), 1/1 VUs, 0 complete and 0 interrupted iterations
r_cw_3_reason_telemetry   [   0% ] 1 VUs  06m37.0s/10m0s  0/1 shared iters

running (06m38.0s), 1/1 VUs, 0 complete and 0 interrupted iterations
r_cw_3_reason_telemetry   [   0% ] 1 VUs  06m38.0s/10m0s  0/1 shared iters

running (06m39.0s), 1/1 VUs, 0 complete and 0 interrupted iterations
r_cw_3_reason_telemetry   [   0% ] 1 VUs  06m39.0s/10m0s  0/1 shared iters

running (06m40.0s), 1/1 VUs, 0 complete and 0 interrupted iterations
r_cw_3_reason_telemetry   [   0% ] 1 VUs  06m40.0s/10m0s  0/1 shared iters

running (06m41.0s), 1/1 VUs, 0 complete and 0 interrupted iterations
r_cw_3_reason_telemetry   [   0% ] 1 VUs  06m41.0s/10m0s  0/1 shared iters

running (06m42.0s), 1/1 VUs, 0 complete and 0 interrupted iterations
r_cw_3_reason_telemetry   [   0% ] 1 VUs  06m42.0s/10m0s  0/1 shared iters

running (06m43.0s), 1/1 VUs, 0 complete and 0 interrupted iterations
r_cw_3_reason_telemetry   [   0% ] 1 VUs  06m43.0s/10m0s  0/1 shared iters

running (06m44.0s), 1/1 VUs, 0 complete and 0 interrupted iterations
r_cw_3_reason_telemetry   [   0% ] 1 VUs  06m44.0s/10m0s  0/1 shared iters

running (06m45.0s), 1/1 VUs, 0 complete and 0 interrupted iterations
r_cw_3_reason_telemetry   [   0% ] 1 VUs  06m45.0s/10m0s  0/1 shared iters

running (06m46.0s), 1/1 VUs, 0 complete and 0 interrupted iterations
r_cw_3_reason_telemetry   [   0% ] 1 VUs  06m46.0s/10m0s  0/1 shared iters

running (06m47.0s), 1/1 VUs, 0 complete and 0 interrupted iterations
r_cw_3_reason_telemetry   [   0% ] 1 VUs  06m47.0s/10m0s  0/1 shared iters

running (06m48.0s), 1/1 VUs, 0 complete and 0 interrupted iterations
r_cw_3_reason_telemetry   [   0% ] 1 VUs  06m48.0s/10m0s  0/1 shared iters

running (06m49.0s), 1/1 VUs, 0 complete and 0 interrupted iterations
r_cw_3_reason_telemetry   [   0% ] 1 VUs  06m49.0s/10m0s  0/1 shared iters

running (06m50.0s), 1/1 VUs, 0 complete and 0 interrupted iterations
r_cw_3_reason_telemetry   [   0% ] 1 VUs  06m50.0s/10m0s  0/1 shared iters

running (06m51.0s), 1/1 VUs, 0 complete and 0 interrupted iterations
r_cw_3_reason_telemetry   [   0% ] 1 VUs  06m51.0s/10m0s  0/1 shared iters

running (06m52.0s), 1/1 VUs, 0 complete and 0 interrupted iterations
r_cw_3_reason_telemetry   [   0% ] 1 VUs  06m52.0s/10m0s  0/1 shared iters

running (06m53.0s), 1/1 VUs, 0 complete and 0 interrupted iterations
r_cw_3_reason_telemetry   [   0% ] 1 VUs  06m53.0s/10m0s  0/1 shared iters

running (06m54.0s), 1/1 VUs, 0 complete and 0 interrupted iterations
r_cw_3_reason_telemetry   [   0% ] 1 VUs  06m54.0s/10m0s  0/1 shared iters

running (06m55.0s), 1/1 VUs, 0 complete and 0 interrupted iterations
r_cw_3_reason_telemetry   [   0% ] 1 VUs  06m55.0s/10m0s  0/1 shared iters

running (06m56.0s), 1/1 VUs, 0 complete and 0 interrupted iterations
r_cw_3_reason_telemetry   [   0% ] 1 VUs  06m56.0s/10m0s  0/1 shared iters

running (06m57.0s), 1/1 VUs, 0 complete and 0 interrupted iterations
r_cw_3_reason_telemetry   [   0% ] 1 VUs  06m57.0s/10m0s  0/1 shared iters

running (06m58.0s), 1/1 VUs, 0 complete and 0 interrupted iterations
r_cw_3_reason_telemetry   [   0% ] 1 VUs  06m58.0s/10m0s  0/1 shared iters

running (06m59.0s), 1/1 VUs, 0 complete and 0 interrupted iterations
r_cw_3_reason_telemetry   [   0% ] 1 VUs  06m59.0s/10m0s  0/1 shared iters

running (07m00.0s), 1/1 VUs, 0 complete and 0 interrupted iterations
r_cw_3_reason_telemetry   [   0% ] 1 VUs  07m00.0s/10m0s  0/1 shared iters

running (07m01.0s), 1/1 VUs, 0 complete and 0 interrupted iterations
r_cw_3_reason_telemetry   [   0% ] 1 VUs  07m01.0s/10m0s  0/1 shared iters

running (07m02.0s), 1/1 VUs, 0 complete and 0 interrupted iterations
r_cw_3_reason_telemetry   [   0% ] 1 VUs  07m02.0s/10m0s  0/1 shared iters

running (07m03.0s), 1/1 VUs, 0 complete and 0 interrupted iterations
r_cw_3_reason_telemetry   [   0% ] 1 VUs  07m03.0s/10m0s  0/1 shared iters

running (07m04.0s), 1/1 VUs, 0 complete and 0 interrupted iterations
r_cw_3_reason_telemetry   [   0% ] 1 VUs  07m04.0s/10m0s  0/1 shared iters

running (07m05.0s), 1/1 VUs, 0 complete and 0 interrupted iterations
r_cw_3_reason_telemetry   [   0% ] 1 VUs  07m05.0s/10m0s  0/1 shared iters

running (07m06.0s), 1/1 VUs, 0 complete and 0 interrupted iterations
r_cw_3_reason_telemetry   [   0% ] 1 VUs  07m06.0s/10m0s  0/1 shared iters

running (07m07.0s), 1/1 VUs, 0 complete and 0 interrupted iterations
r_cw_3_reason_telemetry   [   0% ] 1 VUs  07m07.0s/10m0s  0/1 shared iters

running (07m08.0s), 1/1 VUs, 0 complete and 0 interrupted iterations
r_cw_3_reason_telemetry   [   0% ] 1 VUs  07m08.0s/10m0s  0/1 shared iters

running (07m09.0s), 1/1 VUs, 0 complete and 0 interrupted iterations
r_cw_3_reason_telemetry   [   0% ] 1 VUs  07m09.0s/10m0s  0/1 shared iters

running (07m10.0s), 1/1 VUs, 0 complete and 0 interrupted iterations
r_cw_3_reason_telemetry   [   0% ] 1 VUs  07m10.0s/10m0s  0/1 shared iters

running (07m11.0s), 1/1 VUs, 0 complete and 0 interrupted iterations
r_cw_3_reason_telemetry   [   0% ] 1 VUs  07m11.0s/10m0s  0/1 shared iters

running (07m12.0s), 1/1 VUs, 0 complete and 0 interrupted iterations
r_cw_3_reason_telemetry   [   0% ] 1 VUs  07m12.0s/10m0s  0/1 shared iters

running (07m13.0s), 1/1 VUs, 0 complete and 0 interrupted iterations
r_cw_3_reason_telemetry   [   0% ] 1 VUs  07m13.0s/10m0s  0/1 shared iters

running (07m14.0s), 1/1 VUs, 0 complete and 0 interrupted iterations
r_cw_3_reason_telemetry   [   0% ] 1 VUs  07m14.0s/10m0s  0/1 shared iters

running (07m15.0s), 1/1 VUs, 0 complete and 0 interrupted iterations
r_cw_3_reason_telemetry   [   0% ] 1 VUs  07m15.0s/10m0s  0/1 shared iters

running (07m16.0s), 1/1 VUs, 0 complete and 0 interrupted iterations
r_cw_3_reason_telemetry   [   0% ] 1 VUs  07m16.0s/10m0s  0/1 shared iters

running (07m17.0s), 1/1 VUs, 0 complete and 0 interrupted iterations
r_cw_3_reason_telemetry   [   0% ] 1 VUs  07m17.0s/10m0s  0/1 shared iters

running (07m18.0s), 1/1 VUs, 0 complete and 0 interrupted iterations
r_cw_3_reason_telemetry   [   0% ] 1 VUs  07m18.0s/10m0s  0/1 shared iters

running (07m19.0s), 1/1 VUs, 0 complete and 0 interrupted iterations
r_cw_3_reason_telemetry   [   0% ] 1 VUs  07m19.0s/10m0s  0/1 shared iters

running (07m20.0s), 1/1 VUs, 0 complete and 0 interrupted iterations
r_cw_3_reason_telemetry   [   0% ] 1 VUs  07m20.0s/10m0s  0/1 shared iters

running (07m21.0s), 1/1 VUs, 0 complete and 0 interrupted iterations
r_cw_3_reason_telemetry   [   0% ] 1 VUs  07m21.0s/10m0s  0/1 shared iters

running (07m22.0s), 1/1 VUs, 0 complete and 0 interrupted iterations
r_cw_3_reason_telemetry   [   0% ] 1 VUs  07m22.0s/10m0s  0/1 shared iters

running (07m23.0s), 1/1 VUs, 0 complete and 0 interrupted iterations
r_cw_3_reason_telemetry   [   0% ] 1 VUs  07m23.0s/10m0s  0/1 shared iters

running (07m24.0s), 1/1 VUs, 0 complete and 0 interrupted iterations
r_cw_3_reason_telemetry   [   0% ] 1 VUs  07m24.0s/10m0s  0/1 shared iters

running (07m25.0s), 1/1 VUs, 0 complete and 0 interrupted iterations
r_cw_3_reason_telemetry   [   0% ] 1 VUs  07m25.0s/10m0s  0/1 shared iters

running (07m26.0s), 1/1 VUs, 0 complete and 0 interrupted iterations
r_cw_3_reason_telemetry   [   0% ] 1 VUs  07m26.0s/10m0s  0/1 shared iters

running (07m27.0s), 1/1 VUs, 0 complete and 0 interrupted iterations
r_cw_3_reason_telemetry   [   0% ] 1 VUs  07m27.0s/10m0s  0/1 shared iters

running (07m28.0s), 1/1 VUs, 0 complete and 0 interrupted iterations
r_cw_3_reason_telemetry   [   0% ] 1 VUs  07m28.0s/10m0s  0/1 shared iters

running (07m29.0s), 1/1 VUs, 0 complete and 0 interrupted iterations
r_cw_3_reason_telemetry   [   0% ] 1 VUs  07m29.0s/10m0s  0/1 shared iters

running (07m30.0s), 1/1 VUs, 0 complete and 0 interrupted iterations
r_cw_3_reason_telemetry   [   0% ] 1 VUs  07m30.0s/10m0s  0/1 shared iters

running (07m31.0s), 1/1 VUs, 0 complete and 0 interrupted iterations
r_cw_3_reason_telemetry   [   0% ] 1 VUs  07m31.0s/10m0s  0/1 shared iters

running (07m32.0s), 1/1 VUs, 0 complete and 0 interrupted iterations
r_cw_3_reason_telemetry   [   0% ] 1 VUs  07m32.0s/10m0s  0/1 shared iters

running (07m33.0s), 1/1 VUs, 0 complete and 0 interrupted iterations
r_cw_3_reason_telemetry   [   0% ] 1 VUs  07m33.0s/10m0s  0/1 shared iters

running (07m34.0s), 1/1 VUs, 0 complete and 0 interrupted iterations
r_cw_3_reason_telemetry   [   0% ] 1 VUs  07m34.0s/10m0s  0/1 shared iters

running (07m35.0s), 1/1 VUs, 0 complete and 0 interrupted iterations
r_cw_3_reason_telemetry   [   0% ] 1 VUs  07m35.0s/10m0s  0/1 shared iters

running (07m36.0s), 1/1 VUs, 0 complete and 0 interrupted iterations
r_cw_3_reason_telemetry   [   0% ] 1 VUs  07m36.0s/10m0s  0/1 shared iters

running (07m37.0s), 1/1 VUs, 0 complete and 0 interrupted iterations
r_cw_3_reason_telemetry   [   0% ] 1 VUs  07m37.0s/10m0s  0/1 shared iters

running (07m38.0s), 1/1 VUs, 0 complete and 0 interrupted iterations
r_cw_3_reason_telemetry   [   0% ] 1 VUs  07m38.0s/10m0s  0/1 shared iters

running (07m39.0s), 1/1 VUs, 0 complete and 0 interrupted iterations
r_cw_3_reason_telemetry   [   0% ] 1 VUs  07m39.0s/10m0s  0/1 shared iters

running (07m40.0s), 1/1 VUs, 0 complete and 0 interrupted iterations
r_cw_3_reason_telemetry   [   0% ] 1 VUs  07m40.0s/10m0s  0/1 shared iters

running (07m41.0s), 1/1 VUs, 0 complete and 0 interrupted iterations
r_cw_3_reason_telemetry   [   0% ] 1 VUs  07m41.0s/10m0s  0/1 shared iters

running (07m42.0s), 1/1 VUs, 0 complete and 0 interrupted iterations
r_cw_3_reason_telemetry   [   0% ] 1 VUs  07m42.0s/10m0s  0/1 shared iters

running (07m43.0s), 1/1 VUs, 0 complete and 0 interrupted iterations
r_cw_3_reason_telemetry   [   0% ] 1 VUs  07m43.0s/10m0s  0/1 shared iters

running (07m44.0s), 1/1 VUs, 0 complete and 0 interrupted iterations
r_cw_3_reason_telemetry   [   0% ] 1 VUs  07m44.0s/10m0s  0/1 shared iters

running (07m45.0s), 1/1 VUs, 0 complete and 0 interrupted iterations
r_cw_3_reason_telemetry   [   0% ] 1 VUs  07m45.0s/10m0s  0/1 shared iters

running (07m46.0s), 1/1 VUs, 0 complete and 0 interrupted iterations
r_cw_3_reason_telemetry   [   0% ] 1 VUs  07m46.0s/10m0s  0/1 shared iters

running (07m47.0s), 1/1 VUs, 0 complete and 0 interrupted iterations
r_cw_3_reason_telemetry   [   0% ] 1 VUs  07m47.0s/10m0s  0/1 shared iters

running (07m48.0s), 1/1 VUs, 0 complete and 0 interrupted iterations
r_cw_3_reason_telemetry   [   0% ] 1 VUs  07m48.0s/10m0s  0/1 shared iters

running (07m49.0s), 1/1 VUs, 0 complete and 0 interrupted iterations
r_cw_3_reason_telemetry   [   0% ] 1 VUs  07m49.0s/10m0s  0/1 shared iters

running (07m50.0s), 1/1 VUs, 0 complete and 0 interrupted iterations
r_cw_3_reason_telemetry   [   0% ] 1 VUs  07m50.0s/10m0s  0/1 shared iters

running (07m51.0s), 1/1 VUs, 0 complete and 0 interrupted iterations
r_cw_3_reason_telemetry   [   0% ] 1 VUs  07m51.0s/10m0s  0/1 shared iters

running (07m52.0s), 1/1 VUs, 0 complete and 0 interrupted iterations
r_cw_3_reason_telemetry   [   0% ] 1 VUs  07m52.0s/10m0s  0/1 shared iters

running (07m53.0s), 1/1 VUs, 0 complete and 0 interrupted iterations
r_cw_3_reason_telemetry   [   0% ] 1 VUs  07m53.0s/10m0s  0/1 shared iters

running (07m54.0s), 1/1 VUs, 0 complete and 0 interrupted iterations
r_cw_3_reason_telemetry   [   0% ] 1 VUs  07m54.0s/10m0s  0/1 shared iters

running (07m55.0s), 1/1 VUs, 0 complete and 0 interrupted iterations
r_cw_3_reason_telemetry   [   0% ] 1 VUs  07m55.0s/10m0s  0/1 shared iters

running (07m56.0s), 1/1 VUs, 0 complete and 0 interrupted iterations
r_cw_3_reason_telemetry   [   0% ] 1 VUs  07m56.0s/10m0s  0/1 shared iters

running (07m57.0s), 1/1 VUs, 0 complete and 0 interrupted iterations
r_cw_3_reason_telemetry   [   0% ] 1 VUs  07m57.0s/10m0s  0/1 shared iters

running (07m58.0s), 1/1 VUs, 0 complete and 0 interrupted iterations
r_cw_3_reason_telemetry   [   0% ] 1 VUs  07m58.0s/10m0s  0/1 shared iters

running (07m59.0s), 1/1 VUs, 0 complete and 0 interrupted iterations
r_cw_3_reason_telemetry   [   0% ] 1 VUs  07m59.0s/10m0s  0/1 shared iters

running (08m00.0s), 1/1 VUs, 0 complete and 0 interrupted iterations
r_cw_3_reason_telemetry   [   0% ] 1 VUs  08m00.0s/10m0s  0/1 shared iters

running (08m01.0s), 1/1 VUs, 0 complete and 0 interrupted iterations
r_cw_3_reason_telemetry   [   0% ] 1 VUs  08m01.0s/10m0s  0/1 shared iters

running (08m02.0s), 1/1 VUs, 0 complete and 0 interrupted iterations
r_cw_3_reason_telemetry   [   0% ] 1 VUs  08m02.0s/10m0s  0/1 shared iters

running (08m03.0s), 1/1 VUs, 0 complete and 0 interrupted iterations
r_cw_3_reason_telemetry   [   0% ] 1 VUs  08m03.0s/10m0s  0/1 shared iters

running (08m04.0s), 1/1 VUs, 0 complete and 0 interrupted iterations
r_cw_3_reason_telemetry   [   0% ] 1 VUs  08m04.0s/10m0s  0/1 shared iters

running (08m05.0s), 1/1 VUs, 0 complete and 0 interrupted iterations
r_cw_3_reason_telemetry   [   0% ] 1 VUs  08m05.0s/10m0s  0/1 shared iters

running (08m06.0s), 1/1 VUs, 0 complete and 0 interrupted iterations
r_cw_3_reason_telemetry   [   0% ] 1 VUs  08m06.0s/10m0s  0/1 shared iters

running (08m07.0s), 1/1 VUs, 0 complete and 0 interrupted iterations
r_cw_3_reason_telemetry   [   0% ] 1 VUs  08m07.0s/10m0s  0/1 shared iters

running (08m08.0s), 1/1 VUs, 0 complete and 0 interrupted iterations
r_cw_3_reason_telemetry   [   0% ] 1 VUs  08m08.0s/10m0s  0/1 shared iters

running (08m09.0s), 1/1 VUs, 0 complete and 0 interrupted iterations
r_cw_3_reason_telemetry   [   0% ] 1 VUs  08m09.0s/10m0s  0/1 shared iters

running (08m10.0s), 1/1 VUs, 0 complete and 0 interrupted iterations
r_cw_3_reason_telemetry   [   0% ] 1 VUs  08m10.0s/10m0s  0/1 shared iters

running (08m11.0s), 1/1 VUs, 0 complete and 0 interrupted iterations
r_cw_3_reason_telemetry   [   0% ] 1 VUs  08m11.0s/10m0s  0/1 shared iters

running (08m12.0s), 1/1 VUs, 0 complete and 0 interrupted iterations
r_cw_3_reason_telemetry   [   0% ] 1 VUs  08m12.0s/10m0s  0/1 shared iters

running (08m13.0s), 1/1 VUs, 0 complete and 0 interrupted iterations
r_cw_3_reason_telemetry   [   0% ] 1 VUs  08m13.0s/10m0s  0/1 shared iters

running (08m14.0s), 1/1 VUs, 0 complete and 0 interrupted iterations
r_cw_3_reason_telemetry   [   0% ] 1 VUs  08m14.0s/10m0s  0/1 shared iters

running (08m15.0s), 1/1 VUs, 0 complete and 0 interrupted iterations
r_cw_3_reason_telemetry   [   0% ] 1 VUs  08m15.0s/10m0s  0/1 shared iters

running (08m16.0s), 1/1 VUs, 0 complete and 0 interrupted iterations
r_cw_3_reason_telemetry   [   0% ] 1 VUs  08m16.0s/10m0s  0/1 shared iters

running (08m17.0s), 1/1 VUs, 0 complete and 0 interrupted iterations
r_cw_3_reason_telemetry   [   0% ] 1 VUs  08m17.0s/10m0s  0/1 shared iters

running (08m18.0s), 1/1 VUs, 0 complete and 0 interrupted iterations
r_cw_3_reason_telemetry   [   0% ] 1 VUs  08m18.0s/10m0s  0/1 shared iters

running (08m19.0s), 1/1 VUs, 0 complete and 0 interrupted iterations
r_cw_3_reason_telemetry   [   0% ] 1 VUs  08m19.0s/10m0s  0/1 shared iters

running (08m20.0s), 1/1 VUs, 0 complete and 0 interrupted iterations
r_cw_3_reason_telemetry   [   0% ] 1 VUs  08m20.0s/10m0s  0/1 shared iters

running (08m21.0s), 1/1 VUs, 0 complete and 0 interrupted iterations
r_cw_3_reason_telemetry   [   0% ] 1 VUs  08m21.0s/10m0s  0/1 shared iters

running (08m22.0s), 1/1 VUs, 0 complete and 0 interrupted iterations
r_cw_3_reason_telemetry   [   0% ] 1 VUs  08m22.0s/10m0s  0/1 shared iters

running (08m23.0s), 1/1 VUs, 0 complete and 0 interrupted iterations
r_cw_3_reason_telemetry   [   0% ] 1 VUs  08m23.0s/10m0s  0/1 shared iters

running (08m24.0s), 1/1 VUs, 0 complete and 0 interrupted iterations
r_cw_3_reason_telemetry   [   0% ] 1 VUs  08m24.0s/10m0s  0/1 shared iters

running (08m25.0s), 1/1 VUs, 0 complete and 0 interrupted iterations
r_cw_3_reason_telemetry   [   0% ] 1 VUs  08m25.0s/10m0s  0/1 shared iters

running (08m26.0s), 1/1 VUs, 0 complete and 0 interrupted iterations
r_cw_3_reason_telemetry   [   0% ] 1 VUs  08m26.0s/10m0s  0/1 shared iters

running (08m27.0s), 1/1 VUs, 0 complete and 0 interrupted iterations
r_cw_3_reason_telemetry   [   0% ] 1 VUs  08m27.0s/10m0s  0/1 shared iters

running (08m28.0s), 1/1 VUs, 0 complete and 0 interrupted iterations
r_cw_3_reason_telemetry   [   0% ] 1 VUs  08m28.0s/10m0s  0/1 shared iters

running (08m29.0s), 1/1 VUs, 0 complete and 0 interrupted iterations
r_cw_3_reason_telemetry   [   0% ] 1 VUs  08m29.0s/10m0s  0/1 shared iters

running (08m30.0s), 1/1 VUs, 0 complete and 0 interrupted iterations
r_cw_3_reason_telemetry   [   0% ] 1 VUs  08m30.0s/10m0s  0/1 shared iters

running (08m31.0s), 1/1 VUs, 0 complete and 0 interrupted iterations
r_cw_3_reason_telemetry   [   0% ] 1 VUs  08m31.0s/10m0s  0/1 shared iters

running (08m32.0s), 1/1 VUs, 0 complete and 0 interrupted iterations
r_cw_3_reason_telemetry   [   0% ] 1 VUs  08m32.0s/10m0s  0/1 shared iters

running (08m33.0s), 1/1 VUs, 0 complete and 0 interrupted iterations
r_cw_3_reason_telemetry   [   0% ] 1 VUs  08m33.0s/10m0s  0/1 shared iters

running (08m34.0s), 1/1 VUs, 0 complete and 0 interrupted iterations
r_cw_3_reason_telemetry   [   0% ] 1 VUs  08m34.0s/10m0s  0/1 shared iters

running (08m35.0s), 1/1 VUs, 0 complete and 0 interrupted iterations
r_cw_3_reason_telemetry   [   0% ] 1 VUs  08m35.0s/10m0s  0/1 shared iters

running (08m36.0s), 1/1 VUs, 0 complete and 0 interrupted iterations
r_cw_3_reason_telemetry   [   0% ] 1 VUs  08m36.0s/10m0s  0/1 shared iters

running (08m37.0s), 1/1 VUs, 0 complete and 0 interrupted iterations
r_cw_3_reason_telemetry   [   0% ] 1 VUs  08m37.0s/10m0s  0/1 shared iters

running (08m38.0s), 1/1 VUs, 0 complete and 0 interrupted iterations
r_cw_3_reason_telemetry   [   0% ] 1 VUs  08m38.0s/10m0s  0/1 shared iters

running (08m39.0s), 1/1 VUs, 0 complete and 0 interrupted iterations
r_cw_3_reason_telemetry   [   0% ] 1 VUs  08m39.0s/10m0s  0/1 shared iters

running (08m40.0s), 1/1 VUs, 0 complete and 0 interrupted iterations
r_cw_3_reason_telemetry   [   0% ] 1 VUs  08m40.0s/10m0s  0/1 shared iters

running (08m41.0s), 1/1 VUs, 0 complete and 0 interrupted iterations
r_cw_3_reason_telemetry   [   0% ] 1 VUs  08m41.0s/10m0s  0/1 shared iters

running (08m42.0s), 1/1 VUs, 0 complete and 0 interrupted iterations
r_cw_3_reason_telemetry   [   0% ] 1 VUs  08m42.0s/10m0s  0/1 shared iters

running (08m43.0s), 1/1 VUs, 0 complete and 0 interrupted iterations
r_cw_3_reason_telemetry   [   0% ] 1 VUs  08m43.0s/10m0s  0/1 shared iters

running (08m44.0s), 1/1 VUs, 0 complete and 0 interrupted iterations
r_cw_3_reason_telemetry   [   0% ] 1 VUs  08m44.0s/10m0s  0/1 shared iters

running (08m45.0s), 1/1 VUs, 0 complete and 0 interrupted iterations
r_cw_3_reason_telemetry   [   0% ] 1 VUs  08m45.0s/10m0s  0/1 shared iters

running (08m46.0s), 1/1 VUs, 0 complete and 0 interrupted iterations
r_cw_3_reason_telemetry   [   0% ] 1 VUs  08m46.0s/10m0s  0/1 shared iters

running (08m47.0s), 1/1 VUs, 0 complete and 0 interrupted iterations
r_cw_3_reason_telemetry   [   0% ] 1 VUs  08m47.0s/10m0s  0/1 shared iters

running (08m48.0s), 1/1 VUs, 0 complete and 0 interrupted iterations
r_cw_3_reason_telemetry   [   0% ] 1 VUs  08m48.0s/10m0s  0/1 shared iters

running (08m49.0s), 1/1 VUs, 0 complete and 0 interrupted iterations
r_cw_3_reason_telemetry   [   0% ] 1 VUs  08m49.0s/10m0s  0/1 shared iters

running (08m50.0s), 1/1 VUs, 0 complete and 0 interrupted iterations
r_cw_3_reason_telemetry   [   0% ] 1 VUs  08m50.0s/10m0s  0/1 shared iters

running (08m51.0s), 1/1 VUs, 0 complete and 0 interrupted iterations
r_cw_3_reason_telemetry   [   0% ] 1 VUs  08m51.0s/10m0s  0/1 shared iters

running (08m52.0s), 1/1 VUs, 0 complete and 0 interrupted iterations
r_cw_3_reason_telemetry   [   0% ] 1 VUs  08m52.0s/10m0s  0/1 shared iters

running (08m53.0s), 1/1 VUs, 0 complete and 0 interrupted iterations
r_cw_3_reason_telemetry   [   0% ] 1 VUs  08m53.0s/10m0s  0/1 shared iters

running (08m54.0s), 1/1 VUs, 0 complete and 0 interrupted iterations
r_cw_3_reason_telemetry   [   0% ] 1 VUs  08m54.0s/10m0s  0/1 shared iters

running (08m55.0s), 1/1 VUs, 0 complete and 0 interrupted iterations
r_cw_3_reason_telemetry   [   0% ] 1 VUs  08m55.0s/10m0s  0/1 shared iters

running (08m56.0s), 1/1 VUs, 0 complete and 0 interrupted iterations
r_cw_3_reason_telemetry   [   0% ] 1 VUs  08m56.0s/10m0s  0/1 shared iters

running (08m57.0s), 1/1 VUs, 0 complete and 0 interrupted iterations
r_cw_3_reason_telemetry   [   0% ] 1 VUs  08m57.0s/10m0s  0/1 shared iters

running (08m58.0s), 1/1 VUs, 0 complete and 0 interrupted iterations
r_cw_3_reason_telemetry   [   0% ] 1 VUs  08m58.0s/10m0s  0/1 shared iters

running (08m59.0s), 1/1 VUs, 0 complete and 0 interrupted iterations
r_cw_3_reason_telemetry   [   0% ] 1 VUs  08m59.0s/10m0s  0/1 shared iters

running (09m00.0s), 1/1 VUs, 0 complete and 0 interrupted iterations
r_cw_3_reason_telemetry   [   0% ] 1 VUs  09m00.0s/10m0s  0/1 shared iters

running (09m01.0s), 1/1 VUs, 0 complete and 0 interrupted iterations
r_cw_3_reason_telemetry   [   0% ] 1 VUs  09m01.0s/10m0s  0/1 shared iters

running (09m02.0s), 1/1 VUs, 0 complete and 0 interrupted iterations
r_cw_3_reason_telemetry   [   0% ] 1 VUs  09m02.0s/10m0s  0/1 shared iters

running (09m03.0s), 1/1 VUs, 0 complete and 0 interrupted iterations
r_cw_3_reason_telemetry   [   0% ] 1 VUs  09m03.0s/10m0s  0/1 shared iters

running (09m04.0s), 1/1 VUs, 0 complete and 0 interrupted iterations
r_cw_3_reason_telemetry   [   0% ] 1 VUs  09m04.0s/10m0s  0/1 shared iters

running (09m05.0s), 1/1 VUs, 0 complete and 0 interrupted iterations
r_cw_3_reason_telemetry   [   0% ] 1 VUs  09m05.0s/10m0s  0/1 shared iters

running (09m06.0s), 1/1 VUs, 0 complete and 0 interrupted iterations
r_cw_3_reason_telemetry   [   0% ] 1 VUs  09m06.0s/10m0s  0/1 shared iters

running (09m07.0s), 1/1 VUs, 0 complete and 0 interrupted iterations
r_cw_3_reason_telemetry   [   0% ] 1 VUs  09m07.0s/10m0s  0/1 shared iters

running (09m08.0s), 1/1 VUs, 0 complete and 0 interrupted iterations
r_cw_3_reason_telemetry   [   0% ] 1 VUs  09m08.0s/10m0s  0/1 shared iters

running (09m09.0s), 1/1 VUs, 0 complete and 0 interrupted iterations
r_cw_3_reason_telemetry   [   0% ] 1 VUs  09m09.0s/10m0s  0/1 shared iters

running (09m10.0s), 1/1 VUs, 0 complete and 0 interrupted iterations
r_cw_3_reason_telemetry   [   0% ] 1 VUs  09m10.0s/10m0s  0/1 shared iters

running (09m11.0s), 1/1 VUs, 0 complete and 0 interrupted iterations
r_cw_3_reason_telemetry   [   0% ] 1 VUs  09m11.0s/10m0s  0/1 shared iters

running (09m12.0s), 1/1 VUs, 0 complete and 0 interrupted iterations
r_cw_3_reason_telemetry   [   0% ] 1 VUs  09m12.0s/10m0s  0/1 shared iters

running (09m13.0s), 1/1 VUs, 0 complete and 0 interrupted iterations
r_cw_3_reason_telemetry   [   0% ] 1 VUs  09m13.0s/10m0s  0/1 shared iters

running (09m14.0s), 1/1 VUs, 0 complete and 0 interrupted iterations
r_cw_3_reason_telemetry   [   0% ] 1 VUs  09m14.0s/10m0s  0/1 shared iters

running (09m15.0s), 1/1 VUs, 0 complete and 0 interrupted iterations
r_cw_3_reason_telemetry   [   0% ] 1 VUs  09m15.0s/10m0s  0/1 shared iters

running (09m16.0s), 1/1 VUs, 0 complete and 0 interrupted iterations
r_cw_3_reason_telemetry   [   0% ] 1 VUs  09m16.0s/10m0s  0/1 shared iters

running (09m17.0s), 1/1 VUs, 0 complete and 0 interrupted iterations
r_cw_3_reason_telemetry   [   0% ] 1 VUs  09m17.0s/10m0s  0/1 shared iters

running (09m18.0s), 1/1 VUs, 0 complete and 0 interrupted iterations
r_cw_3_reason_telemetry   [   0% ] 1 VUs  09m18.0s/10m0s  0/1 shared iters

running (09m19.0s), 1/1 VUs, 0 complete and 0 interrupted iterations
r_cw_3_reason_telemetry   [   0% ] 1 VUs  09m19.0s/10m0s  0/1 shared iters

running (09m20.0s), 1/1 VUs, 0 complete and 0 interrupted iterations
r_cw_3_reason_telemetry   [   0% ] 1 VUs  09m20.0s/10m0s  0/1 shared iters

running (09m21.0s), 1/1 VUs, 0 complete and 0 interrupted iterations
r_cw_3_reason_telemetry   [   0% ] 1 VUs  09m21.0s/10m0s  0/1 shared iters

running (09m22.0s), 1/1 VUs, 0 complete and 0 interrupted iterations
r_cw_3_reason_telemetry   [   0% ] 1 VUs  09m22.0s/10m0s  0/1 shared iters

running (09m23.0s), 1/1 VUs, 0 complete and 0 interrupted iterations
r_cw_3_reason_telemetry   [   0% ] 1 VUs  09m23.0s/10m0s  0/1 shared iters

running (09m24.0s), 1/1 VUs, 0 complete and 0 interrupted iterations
r_cw_3_reason_telemetry   [   0% ] 1 VUs  09m24.0s/10m0s  0/1 shared iters

running (09m25.0s), 1/1 VUs, 0 complete and 0 interrupted iterations
r_cw_3_reason_telemetry   [   0% ] 1 VUs  09m25.0s/10m0s  0/1 shared iters

running (09m26.0s), 1/1 VUs, 0 complete and 0 interrupted iterations
r_cw_3_reason_telemetry   [   0% ] 1 VUs  09m26.0s/10m0s  0/1 shared iters

running (09m27.0s), 1/1 VUs, 0 complete and 0 interrupted iterations
r_cw_3_reason_telemetry   [   0% ] 1 VUs  09m27.0s/10m0s  0/1 shared iters

running (09m28.0s), 1/1 VUs, 0 complete and 0 interrupted iterations
r_cw_3_reason_telemetry   [   0% ] 1 VUs  09m28.0s/10m0s  0/1 shared iters

running (09m29.0s), 1/1 VUs, 0 complete and 0 interrupted iterations
r_cw_3_reason_telemetry   [   0% ] 1 VUs  09m29.0s/10m0s  0/1 shared iters

running (09m30.0s), 1/1 VUs, 0 complete and 0 interrupted iterations
r_cw_3_reason_telemetry   [   0% ] 1 VUs  09m30.0s/10m0s  0/1 shared iters

running (09m31.0s), 1/1 VUs, 0 complete and 0 interrupted iterations
r_cw_3_reason_telemetry   [   0% ] 1 VUs  09m31.0s/10m0s  0/1 shared iters

running (09m32.0s), 1/1 VUs, 0 complete and 0 interrupted iterations
r_cw_3_reason_telemetry   [   0% ] 1 VUs  09m32.0s/10m0s  0/1 shared iters

running (09m33.0s), 1/1 VUs, 0 complete and 0 interrupted iterations
r_cw_3_reason_telemetry   [   0% ] 1 VUs  09m33.0s/10m0s  0/1 shared iters

running (09m34.0s), 1/1 VUs, 0 complete and 0 interrupted iterations
r_cw_3_reason_telemetry   [   0% ] 1 VUs  09m34.0s/10m0s  0/1 shared iters

running (09m35.0s), 1/1 VUs, 0 complete and 0 interrupted iterations
r_cw_3_reason_telemetry   [   0% ] 1 VUs  09m35.0s/10m0s  0/1 shared iters

running (09m36.0s), 1/1 VUs, 0 complete and 0 interrupted iterations
r_cw_3_reason_telemetry   [   0% ] 1 VUs  09m36.0s/10m0s  0/1 shared iters

running (09m37.0s), 1/1 VUs, 0 complete and 0 interrupted iterations
r_cw_3_reason_telemetry   [   0% ] 1 VUs  09m37.0s/10m0s  0/1 shared iters

running (09m38.0s), 1/1 VUs, 0 complete and 0 interrupted iterations
r_cw_3_reason_telemetry   [   0% ] 1 VUs  09m38.0s/10m0s  0/1 shared iters

running (09m39.0s), 1/1 VUs, 0 complete and 0 interrupted iterations
r_cw_3_reason_telemetry   [   0% ] 1 VUs  09m39.0s/10m0s  0/1 shared iters

running (09m40.0s), 1/1 VUs, 0 complete and 0 interrupted iterations
r_cw_3_reason_telemetry   [   0% ] 1 VUs  09m40.0s/10m0s  0/1 shared iters

running (09m41.0s), 1/1 VUs, 0 complete and 0 interrupted iterations
r_cw_3_reason_telemetry   [   0% ] 1 VUs  09m41.0s/10m0s  0/1 shared iters

running (09m42.0s), 1/1 VUs, 0 complete and 0 interrupted iterations
r_cw_3_reason_telemetry   [   0% ] 1 VUs  09m42.0s/10m0s  0/1 shared iters

running (09m43.0s), 1/1 VUs, 0 complete and 0 interrupted iterations
r_cw_3_reason_telemetry   [   0% ] 1 VUs  09m43.0s/10m0s  0/1 shared iters

running (09m44.0s), 1/1 VUs, 0 complete and 0 interrupted iterations
r_cw_3_reason_telemetry   [   0% ] 1 VUs  09m44.0s/10m0s  0/1 shared iters

running (09m45.0s), 1/1 VUs, 0 complete and 0 interrupted iterations
r_cw_3_reason_telemetry   [   0% ] 1 VUs  09m45.0s/10m0s  0/1 shared iters

running (09m46.0s), 1/1 VUs, 0 complete and 0 interrupted iterations
r_cw_3_reason_telemetry   [   0% ] 1 VUs  09m46.0s/10m0s  0/1 shared iters

running (09m47.0s), 1/1 VUs, 0 complete and 0 interrupted iterations
r_cw_3_reason_telemetry   [   0% ] 1 VUs  09m47.0s/10m0s  0/1 shared iters

running (09m48.0s), 1/1 VUs, 0 complete and 0 interrupted iterations
r_cw_3_reason_telemetry   [   0% ] 1 VUs  09m48.0s/10m0s  0/1 shared iters

running (09m49.0s), 1/1 VUs, 0 complete and 0 interrupted iterations
r_cw_3_reason_telemetry   [   0% ] 1 VUs  09m49.0s/10m0s  0/1 shared iters

running (09m50.0s), 1/1 VUs, 0 complete and 0 interrupted iterations
r_cw_3_reason_telemetry   [   0% ] 1 VUs  09m50.0s/10m0s  0/1 shared iters

running (09m51.0s), 1/1 VUs, 0 complete and 0 interrupted iterations
r_cw_3_reason_telemetry   [   0% ] 1 VUs  09m51.0s/10m0s  0/1 shared iters

running (09m52.0s), 1/1 VUs, 0 complete and 0 interrupted iterations
r_cw_3_reason_telemetry   [   0% ] 1 VUs  09m52.0s/10m0s  0/1 shared iters

running (09m53.0s), 1/1 VUs, 0 complete and 0 interrupted iterations
r_cw_3_reason_telemetry   [   0% ] 1 VUs  09m53.0s/10m0s  0/1 shared iters

running (09m54.0s), 1/1 VUs, 0 complete and 0 interrupted iterations
r_cw_3_reason_telemetry   [   0% ] 1 VUs  09m54.0s/10m0s  0/1 shared iters

running (09m55.0s), 1/1 VUs, 0 complete and 0 interrupted iterations
r_cw_3_reason_telemetry   [   0% ] 1 VUs  09m55.0s/10m0s  0/1 shared iters

running (09m56.0s), 1/1 VUs, 0 complete and 0 interrupted iterations
r_cw_3_reason_telemetry   [   0% ] 1 VUs  09m56.0s/10m0s  0/1 shared iters

running (09m57.0s), 1/1 VUs, 0 complete and 0 interrupted iterations
r_cw_3_reason_telemetry   [   0% ] 1 VUs  09m57.0s/10m0s  0/1 shared iters

running (09m58.0s), 1/1 VUs, 0 complete and 0 interrupted iterations
r_cw_3_reason_telemetry   [   0% ] 1 VUs  09m58.0s/10m0s  0/1 shared iters

running (09m59.0s), 1/1 VUs, 0 complete and 0 interrupted iterations
r_cw_3_reason_telemetry   [   0% ] 1 VUs  09m59.0s/10m0s  0/1 shared iters

running (10m00.0s), 1/1 VUs, 0 complete and 0 interrupted iterations
r_cw_3_reason_telemetry   [   0% ] 1 VUs  10m00.0s/10m0s  0/1 shared iters
time="2026-07-08T20:29:56-07:00" level=info msg="R_CW_3_EVIDENCE {\"row\":\"R-CW-3\",\"manifest_loaded\":true,\"nonce\":\"R-CW-3-1783567195695-hssdg6n4\",\"seat\":\"cael\",\"requestedSessionKey\":\"main\",\"sessionKey\":\"agent:main:r-cw-3-r-cw-3-1783567195695-hssdg6n4\",\"session_created\":true,\"created_session_key\":\"agent:main:r-cw-3-r-cw-3-1783567195695-hssdg6n4\",\"candidateSha\":\"e08f696618da57e7267a2148578fa4ab0d8b0d01\",\"started\":\"2026-07-09T03:19:55.695Z\",\"dispatch_accepted\":true,\"scheduled_sentinel\":true,\"wake_observed\":false,\"public_artifact_raw_reason_absent\":true,\"tempo_assertion\":\"pending-review\",\"trace_id\":null,\"trace_id_source\":null,\"dispatch_accepted_at_ms\":1783567196600,\"scheduled_result_at_ms\":1783567208832,\"wake_delay_ms\":null,\"redacted_events\":[{\"ts\":1783567195696,\"kind\":\"event\",\"method\":null,\"event\":\"connect.challenge\",\"ok\":null,\"data\":{\"ts\":1783567195696}},{\"ts\":1783567195698,\"kind\":\"other\",\"method\":null,\"event\":null,\"ok\":null,\"data\":{}},{\"ts\":1783567195780,\"kind\":\"event\",\"method\":null,\"event\":\"health\",\"ok\":null,\"data\":{\"ok\":true,\"ts\":1783567195780}},{\"ts\":1783567196063,\"kind\":\"response\",\"method\":\"sessions.create\",\"event\":null,\"ok\":true,\"data\":{\"ok\":true}},{\"ts\":1783567196091,\"kind\":\"response\",\"method\":\"sessions.messages.subscribe\",\"event\":null,\"ok\":true,\"data\":{}},{\"ts\":1783567196600,\"kind\":\"response\",\"method\":\"sessions.send\",\"event\":null,\"ok\":true,\"data\":{\"runId\":\"R-CW-3-DISPATCH-R-CW-3-1783567195695-hssdg6n4\",\"status\":\"started\"}},{\"ts\":1783567197208,\"kind\":\"event\",\"method\":null,\"event\":\"agent\",\"ok\":null,\"data\":{\"runId\":\"active-memory-mrcxux0g-5192f698\",\"sessionKey\":\"agent:main:r-cw-3-r-cw-3-1783567195695-hssdg6n4:active-memory:646fc3401ff9\",\"ts\":1783567197207}},{\"ts\":1783567199869,\"kind\":\"event\",\"method\":null,\"event\":\"agent\",\"ok\":null,\"data\":{\"runId\":\"active-memory-mrcxux0g-5192f698\",\"sessionKey\":\"agent:main:r-cw-3-r-cw-3-1783567195695-hssdg6n4:active-memory:646fc3401ff9\",\"ts\":1783567199857}},{\"ts\":1783567201243,\"kind\":\"event\",\"method\":null,\"event\":\"health\",\"ok\":null,\"data\":{\"ok\":true,\"ts\":1783567201242}},{\"ts\":1783567201255,\"kind\":\"event\",\"method\":null,\"event\":\"presence\",\"ok\":null,\"data\":{}},{\"ts\":1783567201289,\"kind\":\"event\",\"method\":null,\"event\":\"agent\",\"ok\":null,\"data\":{\"runId\":\"active-memory-mrcxux0g-5192f698\",\"sessionKey\":\"agent:main:r-cw-3-r-cw-3-1783567195695-hssdg6n4:active-memory:646fc3401ff9\",\"ts\":1783567201277}},{\"ts\":1783567202487,\"kind\":\"event\",\"method\":null,\"event\":\"agent\",\"ok\":null,\"data\":{\"runId\":\"active-memory-mrcxux0g-5192f698\",\"sessionKey\":\"agent:main:r-cw-3-r-cw-3-1783567195695-hssdg6n4:active-memory:646fc3401ff9\",\"ts\":1783567202486}},{\"ts\":1783567202487,\"kind\":\"event\",\"method\":null,\"event\":\"chat\",\"ok\":null,\"data\":{\"runId\":\"active-memory-mrcxux0g-5192f698\",\"sessionKey\":\"agent:main:r-cw-3-r-cw-3-1783567195695-hssdg6n4:active-memory:646fc3401ff9\",\"state\":\"error\"}},{\"ts\":1783567202619,\"kind\":\"event\",\"method\":null,\"event\":\"agent\",\"ok\":null,\"data\":{\"runId\":\"R-CW-3-DISPATCH-R-CW-3-1783567195695-hssdg6n4\",\"sessionKey\":\"agent:main:r-cw-3-r-cw-3-1783567195695-hssdg6n4\",\"ts\":1783567202619}},{\"ts\":1783567202667,\"kind\":\"event\",\"method\":null,\"event\":\"session.message\",\"ok\":null,\"data\":{\"sessionKey\":\"agent:main:r-cw-3-r-cw-3-1783567195695-hssdg6n4\"}},{\"ts\":1783567206004,\"kind\":\"event\",\"method\":null,\"event\":\"session.message\",\"ok\":null,\"data\":{\"sessionKey\":\"agent:main:r-cw-3-r-cw-3-1783567195695-hssdg6n4\",\"status\":\"running\",\"startedAt\":1783567202618}},{\"ts\":1783567206038,\"kind\":\"event\",\"method\":null,\"event\":\"agent\",\"ok\":null,\"data\":{\"runId\":\"R-CW-3-DISPATCH-R-CW-3-1783567195695-hssdg6n4\",\"sessionKey\":\"agent:main:r-cw-3-r-cw-3-1783567195695-hssdg6n4\",\"ts\":1783567206005}},{\"ts\":1783567206087,\"kind\":\"event\",\"method\":null,\"event\":\"agent\",\"ok\":null,\"data\":{\"runId\":\"R-CW-3-DISPATCH-R-CW-3-1783567195695-hssdg6n4\",\"sessionKey\":\"agent:main:r-cw-3-r-cw-3-1783567195695-hssdg6n4\",\"ts\":1783567206069}},{\"ts\":1783567208749,\"kind\":\"event\",\"method\":null,\"event\":\"agent\",\"ok\":null,\"data\":{\"runId\":\"R-CW-3-DISPATCH-R-CW-3-1783567195695-hssdg6n4\",\"sessionKey\":\"agent:main:r-cw-3-r-cw-3-1783567195695-hssdg6n4\",\"ts\":1783567208748}},{\"ts\":1783567208749,\"kind\":\"event\",\"method\":null,\"event\":\"chat\",\"ok\":null,\"data\":{\"runId\":\"R-CW-3-DISPATCH-R-CW-3-1783567195695-hssdg6n4\",\"sessionKey\":\"agent:main:r-cw-3-r-cw-3-1783567195695-hssdg6n4\",\"state\":\"delta\"}},{\"ts\":1783567208832,\"kind\":\"event\",\"method\":null,\"event\":\"session.message\",\"ok\":null,\"data\":{\"sessionKey\":\"agent:main:r-cw-3-r-cw-3-1783567195695-hssdg6n4\",\"status\":\"running\",\"startedAt\":1783567202618}},{\"ts\":1783567208838,\"kind\":\"event\",\"method\":null,\"event\":\"agent\",\"ok\":null,\"data\":{\"runId\":\"R-CW-3-DISPATCH-R-CW-3-1783567195695-hssdg6n4\",\"sessionKey\":\"agent:main:r-cw-3-r-cw-3-1783567195695-hssdg6n4\",\"ts\":1783567208788}},{\"ts\":1783567208838,\"kind\":\"event\",\"method\":null,\"event\":\"agent\",\"ok\":null,\"data\":{\"runId\":\"R-CW-3-DISPATCH-R-CW-3-1783567195695-hssdg6n4\",\"sessionKey\":\"agent:main:r-cw-3-r-cw-3-1783567195695-hssdg6n4\",\"ts\":1783567208837}},{\"ts\":1783567208927,\"kind\":\"event\",\"method\":null,\"event\":\"agent\",\"ok\":null,\"data\":{\"runId\":\"R-CW-3-DISPATCH-R-CW-3-1783567195695-hssdg6n4\",\"sessionKey\":\"agent:main:r-cw-3-r-cw-3-1783567195695-hssdg6n4\",\"ts\":1783567208926}},{\"ts\":1783567208927,\"kind\":\"event\",\"method\":null,\"event\":\"chat\",\"ok\":null,\"data\":{\"runId\":\"R-CW-3-DISPATCH-R-CW-3-1783567195695-hssdg6n4\",\"sessionKey\":\"agent:main:r-cw-3-r-cw-3-1783567195695-hssdg6n4\",\"state\":\"delta\"}},{\"ts\":1783567208927,\"kind\":\"event\",\"method\":null,\"event\":\"chat\",\"ok\":null,\"data\":{\"runId\":\"R-CW-3-DISPATCH-R-CW-3-1783567195695-hssdg6n4\",\"sessionKey\":\"agent:main:r-cw-3-r-cw-3-1783567195695-hssdg6n4\",\"state\":\"final\"}},{\"ts\":1783567218209,\"kind\":\"event\",\"method\":null,\"event\":\"health\",\"ok\":null,\"data\":{\"ok\":true,\"ts\":1783567218208}},{\"ts\":1783567218254,\"kind\":\"event\",\"method\":null,\"event\":\"tick\",\"ok\":null,\"data\":{\"ts\":1783567218254}},{\"ts\":1783567248255,\"kind\":\"event\",\"method\":null,\"event\":\"tick\",\"ok\":null,\"data\":{\"ts\":1783567248254}},{\"ts\":1783567278208,\"kind\":\"event\",\"method\":null,\"event\":\"health\",\"ok\":null,\"data\":{\"ok\":true,\"ts\":1783567278207}},{\"ts\":1783567278256,\"kind\":\"event\",\"method\":null,\"event\":\"tick\",\"ok\":null,\"data\":{\"ts\":1783567278256}},{\"ts\":1783567308256,\"kind\":\"event\",\"method\":null,\"event\":\"tick\",\"ok\":null,\"data\":{\"ts\":1783567308256}},{\"ts\":1783567338262,\"kind\":\"event\",\"method\":null,\"event\":\"health\",\"ok\":null,\"data\":{\"ok\":true,\"ts\":1783567338262}},{\"ts\":1783567338266,\"kind\":\"event\",\"method\":null,\"event\":\"tick\",\"ok\":null,\"data\":{\"ts\":1783567338266}},{\"ts\":1783567368270,\"kind\":\"event\",\"method\":null,\"event\":\"tick\",\"ok\":null,\"data\":{\"ts\":1783567368269}},{\"ts\":1783567398211,\"kind\":\"event\",\"method\":null,\"event\":\"health\",\"ok\":null,\"data\":{\"ok\":true,\"ts\":1783567398210}},{\"ts\":1783567398270,\"kind\":\"event\",\"method\":null,\"event\":\"tick\",\"ok\":null,\"data\":{\"ts\":1783567398269}},{\"ts\":1783567428272,\"kind\":\"event\",\"method\":null,\"event\":\"tick\",\"ok\":null,\"data\":{\"ts\":1783567428270}},{\"ts\":1783567458209,\"kind\":\"event\",\"method\":null,\"event\":\"health\",\"ok\":null,\"data\":{\"ok\":true,\"ts\":1783567458208}},{\"ts\":1783567458271,\"kind\":\"event\",\"method\":null,\"event\":\"tick\",\"ok\":null,\"data\":{\"ts\":1783567458271}},{\"ts\":1783567488272,\"kind\":\"event\",\"method\":null,\"event\":\"tick\",\"ok\":null,\"data\":{\"ts\":1783567488271}},{\"ts\":1783567518200,\"kind\":\"event\",\"method\":null,\"event\":\"health\",\"ok\":null,\"data\":{\"ok\":true,\"ts\":1783567518200}},{\"ts\":1783567518273,\"kind\":\"event\",\"method\":null,\"event\":\"tick\",\"ok\":null,\"data\":{\"ts\":1783567518273}},{\"ts\":1783567548274,\"kind\":\"event\",\"method\":null,\"event\":\"tick\",\"ok\":null,\"data\":{\"ts\":1783567548273}},{\"ts\":1783567578201,\"kind\":\"event\",\"method\":null,\"event\":\"health\",\"ok\":null,\"data\":{\"ok\":true,\"ts\":1783567578201}},{\"ts\":1783567578276,\"kind\":\"event\",\"method\":null,\"event\":\"tick\",\"ok\":null,\"data\":{\"ts\":1783567578275}},{\"ts\":1783567608276,\"kind\":\"event\",\"method\":null,\"event\":\"tick\",\"ok\":null,\"data\":{\"ts\":1783567608276}},{\"ts\":1783567638201,\"kind\":\"event\",\"method\":null,\"event\":\"health\",\"ok\":null,\"data\":{\"ok\":true,\"ts\":1783567638200}},{\"ts\":1783567638278,\"kind\":\"event\",\"method\":null,\"event\":\"tick\",\"ok\":null,\"data\":{\"ts\":1783567638277}},{\"ts\":1783567668278,\"kind\":\"event\",\"method\":null,\"event\":\"tick\",\"ok\":null,\"data\":{\"ts\":1783567668277}},{\"ts\":1783567698285,\"kind\":\"event\",\"method\":null,\"event\":\"health\",\"ok\":null,\"data\":{\"ok\":true,\"ts\":1783567698284}},{\"ts\":1783567698287,\"kind\":\"event\",\"method\":null,\"event\":\"tick\",\"ok\":null,\"data\":{\"ts\":1783567698287}},{\"ts\":1783567728289,\"kind\":\"event\",\"method\":null,\"event\":\"tick\",\"ok\":null,\"data\":{\"ts\":1783567728289}},{\"ts\":1783567758205,\"kind\":\"event\",\"method\":null,\"event\":\"health\",\"ok\":null,\"data\":{\"ok\":true,\"ts\":1783567758203}},{\"ts\":1783567758290,\"kind\":\"event\",\"method\":null,\"event\":\"tick\",\"ok\":null,\"data\":{\"ts\":1783567758289}},{\"ts\":1783567788290,\"kind\":\"event\",\"method\":null,\"event\":\"tick\",\"ok\":null,\"data\":{\"ts\":1783567788289}}],\"ended\":\"2026-07-09T03:29:56.065Z\",\"duration_ms\":600370}" source=console
time="2026-07-08T20:29:56-07:00" level=info msg="\n--- R-CW-3 EVIDENCE SUMMARY ---" source=console
time="2026-07-08T20:29:56-07:00" level=info msg="{\n  \"row\": \"R-CW-3\",\n  \"manifest_loaded\": true,\n  \"nonce\": \"R-CW-3-1783567195695-hssdg6n4\",\n  \"seat\": \"cael\",\n  \"requestedSessionKey\": \"main\",\n  \"sessionKey\": \"agent:main:r-cw-3-r-cw-3-1783567195695-hssdg6n4\",\n  \"session_created\": true,\n  \"created_session_key\": \"agent:main:r-cw-3-r-cw-3-1783567195695-hssdg6n4\",\n  \"candidateSha\": \"e08f696618da57e7267a2148578fa4ab0d8b0d01\",\n  \"started\": \"2026-07-09T03:19:55.695Z\",\n  \"dispatch_accepted\": true,\n  \"scheduled_sentinel\": true,\n  \"wake_observed\": false,\n  \"public_artifact_raw_reason_absent\": true,\n  \"tempo_assertion\": \"pending-review\",\n  \"trace_id\": null,\n  \"trace_id_source\": null,\n  \"dispatch_accepted_at_ms\": 1783567196600,\n  \"scheduled_result_at_ms\": 1783567208832,\n  \"wake_delay_ms\": null,\n  \"redacted_events\": [\n    {\n      \"ts\": 1783567195696,\n      \"kind\": \"event\",\n      \"method\": null,\n      \"event\": \"connect.challenge\",\n      \"ok\": null,\n      \"data\": {\n        \"ts\": 1783567195696\n      }\n    },\n    {\n      \"ts\": 1783567195698,\n      \"kind\": \"other\",\n      \"method\": null,\n      \"event\": null,\n      \"ok\": null,\n      \"data\": {}\n    },\n    {\n      \"ts\": 1783567195780,\n      \"kind\": \"event\",\n      \"method\": null,\n      \"event\": \"health\",\n      \"ok\": null,\n      \"data\": {\n        \"ok\": true,\n        \"ts\": 1783567195780\n      }\n    },\n    {\n      \"ts\": 1783567196063,\n      \"kind\": \"response\",\n      \"method\": \"sessions.create\",\n      \"event\": null,\n      \"ok\": true,\n      \"data\": {\n        \"ok\": true\n      }\n    },\n    {\n      \"ts\": 1783567196091,\n      \"kind\": \"response\",\n      \"method\": \"sessions.messages.subscribe\",\n      \"event\": null,\n      \"ok\": true,\n      \"data\": {}\n    },\n    {\n      \"ts\": 1783567196600,\n      \"kind\": \"response\",\n      \"method\": \"sessions.send\",\n      \"event\": null,\n      \"ok\": true,\n      \"data\": {\n        \"runId\": \"R-CW-3-DISPATCH-R-CW-3-1783567195695-hssdg6n4\",\n        \"status\": \"started\"\n      }\n    },\n    {\n      \"ts\": 1783567197208,\n      \"kind\": \"event\",\n      \"method\": null,\n      \"event\": \"agent\",\n      \"ok\": null,\n      \"data\": {\n        \"runId\": \"active-memory-mrcxux0g-5192f698\",\n        \"sessionKey\": \"agent:main:r-cw-3-r-cw-3-1783567195695-hssdg6n4:active-memory:646fc3401ff9\",\n        \"ts\": 1783567197207\n      }\n    },\n    {\n      \"ts\": 1783567199869,\n      \"kind\": \"event\",\n      \"method\": null,\n      \"event\": \"agent\",\n      \"ok\": null,\n      \"data\": {\n        \"runId\": \"active-memory-mrcxux0g-5192f698\",\n        \"sessionKey\": \"agent:main:r-cw-3-r-cw-3-1783567195695-hssdg6n4:active-memory:646fc3401ff9\",\n        \"ts\": 1783567199857\n      }\n    },\n    {\n      \"ts\": 1783567201243,\n      \"kind\": \"event\",\n      \"method\": null,\n      \"event\": \"health\",\n      \"ok\": null,\n      \"data\": {\n        \"ok\": true,\n        \"ts\": 1783567201242\n      }\n    },\n    {\n      \"ts\": 1783567201255,\n      \"kind\": \"event\",\n      \"method\": null,\n      \"event\": \"presence\",\n      \"ok\": null,\n      \"data\": {}\n    },\n    {\n      \"ts\": 1783567201289,\n      \"kind\": \"event\",\n      \"method\": null,\n      \"event\": \"agent\",\n      \"ok\": null,\n      \"data\": {\n        \"runId\": \"active-memory-mrcxux0g-5192f698\",\n        \"sessionKey\": \"agent:main:r-cw-3-r-cw-3-1783567195695-hssdg6n4:active-memory:646fc3401ff9\",\n        \"ts\": 1783567201277\n      }\n    },\n    {\n      \"ts\": 1783567202487,\n      \"kind\": \"event\",\n      \"method\": null,\n      \"event\": \"agent\",\n      \"ok\": null,\n      \"data\": {\n        \"runId\": \"active-memory-mrcxux0g-5192f698\",\n        \"sessionKey\": \"agent:main:r-cw-3-r-cw-3-1783567195695-hssdg6n4:active-memory:646fc3401ff9\",\n        \"ts\": 1783567202486\n      }\n    },\n    {\n      \"ts\": 1783567202487,\n      \"kind\": \"event\",\n      \"method\": null,\n      \"event\": \"chat\",\n      \"ok\": null,\n      \"data\": {\n        \"runId\": \"active-memory-mrcxux0g-5192f698\",\n        \"sessionKey\": \"agent:main:r-cw-3-r-cw-3-1783567195695-hssdg6n4:active-memory:646fc3401ff9\",\n        \"state\": \"error\"\n      }\n    },\n    {\n      \"ts\": 1783567202619,\n      \"kind\": \"event\",\n      \"method\": null,\n      \"event\": \"agent\",\n      \"ok\": null,\n      \"data\": {\n        \"runId\": \"R-CW-3-DISPATCH-R-CW-3-1783567195695-hssdg6n4\",\n        \"sessionKey\": \"agent:main:r-cw-3-r-cw-3-1783567195695-hssdg6n4\",\n        \"ts\": 1783567202619\n      }\n    },\n    {\n      \"ts\": 1783567202667,\n      \"kind\": \"event\",\n      \"method\": null,\n      \"event\": \"session.message\",\n      \"ok\": null,\n      \"data\": {\n        \"sessionKey\": \"agent:main:r-cw-3-r-cw-3-1783567195695-hssdg6n4\"\n      }\n    },\n    {\n      \"ts\": 1783567206004,\n      \"kind\": \"event\",\n      \"method\": null,\n      \"event\": \"session.message\",\n      \"ok\": null,\n      \"data\": {\n        \"sessionKey\": \"agent:main:r-cw-3-r-cw-3-1783567195695-hssdg6n4\",\n        \"status\": \"running\",\n        \"startedAt\": 1783567202618\n      }\n    },\n    {\n      \"ts\": 1783567206038,\n      \"kind\": \"event\",\n      \"method\": null,\n      \"event\": \"agent\",\n      \"ok\": null,\n      \"data\": {\n        \"runId\": \"R-CW-3-DISPATCH-R-CW-3-1783567195695-hssdg6n4\",\n        \"sessionKey\": \"agent:main:r-cw-3-r-cw-3-1783567195695-hssdg6n4\",\n        \"ts\": 1783567206005\n      }\n    },\n    {\n      \"ts\": 1783567206087,\n      \"kind\": \"event\",\n      \"method\": null,\n      \"event\": \"agent\",\n      \"ok\": null,\n      \"data\": {\n        \"runId\": \"R-CW-3-DISPATCH-R-CW-3-1783567195695-hssdg6n4\",\n        \"sessionKey\": \"agent:main:r-cw-3-r-cw-3-1783567195695-hssdg6n4\",\n        \"ts\": 1783567206069\n      }\n    },\n    {\n      \"ts\": 1783567208749,\n      \"kind\": \"event\",\n      \"method\": null,\n      \"event\": \"agent\",\n      \"ok\": null,\n      \"data\": {\n        \"runId\": \"R-CW-3-DISPATCH-R-CW-3-1783567195695-hssdg6n4\",\n        \"sessionKey\": \"agent:main:r-cw-3-r-cw-3-1783567195695-hssdg6n4\",\n        \"ts\": 1783567208748\n      }\n    },\n    {\n      \"ts\": 1783567208749,\n      \"kind\": \"event\",\n      \"method\": null,\n      \"event\": \"chat\",\n      \"ok\": null,\n      \"data\": {\n        \"runId\": \"R-CW-3-DISPATCH-R-CW-3-1783567195695-hssdg6n4\",\n        \"sessionKey\": \"agent:main:r-cw-3-r-cw-3-1783567195695-hssdg6n4\",\n        \"state\": \"delta\"\n      }\n    },\n    {\n      \"ts\": 1783567208832,\n      \"kind\": \"event\",\n      \"method\": null,\n      \"event\": \"session.message\",\n      \"ok\": null,\n      \"data\": {\n        \"sessionKey\": \"agent:main:r-cw-3-r-cw-3-1783567195695-hssdg6n4\",\n        \"status\": \"running\",\n        \"startedAt\": 1783567202618\n      }\n    },\n    {\n      \"ts\": 1783567208838,\n      \"kind\": \"event\",\n      \"method\": null,\n      \"event\": \"agent\",\n      \"ok\": null,\n      \"data\": {\n        \"runId\": \"R-CW-3-DISPATCH-R-CW-3-1783567195695-hssdg6n4\",\n        \"sessionKey\": \"agent:main:r-cw-3-r-cw-3-1783567195695-hssdg6n4\",\n        \"ts\": 1783567208788\n      }\n    },\n    {\n      \"ts\": 1783567208838,\n      \"kind\": \"event\",\n      \"method\": null,\n      \"event\": \"agent\",\n      \"ok\": null,\n      \"data\": {\n        \"runId\": \"R-CW-3-DISPATCH-R-CW-3-1783567195695-hssdg6n4\",\n        \"sessionKey\": \"agent:main:r-cw-3-r-cw-3-1783567195695-hssdg6n4\",\n        \"ts\": 1783567208837\n      }\n    },\n    {\n      \"ts\": 1783567208927,\n      \"kind\": \"event\",\n      \"method\": null,\n      \"event\": \"agent\",\n      \"ok\": null,\n      \"data\": {\n        \"runId\": \"R-CW-3-DISPATCH-R-CW-3-1783567195695-hssdg6n4\",\n        \"sessionKey\": \"agent:main:r-cw-3-r-cw-3-1783567195695-hssdg6n4\",\n        \"ts\": 1783567208926\n      }\n    },\n    {\n      \"ts\": 1783567208927,\n      \"kind\": \"event\",\n      \"method\": null,\n      \"event\": \"chat\",\n      \"ok\": null,\n      \"data\": {\n        \"runId\": \"R-CW-3-DISPATCH-R-CW-3-1783567195695-hssdg6n4\",\n        \"sessionKey\": \"agent:main:r-cw-3-r-cw-3-1783567195695-hssdg6n4\",\n        \"state\": \"delta\"\n      }\n    },\n    {\n      \"ts\": 1783567208927,\n      \"kind\": \"event\",\n      \"method\": null,\n      \"event\": \"chat\",\n      \"ok\": null,\n      \"data\": {\n        \"runId\": \"R-CW-3-DISPATCH-R-CW-3-1783567195695-hssdg6n4\",\n        \"sessionKey\": \"agent:main:r-cw-3-r-cw-3-1783567195695-hssdg6n4\",\n        \"state\": \"final\"\n      }\n    },\n    {\n      \"ts\": 1783567218209,\n      \"kind\": \"event\",\n      \"method\": null,\n      \"event\": \"health\",\n      \"ok\": null,\n      \"data\": {\n        \"ok\": true,\n        \"ts\": 1783567218208\n      }\n    },\n    {\n      \"ts\": 1783567218254,\n      \"kind\": \"event\",\n      \"method\": null,\n      \"event\": \"tick\",\n      \"ok\": null,\n      \"data\": {\n        \"ts\": 1783567218254\n      }\n    },\n    {\n      \"ts\": 1783567248255,\n      \"kind\": \"event\",\n      \"method\": null,\n      \"event\": \"tick\",\n      \"ok\": null,\n      \"data\": {\n        \"ts\": 1783567248254\n      }\n    },\n    {\n      \"ts\": 1783567278208,\n      \"kind\": \"event\",\n      \"method\": null,\n      \"event\": \"health\",\n      \"ok\": null,\n      \"data\": {\n        \"ok\": true,\n        \"ts\": 1783567278207\n      }\n    },\n    {\n      \"ts\": 1783567278256,\n      \"kind\": \"event\",\n      \"method\": null,\n      \"event\": \"tick\",\n      \"ok\": null,\n      \"data\": {\n        \"ts\": 1783567278256\n      }\n    },\n    {\n      \"ts\": 1783567308256,\n      \"kind\": \"event\",\n      \"method\": null,\n      \"event\": \"tick\",\n      \"ok\": null,\n      \"data\": {\n        \"ts\": 1783567308256\n      }\n    },\n    {\n      \"ts\": 1783567338262,\n      \"kind\": \"event\",\n      \"method\": null,\n      \"event\": \"health\",\n      \"ok\": null,\n      \"data\": {\n        \"ok\": true,\n        \"ts\": 1783567338262\n      }\n    },\n    {\n      \"ts\": 1783567338266,\n      \"kind\": \"event\",\n      \"method\": null,\n      \"event\": \"tick\",\n      \"ok\": null,\n      \"data\": {\n        \"ts\": 1783567338266\n      }\n    },\n    {\n      \"ts\": 1783567368270,\n      \"kind\": \"event\",\n      \"method\": null,\n      \"event\": \"tick\",\n      \"ok\": null,\n      \"data\": {\n        \"ts\": 1783567368269\n      }\n    },\n    {\n      \"ts\": 1783567398211,\n      \"kind\": \"event\",\n      \"method\": null,\n      \"event\": \"health\",\n      \"ok\": null,\n      \"data\": {\n        \"ok\": true,\n        \"ts\": 1783567398210\n      }\n    },\n    {\n      \"ts\": 1783567398270,\n      \"kind\": \"event\",\n      \"method\": null,\n      \"event\": \"tick\",\n      \"ok\": null,\n      \"data\": {\n        \"ts\": 1783567398269\n      }\n    },\n    {\n      \"ts\": 1783567428272,\n      \"kind\": \"event\",\n      \"method\": null,\n      \"event\": \"tick\",\n      \"ok\": null,\n      \"data\": {\n        \"ts\": 1783567428270\n      }\n    },\n    {\n      \"ts\": 1783567458209,\n      \"kind\": \"event\",\n      \"method\": null,\n      \"event\": \"health\",\n      \"ok\": null,\n      \"data\": {\n        \"ok\": true,\n        \"ts\": 1783567458208\n      }\n    },\n    {\n      \"ts\": 1783567458271,\n      \"kind\": \"event\",\n      \"method\": null,\n      \"event\": \"tick\",\n      \"ok\": null,\n      \"data\": {\n        \"ts\": 1783567458271\n      }\n    },\n    {\n      \"ts\": 1783567488272,\n      \"kind\": \"event\",\n      \"method\": null,\n      \"event\": \"tick\",\n      \"ok\": null,\n      \"data\": {\n        \"ts\": 1783567488271\n      }\n    },\n    {\n      \"ts\": 1783567518200,\n      \"kind\": \"event\",\n      \"method\": null,\n      \"event\": \"health\",\n      \"ok\": null,\n      \"data\": {\n        \"ok\": true,\n        \"ts\": 1783567518200\n      }\n    },\n    {\n      \"ts\": 1783567518273,\n      \"kind\": \"event\",\n      \"method\": null,\n      \"event\": \"tick\",\n      \"ok\": null,\n      \"data\": {\n        \"ts\": 1783567518273\n      }\n    },\n    {\n      \"ts\": 1783567548274,\n      \"kind\": \"event\",\n      \"method\": null,\n      \"event\": \"tick\",\n      \"ok\": null,\n      \"data\": {\n        \"ts\": 1783567548273\n      }\n    },\n    {\n      \"ts\": 1783567578201,\n      \"kind\": \"event\",\n      \"method\": null,\n      \"event\": \"health\",\n      \"ok\": null,\n      \"data\": {\n        \"ok\": true,\n        \"ts\": 1783567578201\n      }\n    },\n    {\n      \"ts\": 1783567578276,\n      \"kind\": \"event\",\n      \"method\": null,\n      \"event\": \"tick\",\n      \"ok\": null,\n      \"data\": {\n        \"ts\": 1783567578275\n      }\n    },\n    {\n      \"ts\": 1783567608276,\n      \"kind\": \"event\",\n      \"method\": null,\n      \"event\": \"tick\",\n      \"ok\": null,\n      \"data\": {\n        \"ts\": 1783567608276\n      }\n    },\n    {\n      \"ts\": 1783567638201,\n      \"kind\": \"event\",\n      \"method\": null,\n      \"event\": \"health\",\n      \"ok\": null,\n      \"data\": {\n        \"ok\": true,\n        \"ts\": 1783567638200\n      }\n    },\n    {\n      \"ts\": 1783567638278,\n      \"kind\": \"event\",\n      \"method\": null,\n      \"event\": \"tick\",\n      \"ok\": null,\n      \"data\": {\n        \"ts\": 1783567638277\n      }\n    },\n    {\n      \"ts\": 1783567668278,\n      \"kind\": \"event\",\n      \"method\": null,\n      \"event\": \"tick\",\n      \"ok\": null,\n      \"data\": {\n        \"ts\": 1783567668277\n      }\n    },\n    {\n      \"ts\": 1783567698285,\n      \"kind\": \"event\",\n      \"method\": null,\n      \"event\": \"health\",\n      \"ok\": null,\n      \"data\": {\n        \"ok\": true,\n        \"ts\": 1783567698284\n      }\n    },\n    {\n      \"ts\": 1783567698287,\n      \"kind\": \"event\",\n      \"method\": null,\n      \"event\": \"tick\",\n      \"ok\": null,\n      \"data\": {\n        \"ts\": 1783567698287\n      }\n    },\n    {\n      \"ts\": 1783567728289,\n      \"kind\": \"event\",\n      \"method\": null,\n      \"event\": \"tick\",\n      \"ok\": null,\n      \"data\": {\n        \"ts\": 1783567728289\n      }\n    },\n    {\n      \"ts\": 1783567758205,\n      \"kind\": \"event\",\n      \"method\": null,\n      \"event\": \"health\",\n      \"ok\": null,\n      \"data\": {\n        \"ok\": true,\n        \"ts\": 1783567758203\n      }\n    },\n    {\n      \"ts\": 1783567758290,\n      \"kind\": \"event\",\n      \"method\": null,\n      \"event\": \"tick\",\n      \"ok\": null,\n      \"data\": {\n        \"ts\": 1783567758289\n      }\n    },\n    {\n      \"ts\": 1783567788290,\n      \"kind\": \"event\",\n      \"method\": null,\n      \"event\": \"tick\",\n      \"ok\": null,\n      \"data\": {\n        \"ts\": 1783567788289\n      }\n    }\n  ],\n  \"ended\": \"2026-07-09T03:29:56.065Z\",\n  \"duration_ms\": 600370\n}" source=console
time="2026-07-08T20:29:56-07:00" level=info msg="--- END EVIDENCE ---" source=console
time="2026-07-08T20:29:56-07:00" level=info msg="\n[R-CW-3] VERDICT: PARTIAL-candidate" source=console

[R-CW-3] Summary: PARTIAL-candidate | SHA: e08f696618da57e7267a2148578fa4ab0d8b0d01 | Seat: cael

running (10m00.4s), 0/1 VUs, 1 complete and 0 interrupted iterations
r_cw_3_reason_telemetry ✓ [ 100% ] 1 VUs  10m00.4s/10m0s  1/1 shared iters
time="2026-07-08T20:29:56-07:00" level=error msg="thresholds on metrics 'proof_failures, r_cw_3_duration' have been crossed"
