path	disposition	basis	rationale	evidence
config/assertion-safety-baseline.txt	KEEP	prior-reviewed-policy	retain all upstream replacement/reduction rows and accepted reductions/removals, then prune three removed casts from embedded-agent-subscribe.ts; regenerated arithmetic is 4,277 files and 13,483 assertions with zero mismatches	shrink-only accepted reductions and removals remain exact | upstream: upstream replaces Telegram monitor and plugin-hook counts; the final frozen merges also reduce the Discord internal gateway count from nine to eight and native-command-reply from three to two | interleave=no | preservation=pass | proof=pnpm check:assertion-safety --base origin/main | review=read-only policy audit: clean; shrink-only repairs applied
docs/tools/subagents.md	KEEP	prior-exact-overlay; base=c6a7b9c336a3bf3eb5d4dd79a8b24939a96b2439; source=f4bb2a8945e6b3ed4851aaa8133e4d22cd53c3d8; frozen=c6a7b9c336a3bf3eb5d4dd79a8b24939a96b2439; candidate=f4bb2a8945e6b3ed4851aaa8133e4d22cd53c3d8	Current upstream blob equals the old merge-base blob and candidate blob equals the accepted-source blob; preserve this exact accepted overlay because no current upstream hunk exists on the path.	dropped_lines=3
extensions/acpx/src/pi-session-catalog.test.ts	KEEP	current-only-reviewed; accepted: Preserve continuation-aware Pi symlink coverage in one fixture root with Windows junction handling. | frozen: Split real and linked agent directories across temporary roots.	The accepted fixture topology covers the same symlink contract and remains isolated; no frozen behavior is lost.	source/candidate 7faecd09c145; frozen 43321512face; listLocalPiSessionPage symlink and continuation-eligibility tests
extensions/clawrouter/stream.ts	KEEP	prior-exact-overlay; base=cda5b4e675af2c829aff4a9470876cb1a11bd677; source=09dead6e7062b3555f1448371ae405b89bfe7c24; frozen=cda5b4e675af2c829aff4a9470876cb1a11bd677; candidate=09dead6e7062b3555f1448371ae405b89bfe7c24	Current upstream blob equals the old merge-base blob and candidate blob equals the accepted-source blob; preserve this exact accepted overlay because no current upstream hunk exists on the path.	dropped_lines=1
extensions/clickclack/src/accounts.test.ts	KEEP	prior-exact-overlay; base=352886dd157dff1527a800177327c4e3480864b3; source=bde14e525dcfd4e39635ceae3351960494355338; frozen=352886dd157dff1527a800177327c4e3480864b3; candidate=bde14e525dcfd4e39635ceae3351960494355338	Current upstream blob equals the old merge-base blob and candidate blob equals the accepted-source blob; preserve this exact accepted overlay because no current upstream hunk exists on the path.	dropped_lines=2
extensions/codex/src/app-server/auth-bridge.test.ts	KEEP	prior-exact-overlay; base=b7d54ff8295d4ffe5fac0083162b2b84caaa707f; source=35bc160d715a78d8562c68d16b53db218d4aa8cd; frozen=b7d54ff8295d4ffe5fac0083162b2b84caaa707f; candidate=35bc160d715a78d8562c68d16b53db218d4aa8cd	Current upstream blob equals the old merge-base blob and candidate blob equals the accepted-source blob; preserve this exact accepted overlay because no current upstream hunk exists on the path.	dropped_lines=5
extensions/codex/src/app-server/computer-use.test.ts	KEEP	prior-exact-overlay; base=bf0d77ba1dccadef1f3b589bbbf63f297588733d; source=ab69f6fbb47b0870f23dba94c064e17bc6bc36ef; frozen=bf0d77ba1dccadef1f3b589bbbf63f297588733d; candidate=ab69f6fbb47b0870f23dba94c064e17bc6bc36ef	Current upstream blob equals the old merge-base blob and candidate blob equals the accepted-source blob; preserve this exact accepted overlay because no current upstream hunk exists on the path.	dropped_lines=2
extensions/codex/src/app-server/computer-use.ts	KEEP	prior-exact-overlay; base=b16a3582aa9b55df39cb0cbf2228d05655cb696c; source=ee42d5006ed44862539d0c74a00d84774a2e20b0; frozen=b16a3582aa9b55df39cb0cbf2228d05655cb696c; candidate=ee42d5006ed44862539d0c74a00d84774a2e20b0	Current upstream blob equals the old merge-base blob and candidate blob equals the accepted-source blob; preserve this exact accepted overlay because no current upstream hunk exists on the path.	dropped_lines=1
extensions/codex/src/app-server/dynamic-tool-build.test.ts	KEEP	prior-exact-overlay; base=af44a2a2634009789e3b871290182a967958fdce; source=1eb4f35e556739813c9ce15604f53559d36ce068; frozen=af44a2a2634009789e3b871290182a967958fdce; candidate=1eb4f35e556739813c9ce15604f53559d36ce068	Current upstream blob equals the old merge-base blob and candidate blob equals the accepted-source blob; preserve this exact accepted overlay because no current upstream hunk exists on the path.	dropped_lines=2
extensions/codex/src/app-server/dynamic-tool-build.ts	KEEP	prior-exact-overlay; base=4511df38f4da674e5e98b32680c82e6ae0ec863e; source=7929ff41ea560d6179a4e1f67d4b31901a484dbb; frozen=4511df38f4da674e5e98b32680c82e6ae0ec863e; candidate=7929ff41ea560d6179a4e1f67d4b31901a484dbb	Current upstream blob equals the old merge-base blob and candidate blob equals the accepted-source blob; preserve this exact accepted overlay because no current upstream hunk exists on the path.	dropped_lines=1
extensions/codex/src/app-server/dynamic-tool-execution.ts	KEEP	prior-exact-overlay; base=4d46dc8ee412a971c6dd01fbca27d77e368e998e; source=bb3236741e0dba2d373cfb479bb3059f96dd11b6; frozen=4d46dc8ee412a971c6dd01fbca27d77e368e998e; candidate=bb3236741e0dba2d373cfb479bb3059f96dd11b6	Current upstream blob equals the old merge-base blob and candidate blob equals the accepted-source blob; preserve this exact accepted overlay because no current upstream hunk exists on the path.	dropped_lines=1
extensions/codex/src/app-server/dynamic-tools.test.ts	KEEP	prior-exact-overlay; base=1e319e38079460b8b51705b41f89f96b93dfdd73; source=c3ae4cdadd64a4b11528b51781edd027dd3c02a4; frozen=1e319e38079460b8b51705b41f89f96b93dfdd73; candidate=c3ae4cdadd64a4b11528b51781edd027dd3c02a4	Current upstream blob equals the old merge-base blob and candidate blob equals the accepted-source blob; preserve this exact accepted overlay because no current upstream hunk exists on the path.	dropped_lines=5
extensions/codex/src/app-server/dynamic-tools.ts	KEEP	prior-exact-overlay; base=2f257aebf142311ba3a58a5ddfd4c04cb648dc76; source=187b1b167ff5bf6b14228c6405c3b0d4f25350e2; frozen=2f257aebf142311ba3a58a5ddfd4c04cb648dc76; candidate=187b1b167ff5bf6b14228c6405c3b0d4f25350e2	Current upstream blob equals the old merge-base blob and candidate blob equals the accepted-source blob; preserve this exact accepted overlay because no current upstream hunk exists on the path.	dropped_lines=6
extensions/codex/src/app-server/native-subagent-task-mirror.test.ts	KEEP	prior-exact-overlay; base=9dd0d0772bf9e17c5e929eb8ffc79b2675f0cb82; source=ecc1f9467035ef055d7f00bc43d74ce501a71733; frozen=9dd0d0772bf9e17c5e929eb8ffc79b2675f0cb82; candidate=ecc1f9467035ef055d7f00bc43d74ce501a71733	Current upstream blob equals the old merge-base blob and candidate blob equals the accepted-source blob; preserve this exact accepted overlay because no current upstream hunk exists on the path.	dropped_lines=4
extensions/codex/src/app-server/run-attempt.dynamic-tools.test.ts	KEEP	prior-exact-overlay; base=dfc6ec44747508c65b6c5daafb6986649940cdfa; source=dcb72cc524b54a568550bc686f9107598cb107ae; frozen=dfc6ec44747508c65b6c5daafb6986649940cdfa; candidate=dcb72cc524b54a568550bc686f9107598cb107ae	Current upstream blob equals the old merge-base blob and candidate blob equals the accepted-source blob; preserve this exact accepted overlay because no current upstream hunk exists on the path.	dropped_lines=2
extensions/codex/src/app-server/runtime-artifact.test.ts	KEEP	prior-exact-overlay; base=e791d78155cc61519adba6c41e4d4abcc9bb3f24; source=61a77fa541afcf62a14a6d63ca372607d9ba0495; frozen=e791d78155cc61519adba6c41e4d4abcc9bb3f24; candidate=61a77fa541afcf62a14a6d63ca372607d9ba0495	Current upstream blob equals the old merge-base blob and candidate blob equals the accepted-source blob; preserve this exact accepted overlay because no current upstream hunk exists on the path.	dropped_lines=1
extensions/codex/src/app-server/side-question.test.ts	KEEP	prior-exact-overlay; base=f2da4c8146ee7d1093ae66c5d8c6644b6f95cd02; source=fe92a49cd88c23310d9e5e4ee16cdf1436039784; frozen=f2da4c8146ee7d1093ae66c5d8c6644b6f95cd02; candidate=fe92a49cd88c23310d9e5e4ee16cdf1436039784	Current upstream blob equals the old merge-base blob and candidate blob equals the accepted-source blob; preserve this exact accepted overlay because no current upstream hunk exists on the path.	dropped_lines=1
extensions/copilot/src/native-subagent-task-mirror.test.ts	KEEP	prior-exact-overlay; base=8fa7337c46ba2aaf82ded1b57ef9edc82db4cf9c; source=add0e1bf8323dae88610b659de78d4a41be1feb1; frozen=8fa7337c46ba2aaf82ded1b57ef9edc82db4cf9c; candidate=add0e1bf8323dae88610b659de78d4a41be1feb1	Current upstream blob equals the old merge-base blob and candidate blob equals the accepted-source blob; preserve this exact accepted overlay because no current upstream hunk exists on the path.	dropped_lines=5
extensions/copilot/src/tool-bridge.test.ts	KEEP	prior-exact-overlay; base=038552bc9cc95376073cc185a147ad8c10b683cd; source=84c79a0479d5ad612e149f20a50f8e51781f2dbc; frozen=038552bc9cc95376073cc185a147ad8c10b683cd; candidate=84c79a0479d5ad612e149f20a50f8e51781f2dbc	Current upstream blob equals the old merge-base blob and candidate blob equals the accepted-source blob; preserve this exact accepted overlay because no current upstream hunk exists on the path.	dropped_lines=3
extensions/diagnostics-otel/src/service-traces.ts	KEEP	prior-exact-overlay; base=9e941d14ae555d66750e18da2ee128a8b1e97f23; source=62f3ab6ecb5cc90e7d61987951064205c87f29c2; frozen=9e941d14ae555d66750e18da2ee128a8b1e97f23; candidate=62f3ab6ecb5cc90e7d61987951064205c87f29c2	Current upstream blob equals the old merge-base blob and candidate blob equals the accepted-source blob; preserve this exact accepted overlay because no current upstream hunk exists on the path.	dropped_lines=2
extensions/diagnostics-otel/src/service.test.ts	KEEP	prior-exact-overlay; base=ed6b3555903c689d1011b4278a7be038237c35a7; source=a6921a35de90422b7a01ae12113353c24127b4a5; frozen=ed6b3555903c689d1011b4278a7be038237c35a7; candidate=a6921a35de90422b7a01ae12113353c24127b4a5	Current upstream blob equals the old merge-base blob and candidate blob equals the accepted-source blob; preserve this exact accepted overlay because no current upstream hunk exists on the path.	dropped_lines=2
extensions/diagnostics-otel/src/service.ts	KEEP	prior-exact-overlay; base=74ed2530dade44cc328570d71b88d87adcf9dc4c; source=7fcb94331fcd3cd110519f0eb81cdef0dd839f7c; frozen=74ed2530dade44cc328570d71b88d87adcf9dc4c; candidate=7fcb94331fcd3cd110519f0eb81cdef0dd839f7c	Current upstream blob equals the old merge-base blob and candidate blob equals the accepted-source blob; preserve this exact accepted overlay because no current upstream hunk exists on the path.	dropped_lines=6
extensions/discord/src/internal/rest.ts	KEEP	prior-exact-overlay; base=040ee43c43101f5b822c4ea3a6f56bf6017543a8; source=a16c7856ddc3be054016f182b46edb1ebce1698c; frozen=040ee43c43101f5b822c4ea3a6f56bf6017543a8; candidate=a16c7856ddc3be054016f182b46edb1ebce1698c	Current upstream blob equals the old merge-base blob and candidate blob equals the accepted-source blob; preserve this exact accepted overlay because no current upstream hunk exists on the path.	dropped_lines=1
extensions/feishu/src/delivery-trace.test.ts	KEEP	prior-exact-overlay; base=c1499a005adc10b1887f1dc37b936a35292f184b; source=37b7521bda69372aeb03009b22b19d04bbf01a5e; frozen=c1499a005adc10b1887f1dc37b936a35292f184b; candidate=37b7521bda69372aeb03009b22b19d04bbf01a5e	Current upstream blob equals the old merge-base blob and candidate blob equals the accepted-source blob; preserve this exact accepted overlay because no current upstream hunk exists on the path.	dropped_lines=4
extensions/google-meet/src/oauth.ts	KEEP	prior-exact-overlay; base=3b6648a27eb2874663f6688b7aa46010dc3bc4f3; source=3698240ceb7207a2c0f321490bbd57eab922a000; frozen=3b6648a27eb2874663f6688b7aa46010dc3bc4f3; candidate=3698240ceb7207a2c0f321490bbd57eab922a000	Current upstream blob equals the old merge-base blob and candidate blob equals the accepted-source blob; preserve this exact accepted overlay because no current upstream hunk exists on the path.	dropped_lines=1
extensions/google/transport-stream.test.ts	KEEP	prior-exact-overlay; base=39b1e2ede421a2dcafb78fb8688b5a40b6552548; source=9b8206c1165a3eda9e34c9028bac1449ce9a77f0; frozen=39b1e2ede421a2dcafb78fb8688b5a40b6552548; candidate=9b8206c1165a3eda9e34c9028bac1449ce9a77f0	Current upstream blob equals the old merge-base blob and candidate blob equals the accepted-source blob; preserve this exact accepted overlay because no current upstream hunk exists on the path.	dropped_lines=2
extensions/matrix/src/actions.test.ts	KEEP	current-only-reviewed; accepted: Isolate Matrix action tests with a unique state directory and reset plugin state around each test. | frozen: Use a fixed /tmp state directory without plugin-state cleanup.	The accepted SQLite-backed test isolation is stronger and prevents ambient state leakage.	source/candidate 8b318c841a78; frozen 74864f96e8d8; matrixMessageActions verification-action tests
extensions/matrix/src/matrix/client/storage.test.ts	KEEP	prior-exact-overlay; base=3867f44be4be7205d136a4d4d2a417251ccf8b7d; source=ab3c25f0b39c212442b25b6b5ee052cee7795a77; frozen=3867f44be4be7205d136a4d4d2a417251ccf8b7d; candidate=ab3c25f0b39c212442b25b6b5ee052cee7795a77	Current upstream blob equals the old merge-base blob and candidate blob equals the accepted-source blob; preserve this exact accepted overlay because no current upstream hunk exists on the path.	dropped_lines=2
extensions/matrix/src/test-runtime.ts	KEEP	prior-exact-overlay; base=d8b8d63e0597c6ef1144c53cd853cca6f28b59ae; source=16bee6310274339abb78ae1dbac450e1cb4c58ad; frozen=d8b8d63e0597c6ef1144c53cd853cca6f28b59ae; candidate=16bee6310274339abb78ae1dbac450e1cb4c58ad	Current upstream blob equals the old merge-base blob and candidate blob equals the accepted-source blob; preserve this exact accepted overlay because no current upstream hunk exists on the path.	dropped_lines=12
extensions/msteams/src/channel.test.ts	KEEP	prior-exact-overlay; base=50a7ae1444d18c9fde9e7212ccd2f081f137cac6; source=27ba16733056d5853d6479c994ee934db4ecaee5; frozen=50a7ae1444d18c9fde9e7212ccd2f081f137cac6; candidate=27ba16733056d5853d6479c994ee934db4ecaee5	Current upstream blob equals the old merge-base blob and candidate blob equals the accepted-source blob; preserve this exact accepted overlay because no current upstream hunk exists on the path.	dropped_lines=3
extensions/mxc/test/binary-resolver.test.ts	KEEP	prior-exact-overlay; base=62b1dfb1d6d9f3c7f21bfd3d4ce1f3cf42b6e5ef; source=684fa8b8d20e15d1dac5520a4a56a6ed5d95f067; frozen=62b1dfb1d6d9f3c7f21bfd3d4ce1f3cf42b6e5ef; candidate=684fa8b8d20e15d1dac5520a4a56a6ed5d95f067	Current upstream blob equals the old merge-base blob and candidate blob equals the accepted-source blob; preserve this exact accepted overlay because no current upstream hunk exists on the path.	dropped_lines=7
extensions/ollama/provider-discovery.test.ts	KEEP	prior-exact-overlay; base=5e66ddb39617d7cf35528a5f88fdca08337d12f2; source=a2ed2dc86ba2ca3212e25cce005c519a086139f9; frozen=5e66ddb39617d7cf35528a5f88fdca08337d12f2; candidate=a2ed2dc86ba2ca3212e25cce005c519a086139f9	Current upstream blob equals the old merge-base blob and candidate blob equals the accepted-source blob; preserve this exact accepted overlay because no current upstream hunk exists on the path.	dropped_lines=3
extensions/qa-lab/src/crabline-transport-message-id.test.ts	KEEP	prior-exact-overlay; base=8f59f90aa293929f1617725e8ad7c9d7c4277aea; source=068b0c34b88f79b527ca8f7a4c7fb41a6030a46d; frozen=8f59f90aa293929f1617725e8ad7c9d7c4277aea; candidate=068b0c34b88f79b527ca8f7a4c7fb41a6030a46d	Current upstream blob equals the old merge-base blob and candidate blob equals the accepted-source blob; preserve this exact accepted overlay because no current upstream hunk exists on the path.	dropped_lines=3
extensions/qa-lab/src/crabline-transport-native-command.test.ts	KEEP	prior-exact-overlay; base=36d246baac450acdf84d086c38a6c38cc59038d5; source=8ca4c6d3043856789f1fcd749105e48ad7654942; frozen=36d246baac450acdf84d086c38a6c38cc59038d5; candidate=8ca4c6d3043856789f1fcd749105e48ad7654942	Current upstream blob equals the old merge-base blob and candidate blob equals the accepted-source blob; preserve this exact accepted overlay because no current upstream hunk exists on the path.	dropped_lines=2
extensions/qa-lab/src/crabline-transport-readiness.test.ts	KEEP	prior-exact-overlay; base=f3c455e77755e61b8784a6a581f8f58b7b59f4aa; source=3031957212c092cf3c49179709ad85ad724d1a41; frozen=f3c455e77755e61b8784a6a581f8f58b7b59f4aa; candidate=3031957212c092cf3c49179709ad85ad724d1a41	Current upstream blob equals the old merge-base blob and candidate blob equals the accepted-source blob; preserve this exact accepted overlay because no current upstream hunk exists on the path.	dropped_lines=2
extensions/qa-lab/src/lab-server-ui.ts	KEEP	prior-exact-overlay; base=92a2066d6d7e1ee5bae4cf742a65984d76e8cf6a; source=f74f65f5c2ee4df848fdec05b5e863cf36e62071; frozen=92a2066d6d7e1ee5bae4cf742a65984d76e8cf6a; candidate=f74f65f5c2ee4df848fdec05b5e863cf36e62071	Current upstream blob equals the old merge-base blob and candidate blob equals the accepted-source blob; preserve this exact accepted overlay because no current upstream hunk exists on the path.	dropped_lines=1
extensions/signal/src/monitor.tool-result.test-harness.ts	KEEP	prior-exact-overlay; base=a81792bee8efc7e7aa50bdb9a2b4f6e838e3ad85; source=2f0fe3a82ffd9a893f7716693a1abd8e1782242e; frozen=a81792bee8efc7e7aa50bdb9a2b4f6e838e3ad85; candidate=2f0fe3a82ffd9a893f7716693a1abd8e1782242e	Current upstream blob equals the old merge-base blob and candidate blob equals the accepted-source blob; preserve this exact accepted overlay because no current upstream hunk exists on the path.	dropped_lines=1
extensions/signal/src/monitor/event-handler.ingress-lifecycle.test.ts	KEEP	prior-exact-overlay; base=cb371972e467cdce1738373ee02a6e1ddcab95d7; source=57caa80c7665bb6cb511c254e9f7221ab56c6309; frozen=cb371972e467cdce1738373ee02a6e1ddcab95d7; candidate=57caa80c7665bb6cb511c254e9f7221ab56c6309	Current upstream blob equals the old merge-base blob and candidate blob equals the accepted-source blob; preserve this exact accepted overlay because no current upstream hunk exists on the path.	dropped_lines=32
extensions/signal/src/monitor/event-handler.ts	KEEP	prior-reviewed-policy	retain upstream forwarding from Signal monitor through the channel turn lifecycle beside the disjoint accepted retry/abort blocks; zero upstream-added lines are absent	accepted retry and abort ownership at candidate lines 508-511, 610-637, and 783-802 | upstream: upstream dispatcher forwarding and ownership comment at candidate lines 530-531 | interleave=no | preservation=pass | proof=extension Signal owner tests plus Mode-B | review=read-only policy audit: clean
extensions/telegram/src/bot.create-telegram-bot.test.ts	KEEP	prior-exact-overlay; base=b1fe6c29236731081e521891824089af164c95c1; source=9c4a6c395ec8c3f7f8851eedcd2f7d4a97c932de; frozen=b1fe6c29236731081e521891824089af164c95c1; candidate=9c4a6c395ec8c3f7f8851eedcd2f7d4a97c932de	Current upstream blob equals the old merge-base blob and candidate blob equals the accepted-source blob; preserve this exact accepted overlay because no current upstream hunk exists on the path.	dropped_lines=1
packages/agent-core/src/agent-loop.ts	KEEP	prior-exact-overlay; base=d1bc37076c1a416e5608b3d011966222297517f0; source=e1189742df9fe23253f77b56396197252951e30c; frozen=d1bc37076c1a416e5608b3d011966222297517f0; candidate=e1189742df9fe23253f77b56396197252951e30c	Current upstream blob equals the old merge-base blob and candidate blob equals the accepted-source blob; preserve this exact accepted overlay because no current upstream hunk exists on the path.	dropped_lines=1
packages/gateway-protocol/src/schema/agent.ts	KEEP	prior-exact-overlay; base=bbc27aeedf3081b09e0f297a66ce9c19464a6321; source=4b972ef48f171768b02bc5e4eb8cf99f73ef82c7; frozen=bbc27aeedf3081b09e0f297a66ce9c19464a6321; candidate=4b972ef48f171768b02bc5e4eb8cf99f73ef82c7	Current upstream blob equals the old merge-base blob and candidate blob equals the accepted-source blob; preserve this exact accepted overlay because no current upstream hunk exists on the path.	dropped_lines=1
scripts/plugin-sdk-surface-report.mts	KEEP	prior-exact-overlay; base=819fe782771077090f292b339166b86c0e04813e; source=2c30178d024209408f88a34d3a32df0f9d3ae3bd; frozen=819fe782771077090f292b339166b86c0e04813e; candidate=2c30178d024209408f88a34d3a32df0f9d3ae3bd	Current upstream blob equals the old merge-base blob and candidate blob equals the accepted-source blob; preserve this exact accepted overlay because no current upstream hunk exists on the path.	dropped_lines=9
scripts/prepare-extension-package-boundary-artifacts.mts	KEEP	prior-exact-overlay; base=6fd364d385ea2722f1205143d3984bf75dcb1e0a; source=6cd6b77f996300b59fc7aad3079758921ff5e672; frozen=6fd364d385ea2722f1205143d3984bf75dcb1e0a; candidate=6cd6b77f996300b59fc7aad3079758921ff5e672	Current upstream blob equals the old merge-base blob and candidate blob equals the accepted-source blob; preserve this exact accepted overlay because no current upstream hunk exists on the path.	dropped_lines=1
scripts/protocol-gen-swift.ts	KEEP	prior-exact-overlay; base=a63b92150aa4be055b2d6cf901ff85e8c2564ac8; source=b620e51c24b4c2d0049d22794471870efbf3a2fa; frozen=a63b92150aa4be055b2d6cf901ff85e8c2564ac8; candidate=b620e51c24b4c2d0049d22794471870efbf3a2fa	Current upstream blob equals the old merge-base blob and candidate blob equals the accepted-source blob; preserve this exact accepted overlay because no current upstream hunk exists on the path.	dropped_lines=1
scripts/protocol-gen.ts	KEEP	prior-exact-overlay; base=3bcbc91e6039473d6ff6d3ba72c9c8f062160a14; source=084dfa3d38cbedaf660829842825f57c9a9e5040; frozen=3bcbc91e6039473d6ff6d3ba72c9c8f062160a14; candidate=084dfa3d38cbedaf660829842825f57c9a9e5040	Current upstream blob equals the old merge-base blob and candidate blob equals the accepted-source blob; preserve this exact accepted overlay because no current upstream hunk exists on the path.	dropped_lines=1
scripts/testbox-lease-freshness.mts	KEEP	prior-exact-overlay; base=afdad4e8026132e18717fc0d7d9575a9401e7e4c; source=b51a38f9a2090a891cfc4f26063f8c0a6550601f; frozen=afdad4e8026132e18717fc0d7d9575a9401e7e4c; candidate=b51a38f9a2090a891cfc4f26063f8c0a6550601f	Current upstream blob equals the old merge-base blob and candidate blob equals the accepted-source blob; preserve this exact accepted overlay because no current upstream hunk exists on the path.	dropped_lines=2
src/acp/runtime/session-meta.ts	KEEP	current-only-reviewed; accepted: Consume mergeSessionEntry from the extracted session-entry-runtime owner. | frozen: Import mergeSessionEntry through the broader types barrel.	The accepted runtime/static-owner split is intentional and retains ACP binding and prompt-preservation behavior.	source/candidate 636324ad4c73; frozen fb00b7dcefd3; upsertAcpSessionMeta and session-meta tests
src/agents/agent-hooks/compaction-safeguard.ts	KEEP	prior-exact-overlay; base=0f9f89e528d8829d3ff61778040f7d59e6ccfc7b; source=6e71ed71c58e1049d6da910df6d19ecd1d33a9a1; frozen=0f9f89e528d8829d3ff61778040f7d59e6ccfc7b; candidate=6e71ed71c58e1049d6da910df6d19ecd1d33a9a1	Current upstream blob equals the old merge-base blob and candidate blob equals the accepted-source blob; preserve this exact accepted overlay because no current upstream hunk exists on the path.	dropped_lines=2
src/agents/agent-tools.session-permissions.test.ts	KEEP	prior-exact-overlay; base=f662331c180ade7ddb40aa34a7e7b34d03c45e45; source=76edf956e3965049e7d6beb09f9e32f8aedc5690; frozen=f662331c180ade7ddb40aa34a7e7b34d03c45e45; candidate=76edf956e3965049e7d6beb09f9e32f8aedc5690	Current upstream blob equals the old merge-base blob and candidate blob equals the accepted-source blob; preserve this exact accepted overlay because no current upstream hunk exists on the path.	dropped_lines=4
src/agents/apply-patch.symlink-alias.test.ts	KEEP	prior-exact-overlay; base=0c7de3a8f6145959aa91c3808e83f82cb6966fc8; source=32e26de3a256b3faca6c2ed084768afd2ad8a035; frozen=0c7de3a8f6145959aa91c3808e83f82cb6966fc8; candidate=32e26de3a256b3faca6c2ed084768afd2ad8a035	Current upstream blob equals the old merge-base blob and candidate blob equals the accepted-source blob; preserve this exact accepted overlay because no current upstream hunk exists on the path.	dropped_lines=2
src/agents/bash-tools.exec-live-state-sqlite-guard.test.ts	KEEP	prior-exact-overlay; base=8507d3e0484c7afa985e0574ec5720483efafa34; source=d2e46076369beb2f00b7675f19737c39b633ec95; frozen=8507d3e0484c7afa985e0574ec5720483efafa34; candidate=d2e46076369beb2f00b7675f19737c39b633ec95	Current upstream blob equals the old merge-base blob and candidate blob equals the accepted-source blob; preserve this exact accepted overlay because no current upstream hunk exists on the path.	dropped_lines=5
src/agents/bash-tools.exec-runtime-output.test.ts	KEEP	prior-exact-overlay; base=8d8494fa3f0e6ff3f5c5d283b23661ba71a5bda1; source=fd0a2dcd9c3531e50f6b4f9ecf88dd69dbe36f95; frozen=8d8494fa3f0e6ff3f5c5d283b23661ba71a5bda1; candidate=fd0a2dcd9c3531e50f6b4f9ecf88dd69dbe36f95	Current upstream blob equals the old merge-base blob and candidate blob equals the accepted-source blob; preserve this exact accepted overlay because no current upstream hunk exists on the path.	dropped_lines=1
src/agents/bash-tools.exec-workdir.test.ts	KEEP	prior-exact-overlay; base=aeef606b37f83584f0bac56fd9f6e6beeb1bbf5c; source=442f46c5e518a6297facc5713941b4770b9fb1ac; frozen=aeef606b37f83584f0bac56fd9f6e6beeb1bbf5c; candidate=442f46c5e518a6297facc5713941b4770b9fb1ac	Current upstream blob equals the old merge-base blob and candidate blob equals the accepted-source blob; preserve this exact accepted overlay because no current upstream hunk exists on the path.	dropped_lines=4
src/agents/bash-tools.exec.script-preflight.test.ts	KEEP	prior-exact-overlay; base=b365acf0272778ef7e56fd0ad0279c4bdd17704a; source=88c2253cab95b4fcbc8e19b154d6896f9b8ae086; frozen=b365acf0272778ef7e56fd0ad0279c4bdd17704a; candidate=88c2253cab95b4fcbc8e19b154d6896f9b8ae086	Current upstream blob equals the old merge-base blob and candidate blob equals the accepted-source blob; preserve this exact accepted overlay because no current upstream hunk exists on the path.	dropped_lines=1
src/agents/bash-tools.notify-on-exit-ack.test.ts	KEEP	prior-exact-overlay; base=82b52c6655342c39eb51b30053426e85c74a26e2; source=636be680f08b61b257ab7ecf12916c132afefe44; frozen=82b52c6655342c39eb51b30053426e85c74a26e2; candidate=636be680f08b61b257ab7ecf12916c132afefe44	Current upstream blob equals the old merge-base blob and candidate blob equals the accepted-source blob; preserve this exact accepted overlay because no current upstream hunk exists on the path.	dropped_lines=2
src/agents/command/attempt-execution.cli.test.ts	KEEP	prior-exact-overlay; base=19b0366bec1ba3c8f2711d16f3f8324e077e0e75; source=7c76cee9fdc30737d06287e2229815cad86402f7; frozen=19b0366bec1ba3c8f2711d16f3f8324e077e0e75; candidate=7c76cee9fdc30737d06287e2229815cad86402f7	Current upstream blob equals the old merge-base blob and candidate blob equals the accepted-source blob; preserve this exact accepted overlay because no current upstream hunk exists on the path.	dropped_lines=2
src/agents/command/attempt-execution.ts	KEEP	prior-exact-overlay; base=2c512de52cd5126f71377b039cc171725ddc2695; source=99d2525ea9c2474d42c1261892ba050e317d61ed; frozen=2c512de52cd5126f71377b039cc171725ddc2695; candidate=99d2525ea9c2474d42c1261892ba050e317d61ed	Current upstream blob equals the old merge-base blob and candidate blob equals the accepted-source blob; preserve this exact accepted overlay because no current upstream hunk exists on the path.	dropped_lines=136
src/agents/command/cli-compaction.ts	KEEP	prior-exact-overlay; base=e39172d88bc5aaf0632cf23750a2947cdc18ba19; source=446563d1babca20bf06618feba92636d7ff994d1; frozen=e39172d88bc5aaf0632cf23750a2947cdc18ba19; candidate=446563d1babca20bf06618feba92636d7ff994d1	Current upstream blob equals the old merge-base blob and candidate blob equals the accepted-source blob; preserve this exact accepted overlay because no current upstream hunk exists on the path.	dropped_lines=1
src/agents/embedded-agent-runner/cli-backend-dispatch-transcript.ts	KEEP	prior-exact-overlay; base=e5b8371a4d89b61b39a3370fc2813320fca7c9a2; source=dd3f8ef70874f728d6b72c5beec37e3487f3d1b0; frozen=e5b8371a4d89b61b39a3370fc2813320fca7c9a2; candidate=dd3f8ef70874f728d6b72c5beec37e3487f3d1b0	Current upstream blob equals the old merge-base blob and candidate blob equals the accepted-source blob; preserve this exact accepted overlay because no current upstream hunk exists on the path.	dropped_lines=2
src/agents/embedded-agent-runner/compact-reasons.ts	KEEP	prior-exact-overlay; base=b703060a80edf4fcbcecba2531e85c9cd3f828f2; source=36a4392c64fdc41527b4191ef3ef156dcc8d7f86; frozen=b703060a80edf4fcbcecba2531e85c9cd3f828f2; candidate=36a4392c64fdc41527b4191ef3ef156dcc8d7f86	Current upstream blob equals the old merge-base blob and candidate blob equals the accepted-source blob; preserve this exact accepted overlay because no current upstream hunk exists on the path.	dropped_lines=3
src/agents/embedded-agent-runner/compact.hooks.test.ts	KEEP	prior-exact-overlay; base=1d04068bd35019589a11cfeb490faaf0252ad9d6; source=9b9a3004ed1fc0050cd96a4768f35526dbf6e79f; frozen=1d04068bd35019589a11cfeb490faaf0252ad9d6; candidate=9b9a3004ed1fc0050cd96a4768f35526dbf6e79f	Current upstream blob equals the old merge-base blob and candidate blob equals the accepted-source blob; preserve this exact accepted overlay because no current upstream hunk exists on the path.	dropped_lines=11
src/agents/embedded-agent-runner/compact.types.ts	KEEP	prior-exact-overlay; base=924547a5267b903b3dedf5d79fc71c484800b483; source=dea7f8e5b76332e1ce4db31c50cb63c812ef346a; frozen=924547a5267b903b3dedf5d79fc71c484800b483; candidate=dea7f8e5b76332e1ce4db31c50cb63c812ef346a	Current upstream blob equals the old merge-base blob and candidate blob equals the accepted-source blob; preserve this exact accepted overlay because no current upstream hunk exists on the path.	dropped_lines=1
src/agents/embedded-agent-runner/compaction-checkpoint.ts	KEEP	prior-exact-overlay; base=e683eda675a7b0eaf733ea7a71716a13cda5a3b6; source=fd0a2441f5259e2c1376b8bc3cf633ea952ba89e; frozen=e683eda675a7b0eaf733ea7a71716a13cda5a3b6; candidate=fd0a2441f5259e2c1376b8bc3cf633ea952ba89e	Current upstream blob equals the old merge-base blob and candidate blob equals the accepted-source blob; preserve this exact accepted overlay because no current upstream hunk exists on the path.	dropped_lines=1
src/agents/embedded-agent-runner/run.overflow-compaction.harness.ts	KEEP	prior-reviewed-agent-runtime	retain accepted fixture exports and upstream acquireReadOnlyPreparedModelRuntime mock at candidate line 1062	manifest-derived continuation auth fixtures and split-suite mock seams | upstream: read-only prepared-runtime mock for isolated system-agent probes | interleave=no | preservation=pass | proof=overflow-compaction harness and prepared-harness delivery owners | review=read-only agent-runtime audit: clean
src/agents/embedded-agent-runner/run/attempt-client-tools.ts	KEEP	prior-reviewed-agent-runtime	retain upstream imports and coreReadAuthorized at lines 74-79/198 beside accepted trusted-media derivation at 80-91 and subscription bundle at 205-210	closed subscription trust with core/plugin local-media and replay-safe facts | upstream: genuine core read entitlement for bounded Code Mode reconciliation | interleave=yes | preservation=pass | proof=attempt-client-tools 11/11; prompt-policy and reconciliation owners | review=read-only agent-runtime audit: clean
src/agents/embedded-agent-runner/run/attempt-execution-phase.ts	KEEP	prior-exact-overlay; base=9cee54c5a7917ddd6981dbcb168a18eb212f40f3; source=9a3ef3533f6827236ebeeffd18bbc957c206d81e; frozen=9cee54c5a7917ddd6981dbcb168a18eb212f40f3; candidate=9a3ef3533f6827236ebeeffd18bbc957c206d81e	Current upstream blob equals the old merge-base blob and candidate blob equals the accepted-source blob; preserve this exact accepted overlay because no current upstream hunk exists on the path.	dropped_lines=6
src/agents/embedded-agent-runner/run/attempt-stream-prepare.test.ts	KEEP	prior-reviewed-agent-runtime	retain all three accepted trust fixtures and upstream execute callback at line 109	subscriptionToolTrust fixtures | upstream: upstream implementation-start callback contract | interleave=no | preservation=pass | proof=attempt-stream-prepare 11/11 | review=read-only agent-runtime audit: clean
src/agents/embedded-agent-runner/run/attempt-stream-prepare.ts	KEEP	prior-reviewed-agent-runtime	retain accepted trust forwarding at lines 97-102/331 and all upstream preparer code at 33/354-384	canonical subscription trust bundle without rediscovery | upstream: two-phase private preparer distinguishes immediate/preflight settlement from implementation start and always disposes | interleave=no | preservation=pass | proof=attempt-stream-prepare 11/11; Code Mode preflight 4/4 and repair 20/20 | review=read-only agent-runtime audit: clean
src/agents/embedded-agent-runner/run/failover-policy.ts	KEEP	prior-exact-overlay; base=bf44bc1e12d2a55c9d2ed0f402f381f53654f867; source=a9fe212047ce586824eae66aca0ddc8f933d3c8e; frozen=bf44bc1e12d2a55c9d2ed0f402f381f53654f867; candidate=a9fe212047ce586824eae66aca0ddc8f933d3c8e	Current upstream blob equals the old merge-base blob and candidate blob equals the accepted-source blob; preserve this exact accepted overlay because no current upstream hunk exists on the path.	dropped_lines=1
src/agents/embedded-agent-runner/run/payloads.ts	KEEP	prior-exact-overlay; base=5575c7cd822f790ab5ef9cafea2ddfdf92051081; source=d7d2f8f10111622e74f691dfd72719eb87adad30; frozen=5575c7cd822f790ab5ef9cafea2ddfdf92051081; candidate=d7d2f8f10111622e74f691dfd72719eb87adad30	Current upstream blob equals the old merge-base blob and candidate blob equals the accepted-source blob; preserve this exact accepted overlay because no current upstream hunk exists on the path.	dropped_lines=22
src/agents/embedded-agent-runner/server-endpoint-compaction.ts	KEEP	prior-exact-overlay; base=7c8f0d2f8feed83e916ccd818cbdf9786668dd20; source=51fc16027fac1ca6b7d0035d456c2e83c781ffc1; frozen=7c8f0d2f8feed83e916ccd818cbdf9786668dd20; candidate=51fc16027fac1ca6b7d0035d456c2e83c781ffc1	Current upstream blob equals the old merge-base blob and candidate blob equals the accepted-source blob; preserve this exact accepted overlay because no current upstream hunk exists on the path.	dropped_lines=1
src/agents/embedded-agent-subscribe.handlers.compaction.runtime.ts	KEEP	prior-exact-overlay; base=2ea21ee4b8178ad3cda607f2cad4c7f2c900271c; source=54991e481f4138812f014b6078dd6bd9af4d03cc; frozen=2ea21ee4b8178ad3cda607f2cad4c7f2c900271c; candidate=54991e481f4138812f014b6078dd6bd9af4d03cc	Current upstream blob equals the old merge-base blob and candidate blob equals the accepted-source blob; preserve this exact accepted overlay because no current upstream hunk exists on the path.	dropped_lines=1
src/agents/embedded-agent-subscribe.handlers.compaction.test.ts	KEEP	prior-exact-overlay; base=e69ab883d86484e7a17f4add607612b371721b54; source=443ef07b7cc14953a8a3be3a5626cf514c84f765; frozen=e69ab883d86484e7a17f4add607612b371721b54; candidate=443ef07b7cc14953a8a3be3a5626cf514c84f765	Current upstream blob equals the old merge-base blob and candidate blob equals the accepted-source blob; preserve this exact accepted overlay because no current upstream hunk exists on the path.	dropped_lines=1
src/agents/embedded-agent-subscribe.handlers.compaction.ts	KEEP	prior-exact-overlay; base=321ef70353749d74a97ca6b16edf196dc220b2d4; source=6981dec3ae40757bc834b00b1d02e1118eba2fbe; frozen=321ef70353749d74a97ca6b16edf196dc220b2d4; candidate=6981dec3ae40757bc834b00b1d02e1118eba2fbe	Current upstream blob equals the old merge-base blob and candidate blob equals the accepted-source blob; preserve this exact accepted overlay because no current upstream hunk exists on the path.	dropped_lines=11
src/agents/embedded-agent-subscribe.handlers.lifecycle.test.ts	KEEP	prior-exact-overlay; base=203617d21913a98747ae8d450f64b9b890e12986; source=f513a8cbda06b28dcc7766ad00bccdea18c8d864; frozen=203617d21913a98747ae8d450f64b9b890e12986; candidate=f513a8cbda06b28dcc7766ad00bccdea18c8d864	Current upstream blob equals the old merge-base blob and candidate blob equals the accepted-source blob; preserve this exact accepted overlay because no current upstream hunk exists on the path.	dropped_lines=6
src/agents/embedded-agent-subscribe.handlers.lifecycle.ts	KEEP	current-upstream-semantic-merge	Keep generation fencing and retry settlement while adopting upstream pending-media failure gating.	focused lifecycle and rejection suites pass
src/agents/embedded-agent-subscribe.handlers.messages.lifecycle.test.ts	KEEP	prior-exact-overlay; base=6cc65af16da7efdf45438ced52f04e41c48494d1; source=fee2cc13be7e86b455c89dcd01c669b3eb3014b5; frozen=6cc65af16da7efdf45438ced52f04e41c48494d1; candidate=fee2cc13be7e86b455c89dcd01c669b3eb3014b5	Current upstream blob equals the old merge-base blob and candidate blob equals the accepted-source blob; preserve this exact accepted overlay because no current upstream hunk exists on the path.	dropped_lines=17
src/agents/embedded-agent-subscribe.handlers.messages.lifecycle.ts	KEEP	prior-exact-overlay; base=06eb825962c89d365076f7b542c6ecf40e1861fb; source=b7a1eb2982a163f6c254f726b28c84a318d009cc; frozen=06eb825962c89d365076f7b542c6ecf40e1861fb; candidate=b7a1eb2982a163f6c254f726b28c84a318d009cc	Current upstream blob equals the old merge-base blob and candidate blob equals the accepted-source blob; preserve this exact accepted overlay because no current upstream hunk exists on the path.	dropped_lines=152
src/agents/embedded-agent-subscribe.handlers.messages.replies.ts	KEEP	prior-exact-overlay; base=5e4fb9095d4a82799301eb6d82feb45b39a994cb; source=40ba4ff9b0b47bcc7ad6c2fff07b360471ff1ecc; frozen=5e4fb9095d4a82799301eb6d82feb45b39a994cb; candidate=40ba4ff9b0b47bcc7ad6c2fff07b360471ff1ecc	Current upstream blob equals the old merge-base blob and candidate blob equals the accepted-source blob; preserve this exact accepted overlay because no current upstream hunk exists on the path.	dropped_lines=1
src/agents/embedded-agent-subscribe.handlers.messages.stream.ts	KEEP	prior-exact-overlay; base=16464f27f79304a6ec16fd6659d5d751c8f326b9; source=990a0d240a66caa9d6438240ead9d381727ad9c8; frozen=16464f27f79304a6ec16fd6659d5d751c8f326b9; candidate=990a0d240a66caa9d6438240ead9d381727ad9c8	Current upstream blob equals the old merge-base blob and candidate blob equals the accepted-source blob; preserve this exact accepted overlay because no current upstream hunk exists on the path.	dropped_lines=2
src/agents/embedded-agent-subscribe.handlers.messages.test-helpers.ts	KEEP	prior-exact-overlay; base=5be611d025d9baad4d6b79ca4d032f92fe9c5c0e; source=e161b27f0ba3953b92da43240147257c4391ff31; frozen=5be611d025d9baad4d6b79ca4d032f92fe9c5c0e; candidate=e161b27f0ba3953b92da43240147257c4391ff31	Current upstream blob equals the old merge-base blob and candidate blob equals the accepted-source blob; preserve this exact accepted overlay because no current upstream hunk exists on the path.	dropped_lines=1
src/agents/embedded-agent-subscribe.handlers.messages.update-stream-items.test.ts	KEEP	prior-exact-overlay; base=4c2b31449082c07ee4a0a2b68d764c330a02d523; source=a519c3c59357b8cb0d90d1d5b9d9ea50abab2cda; frozen=4c2b31449082c07ee4a0a2b68d764c330a02d523; candidate=a519c3c59357b8cb0d90d1d5b9d9ea50abab2cda	Current upstream blob equals the old merge-base blob and candidate blob equals the accepted-source blob; preserve this exact accepted overlay because no current upstream hunk exists on the path.	dropped_lines=1
src/agents/embedded-agent-subscribe.handlers.messages.update-stream-phases.test.ts	KEEP	prior-exact-overlay; base=0ae89a5140ef45abc8dc56d5e07199f1257883c7; source=de7d0cbfcb312285c29684708afb5f84f5bab694; frozen=0ae89a5140ef45abc8dc56d5e07199f1257883c7; candidate=de7d0cbfcb312285c29684708afb5f84f5bab694	Current upstream blob equals the old merge-base blob and candidate blob equals the accepted-source blob; preserve this exact accepted overlay because no current upstream hunk exists on the path.	dropped_lines=3
src/agents/embedded-agent-subscribe.handlers.messages.update.ts	KEEP	prior-exact-overlay; base=0916b74fb0dd8bae8423e5bf9231cd63325cff3a; source=81a24f9984ecf4ea4258f97b209f85a8c6bbff94; frozen=0916b74fb0dd8bae8423e5bf9231cd63325cff3a; candidate=81a24f9984ecf4ea4258f97b209f85a8c6bbff94	Current upstream blob equals the old merge-base blob and candidate blob equals the accepted-source blob; preserve this exact accepted overlay because no current upstream hunk exists on the path.	dropped_lines=53
src/agents/embedded-agent-subscribe.handlers.tools.completion.ts	KEEP	current-upstream-semantic-merge	Preserve tool completion behavior while extracting after-tool hook dispatch below the enforced owner size limit.	175 tool handler tests; typecheck, lint, build, autoreview, GitNexus clean
src/agents/embedded-agent-subscribe.handlers.tools.results.ts	KEEP	prior-exact-overlay; base=8135cf1cfeed7084a7d28629a4cc531aff8da2d1; source=655d5a9654a86df05c31b8f808b3eabafe85be03; frozen=8135cf1cfeed7084a7d28629a4cc531aff8da2d1; candidate=655d5a9654a86df05c31b8f808b3eabafe85be03	Current upstream blob equals the old merge-base blob and candidate blob equals the accepted-source blob; preserve this exact accepted overlay because no current upstream hunk exists on the path.	dropped_lines=3
src/agents/embedded-agent-subscribe.handlers.tools.start.ts	KEEP	prior-exact-overlay; base=df2136e8483257fa757bca4d44a4f086578438f5; source=2794be27ed8f5beb9c00b4ad3645a17ca47c541f; frozen=df2136e8483257fa757bca4d44a4f086578438f5; candidate=2794be27ed8f5beb9c00b4ad3645a17ca47c541f	Current upstream blob equals the old merge-base blob and candidate blob equals the accepted-source blob; preserve this exact accepted overlay because no current upstream hunk exists on the path.	dropped_lines=2
src/agents/embedded-agent-subscribe.handlers.tools.ts	KEEP	prior-reviewed-new; category=cure-owner-extraction	Make the existing handler module the canonical two-phase lifecycle owner, preserve its public re-exports, and remove the duplicated inline owner from embedded-agent-subscribe.ts.	The accepted file is a narrow re-export shell while lifecycle behavior remains inline in embedded-agent-subscribe.ts. | upstream: No current upstream delta exists for this path. | interleave=no | preservation=full | proof=tool handler and Code Mode owners plus max-lines/dead-export/final changed gates
src/agents/embedded-agent-subscribe.handlers.ts	KEEP	prior-reviewed-agent-runtime	retain async callback and pass deliveryGeneration into handleToolExecutionEnd at line 176	generation-fenced serialized attempt delivery | upstream: upstream detached tool completion is explicit async/await | interleave=yes | preservation=pass | proof=handler tool owner 222 assertions plus changed gate | review=read-only agent-runtime audit: clean
src/agents/embedded-agent-subscribe.handlers.types.ts	KEEP	prior-exact-overlay; base=24d1353c882f28a540593a77b211dde497dddb60; source=b7b9efe20b3f97d0fd2c2188296dc0e58b3324a5; frozen=24d1353c882f28a540593a77b211dde497dddb60; candidate=b7b9efe20b3f97d0fd2c2188296dc0e58b3324a5	Current upstream blob equals the old merge-base blob and candidate blob equals the accepted-source blob; preserve this exact accepted overlay because no current upstream hunk exists on the path.	dropped_lines=5
src/agents/embedded-agent-subscribe.reply-delivery.ts	KEEP	current-upstream-semantic-merge	Keep continuation generation-scoped non-media retries and upstream failed-media restoration; media-bearing replies are retained rather than blindly retried.	85 focused agent tests pass
src/agents/embedded-agent-subscribe.reply-tags.test.ts	KEEP	prior-exact-overlay; base=9fc19fe1d89694d76272c0035477aead5b6990e2; source=a7c1e89400ac99c22d1632eb0c96e39e9d1bc42f; frozen=9fc19fe1d89694d76272c0035477aead5b6990e2; candidate=a7c1e89400ac99c22d1632eb0c96e39e9d1bc42f	Current upstream blob equals the old merge-base blob and candidate blob equals the accepted-source blob; preserve this exact accepted overlay because no current upstream hunk exists on the path.	dropped_lines=1
src/agents/embedded-agent-subscribe.stream-rendering.ts	KEEP	prior-exact-overlay; base=be2b4f7aa424a1ad032757dda6cf23915c9f536d; source=8b95dd5963ba5b1365da31f198ed9b6fc00e4ca7; frozen=be2b4f7aa424a1ad032757dda6cf23915c9f536d; candidate=8b95dd5963ba5b1365da31f198ed9b6fc00e4ca7	Current upstream blob equals the old merge-base blob and candidate blob equals the accepted-source blob; preserve this exact accepted overlay because no current upstream hunk exists on the path.	dropped_lines=8
src/agents/embedded-agent-subscribe.ts	KEEP	prior-reviewed-agent-runtime	move the complete lifecycle into embedded-agent-subscribe.handlers.tools.ts; consume only completed terminal facts and fail closed on stale; old owner falls from 704 to below 700 lines	generation-safe delivery and repeated-compaction ownership | upstream: upstream records actual implementation start and authenticates no-start errors | interleave=no | preservation=pass | proof=tool handlers 218 assertions; Code Mode 24 assertions; changed gate | review=read-only agent-runtime audit: P1 found and repaired
src/agents/embedded-agent-tool-media.ts	KEEP	prior-exact-overlay; base=940a059ffe8144333e2313f6c946276f93c3a0a0; source=0268cd97545f561d74407c983e00f6cf9c3a4221; frozen=940a059ffe8144333e2313f6c946276f93c3a0a0; candidate=0268cd97545f561d74407c983e00f6cf9c3a4221	Current upstream blob equals the old merge-base blob and candidate blob equals the accepted-source blob; preserve this exact accepted overlay because no current upstream hunk exists on the path.	dropped_lines=1
src/agents/embedded-agent-utils.ts	KEEP	prior-exact-overlay; base=adb17dd469886a1bfc2d750388a96136f17b795a; source=5f9aae84a7e291b594a6b838a52164b9e5beb7e9; frozen=adb17dd469886a1bfc2d750388a96136f17b795a; candidate=5f9aae84a7e291b594a6b838a52164b9e5beb7e9	Current upstream blob equals the old merge-base blob and candidate blob equals the accepted-source blob; preserve this exact accepted overlay because no current upstream hunk exists on the path.	dropped_lines=2
src/agents/openclaw-tools.session-status.test.ts	KEEP	current-only-reviewed; accepted: Test session_status against the dedicated session-entry-runtime owner. | frozen: Import the helper through the types barrel.	The accepted owner boundary retains the same per-agent model metadata assertions.	source/candidate 5dba70716588; frozen 86ead4b634a1; session_status metadata tests
src/agents/openclaw-tools.sessions.test.ts	KEEP	current-only-reviewed; accepted: Use createOpenClawTestState, a scoped store path, and explicit agent-database cleanup. | frozen: Use a hard-coded /tmp/sessions.json response without state cleanup.	The accepted SQLite/store isolation is stronger and preserves sessions_list behavior.	source/candidate 9bead9a61ce1; frozen a68d48b4a73a; sessions_list mailbox-filter test
src/agents/openclaw-tools.subagents.sessions-spawn.lifecycle.test.ts	KEEP	current-only-reviewed; accepted: Use isolated OpenClaw state, a scoped store-path spy, cleanup, and actionable lifecycle diagnostics. | frozen: Remove the isolated database/store fixture and shorten diagnostics.	The accepted lifecycle fixture is stronger and preserves sessions_spawn behavior.	source/candidate faef48e6994c; frozen 0d6eed22a42e; sessions_spawn lifecycle tests
src/agents/openclaw-tools.ts	KEEP	prior-exact-overlay; base=d30686bba388aae6cf1c71b5e3a93fe66b9875b8; source=e5396058bc5a505d011fcba81e453de57e2b47b5; frozen=d30686bba388aae6cf1c71b5e3a93fe66b9875b8; candidate=e5396058bc5a505d011fcba81e453de57e2b47b5	Current upstream blob equals the old merge-base blob and candidate blob equals the accepted-source blob; preserve this exact accepted overlay because no current upstream hunk exists on the path.	dropped_lines=1
src/agents/sandbox/fs-bridge.boundary.test.ts	KEEP	prior-exact-overlay; base=db7fc41f1713bf75cc0f76687b4d572d90831898; source=70ff198c0c6bc93a7135b75506e5ff9bde1c7b71; frozen=db7fc41f1713bf75cc0f76687b4d572d90831898; candidate=70ff198c0c6bc93a7135b75506e5ff9bde1c7b71	Current upstream blob equals the old merge-base blob and candidate blob equals the accepted-source blob; preserve this exact accepted overlay because no current upstream hunk exists on the path.	dropped_lines=1
src/agents/sandbox/remote-fs-bridge.test.ts	KEEP	prior-exact-overlay; base=864f1c16e5aa6c99f76cf967403f786c09f75a47; source=3366030e3470166631d3242923667ee967d65d2e; frozen=864f1c16e5aa6c99f76cf967403f786c09f75a47; candidate=3366030e3470166631d3242923667ee967d65d2e	Current upstream blob equals the old merge-base blob and candidate blob equals the accepted-source blob; preserve this exact accepted overlay because no current upstream hunk exists on the path.	dropped_lines=1
src/agents/session-transcript-repair.ts	KEEP	prior-exact-overlay; base=9ad76b870053c147a828ab1e633dd335ca1c5373; source=fd8aef8c2cf374660c4cee413832fd2abc481964; frozen=9ad76b870053c147a828ab1e633dd335ca1c5373; candidate=fd8aef8c2cf374660c4cee413832fd2abc481964	Current upstream blob equals the old merge-base blob and candidate blob equals the accepted-source blob; preserve this exact accepted overlay because no current upstream hunk exists on the path.	dropped_lines=22
src/agents/sessions/package-manager.test.ts	KEEP	current-only-reviewed; accepted: Isolate HOME/USERPROFILE and create a Git workspace for the missing-resource test. | frozen: Run against ambient host state.	The accepted fixture prevents host package state from changing the missing-package result.	source/candidate 4d3d89e8eff5; frozen a31034c5399f; DefaultPackageManager.resolve test
src/agents/shell-snapshot.ts	KEEP	prior-exact-overlay; base=63a39412869dbab6243c31762516586f6165ebc0; source=c36cd8e2fc4c3a294cd12eeb2bab67385f3aa8d2; frozen=63a39412869dbab6243c31762516586f6165ebc0; candidate=c36cd8e2fc4c3a294cd12eeb2bab67385f3aa8d2	Current upstream blob equals the old merge-base blob and candidate blob equals the accepted-source blob; preserve this exact accepted overlay because no current upstream hunk exists on the path.	dropped_lines=2
src/agents/spawn-pipeline.ts	KEEP	prior-exact-overlay; base=a8c481810b05dd4d1777607629734cef92cc7b20; source=9862cce8fc15d89a50b58a9bbf800189e6cef49a; frozen=a8c481810b05dd4d1777607629734cef92cc7b20; candidate=9862cce8fc15d89a50b58a9bbf800189e6cef49a	Current upstream blob equals the old merge-base blob and candidate blob equals the accepted-source blob; preserve this exact accepted overlay because no current upstream hunk exists on the path.	dropped_lines=2
src/agents/subagents/announce/subagent-announce-descendant-wake.ts	KEEP	prior-exact-overlay; base=1cfb4fcc4a7e3832a0752eebf861adaa32f2fe1e; source=a4b036540af93e8623aff4439b2f145c0acdf1cb; frozen=1cfb4fcc4a7e3832a0752eebf861adaa32f2fe1e; candidate=a4b036540af93e8623aff4439b2f145c0acdf1cb	Current upstream blob equals the old merge-base blob and candidate blob equals the accepted-source blob; preserve this exact accepted overlay because no current upstream hunk exists on the path.	dropped_lines=42
src/agents/subagents/announce/subagent-announce-output.ts	KEEP	prior-exact-overlay; base=34d014b40aaea2476968c2c285b5f36b18a3d3f7; source=0a7aa1d80f976550d7c61a2c31598cc0cab0ea41; frozen=34d014b40aaea2476968c2c285b5f36b18a3d3f7; candidate=0a7aa1d80f976550d7c61a2c31598cc0cab0ea41	Current upstream blob equals the old merge-base blob and candidate blob equals the accepted-source blob; preserve this exact accepted overlay because no current upstream hunk exists on the path.	dropped_lines=4
src/agents/subagents/announce/subagent-announce.format.e2e.test.ts	KEEP	prior-exact-overlay; base=8d524fb6d76bfbccc4f1864d3e102b3ad43c465b; source=26dc5c4b4264c3542494cf44e39a6bd6f3d307fc; frozen=8d524fb6d76bfbccc4f1864d3e102b3ad43c465b; candidate=26dc5c4b4264c3542494cf44e39a6bd6f3d307fc	Current upstream blob equals the old merge-base blob and candidate blob equals the accepted-source blob; preserve this exact accepted overlay because no current upstream hunk exists on the path.	dropped_lines=7
src/agents/subagents/announce/subagent-announce.requester-settle-wake.ts	KEEP	prior-exact-overlay; base=832d5f007bebaa51cb143ea2d05ed844030faf96; source=8a560641e74e93480ded16136a89d2a19e977a34; frozen=832d5f007bebaa51cb143ea2d05ed844030faf96; candidate=8a560641e74e93480ded16136a89d2a19e977a34	Current upstream blob equals the old merge-base blob and candidate blob equals the accepted-source blob; preserve this exact accepted overlay because no current upstream hunk exists on the path.	dropped_lines=1
src/agents/subagents/announce/subagent-announce.test.ts	KEEP	prior-exact-overlay; base=915620f68e2b071cd6d08bc1c221635839c4aaf8; source=c3622ea2b8cf10818323b54e061c39fa49fe5364; frozen=915620f68e2b071cd6d08bc1c221635839c4aaf8; candidate=c3622ea2b8cf10818323b54e061c39fa49fe5364	Current upstream blob equals the old merge-base blob and candidate blob equals the accepted-source blob; preserve this exact accepted overlay because no current upstream hunk exists on the path.	dropped_lines=2
src/agents/subagents/announce/subagent-announce.timeout.test.ts	KEEP	prior-exact-overlay; base=14b900012e3782b1c7edd3bb3a822e0e316335dc; source=c86103199670594b1d42058cb30ce9d520d6763e; frozen=14b900012e3782b1c7edd3bb3a822e0e316335dc; candidate=c86103199670594b1d42058cb30ce9d520d6763e	Current upstream blob equals the old merge-base blob and candidate blob equals the accepted-source blob; preserve this exact accepted overlay because no current upstream hunk exists on the path.	dropped_lines=1
src/agents/subagents/announce/subagent-announce.ts	KEEP	prior-exact-overlay; base=0472571d94792df01491c56b11785b43c11c3395; source=b29da4502a70a8bd6bdadfb2848d5a0613736437; frozen=0472571d94792df01491c56b11785b43c11c3395; candidate=b29da4502a70a8bd6bdadfb2848d5a0613736437	Current upstream blob equals the old merge-base blob and candidate blob equals the accepted-source blob; preserve this exact accepted overlay because no current upstream hunk exists on the path.	dropped_lines=176
src/agents/subagents/completion/subagent-completion-admission.store.ts	KEEP	prior-exact-overlay; base=86f4aed0adbe389b3f77f7377c368167cb090357; source=f9e1a04ee69795ad2366ff81abd6d0376e10a362; frozen=86f4aed0adbe389b3f77f7377c368167cb090357; candidate=f9e1a04ee69795ad2366ff81abd6d0376e10a362	Current upstream blob equals the old merge-base blob and candidate blob equals the accepted-source blob; preserve this exact accepted overlay because no current upstream hunk exists on the path.	dropped_lines=1
src/agents/subagents/registry/subagent-control-messaging.ts	KEEP	prior-exact-overlay; base=8675a148887aa8c2d877ee6b050181a3947ff3e0; source=657bca47a0d997708c8554bf8c77806f6d59ded2; frozen=8675a148887aa8c2d877ee6b050181a3947ff3e0; candidate=657bca47a0d997708c8554bf8c77806f6d59ded2	Current upstream blob equals the old merge-base blob and candidate blob equals the accepted-source blob; preserve this exact accepted overlay because no current upstream hunk exists on the path.	dropped_lines=11
src/agents/subagents/registry/subagent-registry-completion.ts	KEEP	prior-exact-overlay; base=e08bf043d0c9e9308a0168f243040dc18d1e4c95; source=beecf723f820bb8516d026055c56bd5b97ea4f4e; frozen=e08bf043d0c9e9308a0168f243040dc18d1e4c95; candidate=beecf723f820bb8516d026055c56bd5b97ea4f4e	Current upstream blob equals the old merge-base blob and candidate blob equals the accepted-source blob; preserve this exact accepted overlay because no current upstream hunk exists on the path.	dropped_lines=1
src/agents/subagents/registry/subagent-registry-lifecycle-announce-cleanup.ts	KEEP	prior-exact-overlay; base=d2212903e670b86ece3c8ff9fb290e60b6c9c8dc; source=a35493bbeabd6e1115bcf06b9fd6a2ea29818f00; frozen=d2212903e670b86ece3c8ff9fb290e60b6c9c8dc; candidate=a35493bbeabd6e1115bcf06b9fd6a2ea29818f00	Current upstream blob equals the old merge-base blob and candidate blob equals the accepted-source blob; preserve this exact accepted overlay because no current upstream hunk exists on the path.	dropped_lines=1
src/agents/subagents/registry/subagent-registry-lifecycle-completion.ts	KEEP	prior-exact-overlay; base=4a2b082d22bd3a6ea3ecb5a57efea62265df6eac; source=5350bc4e37cee0ff2f7514e503bef174cf28622b; frozen=4a2b082d22bd3a6ea3ecb5a57efea62265df6eac; candidate=5350bc4e37cee0ff2f7514e503bef174cf28622b	Current upstream blob equals the old merge-base blob and candidate blob equals the accepted-source blob; preserve this exact accepted overlay because no current upstream hunk exists on the path.	dropped_lines=3
src/agents/subagents/registry/subagent-registry-lifecycle-delivery.ts	KEEP	prior-exact-overlay; base=14d895911de08a4de74beebe98193e101fc89b88; source=a070ba09be475d6bcbb7ac23a4c2bed5447f096b; frozen=14d895911de08a4de74beebe98193e101fc89b88; candidate=a070ba09be475d6bcbb7ac23a4c2bed5447f096b	Current upstream blob equals the old merge-base blob and candidate blob equals the accepted-source blob; preserve this exact accepted overlay because no current upstream hunk exists on the path.	dropped_lines=1
src/agents/subagents/registry/subagent-registry-maintenance.ts	KEEP	prior-exact-overlay; base=9fde2d0dded12b8061274909576f4c0457388c79; source=a5d5b9529532dae5b484a42031fa07eebfbe3cf7; frozen=9fde2d0dded12b8061274909576f4c0457388c79; candidate=a5d5b9529532dae5b484a42031fa07eebfbe3cf7	Current upstream blob equals the old merge-base blob and candidate blob equals the accepted-source blob; preserve this exact accepted overlay because no current upstream hunk exists on the path.	dropped_lines=3
src/agents/subagents/registry/subagent-registry-queries.ts	KEEP	prior-exact-overlay; base=0016e350b577f185d7d8ab617405ae82923eec8a; source=3724b8cc7845ecb6c5c0a168bd9003b19d22925c; frozen=0016e350b577f185d7d8ab617405ae82923eec8a; candidate=3724b8cc7845ecb6c5c0a168bd9003b19d22925c	Current upstream blob equals the old merge-base blob and candidate blob equals the accepted-source blob; preserve this exact accepted overlay because no current upstream hunk exists on the path.	dropped_lines=1
src/agents/subagents/registry/subagent-registry-restart-recovery.test.ts	KEEP	prior-reviewed-lifecycle	retain upstream mock removals/table coverage at lines 35-37/221-323 and accepted durability blocks at 655-685/1043-1085	durable accepted-run remap ownership, persistence diagnostics, and wedge terminalization | upstream: recover bounded user direction from structured transcripts while ignoring reasoning | interleave=no | preservation=pass | proof=core-isolated restart recovery 36/36 | review=read-only lifecycle audit: clean
src/agents/subagents/registry/subagent-registry-restart-recovery.ts	KEEP	prior-exact-overlay; base=b8f6b1a36d61e6b9fda4ecab5755ce05e8647f7b; source=94e5aed32436cef582729971335b57306ff5af70; frozen=b8f6b1a36d61e6b9fda4ecab5755ce05e8647f7b; candidate=94e5aed32436cef582729971335b57306ff5af70	Current upstream blob equals the old merge-base blob and candidate blob equals the accepted-source blob; preserve this exact accepted overlay because no current upstream hunk exists on the path.	dropped_lines=125
src/agents/subagents/registry/subagent-registry-restore.ts	KEEP	prior-exact-overlay; base=b53aa3c9d65dbd64c29f51dc867bbef186f43f7d; source=5fc5e477b77a7473171eaf83dae40c07346a4d39; frozen=b53aa3c9d65dbd64c29f51dc867bbef186f43f7d; candidate=5fc5e477b77a7473171eaf83dae40c07346a4d39	Current upstream blob equals the old merge-base blob and candidate blob equals the accepted-source blob; preserve this exact accepted overlay because no current upstream hunk exists on the path.	dropped_lines=5
src/agents/subagents/registry/subagent-registry-run-launch.ts	KEEP	prior-exact-overlay; base=aecd239a54e3e00a7329e222b74b2b3008fa230a; source=61f57f3ec3742f3dadef63018e6c3c6a8a35b5f2; frozen=aecd239a54e3e00a7329e222b74b2b3008fa230a; candidate=61f57f3ec3742f3dadef63018e6c3c6a8a35b5f2	Current upstream blob equals the old merge-base blob and candidate blob equals the accepted-source blob; preserve this exact accepted overlay because no current upstream hunk exists on the path.	dropped_lines=4
src/agents/subagents/registry/subagent-registry-run-recovery.ts	KEEP	prior-exact-overlay; base=d18b24d5fa9ac1bcbe5e7116555fdad08b973898; source=e4872b31514d4e3accde68e1453d8025aa21cd57; frozen=d18b24d5fa9ac1bcbe5e7116555fdad08b973898; candidate=e4872b31514d4e3accde68e1453d8025aa21cd57	Current upstream blob equals the old merge-base blob and candidate blob equals the accepted-source blob; preserve this exact accepted overlay because no current upstream hunk exists on the path.	dropped_lines=2
src/agents/subagents/registry/subagent-registry-run-wait.ts	KEEP	prior-exact-overlay; base=793c527510b9dcd0c2b9e0bc251c5930b6d58be4; source=d021eb91bd109beded2c93ab6e41bbc30ada0a89; frozen=793c527510b9dcd0c2b9e0bc251c5930b6d58be4; candidate=d021eb91bd109beded2c93ab6e41bbc30ada0a89	Current upstream blob equals the old merge-base blob and candidate blob equals the accepted-source blob; preserve this exact accepted overlay because no current upstream hunk exists on the path.	dropped_lines=3
src/agents/subagents/registry/subagent-registry-sweep-kill.ts	KEEP	prior-exact-overlay; base=00978542df0cd4f4179ec9d983b4bb92d4272be9; source=4a64fda8fc6c1083db2ed44e12057f0fc391013a; frozen=00978542df0cd4f4179ec9d983b4bb92d4272be9; candidate=4a64fda8fc6c1083db2ed44e12057f0fc391013a	Current upstream blob equals the old merge-base blob and candidate blob equals the accepted-source blob; preserve this exact accepted overlay because no current upstream hunk exists on the path.	dropped_lines=1
src/agents/subagents/registry/subagent-registry-sweeper-recovery.test.ts	KEEP	prior-exact-overlay; base=faed61f5d0d1b46f7dd2877de47bf179bd38c246; source=116ae2eedc6ed3a9c9202bacf85f519f7fc68f0a; frozen=faed61f5d0d1b46f7dd2877de47bf179bd38c246; candidate=116ae2eedc6ed3a9c9202bacf85f519f7fc68f0a	Current upstream blob equals the old merge-base blob and candidate blob equals the accepted-source blob; preserve this exact accepted overlay because no current upstream hunk exists on the path.	dropped_lines=3
src/agents/subagents/registry/subagent-registry-sweeper.ts	KEEP	prior-exact-overlay; base=71666d00b2c727832cc4fdbb1f438fb261268b25; source=14f076b106812832b7f5b9ae59a531824fb7e336; frozen=71666d00b2c727832cc4fdbb1f438fb261268b25; candidate=14f076b106812832b7f5b9ae59a531824fb7e336	Current upstream blob equals the old merge-base blob and candidate blob equals the accepted-source blob; preserve this exact accepted overlay because no current upstream hunk exists on the path.	dropped_lines=53
src/agents/subagents/registry/subagent-registry.lifecycle-retry-grace.e2e.test.ts	KEEP	prior-reviewed-lifecycle	retain accepted harness and upstream boundary test; inline redundant request subtypes to keep the merged file below the existing 1,000-line ceiling without changing behavior	deterministic listener, runtime facade, SQLite fixture, and fake-timer ordering | upstream: visible child requesterTurnRunId and exactly-once yielded requester final | interleave=yes | preservation=pass | proof=lifecycle E2E 14/14 | review=read-only lifecycle audit: clean
src/agents/subagents/registry/subagent-registry.persistence.test.ts	KEEP	prior-exact-overlay; base=6f2450077f1ea1852d348e4cd96c4dc905a8efd1; source=f8b98ee5174254b4fb10e4f036cea55a839674f0; frozen=6f2450077f1ea1852d348e4cd96c4dc905a8efd1; candidate=f8b98ee5174254b4fb10e4f036cea55a839674f0	Current upstream blob equals the old merge-base blob and candidate blob equals the accepted-source blob; preserve this exact accepted overlay because no current upstream hunk exists on the path.	dropped_lines=104
src/agents/subagents/registry/subagent-registry.test.ts	KEEP	prior-exact-overlay; base=f0eae216e48b16ae27f7ee488a5bf14d4180db34; source=22c5591360c8f19c264d802c76d1451dd2ffa260; frozen=f0eae216e48b16ae27f7ee488a5bf14d4180db34; candidate=22c5591360c8f19c264d802c76d1451dd2ffa260	Current upstream blob equals the old merge-base blob and candidate blob equals the accepted-source blob; preserve this exact accepted overlay because no current upstream hunk exists on the path.	dropped_lines=4
src/agents/subagents/registry/subagent-registry.ts	KEEP	prior-exact-overlay; base=ba508619a51b4aa283b585f97a0bf813e59ac113; source=c1363d07c4752aca5446c9626885d7ff5f21af2a; frozen=ba508619a51b4aa283b585f97a0bf813e59ac113; candidate=c1363d07c4752aca5446c9626885d7ff5f21af2a	Current upstream blob equals the old merge-base blob and candidate blob equals the accepted-source blob; preserve this exact accepted overlay because no current upstream hunk exists on the path.	dropped_lines=3
src/agents/subagents/registry/subagent-registry.types.ts	KEEP	prior-exact-overlay; base=90a1954557eb757f8ac7227a3f77be4a5e07f29f; source=ad9d8b773ddf144d8524552f814822acc475fd5d; frozen=90a1954557eb757f8ac7227a3f77be4a5e07f29f; candidate=ad9d8b773ddf144d8524552f814822acc475fd5d	Current upstream blob equals the old merge-base blob and candidate blob equals the accepted-source blob; preserve this exact accepted overlay because no current upstream hunk exists on the path.	dropped_lines=1
src/agents/subagents/registry/subagent-run-liveness.ts	KEEP	prior-exact-overlay; base=41fdd6dbf11c5feb916a8edcbe71cebb050dc9aa; source=9fd514a5fe2d36044420d990f334a79401e95933; frozen=41fdd6dbf11c5feb916a8edcbe71cebb050dc9aa; candidate=9fd514a5fe2d36044420d990f334a79401e95933	Current upstream blob equals the old merge-base blob and candidate blob equals the accepted-source blob; preserve this exact accepted overlay because no current upstream hunk exists on the path.	dropped_lines=5
src/agents/subagents/registry/subagent-session-cleanup.ts	KEEP	prior-exact-overlay; base=56ead58ece825dbcd717c4825e1e6ebaa200fb27; source=45d2d586939038e6bd622cef1dd43a99f2ee14fd; frozen=56ead58ece825dbcd717c4825e1e6ebaa200fb27; candidate=45d2d586939038e6bd622cef1dd43a99f2ee14fd	Current upstream blob equals the old merge-base blob and candidate blob equals the accepted-source blob; preserve this exact accepted overlay because no current upstream hunk exists on the path.	dropped_lines=2
src/agents/subagents/registry/subagent-session-reconciliation.ts	KEEP	prior-exact-overlay; base=669dc0a265dbca99665c02ff3d844bcff3d58f43; source=1b4ef684820b1f5034e4c59054eb986fb889de84; frozen=669dc0a265dbca99665c02ff3d844bcff3d58f43; candidate=1b4ef684820b1f5034e4c59054eb986fb889de84	Current upstream blob equals the old merge-base blob and candidate blob equals the accepted-source blob; preserve this exact accepted overlay because no current upstream hunk exists on the path.	dropped_lines=1
src/agents/subagents/spawn/acp-spawn-parent-stream.test.ts	KEEP	prior-exact-overlay; base=ef28d34a63bf938ef1ef62247a97f2dd7718cfb5; source=206a24e787a74ef51a4acd88919f9e778950c4d9; frozen=ef28d34a63bf938ef1ef62247a97f2dd7718cfb5; candidate=206a24e787a74ef51a4acd88919f9e778950c4d9	Current upstream blob equals the old merge-base blob and candidate blob equals the accepted-source blob; preserve this exact accepted overlay because no current upstream hunk exists on the path.	dropped_lines=2
src/agents/subagents/spawn/acp-spawn-parent-stream.ts	KEEP	prior-exact-overlay; base=194d7e32d8a9df1e64d8e427ae48ae4cf898ffcb; source=077c8a98568512a8461c0959f83ac336f5f2d7dd; frozen=194d7e32d8a9df1e64d8e427ae48ae4cf898ffcb; candidate=077c8a98568512a8461c0959f83ac336f5f2d7dd	Current upstream blob equals the old merge-base blob and candidate blob equals the accepted-source blob; preserve this exact accepted overlay because no current upstream hunk exists on the path.	dropped_lines=2
src/agents/subagents/spawn/acp-spawn.test.ts	KEEP	prior-exact-overlay; base=7222e0b95c60c172c67aed60593944bb9a980259; source=2be036cb431c1c62427bcba37f04250dd469fb46; frozen=7222e0b95c60c172c67aed60593944bb9a980259; candidate=2be036cb431c1c62427bcba37f04250dd469fb46	Current upstream blob equals the old merge-base blob and candidate blob equals the accepted-source blob; preserve this exact accepted overlay because no current upstream hunk exists on the path.	dropped_lines=1
src/agents/subagents/spawn/subagent-attachments.ts	KEEP	prior-exact-overlay; base=ce5692125a4063e565c117c5debecec5614195c3; source=fb0eaaceb0999545693b364bdb5ed226cea6a298; frozen=ce5692125a4063e565c117c5debecec5614195c3; candidate=fb0eaaceb0999545693b364bdb5ed226cea6a298	Current upstream blob equals the old merge-base blob and candidate blob equals the accepted-source blob; preserve this exact accepted overlay because no current upstream hunk exists on the path.	dropped_lines=95
src/agents/subagents/spawn/subagent-spawn-cleanup.test.ts	KEEP	prior-exact-overlay; base=d2b4ebe2694d725b4e1a81fadda61733f13e79ef; source=88c502bea9d5cfe059a16ccab5c35dc2a9aa32de; frozen=d2b4ebe2694d725b4e1a81fadda61733f13e79ef; candidate=88c502bea9d5cfe059a16ccab5c35dc2a9aa32de	Current upstream blob equals the old merge-base blob and candidate blob equals the accepted-source blob; preserve this exact accepted overlay because no current upstream hunk exists on the path.	dropped_lines=17
src/agents/subagents/spawn/subagent-spawn-cleanup.ts	KEEP	prior-exact-overlay; base=7dece3b904665bb48ecff1e5e972acd088e3a4be; source=92d73275648068866fc93c1b8389c84fba7562a5; frozen=7dece3b904665bb48ecff1e5e972acd088e3a4be; candidate=92d73275648068866fc93c1b8389c84fba7562a5	Current upstream blob equals the old merge-base blob and candidate blob equals the accepted-source blob; preserve this exact accepted overlay because no current upstream hunk exists on the path.	dropped_lines=19
src/agents/subagents/spawn/subagent-spawn-session-patch.ts	KEEP	prior-exact-overlay; base=51ea62862eb58145d5ae29232d120fc472230000; source=fb2007592cabcce389e567e3f149cf3a73044642; frozen=51ea62862eb58145d5ae29232d120fc472230000; candidate=fb2007592cabcce389e567e3f149cf3a73044642	Current upstream blob equals the old merge-base blob and candidate blob equals the accepted-source blob; preserve this exact accepted overlay because no current upstream hunk exists on the path.	dropped_lines=13
src/agents/subagents/spawn/subagent-spawn.attachments.test.ts	KEEP	prior-exact-overlay; base=f757f411a39985b7932eec60bc7a23693783a2c1; source=884976f948f308da0222acd8b26086751b9dcaf9; frozen=f757f411a39985b7932eec60bc7a23693783a2c1; candidate=884976f948f308da0222acd8b26086751b9dcaf9	Current upstream blob equals the old merge-base blob and candidate blob equals the accepted-source blob; preserve this exact accepted overlay because no current upstream hunk exists on the path.	dropped_lines=4
src/agents/subagents/spawn/subagent-spawn.in-process-gateway.test.ts	KEEP	prior-reviewed-lifecycle	retain upstream receiptAuthority at line 393 and accepted synthetic-client assertions at 543-640	synthetic collector client does not authorize model override | upstream: worker identity carries live receiptAuthority | interleave=no | preservation=pass | proof=in-process gateway spawn 15/15 | review=read-only lifecycle audit: clean
src/agents/subagents/spawn/subagent-spawn.model-session.test.ts	KEEP	prior-exact-overlay; base=73c81f27a6b8a8e389b67c7577d52a16fee152ef; source=c4ec042f85855cc55193d8710efcfba38ad8c29b; frozen=73c81f27a6b8a8e389b67c7577d52a16fee152ef; candidate=c4ec042f85855cc55193d8710efcfba38ad8c29b	Current upstream blob equals the old merge-base blob and candidate blob equals the accepted-source blob; preserve this exact accepted overlay because no current upstream hunk exists on the path.	dropped_lines=8
src/agents/subagents/spawn/subagent-spawn.runtime.ts	KEEP	prior-exact-overlay; base=70e54e3ca43a181028f628470097991e82e784cf; source=2eedaf5c82e396f55605fe30a843ac7e06727245; frozen=70e54e3ca43a181028f628470097991e82e784cf; candidate=2eedaf5c82e396f55605fe30a843ac7e06727245	Current upstream blob equals the old merge-base blob and candidate blob equals the accepted-source blob; preserve this exact accepted overlay because no current upstream hunk exists on the path.	dropped_lines=1
src/agents/subagents/spawn/subagent-spawn.test-helpers.ts	KEEP	prior-exact-overlay; base=ce88d6c310621ced5e8ffb09be5f7b0c575b5add; source=b6688331c8838dbfc419340bb1986b35c73052db; frozen=ce88d6c310621ced5e8ffb09be5f7b0c575b5add; candidate=b6688331c8838dbfc419340bb1986b35c73052db	Current upstream blob equals the old merge-base blob and candidate blob equals the accepted-source blob; preserve this exact accepted overlay because no current upstream hunk exists on the path.	dropped_lines=3
src/agents/subagents/spawn/subagent-spawn.test.ts	KEEP	prior-exact-overlay; base=aef4f017f851ed4969e74db8fa1bbbf0102d212a; source=1867be78b5ab087fae07c32c179eff060d99741e; frozen=aef4f017f851ed4969e74db8fa1bbbf0102d212a; candidate=1867be78b5ab087fae07c32c179eff060d99741e	Current upstream blob equals the old merge-base blob and candidate blob equals the accepted-source blob; preserve this exact accepted overlay because no current upstream hunk exists on the path.	dropped_lines=1
src/agents/subagents/spawn/subagent-spawn.ts	KEEP	prior-exact-overlay; base=0d0bcb3a41d8a4ff24e180b70ffcd9dfb4cc7bc4; source=9ce8ebb486fd286a4d1816deee3953bbea40cc96; frozen=0d0bcb3a41d8a4ff24e180b70ffcd9dfb4cc7bc4; candidate=9ce8ebb486fd286a4d1816deee3953bbea40cc96	Current upstream blob equals the old merge-base blob and candidate blob equals the accepted-source blob; preserve this exact accepted overlay because no current upstream hunk exists on the path.	dropped_lines=91
src/agents/tool-display-config.ts	KEEP	prior-exact-overlay; base=2b6e39d95f5ddc89dc1ca2e1911c2c1a82653f3d; source=a2800e51ab8bd84b7aea07b3977f09f787fd9c52; frozen=2b6e39d95f5ddc89dc1ca2e1911c2c1a82653f3d; candidate=a2800e51ab8bd84b7aea07b3977f09f787fd9c52	Current upstream blob equals the old merge-base blob and candidate blob equals the accepted-source blob; preserve this exact accepted overlay because no current upstream hunk exists on the path.	dropped_lines=95
src/agents/tool-display-message-config.ts	KEEP	prior-exact-overlay; base=b5f212588e96bb433f167dd0c692721223c199f0; source=219fe67b4976dc11e71a157d7cc56ee6ade20c3a; frozen=b5f212588e96bb433f167dd0c692721223c199f0; candidate=219fe67b4976dc11e71a157d7cc56ee6ade20c3a	Current upstream blob equals the old merge-base blob and candidate blob equals the accepted-source blob; preserve this exact accepted overlay because no current upstream hunk exists on the path.	dropped_lines=89
src/agents/tool-error-summary.ts	KEEP	prior-exact-overlay; base=42b2c86af750913a2625b3108cc1e415edab17cd; source=054e7b2d50f364afcba641f47db414400a53ff6a; frozen=42b2c86af750913a2625b3108cc1e415edab17cd; candidate=054e7b2d50f364afcba641f47db414400a53ff6a	Current upstream blob equals the old merge-base blob and candidate blob equals the accepted-source blob; preserve this exact accepted overlay because no current upstream hunk exists on the path.	dropped_lines=1
src/agents/tool-result-error.ts	KEEP	prior-reviewed-agent-runtime	retain WeakSet registration/consumption at lines 21/165-175 beside accepted status classification	centralized failure-status classification | upstream: upstream consume-once private no-start provenance | interleave=no | preservation=pass | proof=tool-result error and Code Mode repair owners | review=read-only agent-runtime audit: clean
src/agents/tools-effective-inventory.test.ts	KEEP	prior-exact-overlay; base=4c06bdbb77c9e5d9bccce6b087fa20dd1ef78315; source=e65c795e0df6706ca7f096af78d2d7393636f41e; frozen=4c06bdbb77c9e5d9bccce6b087fa20dd1ef78315; candidate=e65c795e0df6706ca7f096af78d2d7393636f41e	Current upstream blob equals the old merge-base blob and candidate blob equals the accepted-source blob; preserve this exact accepted overlay because no current upstream hunk exists on the path.	dropped_lines=110
src/agents/tools/media-generate-background-shared.ts	KEEP	prior-exact-overlay; base=cf8b383549f2b5e818ad33e9d4c4f11d215ef86b; source=0b8686b3feea7f1a15b6427c17424261d1e7e04c; frozen=cf8b383549f2b5e818ad33e9d4c4f11d215ef86b; candidate=0b8686b3feea7f1a15b6427c17424261d1e7e04c	Current upstream blob equals the old merge-base blob and candidate blob equals the accepted-source blob; preserve this exact accepted overlay because no current upstream hunk exists on the path.	dropped_lines=10
src/agents/tools/sessions-spawn-tool.ts	KEEP	prior-exact-overlay; base=4ac7f230d8fa2ad4ac88eefb3612cdf6811af666; source=013cd73e03456d157068c604fa389ae3be2d25b9; frozen=4ac7f230d8fa2ad4ac88eefb3612cdf6811af666; candidate=013cd73e03456d157068c604fa389ae3be2d25b9	Current upstream blob equals the old merge-base blob and candidate blob equals the accepted-source blob; preserve this exact accepted overlay because no current upstream hunk exists on the path.	dropped_lines=8
src/agents/transcript-redact.ts	KEEP	prior-exact-overlay; base=3792b439c44c5033fc897bbcf0e51053091b0233; source=21ebc1968c0292721baa7baa577e319be0feb189; frozen=3792b439c44c5033fc897bbcf0e51053091b0233; candidate=21ebc1968c0292721baa7baa577e319be0feb189	Current upstream blob equals the old merge-base blob and candidate blob equals the accepted-source blob; preserve this exact accepted overlay because no current upstream hunk exists on the path.	dropped_lines=2
src/auto-reply/reply/abort.test.ts	KEEP	prior-exact-overlay; base=291ca4347821a30f8c2be4ea8239acd4998a3b85; source=3b31efee4f431a858e6fdbedcdd9ea54e6e3904a; frozen=291ca4347821a30f8c2be4ea8239acd4998a3b85; candidate=3b31efee4f431a858e6fdbedcdd9ea54e6e3904a	Current upstream blob equals the old merge-base blob and candidate blob equals the accepted-source blob; preserve this exact accepted overlay because no current upstream hunk exists on the path.	dropped_lines=1
src/auto-reply/reply/agent-runner-cli-candidate.ts	KEEP	prior-exact-overlay; base=c95474cfee58be8fd4b46057b3472409e56f7202; source=d74b367395f46bb662635b4885ed8cf9ed8c88ea; frozen=c95474cfee58be8fd4b46057b3472409e56f7202; candidate=d74b367395f46bb662635b4885ed8cf9ed8c88ea	Current upstream blob equals the old merge-base blob and candidate blob equals the accepted-source blob; preserve this exact accepted overlay because no current upstream hunk exists on the path.	dropped_lines=1
src/auto-reply/reply/agent-runner-embedded-candidate.ts	KEEP	prior-reviewed-lifecycle	retain required runLane parameter/forwarding at 80/249 and all accepted continuation code; repair adjacent continuation fixture with runLane main	fallback-selected continuation/compaction callbacks and bounded raw continuation metadata | upstream: heartbeat embedded runs use cron-nested rather than visible-turn main lane | interleave=no | preservation=pass | proof=embedded candidate continuation 2/2 | review=read-only lifecycle audit: fixture gap found and repaired
src/auto-reply/reply/agent-runner-execution.ts	KEEP	prior-exact-overlay; base=518489c3bff17f9282d5560192981262129176a7; source=d06f5b92b233dad15bd64859effbecf1eb98dfc4; frozen=518489c3bff17f9282d5560192981262129176a7; candidate=d06f5b92b233dad15bd64859effbecf1eb98dfc4	Current upstream blob equals the old merge-base blob and candidate blob equals the accepted-source blob; preserve this exact accepted overlay because no current upstream hunk exists on the path.	dropped_lines=42
src/auto-reply/reply/agent-runner-fallback-candidate.ts	KEEP	prior-reviewed-lifecycle	retain adjacent runLane and continuation declarations plus embedded forwarding/result wrapper	fallback-selected continuation metadata and exhausted-result merging | upstream: select and forward CronNested for heartbeat | interleave=yes | preservation=pass | proof=fallback candidate and Mode-B | review=read-only lifecycle audit: clean
src/auto-reply/reply/agent-runner-fallback-settlement.ts	KEEP	prior-exact-overlay; base=a72799a97a3011303d6f618b0f36419397a1e3c4; source=2e4bcf6cdeab876797274631d41cc7e684264789; frozen=a72799a97a3011303d6f618b0f36419397a1e3c4; candidate=2e4bcf6cdeab876797274631d41cc7e684264789	Current upstream blob equals the old merge-base blob and candidate blob equals the accepted-source blob; preserve this exact accepted overlay because no current upstream hunk exists on the path.	dropped_lines=1
src/auto-reply/reply/agent-runner-result-accounting.test.ts	KEEP	prior-exact-overlay; base=0213f05a3c9ef51140c89d1f388b69e3c186cc46; source=63b35c31c941bff0db2692b1c2a8987a2f253aa5; frozen=0213f05a3c9ef51140c89d1f388b69e3c186cc46; candidate=63b35c31c941bff0db2692b1c2a8987a2f253aa5	Current upstream blob equals the old merge-base blob and candidate blob equals the accepted-source blob; preserve this exact accepted overlay because no current upstream hunk exists on the path.	dropped_lines=51
src/auto-reply/reply/agent-runner-result-accounting.ts	KEEP	prior-exact-overlay; base=b80b43e491271861e0474b6c21dcc5aafea9c797; source=eac2b31a0294b20d26e8855f3726156df86e7462; frozen=b80b43e491271861e0474b6c21dcc5aafea9c797; candidate=eac2b31a0294b20d26e8855f3726156df86e7462	Current upstream blob equals the old merge-base blob and candidate blob equals the accepted-source blob; preserve this exact accepted overlay because no current upstream hunk exists on the path.	dropped_lines=1
src/auto-reply/reply/agent-runner-result-complete.ts	KEEP	prior-exact-overlay; base=5c0edfa430eec60e8a27df756d39d000a9f178a6; source=3470ab60665a902716c1c84ab0b8af3d273f5576; frozen=5c0edfa430eec60e8a27df756d39d000a9f178a6; candidate=3470ab60665a902716c1c84ab0b8af3d273f5576	Current upstream blob equals the old merge-base blob and candidate blob equals the accepted-source blob; preserve this exact accepted overlay because no current upstream hunk exists on the path.	dropped_lines=115
src/auto-reply/reply/agent-runner-result-payloads.ts	KEEP	prior-exact-overlay; base=1adb9e4b1d05ebf3e5419fadf8ab4b36e9a66b4d; source=c614056061d701053d5c3567f6ca0de1236deeb5; frozen=1adb9e4b1d05ebf3e5419fadf8ab4b36e9a66b4d; candidate=c614056061d701053d5c3567f6ca0de1236deeb5	Current upstream blob equals the old merge-base blob and candidate blob equals the accepted-source blob; preserve this exact accepted overlay because no current upstream hunk exists on the path.	dropped_lines=14
src/auto-reply/reply/agent-runner.misc.runreplyagent.test.ts	KEEP	prior-exact-overlay; base=52bfef511c821de2b533fc3de60b918ec357384e; source=c6a86bcee008e25df7ec922fe6df5188c9fa16c5; frozen=52bfef511c821de2b533fc3de60b918ec357384e; candidate=c6a86bcee008e25df7ec922fe6df5188c9fa16c5	Current upstream blob equals the old merge-base blob and candidate blob equals the accepted-source blob; preserve this exact accepted overlay because no current upstream hunk exists on the path.	dropped_lines=2
src/auto-reply/reply/commands-compact.runtime.ts	KEEP	prior-exact-overlay; base=b951c7cce964a5f3746b9e0bddf7f5ead6b77daf; source=6ae0a78cb2a2a99091f9ee0b4ac188bdaa3b2602; frozen=b951c7cce964a5f3746b9e0bddf7f5ead6b77daf; candidate=6ae0a78cb2a2a99091f9ee0b4ac188bdaa3b2602	Current upstream blob equals the old merge-base blob and candidate blob equals the accepted-source blob; preserve this exact accepted overlay because no current upstream hunk exists on the path.	dropped_lines=1
src/auto-reply/reply/commands-compact.ts	KEEP	prior-exact-overlay; base=1f504277425005486874eb4741115daa39bd0a51; source=a54936d22bb8c541041a824d6b1e4682bc3baae7; frozen=1f504277425005486874eb4741115daa39bd0a51; candidate=a54936d22bb8c541041a824d6b1e4682bc3baae7	Current upstream blob equals the old merge-base blob and candidate blob equals the accepted-source blob; preserve this exact accepted overlay because no current upstream hunk exists on the path.	dropped_lines=9
src/auto-reply/reply/commands-context-report.ts	KEEP	current-only-reviewed; accepted: Consume resolveFreshSessionTotalTokens from session-entry-runtime. | frozen: Consume the helper through the types barrel.	The accepted provenance-aware runtime owner is intentional; context-report behavior is unchanged.	source/candidate 7d66f2f7b31f; frozen be0e5f02b753; buildContextReply tests
src/auto-reply/reply/directive-handling.mixed-inline.test.ts	KEEP	prior-exact-overlay; base=fb810ca431e3481ccd1fd6f21406ccace432c9b4; source=0f6cf76bd8d773ccf43cfc07949fafb003607ab5; frozen=fb810ca431e3481ccd1fd6f21406ccace432c9b4; candidate=0f6cf76bd8d773ccf43cfc07949fafb003607ab5	Current upstream blob equals the old merge-base blob and candidate blob equals the accepted-source blob; preserve this exact accepted overlay because no current upstream hunk exists on the path.	dropped_lines=1
src/auto-reply/reply/followup-turn-admission.ts	KEEP	prior-exact-overlay; base=3144154df03e1341e71c26310da01b7db6d3426e; source=d927ce3ef18a35dda03625f54d0f37c4f4e1c0d3; frozen=3144154df03e1341e71c26310da01b7db6d3426e; candidate=d927ce3ef18a35dda03625f54d0f37c4f4e1c0d3	Current upstream blob equals the old merge-base blob and candidate blob equals the accepted-source blob; preserve this exact accepted overlay because no current upstream hunk exists on the path.	dropped_lines=1
src/auto-reply/reply/get-reply-run-admission.ts	KEEP	prior-exact-overlay; base=80ccc87a1cf0e62ca9e6cdd55d2640bd3af99125; source=dd8288f5cc7f5e76696b9d54fc5d7d27eeeeb99e; frozen=80ccc87a1cf0e62ca9e6cdd55d2640bd3af99125; candidate=dd8288f5cc7f5e76696b9d54fc5d7d27eeeeb99e	Current upstream blob equals the old merge-base blob and candidate blob equals the accepted-source blob; preserve this exact accepted overlay because no current upstream hunk exists on the path.	dropped_lines=7
src/auto-reply/reply/get-reply-run-execute.ts	KEEP	prior-exact-overlay; base=f919aa41994778b6e54f94453df2d67dd84ee683; source=be1a021053a95cf149b5ee8f0a07315a22c73441; frozen=f919aa41994778b6e54f94453df2d67dd84ee683; candidate=be1a021053a95cf149b5ee8f0a07315a22c73441	Current upstream blob equals the old merge-base blob and candidate blob equals the accepted-source blob; preserve this exact accepted overlay because no current upstream hunk exists on the path.	dropped_lines=3
src/auto-reply/reply/get-reply-run.media-only.test.ts	KEEP	prior-exact-overlay; base=bd6dc36af2751834182416309e07c75789659658; source=3481bbc99da6e7c6522bd2424fd2eac2545cdc3e; frozen=bd6dc36af2751834182416309e07c75789659658; candidate=3481bbc99da6e7c6522bd2424fd2eac2545cdc3e	Current upstream blob equals the old merge-base blob and candidate blob equals the accepted-source blob; preserve this exact accepted overlay because no current upstream hunk exists on the path.	dropped_lines=2
src/auto-reply/reply/get-reply.ts	KEEP	prior-exact-overlay; base=2847028f666940a08989758d07a3e2a5f536b8c1; source=b270e91cbd2c5a5e345208e5f8c37d4604c4850c; frozen=2847028f666940a08989758d07a3e2a5f536b8c1; candidate=b270e91cbd2c5a5e345208e5f8c37d4604c4850c	Current upstream blob equals the old merge-base blob and candidate blob equals the accepted-source blob; preserve this exact accepted overlay because no current upstream hunk exists on the path.	dropped_lines=2
src/auto-reply/reply/reply-state.test.ts	KEEP	prior-exact-overlay; base=fe30b2755ff1989020cf1a86cd01fab49bcd0975; source=9d41b49db17a41cf7630da587dcecd6d8e4a2bc0; frozen=fe30b2755ff1989020cf1a86cd01fab49bcd0975; candidate=9d41b49db17a41cf7630da587dcecd6d8e4a2bc0	Current upstream blob equals the old merge-base blob and candidate blob equals the accepted-source blob; preserve this exact accepted overlay because no current upstream hunk exists on the path.	dropped_lines=1
src/auto-reply/reply/session-init-conflict-retry.ts	KEEP	prior-exact-overlay; base=b8fc2adc842a33b7de17c149bf21a188a1c73096; source=aa6b24a994e0037063f7dd73106edd9d5802c210; frozen=b8fc2adc842a33b7de17c149bf21a188a1c73096; candidate=aa6b24a994e0037063f7dd73106edd9d5802c210	Current upstream blob equals the old merge-base blob and candidate blob equals the accepted-source blob; preserve this exact accepted overlay because no current upstream hunk exists on the path.	dropped_lines=11
src/auto-reply/reply/session-system-events.ts	KEEP	prior-exact-overlay; base=2434e19c10db98b5c8d40c84aacb3bc4ac27f417; source=9df57847902ea1ebe612ab8426e875e5da219fe5; frozen=2434e19c10db98b5c8d40c84aacb3bc4ac27f417; candidate=9df57847902ea1ebe612ab8426e875e5da219fe5	Current upstream blob equals the old merge-base blob and candidate blob equals the accepted-source blob; preserve this exact accepted overlay because no current upstream hunk exists on the path.	dropped_lines=20
src/auto-reply/reply/session-updates.ts	KEEP	prior-exact-overlay; base=091fa59a468688cc92567d189a0243585f3624ec; source=fbf68b77de7f9c3406e1a603f6b027a33377e4eb; frozen=091fa59a468688cc92567d189a0243585f3624ec; candidate=fbf68b77de7f9c3406e1a603f6b027a33377e4eb	Current upstream blob equals the old merge-base blob and candidate blob equals the accepted-source blob; preserve this exact accepted overlay because no current upstream hunk exists on the path.	dropped_lines=4
src/auto-reply/reply/session.test.ts	KEEP	prior-exact-overlay; base=813c8ca9e6450f9b7d9874f87125138c1509752d; source=9bc5b95d78e50f7c16393b907551e53aa95a5a90; frozen=813c8ca9e6450f9b7d9874f87125138c1509752d; candidate=9bc5b95d78e50f7c16393b907551e53aa95a5a90	Current upstream blob equals the old merge-base blob and candidate blob equals the accepted-source blob; preserve this exact accepted overlay because no current upstream hunk exists on the path.	dropped_lines=1
src/auto-reply/tokens.test.ts	KEEP	prior-exact-overlay; base=ad828c62878518fa0e8cce7836bedd434385d3ee; source=0da52741a72575b3d9a537ee54a582caceafc510; frozen=ad828c62878518fa0e8cce7836bedd434385d3ee; candidate=0da52741a72575b3d9a537ee54a582caceafc510	Current upstream blob equals the old merge-base blob and candidate blob equals the accepted-source blob; preserve this exact accepted overlay because no current upstream hunk exists on the path.	dropped_lines=8
src/cli/gateway-cli/run.option-collisions.test.ts	KEEP	prior-exact-overlay; base=3f9685da2ea6666b719d849c60647e52229cc07b; source=4cadc7fb8fff7b0a81b47ef7edef6a24780c2a82; frozen=3f9685da2ea6666b719d849c60647e52229cc07b; candidate=4cadc7fb8fff7b0a81b47ef7edef6a24780c2a82	Current upstream blob equals the old merge-base blob and candidate blob equals the accepted-source blob; preserve this exact accepted overlay because no current upstream hunk exists on the path.	dropped_lines=4
src/commands/agent/session.test.ts	KEEP	prior-exact-overlay; base=4bfa348e96ccf50555e65a2e284a878bf404c384; source=0fd3c902253df95a908979228d9bc2609664fe98; frozen=4bfa348e96ccf50555e65a2e284a878bf404c384; candidate=0fd3c902253df95a908979228d9bc2609664fe98	Current upstream blob equals the old merge-base blob and candidate blob equals the accepted-source blob; preserve this exact accepted overlay because no current upstream hunk exists on the path.	dropped_lines=1
src/commands/doctor-config-preflight.legacy-copy.test.ts	KEEP	prior-exact-overlay; base=dcfe3a361358fe81fe322e315f584f278f9de0b1; source=fc7b8c60143805c596f681f535e73f61e110a01f; frozen=dcfe3a361358fe81fe322e315f584f278f9de0b1; candidate=fc7b8c60143805c596f681f535e73f61e110a01f	Current upstream blob equals the old merge-base blob and candidate blob equals the accepted-source blob; preserve this exact accepted overlay because no current upstream hunk exists on the path.	dropped_lines=3
src/commands/doctor-device-pairing.test.ts	KEEP	prior-exact-overlay; base=00ec431a2a6a8a27daa322d2429cabb14826ac95; source=7450b36d08ca327d021eb18894c68ba69e1b160b; frozen=00ec431a2a6a8a27daa322d2429cabb14826ac95; candidate=7450b36d08ca327d021eb18894c68ba69e1b160b	Current upstream blob equals the old merge-base blob and candidate blob equals the accepted-source blob; preserve this exact accepted overlay because no current upstream hunk exists on the path.	dropped_lines=1
src/commands/doctor-session-sqlite.test.ts	KEEP	current-only-reviewed; accepted: Validate a nonnegative padding bound and report exact offset/count for UTF-16 setup failures. | frozen: Use the older opaque proximity assertion.	The accepted assertion is more diagnostic and still constructs the surrogate-boundary truncation case.	source/candidate 7cb0e4077f7c; frozen b6f6a4c95320; 8fc4131 diagnostic assertion; migration failure issue test
src/commands/export-trajectory.test.ts	KEEP	prior-exact-overlay; base=14b8e8700437d88b570dccab7a24727e0341e5b4; source=e65e1c8e230e1cb47d1355b613dd94a5bfd5bb82; frozen=14b8e8700437d88b570dccab7a24727e0341e5b4; candidate=e65e1c8e230e1cb47d1355b613dd94a5bfd5bb82	Current upstream blob equals the old merge-base blob and candidate blob equals the accepted-source blob; preserve this exact accepted overlay because no current upstream hunk exists on the path.	dropped_lines=2
src/commands/flows.test.ts	KEEP	prior-exact-overlay; base=9c871a3d4b003ae871e33b13f61f4f14d80e4eff; source=ab6cac643eb21daa39e12136d527ed0f76034480; frozen=9c871a3d4b003ae871e33b13f61f4f14d80e4eff; candidate=ab6cac643eb21daa39e12136d527ed0f76034480	Current upstream blob equals the old merge-base blob and candidate blob equals the accepted-source blob; preserve this exact accepted overlay because no current upstream hunk exists on the path.	dropped_lines=1
src/commands/sandbox-explain.test.ts	KEEP	prior-exact-overlay; base=5959bba7972cf64a7c22adc513ce8f9ec53a7e42; source=c030ea65c078a6b83f7f80b92a6a27c98aa70cb7; frozen=5959bba7972cf64a7c22adc513ce8f9ec53a7e42; candidate=c030ea65c078a6b83f7f80b92a6a27c98aa70cb7	Current upstream blob equals the old merge-base blob and candidate blob equals the accepted-source blob; preserve this exact accepted overlay because no current upstream hunk exists on the path.	dropped_lines=1
src/commands/status.test.ts	KEEP	prior-exact-overlay; base=67822d0d0fd1b1b03d1ce4bc5260bd0bb49e4951; source=ac36c383f1325a7bf33a254b003c83cba9b31f39; frozen=67822d0d0fd1b1b03d1ce4bc5260bd0bb49e4951; candidate=ac36c383f1325a7bf33a254b003c83cba9b31f39	Current upstream blob equals the old merge-base blob and candidate blob equals the accepted-source blob; preserve this exact accepted overlay because no current upstream hunk exists on the path.	dropped_lines=5
src/config/io.compat.test.ts	KEEP	prior-exact-overlay; base=9a8b9d0ae996da2956fb303dd37d72d1a748e987; source=68ec9f19f8839c20605a17aa8200c69703e043cc; frozen=9a8b9d0ae996da2956fb303dd37d72d1a748e987; candidate=68ec9f19f8839c20605a17aa8200c69703e043cc	Current upstream blob equals the old merge-base blob and candidate blob equals the accepted-source blob; preserve this exact accepted overlay because no current upstream hunk exists on the path.	dropped_lines=2
src/config/io.scalar-root.test.ts	KEEP	prior-exact-overlay; base=7114f3c5a27911fda4ad40c6a4b990a7b1ac5781; source=2862dc6b4fd3afcd587d2803f576527a44b72e71; frozen=7114f3c5a27911fda4ad40c6a4b990a7b1ac5781; candidate=2862dc6b4fd3afcd587d2803f576527a44b72e71	Current upstream blob equals the old merge-base blob and candidate blob equals the accepted-source blob; preserve this exact accepted overlay because no current upstream hunk exists on the path.	dropped_lines=2
src/config/sessions/artifacts.ts	KEEP	prior-exact-overlay; base=417461798598b9fd10b5de966ed4fd5341a4baa6; source=c5992446fb490935ca7a3fae9438c6c1921f3789; frozen=417461798598b9fd10b5de966ed4fd5341a4baa6; candidate=c5992446fb490935ca7a3fae9438c6c1921f3789	Current upstream blob equals the old merge-base blob and candidate blob equals the accepted-source blob; preserve this exact accepted overlay because no current upstream hunk exists on the path.	dropped_lines=1
src/config/sessions/cache-fields.test.ts	KEEP	current-only-reviewed; accepted: Import mergeSessionEntry from session-entry-runtime while testing cache preservation. | frozen: Re-export and import mergeSessionEntry from types.	The accepted static/runtime gate split changes ownership only, not cache-field behavior.	source/candidate 53e9c08a409e; frozen 9496b8728a10; SessionEntry cache fields test
src/config/sessions/conversation-registry.test.ts	KEEP	prior-exact-overlay; base=260171dc0cf4cd0b8a09742109662c3d097c10c0; source=16b59c6de4c622b6193026e70d15d0c7dcce16de; frozen=260171dc0cf4cd0b8a09742109662c3d097c10c0; candidate=16b59c6de4c622b6193026e70d15d0c7dcce16de	Current upstream blob equals the old merge-base blob and candidate blob equals the accepted-source blob; preserve this exact accepted overlay because no current upstream hunk exists on the path.	dropped_lines=1
src/config/sessions/goals.ts	KEEP	current-only-reviewed; accepted: Read fresh token totals through session-entry-runtime. | frozen: Read resolveFreshSessionTotalTokens from types.	The accepted owner split preserves goal accounting semantics.	source/candidate 10372eaed5aa; frozen 0cbe27924194; create/update/clear goal tests
src/config/sessions/lifecycle.ts	KEEP	current-only-reviewed; accepted: Use isTerminalSessionStatus from session-entry-runtime. | frozen: Import the predicate from types.	The accepted runtime/static separation retains lifecycle and terminal-main-session behavior.	source/candidate afa67b1950e9; frozen 03d33405028e; lifecycle tests
src/config/sessions/session-accessor.conformance.test.ts	KEEP	prior-exact-overlay; base=a22dc69855ffe6b116ba0f62ac86b679f654dbbd; source=60f7e414e98bd0a1437f16e33781b4379f571bc9; frozen=a22dc69855ffe6b116ba0f62ac86b679f654dbbd; candidate=60f7e414e98bd0a1437f16e33781b4379f571bc9	Current upstream blob equals the old merge-base blob and candidate blob equals the accepted-source blob; preserve this exact accepted overlay because no current upstream hunk exists on the path.	dropped_lines=1
src/config/sessions/session-accessor.sqlite-entry.ts	KEEP	current-only-reviewed; accepted: Use mergeSessionEntry helpers from the dedicated runtime owner for SQLite writes. | frozen: Import both helpers from types.	The accepted persistence-owner split retains direct query/write behavior.	source/candidate 6941b094fb8b; frozen 061b80fa1fc6; SQLite owner tests
src/config/sessions/session-accessor.sqlite-parent-fork.ts	KEEP	prior-exact-overlay; base=8c381dc1f34c181ea0b377422dc1e51085a7329c; source=2a8723cdad67c9ab207bae859beeed5d95f21947; frozen=8c381dc1f34c181ea0b377422dc1e51085a7329c; candidate=2a8723cdad67c9ab207bae859beeed5d95f21947	Current upstream blob equals the old merge-base blob and candidate blob equals the accepted-source blob; preserve this exact accepted overlay because no current upstream hunk exists on the path.	dropped_lines=1
src/config/sessions/session-accessor.sqlite-parent-session.ts	KEEP	current-only-reviewed; accepted: Use extracted runtime helpers while forking parent transcript identity and clearing lifecycleRunId. | frozen: Also clear lastRunId on the fork, but import helpers from types.	The candidate correctly integrates both intents: accepted runtime-owner imports plus frozen lastRunId reset.	source eafa1bf1f84d; frozen f732e07b8ad2; candidate e7023cf8922d; parent-fork tests
src/config/sessions/session-accessor.sqlite-transcript-write.ts	KEEP	current-only-reviewed; accepted: Use mergeSessionEntry from session-entry-runtime inside fenced transcript transactions. | frozen: Import mergeSessionEntry from types.	The accepted runtime owner retains frozen authorization and transcript-write behavior.	source/candidate f054c178f4aa; frozen 78254a24a434; transcript-owner tests
src/config/sessions/session-snapshot-merge.test.ts	KEEP	current-only-reviewed; accepted: Test snapshot projection with mergeSessionEntry from session-entry-runtime. | frozen: Import mergeSessionEntry from types.	The accepted owner boundary retains all snapshot merge assertions.	source/candidate 42e8867e1287; frozen 233dc0c9d6e7; snapshot merge tests
src/config/sessions/types.ts	KEEP	prior-exact-overlay; base=08b0b25971cb1cd43e7cefe75bbf62f758710cdf; source=24d73fa2a9b027511cbbe6b24d131b57a94f31b0; frozen=08b0b25971cb1cd43e7cefe75bbf62f758710cdf; candidate=24d73fa2a9b027511cbbe6b24d131b57a94f31b0	Current upstream blob equals the old merge-base blob and candidate blob equals the accepted-source blob; preserve this exact accepted overlay because no current upstream hunk exists on the path.	dropped_lines=14
src/config/zod-schema.agent-defaults.ts	KEEP	prior-exact-overlay; base=39ba69d76b27e572ac69bde9612c4321c6ab9813; source=05da30795e124314e4dbeff5c395a8717edbde4f; frozen=39ba69d76b27e572ac69bde9612c4321c6ab9813; candidate=05da30795e124314e4dbeff5c395a8717edbde4f	Current upstream blob equals the old merge-base blob and candidate blob equals the accepted-source blob; preserve this exact accepted overlay because no current upstream hunk exists on the path.	dropped_lines=2
src/context-engine/context-engine.test.ts	KEEP	current-only-reviewed; accepted: Allocate, close, and remove a unique agent database around compaction-contract tests. | frozen: Use fixed /tmp database paths without cleanup.	The accepted SQLite fixture is host-safe and preserves compaction behavior.	source/candidate 6b0d8603cec8; frozen 72652cd67331; successor-identity tests
src/cron/isolated-agent/run.runtime.ts	KEEP	current-only-reviewed; accepted: Export setSessionRuntimeModel from session-entry-runtime. | frozen: Export it from types.	The accepted runtime-owner extraction preserves isolated cron execution.	source/candidate 75feee04624b; frozen 30d5fbaa6b8a; scheduled agent-less-owner tests
src/cron/service.runs-one-shot-main-job-disables-it.test.ts	KEEP	current-only-reviewed; accepted: Import HeartbeatRunResult from heartbeat-wake-contracts. | frozen: Import the type from heartbeat-wake.	The accepted contract/runtime split leaves one-shot disablement and delivery outcomes unchanged.	source/candidate bf2510694644; frozen 541eacf1b3cc; one-shot main-job test
src/cron/service/state.ts	KEEP	current-only-reviewed; accepted: Type Cron service state against static heartbeat-wake-contracts. | frozen: Import wake contracts from the runtime heartbeat-wake module.	The accepted dependency direction avoids runtime initialization coupling.	source/candidate 89797c5346d2; frozen 2b2db3a3da2b; createCronServiceState tests
src/cron/service/timer-execution.ts	KEEP	current-only-reviewed; accepted: Use HeartbeatRunResult from contracts while importing runtime predicates from heartbeat-wake. | frozen: Import the result type from heartbeat-wake too.	The accepted boundary preserves executeJobCore retry classification.	source/candidate d9a988ace510; frozen 3002f13103dc; one-shot job tests
src/cron/service/timer.regression.test.ts	KEEP	prior-exact-overlay; base=ac3be1bc3cbac76b585addb1457e5245616c1d8e; source=51a4ec47737880763c6df9167addb5a833ea3e97; frozen=ac3be1bc3cbac76b585addb1457e5245616c1d8e; candidate=51a4ec47737880763c6df9167addb5a833ea3e97	Current upstream blob equals the old merge-base blob and candidate blob equals the accepted-source blob; preserve this exact accepted overlay because no current upstream hunk exists on the path.	dropped_lines=1
src/gateway/agent-turn/agent-session-persist.ts	KEEP	prior-exact-overlay; base=b9802fd1b7eb9e171816fe805593f7488143e415; source=d974dd345eaf3cf8af8be2f66eced78fa3f5dc9d; frozen=b9802fd1b7eb9e171816fe805593f7488143e415; candidate=d974dd345eaf3cf8af8be2f66eced78fa3f5dc9d	Current upstream blob equals the old merge-base blob and candidate blob equals the accepted-source blob; preserve this exact accepted overlay because no current upstream hunk exists on the path.	dropped_lines=2
src/gateway/chat-display-projection.core.ts	KEEP	prior-exact-overlay; base=db6963a62efbab2382ef344e46afcc72ce29c766; source=6a3538259f05723c6d91c8dd91055ea3920a0fde; frozen=db6963a62efbab2382ef344e46afcc72ce29c766; candidate=6a3538259f05723c6d91c8dd91055ea3920a0fde	Current upstream blob equals the old merge-base blob and candidate blob equals the accepted-source blob; preserve this exact accepted overlay because no current upstream hunk exists on the path.	dropped_lines=2
src/gateway/mcp-http.runtime.ts	KEEP	prior-exact-overlay; base=78600d99a4e9384053282508bc2a27f744eb2afd; source=eaec1c67cf0dcca5bb3c77f40296a2cd99b3884a; frozen=78600d99a4e9384053282508bc2a27f744eb2afd; candidate=eaec1c67cf0dcca5bb3c77f40296a2cd99b3884a	Current upstream blob equals the old merge-base blob and candidate blob equals the accepted-source blob; preserve this exact accepted overlay because no current upstream hunk exists on the path.	dropped_lines=1
src/gateway/portals/portal-http-proxy.ts	KEEP	prior-exact-overlay; base=960729d99efc59f7d50879b7e2ea502e3cf079b4; source=ae6acaaa51662a6bc8057594864e940582966618; frozen=960729d99efc59f7d50879b7e2ea502e3cf079b4; candidate=ae6acaaa51662a6bc8057594864e940582966618	Current upstream blob equals the old merge-base blob and candidate blob equals the accepted-source blob; preserve this exact accepted overlay because no current upstream hunk exists on the path.	dropped_lines=2
src/gateway/probe.device-auth-scope.test.ts	KEEP	prior-exact-overlay; base=7694dcd03b3c993b23dd04ce0fc4a6e6a47827be; source=d64e50c7f14bd49c844cb15ef05076b5d56adb0f; frozen=7694dcd03b3c993b23dd04ce0fc4a6e6a47827be; candidate=d64e50c7f14bd49c844cb15ef05076b5d56adb0f	Current upstream blob equals the old merge-base blob and candidate blob equals the accepted-source blob; preserve this exact accepted overlay because no current upstream hunk exists on the path.	dropped_lines=6
src/gateway/server-chat.agent-events.test.ts	KEEP	prior-exact-overlay; base=e57f812113a4bd4a37819fa908dc05113c9d27a3; source=8533abf9fc880d5347d38d13802cd539d0b19645; frozen=e57f812113a4bd4a37819fa908dc05113c9d27a3; candidate=8533abf9fc880d5347d38d13802cd539d0b19645	Current upstream blob equals the old merge-base blob and candidate blob equals the accepted-source blob; preserve this exact accepted overlay because no current upstream hunk exists on the path.	dropped_lines=17
src/gateway/server-chat.ts	KEEP	prior-exact-overlay; base=a797c501fbee74fbbd39743af44828739f48dece; source=9500284e6576af9c4cbacfd0ffb9a68e44f1486f; frozen=a797c501fbee74fbbd39743af44828739f48dece; candidate=9500284e6576af9c4cbacfd0ffb9a68e44f1486f	Current upstream blob equals the old merge-base blob and candidate blob equals the accepted-source blob; preserve this exact accepted overlay because no current upstream hunk exists on the path.	dropped_lines=26
src/gateway/server-close.test.ts	KEEP	prior-exact-overlay; base=32bda0871deea17f3b4890800c75a36e9c427d23; source=28594e62d960ce1156a05228a68b290010b8a64b; frozen=32bda0871deea17f3b4890800c75a36e9c427d23; candidate=28594e62d960ce1156a05228a68b290010b8a64b	Current upstream blob equals the old merge-base blob and candidate blob equals the accepted-source blob; preserve this exact accepted overlay because no current upstream hunk exists on the path.	dropped_lines=4
src/gateway/server-maintenance.ts	KEEP	prior-exact-overlay; base=00cd87bbbe3c02109c7ac69b611d43f1eb551a97; source=ee84e1c19221fd31f72cbcde7a9e8b95b3b8db8e; frozen=00cd87bbbe3c02109c7ac69b611d43f1eb551a97; candidate=ee84e1c19221fd31f72cbcde7a9e8b95b3b8db8e	Current upstream blob equals the old merge-base blob and candidate blob equals the accepted-source blob; preserve this exact accepted overlay because no current upstream hunk exists on the path.	dropped_lines=2
src/gateway/server-methods/agent.events-and-subagents.test-utils.ts	KEEP	prior-exact-overlay; base=3bc0ce92500f460e82400abd49811376d9a6edf7; source=aff72df7ffc6758e0d5fd2f1706c708654f2ae44; frozen=3bc0ce92500f460e82400abd49811376d9a6edf7; candidate=aff72df7ffc6758e0d5fd2f1706c708654f2ae44	Current upstream blob equals the old merge-base blob and candidate blob equals the accepted-source blob; preserve this exact accepted overlay because no current upstream hunk exists on the path.	dropped_lines=1
src/gateway/server-methods/chat-send-agent-dispatch.ts	KEEP	prior-exact-overlay; base=2d820d0b215070b7d3e72a587946420b1f061909; source=85aecfb256dbdfd40d75fc2105b0d00a8ed79a21; frozen=2d820d0b215070b7d3e72a587946420b1f061909; candidate=85aecfb256dbdfd40d75fc2105b0d00a8ed79a21	Current upstream blob equals the old merge-base blob and candidate blob equals the accepted-source blob; preserve this exact accepted overlay because no current upstream hunk exists on the path.	dropped_lines=28
src/gateway/server-node-events.ts	KEEP	prior-exact-overlay; base=238d538994224189a841e83e34530235a4907c47; source=55452e792d71bcb235a4a8e3941d7c73e51ec7ed; frozen=238d538994224189a841e83e34530235a4907c47; candidate=55452e792d71bcb235a4a8e3941d7c73e51ec7ed	Current upstream blob equals the old merge-base blob and candidate blob equals the accepted-source blob; preserve this exact accepted overlay because no current upstream hunk exists on the path.	dropped_lines=2
src/gateway/server-restart-sentinel.test.ts	KEEP	prior-exact-overlay; base=55fb81267b004fbac77b559582be93f5b88e543e; source=9547f184231097dcc98d471320022e72dda34689; frozen=55fb81267b004fbac77b559582be93f5b88e543e; candidate=9547f184231097dcc98d471320022e72dda34689	Current upstream blob equals the old merge-base blob and candidate blob equals the accepted-source blob; preserve this exact accepted overlay because no current upstream hunk exists on the path.	dropped_lines=1
src/gateway/server-restart-sentinel.ts	KEEP	prior-exact-overlay; base=c03fca7ef770b5e7b85f79cbdbb7234b9684b0a5; source=6bfc945c8d37518761d3f84d371e704bf3a8c1b6; frozen=c03fca7ef770b5e7b85f79cbdbb7234b9684b0a5; candidate=6bfc945c8d37518761d3f84d371e704bf3a8c1b6	Current upstream blob equals the old merge-base blob and candidate blob equals the accepted-source blob; preserve this exact accepted overlay because no current upstream hunk exists on the path.	dropped_lines=167
src/gateway/server-runtime-services.test.ts	KEEP	prior-exact-overlay; base=b1ca12b13c5e624a311c20d7eef085ee1c91f13b; source=60ac345f131e0582a84b4d92f31cffab312aac23; frozen=b1ca12b13c5e624a311c20d7eef085ee1c91f13b; candidate=60ac345f131e0582a84b4d92f31cffab312aac23	Current upstream blob equals the old merge-base blob and candidate blob equals the accepted-source blob; preserve this exact accepted overlay because no current upstream hunk exists on the path.	dropped_lines=4
src/gateway/server-runtime-services.ts	KEEP	prior-exact-overlay; base=a3e1c74491d897701846f30ff4505880959e3388; source=863927abcb09e51915937206c1ccc728b2588435; frozen=a3e1c74491d897701846f30ff4505880959e3388; candidate=863927abcb09e51915937206c1ccc728b2588435	Current upstream blob equals the old merge-base blob and candidate blob equals the accepted-source blob; preserve this exact accepted overlay because no current upstream hunk exists on the path.	dropped_lines=1
src/gateway/server-runtime-subscriptions.test.ts	KEEP	prior-exact-overlay; base=ba0cd6387218865ca2e95b90329b2d8460f93d6e; source=8225c150fec46acb7e90a5c8f35a1a64ecff33a2; frozen=ba0cd6387218865ca2e95b90329b2d8460f93d6e; candidate=8225c150fec46acb7e90a5c8f35a1a64ecff33a2	Current upstream blob equals the old merge-base blob and candidate blob equals the accepted-source blob; preserve this exact accepted overlay because no current upstream hunk exists on the path.	dropped_lines=91
src/gateway/server-runtime-subscriptions.ts	KEEP	prior-reviewed-lifecycle	retain upstream sink import/register/cleanup at 12/115-117/408 and accepted terminal snapshot logic at 155-280/325-388	chat-send terminal ownership and bounded validation summaries | upstream: Gateway runtime-action decision sink for plugin/node/worker receipts | interleave=no | preservation=pass | proof=gateway runtime subscriptions plus Mode-B | review=read-only lifecycle audit: clean
src/gateway/server/hooks.early-failure.test.ts	KEEP	prior-exact-overlay; base=a7b4136450fba93af10bb4162bbfb5cf7e67aff0; source=5e72f040da034cc6cf513b200a16f942f04b28aa; frozen=a7b4136450fba93af10bb4162bbfb5cf7e67aff0; candidate=5e72f040da034cc6cf513b200a16f942f04b28aa	Current upstream blob equals the old merge-base blob and candidate blob equals the accepted-source blob; preserve this exact accepted overlay because no current upstream hunk exists on the path.	dropped_lines=2
src/gateway/server/hooks.terminal-target.test.ts	KEEP	prior-exact-overlay; base=030387f6acf4380e72f788bb80ff4ea70eb031c4; source=b4b277e536cc2a84d47f6f38923005d203122abd; frozen=030387f6acf4380e72f788bb80ff4ea70eb031c4; candidate=b4b277e536cc2a84d47f6f38923005d203122abd	Current upstream blob equals the old merge-base blob and candidate blob equals the accepted-source blob; preserve this exact accepted overlay because no current upstream hunk exists on the path.	dropped_lines=2
src/gateway/session-compaction-checkpoints.ts	KEEP	prior-exact-overlay; base=efde1b0a2c45fb2db8320da719665a68169e22a1; source=8cb35a7234101af187d8906c02e225e9add05949; frozen=efde1b0a2c45fb2db8320da719665a68169e22a1; candidate=8cb35a7234101af187d8906c02e225e9add05949	Current upstream blob equals the old merge-base blob and candidate blob equals the accepted-source blob; preserve this exact accepted overlay because no current upstream hunk exists on the path.	dropped_lines=2
src/gateway/session-recovery-entry.ts	KEEP	prior-exact-overlay; base=301db632b881564fbe642e896c3f5c1c8817bab2; source=5646bed128f68189c88ee3d45631c69e62d3f7ab; frozen=301db632b881564fbe642e896c3f5c1c8817bab2; candidate=5646bed128f68189c88ee3d45631c69e62d3f7ab	Current upstream blob equals the old merge-base blob and candidate blob equals the accepted-source blob; preserve this exact accepted overlay because no current upstream hunk exists on the path.	dropped_lines=1
src/gateway/session-utils-contracts.ts	KEEP	prior-exact-overlay; base=56854304547e14be8c2aa2b538110caf5884088a; source=00a4bd4e37fcc6335ed7bf04b70456b960560a48; frozen=56854304547e14be8c2aa2b538110caf5884088a; candidate=00a4bd4e37fcc6335ed7bf04b70456b960560a48	Current upstream blob equals the old merge-base blob and candidate blob equals the accepted-source blob; preserve this exact accepted overlay because no current upstream hunk exists on the path.	dropped_lines=1
src/gateway/test/server-sessions.test-helpers.ts	KEEP	prior-exact-overlay; base=9576962b10ce3ba8ebd85370da3699b78344f979; source=f656f01e642a76f632b078883502179b45f7950f; frozen=9576962b10ce3ba8ebd85370da3699b78344f979; candidate=f656f01e642a76f632b078883502179b45f7950f	Current upstream blob equals the old merge-base blob and candidate blob equals the accepted-source blob; preserve this exact accepted overlay because no current upstream hunk exists on the path.	dropped_lines=12
src/infra/delivery-queue-sqlite-bound.ts	KEEP	prior-exact-overlay; base=f1af02c5ab3b7d5cae9a3de1cb59a055b1dfa127; source=07b3602469442e2f62848368dba69e89671ccef2; frozen=f1af02c5ab3b7d5cae9a3de1cb59a055b1dfa127; candidate=07b3602469442e2f62848368dba69e89671ccef2	Current upstream blob equals the old merge-base blob and candidate blob equals the accepted-source blob; preserve this exact accepted overlay because no current upstream hunk exists on the path.	dropped_lines=3
src/infra/delivery-queue-sqlite.ts	KEEP	prior-exact-overlay; base=86985da1c934f4da94bb1fced2512ae0ca222073; source=31473666e2ff6aa46ecac0d091384c18929e1f49; frozen=86985da1c934f4da94bb1fced2512ae0ca222073; candidate=31473666e2ff6aa46ecac0d091384c18929e1f49	Current upstream blob equals the old merge-base blob and candidate blob equals the accepted-source blob; preserve this exact accepted overlay because no current upstream hunk exists on the path.	dropped_lines=25
src/infra/device-auth-store.test.ts	KEEP	prior-exact-overlay; base=5ba02aa600bb9d183f865e2557c504826bc6d8c1; source=2c9285d12828bc2e2a9c58691f645d60580e86fd; frozen=5ba02aa600bb9d183f865e2557c504826bc6d8c1; candidate=2c9285d12828bc2e2a9c58691f645d60580e86fd	Current upstream blob equals the old merge-base blob and candidate blob equals the accepted-source blob; preserve this exact accepted overlay because no current upstream hunk exists on the path.	dropped_lines=4
src/infra/device-identity-coordinator.contract.test.ts	KEEP	prior-exact-overlay; base=3bb76e33b60241ca64fd2a5efc5ffa2495e6c2d6; source=fa2d9c55c44c0e3a7e7954ed757422aedb2fb4d5; frozen=3bb76e33b60241ca64fd2a5efc5ffa2495e6c2d6; candidate=fa2d9c55c44c0e3a7e7954ed757422aedb2fb4d5	Current upstream blob equals the old merge-base blob and candidate blob equals the accepted-source blob; preserve this exact accepted overlay because no current upstream hunk exists on the path.	dropped_lines=2
src/infra/device-identity.state-dir.test.ts	KEEP	prior-exact-overlay; base=3d32cecb41e302c0c217714a334b83279aa9647a; source=08c3f3ab4e1293367a13378b18f6f158738b5b96; frozen=3d32cecb41e302c0c217714a334b83279aa9647a; candidate=08c3f3ab4e1293367a13378b18f6f158738b5b96	Current upstream blob equals the old merge-base blob and candidate blob equals the accepted-source blob; preserve this exact accepted overlay because no current upstream hunk exists on the path.	dropped_lines=2
src/infra/device-identity.test.ts	KEEP	prior-exact-overlay; base=0ae5a7e9f3b6758afe79cef4bcdfedd42314fd1d; source=f32095bfd37a0ae2ae2e0bb97147aecf14a49d89; frozen=0ae5a7e9f3b6758afe79cef4bcdfedd42314fd1d; candidate=f32095bfd37a0ae2ae2e0bb97147aecf14a49d89	Current upstream blob equals the old merge-base blob and candidate blob equals the accepted-source blob; preserve this exact accepted overlay because no current upstream hunk exists on the path.	dropped_lines=4
src/infra/diagnostic-trace-context.ts	KEEP	prior-exact-overlay; base=a4777399f3fc822bd5e738bf487d02589f992db9; source=5098dda624b3ff7a69fb510cbeb6863ada0c768e; frozen=a4777399f3fc822bd5e738bf487d02589f992db9; candidate=5098dda624b3ff7a69fb510cbeb6863ada0c768e	Current upstream blob equals the old merge-base blob and candidate blob equals the accepted-source blob; preserve this exact accepted overlay because no current upstream hunk exists on the path.	dropped_lines=53
src/infra/exec-authorization-render.ts	KEEP	prior-exact-overlay; base=28424d17ee6379d88e75c9721962e1800ca05a5b; source=e0cda3db20aade86f8314543051e983304da9f5f; frozen=28424d17ee6379d88e75c9721962e1800ca05a5b; candidate=e0cda3db20aade86f8314543051e983304da9f5f	Current upstream blob equals the old merge-base blob and candidate blob equals the accepted-source blob; preserve this exact accepted overlay because no current upstream hunk exists on the path.	dropped_lines=1
src/infra/gateway-lock.state-dir.test.ts	KEEP	prior-exact-overlay; base=912e73847542d01bea44d70344f49dc804dc094b; source=d35ccc80dc5f03208d7223e00ae49cc261390fae; frozen=912e73847542d01bea44d70344f49dc804dc094b; candidate=d35ccc80dc5f03208d7223e00ae49cc261390fae	Current upstream blob equals the old merge-base blob and candidate blob equals the accepted-source blob; preserve this exact accepted overlay because no current upstream hunk exists on the path.	dropped_lines=3
src/infra/heartbeat-cooldown.ts	KEEP	current-only-reviewed; accepted: Keep wake intent/source types in heartbeat-wake-contracts. | frozen: Import those types from heartbeat-wake.	The accepted contract split leaves cooldown policy unchanged.	source/candidate 0fc4cdf46b48; frozen 9a4aa42dbbbc; shouldDeferWake tests
src/infra/heartbeat-outcome-store.ts	KEEP	current-only-reviewed; accepted: Keep persisted outcome source typing in heartbeat-wake-contracts. | frozen: Import HeartbeatWakeSource from heartbeat-wake runtime.	The accepted persistence-to-contract dependency direction preserves serialization.	source/candidate e2a7c0b4c980; frozen d6d5d3b27332; outcome-store tests
src/infra/heartbeat-reason.test.ts	KEEP	prior-exact-overlay; base=d6743618131e936a7483533457c4e655158c7732; source=36d3f3f2cd87e9f73d23283c927ad6bf1604eaa4; frozen=d6743618131e936a7483533457c4e655158c7732; candidate=36d3f3f2cd87e9f73d23283c927ad6bf1604eaa4	Current upstream blob equals the old merge-base blob and candidate blob equals the accepted-source blob; preserve this exact accepted overlay because no current upstream hunk exists on the path.	dropped_lines=1
src/infra/heartbeat-reason.ts	KEEP	prior-exact-overlay; base=19670a562026d112acd311dfab5055cbd47d756b; source=aa890055144f2d94dac52a5f9af7fb1d402f907d; frozen=19670a562026d112acd311dfab5055cbd47d756b; candidate=aa890055144f2d94dac52a5f9af7fb1d402f907d	Current upstream blob equals the old merge-base blob and candidate blob equals the accepted-source blob; preserve this exact accepted overlay because no current upstream hunk exists on the path.	dropped_lines=1
src/infra/heartbeat-runner-config.ts	KEEP	current-only-reviewed; accepted: Use HeartbeatWakeSource from the extracted contracts owner. | frozen: Import the type from heartbeat-wake runtime.	The accepted configuration boundary avoids wake runtime initialization.	source/candidate 0d471b8ae858; frozen 238573055225; wake-owner-resolution tests
src/infra/heartbeat-runner-delivery.ts	KEEP	current-only-reviewed; accepted: Use CompletedHeartbeatAgentRun from execution ownership and HeartbeatRunResult from contracts. | frozen: Use the completed type from invoke and result type from heartbeat-wake.	The accepted runner split retains upstream silent-ack suppression.	source/candidate aebf2a76c85d; frozen b66a9ab797bc; structured-delivery tests
src/infra/heartbeat-runner-execution.ts	KEEP	prior-reviewed-heartbeat	retain unified isTargetedUnscheduledWake import and invocation; only the exact configured targeted producer shape bypasses disabled cadence	upstream hunks: -82/+82 and -172/+172 | interleave=no | preservation=pass | proof=heartbeat runner disabled-cadence execution and targeted wake tests | review=read-only heartbeat audit: clean
src/infra/heartbeat-runner-prompt.ts	KEEP	prior-exact-overlay; base=0bfb793fdf26e972180bfb616505fbbf37137fb1; source=2a40860ef3a1105d6d6157da87f304264b50e4d4; frozen=0bfb793fdf26e972180bfb616505fbbf37137fb1; candidate=2a40860ef3a1105d6d6157da87f304264b50e4d4	Current upstream blob equals the old merge-base blob and candidate blob equals the accepted-source blob; preserve this exact accepted overlay because no current upstream hunk exists on the path.	dropped_lines=4
src/infra/heartbeat-runner-run.ts	KEEP	prior-exact-overlay; base=cf33f73b07c37ad3644535218e80dcca7b9e0a39; source=f9db459674249919c98b51d88d8f4320c46c2c4a; frozen=cf33f73b07c37ad3644535218e80dcca7b9e0a39; candidate=f9db459674249919c98b51d88d8f4320c46c2c4a	Current upstream blob equals the old merge-base blob and candidate blob equals the accepted-source blob; preserve this exact accepted overlay because no current upstream hunk exists on the path.	dropped_lines=4
src/infra/heartbeat-runner-scheduler.ts	KEEP	current-only-reviewed; accepted: Separate scheduled admission into startHeartbeatRunnerScheduled over runHeartbeatOnceCore. | frozen: Use startHeartbeatRunner and runHeartbeatOnce directly.	The accepted scheduler-owner split retains disabled-cadence exec completion behavior.	source/candidate ac1c0e0d5422; frozen 0116fac876d5; scheduler tests
src/infra/heartbeat-runner.ack-token-heartbeat-acks.test.ts	KEEP	prior-exact-overlay; base=1587da1fdea117a6c88da4e34b4929596a9925c9; source=e83321a5dfda0a1143256e81d08185ecc83ddd26; frozen=1587da1fdea117a6c88da4e34b4929596a9925c9; candidate=e83321a5dfda0a1143256e81d08185ecc83ddd26	Current upstream blob equals the old merge-base blob and candidate blob equals the accepted-source blob; preserve this exact accepted overlay because no current upstream hunk exists on the path.	dropped_lines=1
src/infra/heartbeat-runner.ghost-reminder.test.ts	KEEP	prior-exact-overlay; base=e5c2d7b8a02d3148f3173c74bfa1810e1b58e02c; source=5edfffcefa9f311a83efc5161a67deba66ef2629; frozen=e5c2d7b8a02d3148f3173c74bfa1810e1b58e02c; candidate=5edfffcefa9f311a83efc5161a67deba66ef2629	Current upstream blob equals the old merge-base blob and candidate blob equals the accepted-source blob; preserve this exact accepted overlay because no current upstream hunk exists on the path.	dropped_lines=2
src/infra/heartbeat-runner.identity.test.ts	KEEP	prior-exact-overlay; base=2378bd4e595650183ab6ca60849443aa9f94cab0; source=8ec274350a90606e1ea5c21744d01bac48bec100; frozen=2378bd4e595650183ab6ca60849443aa9f94cab0; candidate=8ec274350a90606e1ea5c21744d01bac48bec100	Current upstream blob equals the old merge-base blob and candidate blob equals the accepted-source blob; preserve this exact accepted overlay because no current upstream hunk exists on the path.	dropped_lines=1
src/infra/heartbeat-runner.scheduler-owner-resolution.test.ts	KEEP	prior-exact-overlay; base=4d2533b983e33459d9a834a0d2bdac2c300c0cfe; source=7f6f41633414a98b47cb842753a20b5129d1f8f6; frozen=4d2533b983e33459d9a834a0d2bdac2c300c0cfe; candidate=7f6f41633414a98b47cb842753a20b5129d1f8f6	Current upstream blob equals the old merge-base blob and candidate blob equals the accepted-source blob; preserve this exact accepted overlay because no current upstream hunk exists on the path.	dropped_lines=2
src/infra/heartbeat-runner.stale-exec.test.ts	KEEP	prior-exact-overlay; base=7ff7f4038eecb6b022d28e2f704d48c9e6830bbc; source=2336b08743f873174607aeb4221938aa03dc2a1d; frozen=7ff7f4038eecb6b022d28e2f704d48c9e6830bbc; candidate=2336b08743f873174607aeb4221938aa03dc2a1d	Current upstream blob equals the old merge-base blob and candidate blob equals the accepted-source blob; preserve this exact accepted overlay because no current upstream hunk exists on the path.	dropped_lines=2
src/infra/heartbeat-runner.targeted-unscheduled-wake.test.ts	KEEP	prior-reviewed-heartbeat	retain complete configured-agent exec-event case at candidate lines 133-157	upstream hunks: new disabled-cadence case +26 | interleave=no | preservation=pass | proof=owning test executed 6/6 | review=read-only heartbeat audit: clean
src/infra/heartbeat-runner.ts	KEEP	prior-exact-overlay; base=1c0aca5ab4ba6949ff1ad4159ec00cb0c517dcbe; source=30ff8742a79d095c4083d53571e12d39671972de; frozen=1c0aca5ab4ba6949ff1ad4159ec00cb0c517dcbe; candidate=30ff8742a79d095c4083d53571e12d39671972de	Current upstream blob equals the old merge-base blob and candidate blob equals the accepted-source blob; preserve this exact accepted overlay because no current upstream hunk exists on the path.	dropped_lines=2
src/infra/heartbeat-wake-lifecycle.ts	KEEP	prior-exact-overlay; base=94dd7c2afd84bb064a58a9b471fd724887f4aa00; source=655eff6163f8fa7c4e44704128cf27e7e0dbccf8; frozen=94dd7c2afd84bb064a58a9b471fd724887f4aa00; candidate=655eff6163f8fa7c4e44704128cf27e7e0dbccf8	Current upstream blob equals the old merge-base blob and candidate blob equals the accepted-source blob; preserve this exact accepted overlay because no current upstream hunk exists on the path.	dropped_lines=1
src/infra/heartbeat-wake-policy.ts	KEEP	prior-reviewed-heartbeat	retain upstream per-source intent/reason checks at candidate lines 81-114 beside accepted continuation classification at lines 14-79	upstream hunks: six predicate/source hunks | interleave=no | preservation=pass | proof=targeted wake and returns-default-unset owners | review=read-only heartbeat audit: clean
src/infra/heartbeat-wake.preemption.test.ts	KEEP	prior-exact-overlay; base=1c5dd04c40ecd1f5975acb8d9a27d0dfb8d35cb6; source=41d47217824519f9da20f799ef6987565a8540a3; frozen=1c5dd04c40ecd1f5975acb8d9a27d0dfb8d35cb6; candidate=41d47217824519f9da20f799ef6987565a8540a3	Current upstream blob equals the old merge-base blob and candidate blob equals the accepted-source blob; preserve this exact accepted overlay because no current upstream hunk exists on the path.	dropped_lines=1
src/infra/heartbeat-wake.test.ts	KEEP	prior-exact-overlay; base=b0f319349c706c0e655659d9a473405f0e173c8e; source=151f4f96e5652f63af034be927b7dc5c13c961b1; frozen=b0f319349c706c0e655659d9a473405f0e173c8e; candidate=151f4f96e5652f63af034be927b7dc5c13c961b1	Current upstream blob equals the old merge-base blob and candidate blob equals the accepted-source blob; preserve this exact accepted overlay because no current upstream hunk exists on the path.	dropped_lines=3
src/infra/heartbeat-wake.transcript-context.test.ts	KEEP	prior-reviewed-heartbeat	retain upstream test body; adapt only import to requestHeartbeatRaw as requestHeartbeat so it exercises the accepted canonical raw boundary	upstream hunks: new 39-line file | interleave=no | preservation=pass | proof=owning test executed 1/1 | review=read-only heartbeat audit: clean
src/infra/heartbeat-wake.ts	KEEP	prior-reviewed-heartbeat	retain logger and completion diagnostics; run queueing and scheduling outside owned transcript writes; read the non-enumerable trust marker before destructuring, pass trustedContinuationRouting explicitly, and preserve parentRunId/coalescing/retry lifecycle	upstream hunks: imports, logger, completion log, request queue/schedule rewrite | interleave=yes: request rewrite only | preservation=pass | proof=heartbeat wake 30/30; transcript context 1/1; targeted wake 6/6; returns-default-unset 58/58 | review=read-only heartbeat audit: clean
src/infra/openclaw-cli-invocation.test.ts	KEEP	prior-exact-overlay; base=c73431545e3d87bb8e5b15df07bc58bf056d931a; source=f9360956d7e87a1a8d2d62c2566bb17207df3207; frozen=c73431545e3d87bb8e5b15df07bc58bf056d931a; candidate=f9360956d7e87a1a8d2d62c2566bb17207df3207	Current upstream blob equals the old merge-base blob and candidate blob equals the accepted-source blob; preserve this exact accepted overlay because no current upstream hunk exists on the path.	dropped_lines=2
src/infra/openclaw-cli-shim.test.ts	KEEP	prior-exact-overlay; base=9f7e1c335015d26eb4ab18f0e9e300836c2ad008; source=8e33f6bd7ecd358ae033076dc345c0dbd0b59c7b; frozen=9f7e1c335015d26eb4ab18f0e9e300836c2ad008; candidate=8e33f6bd7ecd358ae033076dc345c0dbd0b59c7b	Current upstream blob equals the old merge-base blob and candidate blob equals the accepted-source blob; preserve this exact accepted overlay because no current upstream hunk exists on the path.	dropped_lines=3
src/infra/outbound/outbound-session.test.ts	KEEP	prior-exact-overlay; base=d3ec9d6589ade074d600932a6de02b7e8037892e; source=968bb16ca8f54f5af5f22ae3f8b5943903dd9388; frozen=d3ec9d6589ade074d600932a6de02b7e8037892e; candidate=968bb16ca8f54f5af5f22ae3f8b5943903dd9388	Current upstream blob equals the old merge-base blob and candidate blob equals the accepted-source blob; preserve this exact accepted overlay because no current upstream hunk exists on the path.	dropped_lines=1
src/infra/session-cost-usage.test.ts	KEEP	prior-exact-overlay; base=46cd5e56110d0e205d1f077e6a21654b94e70002; source=bbab2621bab0b4236d561dda3d928c1b6e62750e; frozen=46cd5e56110d0e205d1f077e6a21654b94e70002; candidate=bbab2621bab0b4236d561dda3d928c1b6e62750e	Current upstream blob equals the old merge-base blob and candidate blob equals the accepted-source blob; preserve this exact accepted overlay because no current upstream hunk exists on the path.	dropped_lines=1
src/infra/session-cost-usage.ts	KEEP	prior-exact-overlay; base=41a5c658b26ae02b5dc28f7402f373229fad6398; source=161220d8e4fab71f44c8b9a5faa627cf25235d46; frozen=41a5c658b26ae02b5dc28f7402f373229fad6398; candidate=161220d8e4fab71f44c8b9a5faa627cf25235d46	Current upstream blob equals the old merge-base blob and candidate blob equals the accepted-source blob; preserve this exact accepted overlay because no current upstream hunk exists on the path.	dropped_lines=1
src/infra/session-delivery-queue-storage.ts	KEEP	prior-exact-overlay; base=54924209a198c8294d5c528ed8eaf720f21c4ebc; source=acd150a7d149e6ac74f199a84ebd5ef80612d6bf; frozen=54924209a198c8294d5c528ed8eaf720f21c4ebc; candidate=acd150a7d149e6ac74f199a84ebd5ef80612d6bf	Current upstream blob equals the old merge-base blob and candidate blob equals the accepted-source blob; preserve this exact accepted overlay because no current upstream hunk exists on the path.	dropped_lines=74
src/infra/session-delivery-queue.storage.test.ts	KEEP	current-only-reviewed; accepted: Preserve the expanded continuation queue corpus for validation, delegate receipts, retries, and recovery. | frozen: Use a smaller suite with generated-media retry and completion-receipt coverage.	The candidate includes the frozen focused-media retry proof within broader accepted durability/security coverage.	source/candidate 43631f7709e6; frozen be2da0916ff9; storage lifecycle tests
src/infra/state-migrations.legacy-session-store.ts	KEEP	current-only-reviewed; accepted: Normalize runtime model fields through session-entry-runtime while stripping runtime-only skill catalogs. | frozen: Import normalization through types.	The accepted owner boundary retains frozen skill-catalog cleanup behavior.	source/candidate d047866bc160; frozen d168f80a8904; legacy migration tests
src/infra/system-events.test.ts	KEEP	prior-exact-overlay; base=6f82812f7fb9494570584839adb824a3dba2bafa; source=be4703cabbfe2a52cb1ae18cede7d587525e1bd4; frozen=6f82812f7fb9494570584839adb824a3dba2bafa; candidate=be4703cabbfe2a52cb1ae18cede7d587525e1bd4	Current upstream blob equals the old merge-base blob and candidate blob equals the accepted-source blob; preserve this exact accepted overlay because no current upstream hunk exists on the path.	dropped_lines=4
src/infra/system-events.ts	KEEP	prior-exact-overlay; base=18a8be81037ef9964d63b1ff6ba72ee0e67f468e; source=7d71b4623aac71d5bef9523f8b75d5cac712b6fa; frozen=18a8be81037ef9964d63b1ff6ba72ee0e67f468e; candidate=7d71b4623aac71d5bef9523f8b75d5cac712b6fa	Current upstream blob equals the old merge-base blob and candidate blob equals the accepted-source blob; preserve this exact accepted overlay because no current upstream hunk exists on the path.	dropped_lines=5
src/library.ts	KEEP	prior-exact-overlay; base=4eba1f3312abd696c54cd691fc94904cddc10b85; source=13daaad2ad94214bd44fbf2a4ac133ebfa5f4c68; frozen=4eba1f3312abd696c54cd691fc94904cddc10b85; candidate=13daaad2ad94214bd44fbf2a4ac133ebfa5f4c68	Current upstream blob equals the old merge-base blob and candidate blob equals the accepted-source blob; preserve this exact accepted overlay because no current upstream hunk exists on the path.	dropped_lines=1
src/logging/diagnostic.test.ts	KEEP	current-upstream-semantic-merge	Adopt upstream enabled-heartbeat helper and sessionFile fixture while preserving the diagnostic recovery suite.	86 logging tests pass
src/logging/diagnostic.ts	KEEP	prior-exact-overlay; base=ed3f3f2a55a98f54727beb54287c7959c13f655c; source=a0fadeeda5f4894979b5df8ab613adbd8f3056d5; frozen=ed3f3f2a55a98f54727beb54287c7959c13f655c; candidate=a0fadeeda5f4894979b5df8ab613adbd8f3056d5	Current upstream blob equals the old merge-base blob and candidate blob equals the accepted-source blob; preserve this exact accepted overlay because no current upstream hunk exists on the path.	dropped_lines=8
src/media/web-media.test.ts	KEEP	prior-exact-overlay; base=03dad5c37990377e15edbcfd37ad5cf524e9173d; source=7d730ddf4f04ee008fc1083adf1f1c7847be6378; frozen=03dad5c37990377e15edbcfd37ad5cf524e9173d; candidate=7d730ddf4f04ee008fc1083adf1f1c7847be6378	Current upstream blob equals the old merge-base blob and candidate blob equals the accepted-source blob; preserve this exact accepted overlay because no current upstream hunk exists on the path.	dropped_lines=1
src/node-host/node-worker-transfer-client.test.ts	KEEP	prior-exact-overlay; base=c94f46cd5e31a4fed9051d2fd91145695c2c4ed4; source=9252ecf5c7f1756b2a849910464dd3099ab654e5; frozen=c94f46cd5e31a4fed9051d2fd91145695c2c4ed4; candidate=9252ecf5c7f1756b2a849910464dd3099ab654e5	Current upstream blob equals the old merge-base blob and candidate blob equals the accepted-source blob; preserve this exact accepted overlay because no current upstream hunk exists on the path.	dropped_lines=3
src/plugin-sdk/heartbeat-runtime.ts	KEEP	prior-exact-overlay; base=5123d6d187268dfea2443a5e24e7d52be4c17b05; source=4c78712f267912f2703ca004e014fbb447d07eec; frozen=5123d6d187268dfea2443a5e24e7d52be4c17b05; candidate=4c78712f267912f2703ca004e014fbb447d07eec	Current upstream blob equals the old merge-base blob and candidate blob equals the accepted-source blob; preserve this exact accepted overlay because no current upstream hunk exists on the path.	dropped_lines=1
src/plugin-sdk/infra-runtime.ts	KEEP	prior-exact-overlay; base=e5ed7cffb15045d5e2d9ef7432e37d5aa35b840b; source=1d657f5d2e220f08bc4ac773565a5356689b8fa2; frozen=e5ed7cffb15045d5e2d9ef7432e37d5aa35b840b; candidate=1d657f5d2e220f08bc4ac773565a5356689b8fa2	Current upstream blob equals the old merge-base blob and candidate blob equals the accepted-source blob; preserve this exact accepted overlay because no current upstream hunk exists on the path.	dropped_lines=3
src/plugin-sdk/provider-catalog-live-runtime.test.ts	KEEP	prior-exact-overlay; base=92436efa7413c918628553f92b05a399fe4f7508; source=687bb6bae1555fc1fb609476e210af28e4a66eee; frozen=92436efa7413c918628553f92b05a399fe4f7508; candidate=687bb6bae1555fc1fb609476e210af28e4a66eee	Current upstream blob equals the old merge-base blob and candidate blob equals the accepted-source blob; preserve this exact accepted overlay because no current upstream hunk exists on the path.	dropped_lines=1
src/plugin-sdk/provider-catalog-live-runtime.ts	KEEP	prior-exact-overlay; base=90ac628c025955c925e3652ea9c24f1645ef7f58; source=5bdd36bbc6290b697af7b77f477e29c01165c453; frozen=90ac628c025955c925e3652ea9c24f1645ef7f58; candidate=5bdd36bbc6290b697af7b77f477e29c01165c453	Current upstream blob equals the old merge-base blob and candidate blob equals the accepted-source blob; preserve this exact accepted overlay because no current upstream hunk exists on the path.	dropped_lines=5
src/plugin-sdk/system-event-runtime.ts	KEEP	prior-exact-overlay; base=9426462787375e1a2a6c853d68d124b7dbd50110; source=02a8c4d9058099198bb5984a5eaec3176219075b; frozen=9426462787375e1a2a6c853d68d124b7dbd50110; candidate=02a8c4d9058099198bb5984a5eaec3176219075b	Current upstream blob equals the old merge-base blob and candidate blob equals the accepted-source blob; preserve this exact accepted overlay because no current upstream hunk exists on the path.	dropped_lines=9
src/plugins/git-install.test.ts	KEEP	current-only-reviewed; accepted: Prove fallback clone staging commits into a persistent managed repository and verify it exists. | frozen: Expect only two temporary directories without verifying persistent materialization.	The accepted atomic-install assertion is stronger.	source/candidate 30a3595d7ebf; frozen 6aba1576bb78; read-only-filesystem fallback tests
src/plugins/git-install.ts	KEEP	prior-exact-overlay; base=60a37a6c95b7a188fb3ada4443eb24919461d654; source=bdcda0697dfd1b5ec6cb1ce598944b34d8fa1a38; frozen=60a37a6c95b7a188fb3ada4443eb24919461d654; candidate=bdcda0697dfd1b5ec6cb1ce598944b34d8fa1a38	Current upstream blob equals the old merge-base blob and candidate blob equals the accepted-source blob; preserve this exact accepted overlay because no current upstream hunk exists on the path.	dropped_lines=1
src/plugins/install.test.ts	KEEP	prior-exact-overlay; base=f4a5d57a788efedf4d1420750bf303cc59231217; source=689327097271de8cec12953f19b834fb6783fb3b; frozen=f4a5d57a788efedf4d1420750bf303cc59231217; candidate=689327097271de8cec12953f19b834fb6783fb3b	Current upstream blob equals the old merge-base blob and candidate blob equals the accepted-source blob; preserve this exact accepted overlay because no current upstream hunk exists on the path.	dropped_lines=2
src/plugins/marketplace.test.ts	KEEP	prior-exact-overlay; base=7c6d0ca6f454c6685c0dd7f8650f5ee8cbe48dcb; source=fdcd5152170cf09cf474c7060d1934fe5fc40806; frozen=7c6d0ca6f454c6685c0dd7f8650f5ee8cbe48dcb; candidate=fdcd5152170cf09cf474c7060d1934fe5fc40806	Current upstream blob equals the old merge-base blob and candidate blob equals the accepted-source blob; preserve this exact accepted overlay because no current upstream hunk exists on the path.	dropped_lines=1
src/plugins/npm-install-security-scan.release.test.ts	KEEP	prior-exact-overlay; base=3114586c294a70a2bdfa54da0819929ecd7d4ceb; source=5b3b97964738f8c45b18647976591e6ee334444f; frozen=3114586c294a70a2bdfa54da0819929ecd7d4ceb; candidate=5b3b97964738f8c45b18647976591e6ee334444f	Current upstream blob equals the old merge-base blob and candidate blob equals the accepted-source blob; preserve this exact accepted overlay because no current upstream hunk exists on the path.	dropped_lines=1
src/plugins/runtime/index.test.ts	KEEP	prior-exact-overlay; base=abfa4308e239a3a579223af2657adafa41b4d00a; source=7c50732e021a7f608b7e23af5c3c7f834f00548b; frozen=abfa4308e239a3a579223af2657adafa41b4d00a; candidate=7c50732e021a7f608b7e23af5c3c7f834f00548b	Current upstream blob equals the old merge-base blob and candidate blob equals the accepted-source blob; preserve this exact accepted overlay because no current upstream hunk exists on the path.	dropped_lines=2
src/plugins/runtime/runtime-system.ts	KEEP	prior-exact-overlay; base=52c12dc7088cbbad972d8598809a1b3438c02109; source=4b7bef7e0bc71397bf1c0f8715cce940dc0d138e; frozen=52c12dc7088cbbad972d8598809a1b3438c02109; candidate=4b7bef7e0bc71397bf1c0f8715cce940dc0d138e	Current upstream blob equals the old merge-base blob and candidate blob equals the accepted-source blob; preserve this exact accepted overlay because no current upstream hunk exists on the path.	dropped_lines=3
src/plugins/runtime/runtime-taskflow.test.ts	KEEP	prior-exact-overlay; base=6e3ce40bb32110083d245b029d6785c422677527; source=71c74b8e953c38610cd8b2a5a6c36eca496395e9; frozen=6e3ce40bb32110083d245b029d6785c422677527; candidate=71c74b8e953c38610cd8b2a5a6c36eca496395e9	Current upstream blob equals the old merge-base blob and candidate blob equals the accepted-source blob; preserve this exact accepted overlay because no current upstream hunk exists on the path.	dropped_lines=1
src/plugins/runtime/runtime-taskflow.ts	KEEP	prior-exact-overlay; base=1975598bb623139c9144d3c63d593e74f835305c; source=707bf8fe6b0b76b891b4d3650de75b1a37f8560f; frozen=1975598bb623139c9144d3c63d593e74f835305c; candidate=707bf8fe6b0b76b891b4d3650de75b1a37f8560f	Current upstream blob equals the old merge-base blob and candidate blob equals the accepted-source blob; preserve this exact accepted overlay because no current upstream hunk exists on the path.	dropped_lines=24
src/plugins/runtime/types-core.ts	KEEP	current-only-reviewed; accepted: Type plugin system hooks against raw internal enqueue/wake primitives wrapped by runtime-system authority. | frozen: Type the plugin surface directly against canonical enqueue/request exports.	The accepted wrapper-owned authority seam avoids exposing runtime ownership through the type barrel.	source/candidate dc0652d734e4; frozen 8a6316379958; createPluginRuntimeSystem tests
src/plugins/wired-hooks-compaction.test.ts	KEEP	prior-exact-overlay; base=e1301d8aa1df8bb3e9d9a019e0a3f42ccf7f658c; source=232fa33a1ae69c9f6bb851b3bcb4e918ceb1aee2; frozen=e1301d8aa1df8bb3e9d9a019e0a3f42ccf7f658c; candidate=232fa33a1ae69c9f6bb851b3bcb4e918ceb1aee2	Current upstream blob equals the old merge-base blob and candidate blob equals the accepted-source blob; preserve this exact accepted overlay because no current upstream hunk exists on the path.	dropped_lines=2
src/sessions/session-state-notices.test.ts	KEEP	prior-exact-overlay; base=7750c4ebda87876be8f3a6f72d8b021fd5f71b10; source=a814eab48dec14d6b550633d5e4187d440b0a204; frozen=7750c4ebda87876be8f3a6f72d8b021fd5f71b10; candidate=a814eab48dec14d6b550633d5e4187d440b0a204	Current upstream blob equals the old merge-base blob and candidate blob equals the accepted-source blob; preserve this exact accepted overlay because no current upstream hunk exists on the path.	dropped_lines=3
src/sessions/user-turn-transcript.media-normalize.ts	KEEP	current-only-reviewed; accepted: Add persisted-media field normalization and keep resolveTranscriptMediaPath private. | frozen: Export resolveTranscriptMediaPath and omit the consolidated builder.	The accepted fix intentionally removes a collision-prone export while retaining media normalization.	source/candidate 729f76ce0767; frozen 3dd73606cf10; 77c7bb1 unexport fix; media tests
src/sessions/user-turn-transcript.test.ts	KEEP	prior-exact-overlay; base=16deb8de4a052bc9863ff8ec6a1a344d3c79e00e; source=36d932bd27e8815c3b31ce2637e64ef6fb5739e0; frozen=16deb8de4a052bc9863ff8ec6a1a344d3c79e00e; candidate=36d932bd27e8815c3b31ce2637e64ef6fb5739e0	Current upstream blob equals the old merge-base blob and candidate blob equals the accepted-source blob; preserve this exact accepted overlay because no current upstream hunk exists on the path.	dropped_lines=71
src/sessions/user-turn-transcript.ts	KEEP	prior-exact-overlay; base=c4c6b79c2a2553574bbbc8792576696583b37e76; source=4fd56ce14c3acb723cc38fe74afd3b5b8b6239f8; frozen=c4c6b79c2a2553574bbbc8792576696583b37e76; candidate=4fd56ce14c3acb723cc38fe74afd3b5b8b6239f8	Current upstream blob equals the old merge-base blob and candidate blob equals the accepted-source blob; preserve this exact accepted overlay because no current upstream hunk exists on the path.	dropped_lines=15
src/shared/chat-message-content.ts	KEEP	prior-exact-overlay; base=cee1f9d00ed32fe50d73baf3f2a2926862166e30; source=4da3a6cc90ff48acea0725fb183a3a044c337552; frozen=cee1f9d00ed32fe50d73baf3f2a2926862166e30; candidate=4da3a6cc90ff48acea0725fb183a3a044c337552	Current upstream blob equals the old merge-base blob and candidate blob equals the accepted-source blob; preserve this exact accepted overlay because no current upstream hunk exists on the path.	dropped_lines=11
src/snapshot/git-backup.test.ts	KEEP	prior-exact-overlay; base=c646442d9abd8cc7482412bd09faa8b77883e445; source=1c10bc1532fe68b77aab48628ec51c88d645408c; frozen=c646442d9abd8cc7482412bd09faa8b77883e445; candidate=1c10bc1532fe68b77aab48628ec51c88d645408c	Current upstream blob equals the old merge-base blob and candidate blob equals the accepted-source blob; preserve this exact accepted overlay because no current upstream hunk exists on the path.	dropped_lines=2
src/status/status-message.ts	KEEP	prior-exact-overlay; base=54044d62f0ae0fd5da46408b32152bf08d250e8f; source=fc18631f4af79d034229530de636ea05e858f455; frozen=54044d62f0ae0fd5da46408b32152bf08d250e8f; candidate=fc18631f4af79d034229530de636ea05e858f455	Current upstream blob equals the old merge-base blob and candidate blob equals the accepted-source blob; preserve this exact accepted overlay because no current upstream hunk exists on the path.	dropped_lines=1
src/status/status-text.test.ts	KEEP	prior-exact-overlay; base=f4309b5edb492eb215b2713edffa8828583f46a7; source=cb379c2ec6343bd0f2a7ad6bae8d23d86b8f78ac; frozen=f4309b5edb492eb215b2713edffa8828583f46a7; candidate=cb379c2ec6343bd0f2a7ad6bae8d23d86b8f78ac	Current upstream blob equals the old merge-base blob and candidate blob equals the accepted-source blob; preserve this exact accepted overlay because no current upstream hunk exists on the path.	dropped_lines=1
src/status/status-text.ts	KEEP	prior-exact-overlay; base=45feb7cb881719921bfb646190a3af2a50d869d4; source=19e9e91381607d93bb728cbbc09a8913d8a34efe; frozen=45feb7cb881719921bfb646190a3af2a50d869d4; candidate=19e9e91381607d93bb728cbbc09a8913d8a34efe	Current upstream blob equals the old merge-base blob and candidate blob equals the accepted-source blob; preserve this exact accepted overlay because no current upstream hunk exists on the path.	dropped_lines=15
src/status/summary.ts	KEEP	prior-exact-overlay; base=ada288318fd8e51844bb13f52e847155563ec241; source=42f16dfdb9c3348aee52df79a19da06a59041789; frozen=ada288318fd8e51844bb13f52e847155563ec241; candidate=42f16dfdb9c3348aee52df79a19da06a59041789	Current upstream blob equals the old merge-base blob and candidate blob equals the accepted-source blob; preserve this exact accepted overlay because no current upstream hunk exists on the path.	dropped_lines=2
src/talk/client-voice-session.ts	KEEP	current-only-reviewed; accepted: Use mergeSessionEntry from session-entry-runtime for durable voice-session mutation. | frozen: Import mergeSessionEntry from types.	The accepted runtime-owner extraction retains delivery-scan and transcript behavior.	source/candidate 46591cdeeef1; frozen 0e1c639b37ff; voice-session tests
src/tasks/task-flow-registry.audit.test.ts	KEEP	prior-exact-overlay; base=adb4602610e60e49f0b956a4350776576a4985dd; source=542c2ac3e59a1aac3270c9865ddd37b5f26e1dd7; frozen=adb4602610e60e49f0b956a4350776576a4985dd; candidate=542c2ac3e59a1aac3270c9865ddd37b5f26e1dd7	Current upstream blob equals the old merge-base blob and candidate blob equals the accepted-source blob; preserve this exact accepted overlay because no current upstream hunk exists on the path.	dropped_lines=3
src/tasks/task-registry.maintenance.ts	KEEP	prior-exact-overlay; base=4b6c7f6ea56aff88e92421ba7c1a6c0ae3856906; source=793f9b2ff5d46af43c530e0f0cee8a1f4a344d10; frozen=4b6c7f6ea56aff88e92421ba7c1a6c0ae3856906; candidate=793f9b2ff5d46af43c530e0f0cee8a1f4a344d10	Current upstream blob equals the old merge-base blob and candidate blob equals the accepted-source blob; preserve this exact accepted overlay because no current upstream hunk exists on the path.	dropped_lines=2
src/tasks/task-registry.test.ts	KEEP	current-only-reviewed; accepted: Test contract-only heartbeat typing, current maintenance owners, and mirrored continuation terminalization by run ID. | frozen: Use heartbeat runtime types, older maintenance names, and omit mirrored continuation coverage.	The accepted continuation registry coverage includes frozen bounded-cleanup behavior.	source/candidate 95755eb35773; frozen f0cfeae8018c; finalizeTaskRecordByRunId tests
src/test-utils/repo-files.test.ts	KEEP	prior-exact-overlay; base=aa18c35cf59b47d638c10ef3862cd8de8b532dc0; source=8777a08fb569a917d1eacb374a19d69da671637b; frozen=aa18c35cf59b47d638c10ef3862cd8de8b532dc0; candidate=8777a08fb569a917d1eacb374a19d69da671637b	Current upstream blob equals the old merge-base blob and candidate blob equals the accepted-source blob; preserve this exact accepted overlay because no current upstream hunk exists on the path.	dropped_lines=3
src/tui/components/tool-execution.ts	KEEP	prior-exact-overlay; base=7e4493b63416a410483ebe6fbfd6eb305c5cce41; source=a65e62c6118b1548f54761026dd3a8ef454180e8; frozen=7e4493b63416a410483ebe6fbfd6eb305c5cce41; candidate=a65e62c6118b1548f54761026dd3a8ef454180e8	Current upstream blob equals the old merge-base blob and candidate blob equals the accepted-source blob; preserve this exact accepted overlay because no current upstream hunk exists on the path.	dropped_lines=1
src/tui/tui-event-handlers.ts	KEEP	prior-exact-overlay; base=b0f1d05af2890446cd4d7dfc16a25ee8622fa69a; source=86a5a4bde21fccd376c14debce3b2e08504673bc; frozen=b0f1d05af2890446cd4d7dfc16a25ee8622fa69a; candidate=86a5a4bde21fccd376c14debce3b2e08504673bc	Current upstream blob equals the old merge-base blob and candidate blob equals the accepted-source blob; preserve this exact accepted overlay because no current upstream hunk exists on the path.	dropped_lines=1
test/e2e/qa-lab/runtime/telegram-command-menu-gateway.e2e.test.ts	KEEP	prior-exact-overlay; base=746a191dc38bd5daf80dc6592a839d8f19839e66; source=3228b2c4bc9163355ca23711206bac60114bf153; frozen=746a191dc38bd5daf80dc6592a839d8f19839e66; candidate=3228b2c4bc9163355ca23711206bac60114bf153	Current upstream blob equals the old merge-base blob and candidate blob equals the accepted-source blob; preserve this exact accepted overlay because no current upstream hunk exists on the path.	dropped_lines=2
test/e2e/qa-lab/runtime/telegram-model-picker-prepared-gateway.e2e.test.ts	KEEP	prior-exact-overlay; base=2427d00b1c8c00a9d5d68ca967290db1f153dafb; source=17af2e594b1c68439a9f19546ee556f31aa637e6; frozen=2427d00b1c8c00a9d5d68ca967290db1f153dafb; candidate=17af2e594b1c68439a9f19546ee556f31aa637e6	Current upstream blob equals the old merge-base blob and candidate blob equals the accepted-source blob; preserve this exact accepted overlay because no current upstream hunk exists on the path.	dropped_lines=2
test/fixtures/agents/prompt-snapshots/codex-runtime-happy-path/discord-group-codex-message-tool.md	KEEP	prior-exact-overlay; base=f0eed0e61210dff2b5ea6e79298cdccecbc67c42; source=54b5104656fadb6faf5d531bb687a2ed8900beb2; frozen=f0eed0e61210dff2b5ea6e79298cdccecbc67c42; candidate=54b5104656fadb6faf5d531bb687a2ed8900beb2	Current upstream blob equals the old merge-base blob and candidate blob equals the accepted-source blob; preserve this exact accepted overlay because no current upstream hunk exists on the path.	dropped_lines=4
test/fixtures/agents/prompt-snapshots/codex-runtime-happy-path/telegram-direct-codex-message-tool.md	KEEP	prior-exact-overlay; base=48452daf3a5cd78605336d724d72278ef24602ed; source=7a22cb981075df33e5cdc023ecf92da2397b8a83; frozen=48452daf3a5cd78605336d724d72278ef24602ed; candidate=7a22cb981075df33e5cdc023ecf92da2397b8a83	Current upstream blob equals the old merge-base blob and candidate blob equals the accepted-source blob; preserve this exact accepted overlay because no current upstream hunk exists on the path.	dropped_lines=4
test/fixtures/agents/prompt-snapshots/codex-runtime-happy-path/telegram-heartbeat-codex-tool.md	KEEP	prior-exact-overlay; base=453543ba5649bce050ed2b51b7bf97b2499fe7a4; source=5e814034e51ff03663fc2d6ed7f3cb636b3adceb; frozen=453543ba5649bce050ed2b51b7bf97b2499fe7a4; candidate=5e814034e51ff03663fc2d6ed7f3cb636b3adceb	Current upstream blob equals the old merge-base blob and candidate blob equals the accepted-source blob; preserve this exact accepted overlay because no current upstream hunk exists on the path.	dropped_lines=4
test/helpers/agents/prompt-composition-scenarios.ts	KEEP	prior-exact-overlay; base=cca65b4546fdd092835ad563bb4dc6d5085b2ba4; source=d6dd74c11be42361e1a5d7594250b6ce8f0d90be; frozen=cca65b4546fdd092835ad563bb4dc6d5085b2ba4; candidate=d6dd74c11be42361e1a5d7594250b6ce8f0d90be	Current upstream blob equals the old merge-base blob and candidate blob equals the accepted-source blob; preserve this exact accepted overlay because no current upstream hunk exists on the path.	dropped_lines=1
test/scripts/audit-seams.test.ts	KEEP	prior-exact-overlay; base=8dcd31e61afae5681f967df5bd80fef639fff714; source=0cc6152ced3048d58cd528b4d895e019139dcc5e; frozen=8dcd31e61afae5681f967df5bd80fef639fff714; candidate=0cc6152ced3048d58cd528b4d895e019139dcc5e	Current upstream blob equals the old merge-base blob and candidate blob equals the accepted-source blob; preserve this exact accepted overlay because no current upstream hunk exists on the path.	dropped_lines=2
test/scripts/check-export-name-collisions.test.ts	KEEP	prior-exact-overlay; base=e273ccbda95b6b3c17059deeb72f4c7eef4478cd; source=330b50621a0ae04faa0e1accc9cc6c063d86f866; frozen=e273ccbda95b6b3c17059deeb72f4c7eef4478cd; candidate=330b50621a0ae04faa0e1accc9cc6c063d86f866	Current upstream blob equals the old merge-base blob and candidate blob equals the accepted-source blob; preserve this exact accepted overlay because no current upstream hunk exists on the path.	dropped_lines=2
test/scripts/check-wrapper-shadowing.test.ts	KEEP	prior-exact-overlay; base=956e4e2a36eaf1fe719efd9eda01aad9847f6792; source=e56bf702a2bb2ceb4587c8cd97767175277b5a7b; frozen=956e4e2a36eaf1fe719efd9eda01aad9847f6792; candidate=e56bf702a2bb2ceb4587c8cd97767175277b5a7b	Current upstream blob equals the old merge-base blob and candidate blob equals the accepted-source blob; preserve this exact accepted overlay because no current upstream hunk exists on the path.	dropped_lines=2
test/scripts/ensure-playwright-chromium.test.ts	KEEP	prior-exact-overlay; base=36f941447d6bad508b56091d3d4dc83fc034e972; source=34a56922d2583a54e26415fa40d09d30f51a8af1; frozen=36f941447d6bad508b56091d3d4dc83fc034e972; candidate=34a56922d2583a54e26415fa40d09d30f51a8af1	Current upstream blob equals the old merge-base blob and candidate blob equals the accepted-source blob; preserve this exact accepted overlay because no current upstream hunk exists on the path.	dropped_lines=4
test/scripts/full-release-validation-at-sha.test.ts	KEEP	prior-exact-overlay; base=1f3e84ba6d95c662aaec8b234be8f953e26ade3c; source=f91ea4416f05b3d2103610cdcdaa423d02e78b0a; frozen=1f3e84ba6d95c662aaec8b234be8f953e26ade3c; candidate=f91ea4416f05b3d2103610cdcdaa423d02e78b0a	Current upstream blob equals the old merge-base blob and candidate blob equals the accepted-source blob; preserve this exact accepted overlay because no current upstream hunk exists on the path.	dropped_lines=3
test/scripts/kitchen-sink-rpc-walk.test.ts	KEEP	prior-exact-overlay; base=7563ac4c889636395a03beb76f369fefa27d5801; source=c8809b63207f8aadbc0d9c145d014a63bd95e12a; frozen=7563ac4c889636395a03beb76f369fefa27d5801; candidate=c8809b63207f8aadbc0d9c145d014a63bd95e12a	Current upstream blob equals the old merge-base blob and candidate blob equals the accepted-source blob; preserve this exact accepted overlay because no current upstream hunk exists on the path.	dropped_lines=3
test/scripts/plugin-sdk-surface-report.test.ts	KEEP	prior-exact-overlay; base=356db529e7af79b608fdc9171a640e9775d14a26; source=6c2b27cf57f1de62aa39d1b4e08cf9b2acfb48d7; frozen=356db529e7af79b608fdc9171a640e9775d14a26; candidate=6c2b27cf57f1de62aa39d1b4e08cf9b2acfb48d7	Current upstream blob equals the old merge-base blob and candidate blob equals the accepted-source blob; preserve this exact accepted overlay because no current upstream hunk exists on the path.	dropped_lines=1
test/vitest-scoped-config.test.ts	KEEP	prior-exact-overlay; base=c6568b0c90341ae2f60f9beaa65d577e2d6ba919; source=bdd6872d5deff16f26421b5a3bb595ee2daa6154; frozen=c6568b0c90341ae2f60f9beaa65d577e2d6ba919; candidate=bdd6872d5deff16f26421b5a3bb595ee2daa6154	Current upstream blob equals the old merge-base blob and candidate blob equals the accepted-source blob; preserve this exact accepted overlay because no current upstream hunk exists on the path.	dropped_lines=1
test/vitest/vitest.extension-active-memory.config.ts	KEEP	prior-exact-overlay; base=32bcc525fa20014da505ae5797de389a7681d64b; source=1cde3c16c74b3144df259dbd393df6e5ab822fb0; frozen=32bcc525fa20014da505ae5797de389a7681d64b; candidate=1cde3c16c74b3144df259dbd393df6e5ab822fb0	Current upstream blob equals the old merge-base blob and candidate blob equals the accepted-source blob; preserve this exact accepted overlay because no current upstream hunk exists on the path.	dropped_lines=1
test/vitest/vitest.test-shards.mjs	KEEP	prior-exact-overlay; base=adfb7989f06bb571ad7f0c5b21b7723c0fe1e985; source=6b68e1fdb57e88166fe21b74be97a75ccd5aa5d5; frozen=adfb7989f06bb571ad7f0c5b21b7723c0fe1e985; candidate=6b68e1fdb57e88166fe21b74be97a75ccd5aa5d5	Current upstream blob equals the old merge-base blob and candidate blob equals the accepted-source blob; preserve this exact accepted overlay because no current upstream hunk exists on the path.	dropped_lines=1
test/vitest/vitest.unit-fast-paths.mjs	KEEP	prior-exact-overlay; base=b1769803d73b9cbf5c63afcde1a58aa155d08e50; source=65538784f17b8da689ee7d25129c9933e1020f2c; frozen=b1769803d73b9cbf5c63afcde1a58aa155d08e50; candidate=65538784f17b8da689ee7d25129c9933e1020f2c	Current upstream blob equals the old merge-base blob and candidate blob equals the accepted-source blob; preserve this exact accepted overlay because no current upstream hunk exists on the path.	dropped_lines=1
ui/src/components/form-controls.browser.test.ts	KEEP	current-only-reviewed; accepted: Launch Chromium through launchChromiumTestContext for shared-host isolation and process-tree cleanup. | frozen: Launch and close one Browser directly.	The accepted lifecycle helper is stronger and retains responsive form assertions.	source/candidate 887f013b7dd0; frozen 2e3747501713; form-control browser tests
ui/src/pages/chat/components/chat-task-suggestions.ts	KEEP	prior-exact-overlay; base=5b383392e95c65db0d99f7c9a0a6fd20982ec28a; source=f7a2ddaffaeb32dc5c58d5477a18fe5a2620eabb; frozen=5b383392e95c65db0d99f7c9a0a6fd20982ec28a; candidate=f7a2ddaffaeb32dc5c58d5477a18fe5a2620eabb	Current upstream blob equals the old merge-base blob and candidate blob equals the accepted-source blob; preserve this exact accepted overlay because no current upstream hunk exists on the path.	dropped_lines=3
ui/src/pages/sessions/view.browser.test.ts	KEEP	current-only-reviewed; accepted: Use launchChromiumTestContext for isolated Chromium lifecycle and teardown. | frozen: Launch and close Chromium directly.	The accepted shared-host fixture preserves frozen visual-hierarchy assertions.	source/candidate 26dd4779ee71; frozen 2c0c4de7d345; Sessions responsive browser tests
ui/src/styles/chat-file-link-presentation.browser.test.ts	KEEP	prior-exact-overlay; base=315f3d587e1fcf626cd023f6191c0e91fa777c8a; source=fde5a66d58911a3f8bd07d187e0c87430b052e4e; frozen=315f3d587e1fcf626cd023f6191c0e91fa777c8a; candidate=fde5a66d58911a3f8bd07d187e0c87430b052e4e	Current upstream blob equals the old merge-base blob and candidate blob equals the accepted-source blob; preserve this exact accepted overlay because no current upstream hunk exists on the path.	dropped_lines=15
ui/src/styles/chat-github-link-presentation.browser.test.ts	KEEP	prior-exact-overlay; base=5c419a7f50614ed96c0595a88d909099edca9ab5; source=3151b36b9367d7074e958c081b74cde4a9fbe444; frozen=5c419a7f50614ed96c0595a88d909099edca9ab5; candidate=3151b36b9367d7074e958c081b74cde4a9fbe444	Current upstream blob equals the old merge-base blob and candidate blob equals the accepted-source blob; preserve this exact accepted overlay because no current upstream hunk exists on the path.	dropped_lines=13
ui/src/styles/corner-shape.browser.test.ts	KEEP	prior-exact-overlay; base=100ffbe1d39f67ed14b5a62ed892e251218bc7f3; source=26763704449d3d5af246918d096ca5a1dc252669; frozen=100ffbe1d39f67ed14b5a62ed892e251218bc7f3; candidate=26763704449d3d5af246918d096ca5a1dc252669	Current upstream blob equals the old merge-base blob and candidate blob equals the accepted-source blob; preserve this exact accepted overlay because no current upstream hunk exists on the path.	dropped_lines=17
ui/src/styles/cursor-policy.browser.test.ts	KEEP	prior-reviewed-new; category=disjoint-semantic-union	Retain the accepted HTTP server/setup/cleanup and every current upstream CSS entry, including sidebar-update-card.css; the new upstream line and accepted fixture transport are disjoint hunks.	The accepted test serves the cursor fixture over loopback HTTP so Chromium standalone-app mode is exercised through a supported origin. | upstream: Current upstream adds sidebar-update-card.css to the CSS corpus checked for semantic cursors. | interleave=no | preservation=full | proof=ui owner passed view.browser plus cursor-policy.browser, 7/7 at exact candidate
