RUN_ID=p81-cael-live-resume-20260709T030548Z
STARTED_AT=2026-07-09T03:05:49Z
DOCS_SHA=2a57cd8528e43da3bc0f8adad7c48cd8470a5252
TARGET_SHA=e08f696618da57e7267a2148578fa4ab0d8b0d01
OPENCLAW_VERSION=OpenClaw 2026.6.11 (e08f696)
OPENCLAW_CREATE_DISPOSABLE_SESSIONS=true
Resolving session key for selector: discord-channel:1466192485440164011
==========================================================
Project 81: Seat-Aware k6 Proof Runner
Seat: cael
Target Candidate SHA: e08f696618da57e7267a2148578fa4ab0d8b0d01
Deployed Runtime SHA: OpenClaw 2026.6.11 (e08f696)
Session: main
Artifact root: /tmp/p81-cael-live-resume-20260709T030548Z/out
Rows: R-CD-4,R-CD-CHAINED-DEPTH-2,R-CD-COLLECTION-ON-COLLAPSE,R-CD-MODEL-CHAINED-ALT,R-CD-MODEL-DEFAULT,R-CD-MODEL-TOKEN,R-CD-MODEL-TOOL,R-CD-RETURN-OVERLAP,R-CD-SILENT,R-CD-TOKEN,R-CONFIG-defaults,R-CONFIG-INTERSESSION,R-CW-1,R-CW-2,R-CW-3,R-CW-4,R-CW-5,R-CW-6,R-CW-7,R-CW-DELEGATE-CHILD-LIVE,R-CW-DELEGATE-SELF-CONTINUATION,R-CW-DELEGATE-TOKEN,R-CW-MULTI-COLLAPSE,R-CW-MULTI,R-CW-TOKEN,R-OBS-1,R-OBS-2,R-OBS-status,R-RC-1,R-RC-2,R-REGRESSION-TRAP-TESTS,R-TRACE-REDACTION-1121
Dry Run: false
==========================================================
Running seat-readiness preflight (k6/tooling/gateway/continuation config)...
SEAT READINESS: /tmp/p81-cael-live-resume-20260709T030548Z/out/seat-readiness.json

----------------------------------------
Row: R-CD-4
Manifest: /tmp/oc-p81-current/tools/k6-proofs/manifests/r-cd-4.json
Scenario: scenarios/r-cd-4-target-session-key.js
Status: runnable
Live Safety: k6-runnable
[R-CD-4] RUNNING...

         /\      Grafana   /‾‾/  
    /\  /  \     |\  __   /  /   
   /  \/    \    | |/ /  /   ‾‾\ 
  /          \   |   (  |  (‾)  |
 / __________ \  |_|\_\  \_____/ 


     execution: local
        script: scenarios/r-cd-4-target-session-key.js
        output: -

     scenarios: (100.00%) 1 scenario, 1 max VUs, 2m30s max duration (incl. graceful stop):
              * r_cd_4_target_session: 1 iterations shared among 1 VUs (maxDuration: 2m0s, gracefulStop: 30s)

time="2026-07-08T20:05:52-07:00" level=info msg="✓ disposable parent session created: agent:main:r-cd-4-parent-r-cd-4-1783566351751-k67xnw0r" source=console
time="2026-07-08T20:05:52-07:00" level=info msg="✓ disposable target session created: agent:main:r-cd-4-target-r-cd-4-1783566351751-k67xnw0r" source=console

running (0m01.0s), 1/1 VUs, 0 complete and 0 interrupted iterations
r_cd_4_target_session   [   0% ] 1 VUs  0m01.0s/2m0s  0/1 shared iters
time="2026-07-08T20:05:52-07:00" level=info msg="✓ sessions.send accepted — agent turn triggered for R-CD-4 (targetSessionKey)" source=console

running (0m02.0s), 1/1 VUs, 0 complete and 0 interrupted iterations
r_cd_4_target_session   [   0% ] 1 VUs  0m02.0s/2m0s  0/1 shared iters

running (0m03.0s), 1/1 VUs, 0 complete and 0 interrupted iterations
r_cd_4_target_session   [   0% ] 1 VUs  0m03.0s/2m0s  0/1 shared iters

running (0m04.0s), 1/1 VUs, 0 complete and 0 interrupted iterations
r_cd_4_target_session   [   0% ] 1 VUs  0m04.0s/2m0s  0/1 shared iters

running (0m05.0s), 1/1 VUs, 0 complete and 0 interrupted iterations
r_cd_4_target_session   [   0% ] 1 VUs  0m05.0s/2m0s  0/1 shared iters

running (0m06.0s), 1/1 VUs, 0 complete and 0 interrupted iterations
r_cd_4_target_session   [   0% ] 1 VUs  0m06.0s/2m0s  0/1 shared iters

running (0m07.0s), 1/1 VUs, 0 complete and 0 interrupted iterations
r_cd_4_target_session   [   0% ] 1 VUs  0m07.0s/2m0s  0/1 shared iters

running (0m08.0s), 1/1 VUs, 0 complete and 0 interrupted iterations
r_cd_4_target_session   [   0% ] 1 VUs  0m08.0s/2m0s  0/1 shared iters

running (0m09.0s), 1/1 VUs, 0 complete and 0 interrupted iterations
r_cd_4_target_session   [   0% ] 1 VUs  0m09.0s/2m0s  0/1 shared iters
time="2026-07-08T20:06:01-07:00" level=info msg="✓ Delayed return/wake landed in TARGET session" source=console

running (0m10.0s), 1/1 VUs, 0 complete and 0 interrupted iterations
r_cd_4_target_session   [   0% ] 1 VUs  0m10.0s/2m0s  0/1 shared iters

running (0m11.0s), 1/1 VUs, 0 complete and 0 interrupted iterations
r_cd_4_target_session   [   0% ] 1 VUs  0m11.0s/2m0s  0/1 shared iters
time="2026-07-08T20:06:03-07:00" level=info msg="R_CD_4_EVIDENCE {\"row\":\"R-CD-4\",\"manifest_loaded\":true,\"nonce\":\"R-CD-4-1783566351751-k67xnw0r\",\"seat\":\"cael\",\"requestedSessionKey\":\"main\",\"sessionKey\":\"agent:main:r-cd-4-parent-r-cd-4-1783566351751-k67xnw0r\",\"targetSessionKey\":\"agent:main:r-cd-4-target-r-cd-4-1783566351751-k67xnw0r\",\"parent_session_created\":true,\"target_session_created\":true,\"created_parent_session_key\":\"agent:main:r-cd-4-parent-r-cd-4-1783566351751-k67xnw0r\",\"created_target_session_key\":\"agent:main:r-cd-4-target-r-cd-4-1783566351751-k67xnw0r\",\"candidateSha\":\"e08f696618da57e7267a2148578fa4ab0d8b0d01\",\"started\":\"2026-07-09T03:05:51.751Z\",\"tool_accepted\":true,\"agent_turn_observed\":true,\"child_completed\":true,\"return_in_target\":true,\"return_in_parent\":false,\"dispatch_accepted_at_ms\":1783566352772,\"wake_gate_ms\":5000,\"trace_id\":null,\"redacted_events\":[{\"ts\":1783566351753,\"kind\":\"event\",\"method\":null,\"event\":\"connect.challenge\",\"ok\":null,\"data\":null},{\"ts\":1783566351755,\"kind\":\"other\",\"method\":null,\"event\":null,\"ok\":null,\"data\":null},{\"ts\":1783566351799,\"kind\":\"event\",\"method\":null,\"event\":\"health\",\"ok\":null,\"data\":null},{\"ts\":1783566352117,\"kind\":\"response\",\"method\":\"sessions.create\",\"event\":null,\"ok\":true,\"data\":{\"ok\":true}},{\"ts\":1783566352233,\"kind\":\"response\",\"method\":\"sessions.create\",\"event\":null,\"ok\":true,\"data\":{\"ok\":true}},{\"ts\":1783566352274,\"kind\":\"response\",\"method\":\"sessions.messages.subscribe\",\"event\":null,\"ok\":true,\"data\":{}},{\"ts\":1783566352303,\"kind\":\"response\",\"method\":\"sessions.messages.subscribe\",\"event\":null,\"ok\":true,\"data\":{}},{\"ts\":1783566352772,\"kind\":\"response\",\"method\":\"sessions.send\",\"event\":null,\"ok\":true,\"data\":{\"runId\":\"R-CD-4-R-CD-4-1783566351751-k67xnw0r\",\"status\":\"started\"}},{\"ts\":1783566353400,\"kind\":\"event\",\"method\":null,\"event\":\"agent\",\"ok\":null,\"data\":null},{\"ts\":1783566357221,\"kind\":\"event\",\"method\":null,\"event\":\"agent\",\"ok\":null,\"data\":null},{\"ts\":1783566358839,\"kind\":\"event\",\"method\":null,\"event\":\"health\",\"ok\":null,\"data\":null},{\"ts\":1783566358855,\"kind\":\"event\",\"method\":null,\"event\":\"presence\",\"ok\":null,\"data\":null},{\"ts\":1783566358891,\"kind\":\"event\",\"method\":null,\"event\":\"agent\",\"ok\":null,\"data\":null},{\"ts\":1783566360243,\"kind\":\"response\",\"method\":\"tasks.list\",\"event\":null,\"ok\":true,\"data\":{}},{\"ts\":1783566360968,\"kind\":\"event\",\"method\":null,\"event\":\"agent\",\"ok\":null,\"data\":null},{\"ts\":1783566360968,\"kind\":\"event\",\"method\":null,\"event\":\"chat\",\"ok\":null,\"data\":null},{\"ts\":1783566361106,\"kind\":\"event\",\"method\":null,\"event\":\"agent\",\"ok\":null,\"data\":null},{\"ts\":1783566361155,\"kind\":\"event\",\"method\":null,\"event\":\"session.message\",\"ok\":null,\"data\":null}],\"ended\":\"2026-07-09T03:06:03.156Z\",\"duration_ms\":11405}" source=console
time="2026-07-08T20:06:03-07:00" level=info msg="\n--- R-CD-4 EVIDENCE SUMMARY ---" source=console
time="2026-07-08T20:06:03-07:00" level=info msg="{\n  \"row\": \"R-CD-4\",\n  \"manifest_loaded\": true,\n  \"nonce\": \"R-CD-4-1783566351751-k67xnw0r\",\n  \"seat\": \"cael\",\n  \"requestedSessionKey\": \"main\",\n  \"sessionKey\": \"agent:main:r-cd-4-parent-r-cd-4-1783566351751-k67xnw0r\",\n  \"targetSessionKey\": \"agent:main:r-cd-4-target-r-cd-4-1783566351751-k67xnw0r\",\n  \"parent_session_created\": true,\n  \"target_session_created\": true,\n  \"created_parent_session_key\": \"agent:main:r-cd-4-parent-r-cd-4-1783566351751-k67xnw0r\",\n  \"created_target_session_key\": \"agent:main:r-cd-4-target-r-cd-4-1783566351751-k67xnw0r\",\n  \"candidateSha\": \"e08f696618da57e7267a2148578fa4ab0d8b0d01\",\n  \"started\": \"2026-07-09T03:05:51.751Z\",\n  \"tool_accepted\": true,\n  \"agent_turn_observed\": true,\n  \"child_completed\": true,\n  \"return_in_target\": true,\n  \"return_in_parent\": false,\n  \"dispatch_accepted_at_ms\": 1783566352772,\n  \"wake_gate_ms\": 5000,\n  \"trace_id\": null,\n  \"redacted_events\": [\n    {\n      \"ts\": 1783566351753,\n      \"kind\": \"event\",\n      \"method\": null,\n      \"event\": \"connect.challenge\",\n      \"ok\": null,\n      \"data\": null\n    },\n    {\n      \"ts\": 1783566351755,\n      \"kind\": \"other\",\n      \"method\": null,\n      \"event\": null,\n      \"ok\": null,\n      \"data\": null\n    },\n    {\n      \"ts\": 1783566351799,\n      \"kind\": \"event\",\n      \"method\": null,\n      \"event\": \"health\",\n      \"ok\": null,\n      \"data\": null\n    },\n    {\n      \"ts\": 1783566352117,\n      \"kind\": \"response\",\n      \"method\": \"sessions.create\",\n      \"event\": null,\n      \"ok\": true,\n      \"data\": {\n        \"ok\": true\n      }\n    },\n    {\n      \"ts\": 1783566352233,\n      \"kind\": \"response\",\n      \"method\": \"sessions.create\",\n      \"event\": null,\n      \"ok\": true,\n      \"data\": {\n        \"ok\": true\n      }\n    },\n    {\n      \"ts\": 1783566352274,\n      \"kind\": \"response\",\n      \"method\": \"sessions.messages.subscribe\",\n      \"event\": null,\n      \"ok\": true,\n      \"data\": {}\n    },\n    {\n      \"ts\": 1783566352303,\n      \"kind\": \"response\",\n      \"method\": \"sessions.messages.subscribe\",\n      \"event\": null,\n      \"ok\": true,\n      \"data\": {}\n    },\n    {\n      \"ts\": 1783566352772,\n      \"kind\": \"response\",\n      \"method\": \"sessions.send\",\n      \"event\": null,\n      \"ok\": true,\n      \"data\": {\n        \"runId\": \"R-CD-4-R-CD-4-1783566351751-k67xnw0r\",\n        \"status\": \"started\"\n      }\n    },\n    {\n      \"ts\": 1783566353400,\n      \"kind\": \"event\",\n      \"method\": null,\n      \"event\": \"agent\",\n      \"ok\": null,\n      \"data\": null\n    },\n    {\n      \"ts\": 1783566357221,\n      \"kind\": \"event\",\n      \"method\": null,\n      \"event\": \"agent\",\n      \"ok\": null,\n      \"data\": null\n    },\n    {\n      \"ts\": 1783566358839,\n      \"kind\": \"event\",\n      \"method\": null,\n      \"event\": \"health\",\n      \"ok\": null,\n      \"data\": null\n    },\n    {\n      \"ts\": 1783566358855,\n      \"kind\": \"event\",\n      \"method\": null,\n      \"event\": \"presence\",\n      \"ok\": null,\n      \"data\": null\n    },\n    {\n      \"ts\": 1783566358891,\n      \"kind\": \"event\",\n      \"method\": null,\n      \"event\": \"agent\",\n      \"ok\": null,\n      \"data\": null\n    },\n    {\n      \"ts\": 1783566360243,\n      \"kind\": \"response\",\n      \"method\": \"tasks.list\",\n      \"event\": null,\n      \"ok\": true,\n      \"data\": {}\n    },\n    {\n      \"ts\": 1783566360968,\n      \"kind\": \"event\",\n      \"method\": null,\n      \"event\": \"agent\",\n      \"ok\": null,\n      \"data\": null\n    },\n    {\n      \"ts\": 1783566360968,\n      \"kind\": \"event\",\n      \"method\": null,\n      \"event\": \"chat\",\n      \"ok\": null,\n      \"data\": null\n    },\n    {\n      \"ts\": 1783566361106,\n      \"kind\": \"event\",\n      \"method\": null,\n      \"event\": \"agent\",\n      \"ok\": null,\n      \"data\": null\n    },\n    {\n      \"ts\": 1783566361155,\n      \"kind\": \"event\",\n      \"method\": null,\n      \"event\": \"session.message\",\n      \"ok\": null,\n      \"data\": null\n    }\n  ],\n  \"ended\": \"2026-07-09T03:06:03.156Z\",\n  \"duration_ms\": 11405\n}" source=console
time="2026-07-08T20:06:03-07:00" level=info msg="--- END EVIDENCE ---" source=console
time="2026-07-08T20:06:03-07:00" level=info msg="\n[R-CD-4] VERDICT: PASS-candidate" source=console

[R-CD-4] Summary: PASS-candidate | SHA: e08f696618da57e7267a2148578fa4ab0d8b0d01 | Seat: cael

running (0m11.4s), 0/1 VUs, 1 complete and 0 interrupted iterations
r_cd_4_target_session ✓ [ 100% ] 1 VUs  0m11.4s/2m0s  1/1 shared iters
./r-cd-4-summary.json
[R-CD-4] METRICS: /tmp/p81-cael-live-resume-20260709T030548Z/out/e08f696618da57e7267a2148578fa4ab0d8b0d01/R-CD-4/cael/20260709T030551Z-r-cd-4/openclaw-proofs-k6.prom
[R-CD-4] ARTIFACTS: /tmp/p81-cael-live-resume-20260709T030548Z/out/e08f696618da57e7267a2148578fa4ab0d8b0d01/R-CD-4/cael/20260709T030551Z-r-cd-4
[R-CD-4] COMPLETED.
Observability check: query Grafana for run/nonce or review Tempo traces if trace ID was emitted.

----------------------------------------
Row: R-CD-CHAINED-DEPTH-2
Manifest: /tmp/oc-p81-current/tools/k6-proofs/manifests/r-cd-chained-depth-2.json
Scenario: scenarios/r-cd-chained-depth-2.js
Status: runnable
Live Safety: k6-runnable
[R-CD-CHAINED-DEPTH-2] RUNNING...

         /\      Grafana   /‾‾/  
    /\  /  \     |\  __   /  /   
   /  \/    \    | |/ /  /   ‾‾\ 
  /          \   |   (  |  (‾)  |
 / __________ \  |_|\_\  \_____/ 


     execution: local
        script: scenarios/r-cd-chained-depth-2.js
        output: -

     scenarios: (100.00%) 1 scenario, 1 max VUs, 3m30s max duration (incl. graceful stop):
              * r_cd_chained_depth_2: 1 iterations shared among 1 VUs (maxDuration: 3m0s, gracefulStop: 30s)

time="2026-07-08T20:06:03-07:00" level=info msg="✓ disposable session created: agent:main:r-cd-chain-r-cd-chain-1783566363349-5w2tmc3g" source=console
time="2026-07-08T20:06:04-07:00" level=info msg="✓ sessions.send accepted — agent turn triggered for depth-2 chain" source=console

running (0m01.0s), 1/1 VUs, 0 complete and 0 interrupted iterations
r_cd_chained_depth_2   [   0% ] 1 VUs  0m01.0s/3m0s  0/1 shared iters

running (0m02.0s), 1/1 VUs, 0 complete and 0 interrupted iterations
r_cd_chained_depth_2   [   0% ] 1 VUs  0m02.0s/3m0s  0/1 shared iters

running (0m03.0s), 1/1 VUs, 0 complete and 0 interrupted iterations
r_cd_chained_depth_2   [   0% ] 1 VUs  0m03.0s/3m0s  0/1 shared iters

running (0m04.0s), 1/1 VUs, 0 complete and 0 interrupted iterations
r_cd_chained_depth_2   [   0% ] 1 VUs  0m04.0s/3m0s  0/1 shared iters
time="2026-07-08T20:06:07-07:00" level=info msg="ℹ Ignoring harness prompt echo event" source=console

running (0m05.0s), 1/1 VUs, 0 complete and 0 interrupted iterations
r_cd_chained_depth_2   [   0% ] 1 VUs  0m05.0s/3m0s  0/1 shared iters
time="2026-07-08T20:06:09-07:00" level=info msg="ℹ Ignoring harness prompt echo event" source=console

running (0m06.0s), 1/1 VUs, 0 complete and 0 interrupted iterations
r_cd_chained_depth_2   [   0% ] 1 VUs  0m06.0s/3m0s  0/1 shared iters

running (0m07.0s), 1/1 VUs, 0 complete and 0 interrupted iterations
r_cd_chained_depth_2   [   0% ] 1 VUs  0m07.0s/3m0s  0/1 shared iters
time="2026-07-08T20:06:10-07:00" level=info msg="ℹ Ignoring harness prompt echo event" source=console

running (0m08.0s), 1/1 VUs, 0 complete and 0 interrupted iterations
r_cd_chained_depth_2   [   0% ] 1 VUs  0m08.0s/3m0s  0/1 shared iters

running (0m09.0s), 1/1 VUs, 0 complete and 0 interrupted iterations
r_cd_chained_depth_2   [   0% ] 1 VUs  0m09.0s/3m0s  0/1 shared iters

running (0m10.0s), 1/1 VUs, 0 complete and 0 interrupted iterations
r_cd_chained_depth_2   [   0% ] 1 VUs  0m10.0s/3m0s  0/1 shared iters

running (0m11.0s), 1/1 VUs, 0 complete and 0 interrupted iterations
r_cd_chained_depth_2   [   0% ] 1 VUs  0m11.0s/3m0s  0/1 shared iters

running (0m12.0s), 1/1 VUs, 0 complete and 0 interrupted iterations
r_cd_chained_depth_2   [   0% ] 1 VUs  0m12.0s/3m0s  0/1 shared iters
time="2026-07-08T20:06:15-07:00" level=info msg="✓ CHILD-DONE/CHILD-DELEGATE-SCHEDULED sentinel observed post-dispatch" source=console
time="2026-07-08T20:06:15-07:00" level=info msg="✓ GRANDCHILD-DONE sentinel observed post-dispatch" source=console
time="2026-07-08T20:06:15-07:00" level=info msg="Full chain evidence gathered, closing early" source=console
time="2026-07-08T20:06:15-07:00" level=info msg="\n--- R-CD-CHAINED-DEPTH-2 EVIDENCE SUMMARY ---" source=console
time="2026-07-08T20:06:15-07:00" level=info msg="{\n  \"row\": \"R-CD-CHAINED-DEPTH-2\",\n  \"manifest_loaded\": true,\n  \"nonce\": \"R-CD-CHAIN-1783566363349-5w2tmc3g\",\n  \"seat\": \"cael\",\n  \"requestedSessionKey\": \"main\",\n  \"sessionKey\": \"agent:main:r-cd-chain-r-cd-chain-1783566363349-5w2tmc3g\",\n  \"session_created\": true,\n  \"created_session_key\": \"agent:main:r-cd-chain-r-cd-chain-1783566363349-5w2tmc3g\",\n  \"candidateSha\": \"e08f696618da57e7267a2148578fa4ab0d8b0d01\",\n  \"started\": \"2026-07-09T03:06:03.349Z\",\n  \"parent_dispatch_accepted\": true,\n  \"child_spawned\": true,\n  \"grandchild_spawned\": true,\n  \"child_done_sentinel\": true,\n  \"grandchild_done_sentinel\": true,\n  \"chain_return_received\": true,\n  \"dispatch_accepted_at_ms\": 1783566364236,\n  \"max_depth_observed\": 2,\n  \"child_session\": null,\n  \"grandchild_session\": null,\n  \"trace_id\": null,\n  \"redacted_events\": [\n    {\n      \"ts\": 1783566363351,\n      \"kind\": \"event\",\n      \"method\": null,\n      \"event\": \"connect.challenge\",\n      \"ok\": null,\n      \"data\": null\n    },\n    {\n      \"ts\": 1783566363352,\n      \"kind\": \"other\",\n      \"method\": null,\n      \"event\": null,\n      \"ok\": null,\n      \"data\": null\n    },\n    {\n      \"ts\": 1783566363436,\n      \"kind\": \"event\",\n      \"method\": null,\n      \"event\": \"health\",\n      \"ok\": null,\n      \"data\": null\n    },\n    {\n      \"ts\": 1783566363693,\n      \"kind\": \"response\",\n      \"method\": \"sessions.create\",\n      \"event\": null,\n      \"ok\": true,\n      \"data\": {\n        \"ok\": true\n      }\n    },\n    {\n      \"ts\": 1783566363719,\n      \"kind\": \"response\",\n      \"method\": \"sessions.messages.subscribe\",\n      \"event\": null,\n      \"ok\": true,\n      \"data\": {}\n    },\n    {\n      \"ts\": 1783566364236,\n      \"kind\": \"response\",\n      \"method\": \"sessions.send\",\n      \"event\": null,\n      \"ok\": true,\n      \"data\": {\n        \"runId\": \"R-CD-CHAIN-R-CD-CHAIN-1783566363349-5w2tmc3g\",\n        \"status\": \"started\"\n      }\n    },\n    {\n      \"ts\": 1783566364827,\n      \"kind\": \"event\",\n      \"method\": null,\n      \"event\": \"agent\",\n      \"ok\": null,\n      \"data\": null\n    },\n    {\n      \"ts\": 1783566366603,\n      \"kind\": \"event\",\n      \"method\": null,\n      \"event\": \"agent\",\n      \"ok\": null,\n      \"data\": null\n    },\n    {\n      \"ts\": 1783566366645,\n      \"kind\": \"event\",\n      \"method\": null,\n      \"event\": \"agent\",\n      \"ok\": null,\n      \"data\": null\n    },\n    {\n      \"ts\": 1783566367787,\n      \"kind\": \"event\",\n      \"method\": null,\n      \"event\": \"agent\",\n      \"ok\": null,\n      \"data\": null\n    },\n    {\n      \"ts\": 1783566369219,\n      \"kind\": \"event\",\n      \"method\": null,\n      \"event\": \"health\",\n      \"ok\": null,\n      \"data\": null\n    },\n    {\n      \"ts\": 1783566369233,\n      \"kind\": \"event\",\n      \"method\": null,\n      \"event\": \"presence\",\n      \"ok\": null,\n      \"data\": null\n    },\n    {\n      \"ts\": 1783566369267,\n      \"kind\": \"event\",\n      \"method\": null,\n      \"event\": \"agent\",\n      \"ok\": null,\n      \"data\": null\n    },\n    {\n      \"ts\": 1783566370436,\n      \"kind\": \"event\",\n      \"method\": null,\n      \"event\": \"agent\",\n      \"ok\": null,\n      \"data\": null\n    },\n    {\n      \"ts\": 1783566370436,\n      \"kind\": \"event\",\n      \"method\": null,\n      \"event\": \"chat\",\n      \"ok\": null,\n      \"data\": null\n    },\n    {\n      \"ts\": 1783566370570,\n      \"kind\": \"event\",\n      \"method\": null,\n      \"event\": \"agent\",\n      \"ok\": null,\n      \"data\": null\n    },\n    {\n      \"ts\": 1783566370613,\n      \"kind\": \"event\",\n      \"method\": null,\n      \"event\": \"session.message\",\n      \"ok\": null,\n      \"data\": null\n    },\n    {\n      \"ts\": 1783566371415,\n      \"kind\": \"event\",\n      \"method\": null,\n      \"event\": \"agent\",\n      \"ok\": null,\n      \"data\": null\n    },\n    {\n      \"ts\": 1783566371445,\n      \"kind\": \"event\",\n      \"method\": null,\n      \"event\": \"agent\",\n      \"ok\": null,\n      \"data\": null\n    },\n    {\n      \"ts\": 1783566371453,\n      \"kind\": \"event\",\n      \"method\": null,\n      \"event\": \"agent\",\n      \"ok\": null,\n      \"data\": null\n    },\n    {\n      \"ts\": 1783566371453,\n      \"kind\": \"event\",\n      \"method\": null,\n      \"event\": \"chat\",\n      \"ok\": null,\n      \"data\": null\n    },\n    {\n      \"ts\": 1783566371464,\n      \"kind\": \"event\",\n      \"method\": null,\n      \"event\": \"agent\",\n      \"ok\": null,\n      \"data\": null\n    },\n    {\n      \"ts\": 1783566371558,\n      \"kind\": \"event\",\n      \"method\": null,\n      \"event\": \"agent\",\n      \"ok\": null,\n      \"data\": null\n    },\n    {\n      \"ts\": 1783566371712,\n      \"kind\": \"response\",\n      \"method\": \"tasks.list\",\n      \"event\": null,\n      \"ok\": true,\n      \"data\": {}\n    },\n    {\n      \"ts\": 1783566371738,\n      \"kind\": \"event\",\n      \"method\": null,\n      \"event\": \"chat\",\n      \"ok\": null,\n      \"data\": null\n    },\n    {\n      \"ts\": 1783566375376,\n      \"kind\": \"event\",\n      \"method\": null,\n      \"event\": \"session.message\",\n      \"ok\": null,\n      \"data\": null\n    }\n  ],\n  \"ended\": \"2026-07-09T03:06:15.377Z\",\n  \"duration_ms\": 12028\n}" source=console
time="2026-07-08T20:06:15-07:00" level=info msg="--- END EVIDENCE ---" source=console
time="2026-07-08T20:06:15-07:00" level=info msg="\n[R-CD-CHAINED-DEPTH-2] VERDICT: PASS-candidate" source=console
time="2026-07-08T20:06:15-07:00" level=info msg="  Max depth observed: 2" source=console

[R-CD-CHAINED-DEPTH-2] Summary: PASS-candidate | SHA: e08f696618da57e7267a2148578fa4ab0d8b0d01 | Seat: cael

running (0m12.0s), 0/1 VUs, 1 complete and 0 interrupted iterations
r_cd_chained_depth_2 ✓ [ 100% ] 1 VUs  0m12.0s/3m0s  1/1 shared iters
./r-cd-chained-depth-2-summary.json
[R-CD-CHAINED-DEPTH-2] METRICS: /tmp/p81-cael-live-resume-20260709T030548Z/out/e08f696618da57e7267a2148578fa4ab0d8b0d01/R-CD-CHAINED-DEPTH-2/cael/20260709T030603Z-r-cd-chained-depth-2/openclaw-proofs-k6.prom
[R-CD-CHAINED-DEPTH-2] ARTIFACTS: /tmp/p81-cael-live-resume-20260709T030548Z/out/e08f696618da57e7267a2148578fa4ab0d8b0d01/R-CD-CHAINED-DEPTH-2/cael/20260709T030603Z-r-cd-chained-depth-2
[R-CD-CHAINED-DEPTH-2] COMPLETED.
Observability check: query Grafana for run/nonce or review Tempo traces if trace ID was emitted.

----------------------------------------
Row: R-CD-COLLECTION-ON-COLLAPSE
Manifest: /tmp/oc-p81-current/tools/k6-proofs/manifests/r-cd-collection-on-collapse.json
Scenario: scenarios/static-corpus-row-validator.js
Status: runnable
Live Safety: k6-runnable
[R-CD-COLLECTION-ON-COLLAPSE] RUNNING...

         /\      Grafana   /‾‾/  
    /\  /  \     |\  __   /  /   
   /  \/    \    | |/ /  /   ‾‾\ 
  /          \   |   (  |  (‾)  |
 / __________ \  |_|\_\  \_____/ 


     execution: local
        script: scenarios/static-corpus-row-validator.js
        output: -

     scenarios: (100.00%) 1 scenario, 1 max VUs, 45s max duration (incl. graceful stop):
              * static_corpus_row_validator: 1 iterations shared among 1 VUs (maxDuration: 15s, gracefulStop: 30s)

time="2026-07-08T20:06:15-07:00" level=info msg="STATIC_CORPUS_ROW_EVIDENCE {\"row\":\"R-CD-COLLECTION-ON-COLLAPSE\",\"manifest_loaded\":true,\"candidateSha\":\"e08f696618da57e7267a2148578fa4ab0d8b0d01\",\"currentProofSha\":\"1cc8f4e3d617ef6f173283ef83d7b739a4995734\",\"carriedFrom\":\"bca2b0b89ab886bf23a10e4983926f6b374b3188\",\"started\":\"2026-07-09T03:06:15.572Z\",\"checks\":{\"verdictPass\":true,\"methodScope\":true,\"bTypedDelegate\":true,\"cAfterB\":true,\"cSentinelPresent\":true,\"rootCollection\":true,\"durableRows\":true,\"evaluationPass\":true,\"tracePresent\":true},\"source_files\":{\"evidence\":\"../../../PROOFS/1cc8f4e3d617ef6f173283ef83d7b739a4995734/R-CD-COLLECTION-ON-COLLAPSE/cael-dgx/EVIDENCE.md\",\"evaluation\":\"../../../PROOFS/1cc8f4e3d617ef6f173283ef83d7b739a4995734/R-CD-COLLECTION-ON-COLLAPSE/cael-dgx/evaluation.json\",\"flowRows\":\"../../../PROOFS/1cc8f4e3d617ef6f173283ef83d7b739a4995734/R-CD-COLLECTION-ON-COLLAPSE/cael-dgx/db/flow-rows-concise.json\",\"taskRows\":\"../../../PROOFS/1cc8f4e3d617ef6f173283ef83d7b739a4995734/R-CD-COLLECTION-ON-COLLAPSE/cael-dgx/db/task-rows-concise.json\",\"rootReceipt\":\"../../../PROOFS/1cc8f4e3d617ef6f173283ef83d7b739a4995734/R-CD-COLLECTION-ON-COLLAPSE/cael-dgx/main/root-collection-receipt.md\",\"journal\":\"../../../PROOFS/1cc8f4e3d617ef6f173283ef83d7b739a4995734/R-CD-COLLECTION-ON-COLLAPSE/cael-dgx/journal/filtered.log\",\"traceSummary\":\"../../../PROOFS/1cc8f4e3d617ef6f173283ef83d7b739a4995734/R-CD-COLLECTION-ON-COLLAPSE/cael-dgx/tempo/trace-summary.json\"},\"ended\":\"2026-07-09T03:06:15.572Z\",\"duration_ms\":0,\"verdict\":\"PASS-candidate\"}" source=console

running (00.0s), 0/1 VUs, 1 complete and 0 interrupted iterations
static_corpus_row_validator ✓ [ 100% ] 1 VUs  00.0s/15s  1/1 shared iters
./static-corpus-row-summary.json
[R-CD-COLLECTION-ON-COLLAPSE] METRICS: /tmp/p81-cael-live-resume-20260709T030548Z/out/e08f696618da57e7267a2148578fa4ab0d8b0d01/R-CD-COLLECTION-ON-COLLAPSE/cael/20260709T030615Z-r-cd-collection-on-collapse/openclaw-proofs-k6.prom
[R-CD-COLLECTION-ON-COLLAPSE] ARTIFACTS: /tmp/p81-cael-live-resume-20260709T030548Z/out/e08f696618da57e7267a2148578fa4ab0d8b0d01/R-CD-COLLECTION-ON-COLLAPSE/cael/20260709T030615Z-r-cd-collection-on-collapse
[R-CD-COLLECTION-ON-COLLAPSE] COMPLETED.
Observability check: query Grafana for run/nonce or review Tempo traces if trace ID was emitted.

----------------------------------------
Row: R-CD-MODEL-CHAINED-ALT
Manifest: /tmp/oc-p81-current/tools/k6-proofs/manifests/r-cd-model-chained-alt.json
Scenario: scenarios/r-cd-model-chained-alt.js
Status: runnable
Live Safety: k6-runnable
[R-CD-MODEL-CHAINED-ALT] RUNNING...

         /\      Grafana   /‾‾/  
    /\  /  \     |\  __   /  /   
   /  \/    \    | |/ /  /   ‾‾\ 
  /          \   |   (  |  (‾)  |
 / __________ \  |_|\_\  \_____/ 


     execution: local
        script: scenarios/r-cd-model-chained-alt.js
        output: -

     scenarios: (100.00%) 1 scenario, 1 max VUs, 4m30s max duration (incl. graceful stop):
              * r_cd_model_chained_alt: 1 iterations shared among 1 VUs (maxDuration: 4m0s, gracefulStop: 30s)

time="2026-07-08T20:06:16-07:00" level=info msg="✓ disposable session created: agent:main:r-cd-model-chain-r-cd-model-chained-alt-1783566375772-7a26f7dn" source=console
time="2026-07-08T20:06:16-07:00" level=info msg="✓ sessions.send accepted — chained model parent turn triggered" source=console

running (0m01.0s), 1/1 VUs, 0 complete and 0 interrupted iterations
r_cd_model_chained_alt   [   0% ] 1 VUs  0m01.0s/4m0s  0/1 shared iters

running (0m02.0s), 1/1 VUs, 0 complete and 0 interrupted iterations
r_cd_model_chained_alt   [   0% ] 1 VUs  0m02.0s/4m0s  0/1 shared iters

running (0m03.0s), 1/1 VUs, 0 complete and 0 interrupted iterations
r_cd_model_chained_alt   [   0% ] 1 VUs  0m03.0s/4m0s  0/1 shared iters

running (0m04.0s), 1/1 VUs, 0 complete and 0 interrupted iterations
r_cd_model_chained_alt   [   0% ] 1 VUs  0m04.0s/4m0s  0/1 shared iters

running (0m05.0s), 1/1 VUs, 0 complete and 0 interrupted iterations
r_cd_model_chained_alt   [   0% ] 1 VUs  0m05.0s/4m0s  0/1 shared iters

running (0m06.0s), 1/1 VUs, 0 complete and 0 interrupted iterations
r_cd_model_chained_alt   [   0% ] 1 VUs  0m06.0s/4m0s  0/1 shared iters

running (0m07.0s), 1/1 VUs, 0 complete and 0 interrupted iterations
r_cd_model_chained_alt   [   0% ] 1 VUs  0m07.0s/4m0s  0/1 shared iters

running (0m08.0s), 1/1 VUs, 0 complete and 0 interrupted iterations
r_cd_model_chained_alt   [   0% ] 1 VUs  0m08.0s/4m0s  0/1 shared iters

running (0m09.0s), 1/1 VUs, 0 complete and 0 interrupted iterations
r_cd_model_chained_alt   [   0% ] 1 VUs  0m09.0s/4m0s  0/1 shared iters

running (0m10.0s), 1/1 VUs, 0 complete and 0 interrupted iterations
r_cd_model_chained_alt   [   0% ] 1 VUs  0m10.0s/4m0s  0/1 shared iters

running (0m11.0s), 1/1 VUs, 0 complete and 0 interrupted iterations
r_cd_model_chained_alt   [   0% ] 1 VUs  0m11.0s/4m0s  0/1 shared iters

running (0m12.0s), 1/1 VUs, 0 complete and 0 interrupted iterations
r_cd_model_chained_alt   [   0% ] 1 VUs  0m12.0s/4m0s  0/1 shared iters

running (0m13.0s), 1/1 VUs, 0 complete and 0 interrupted iterations
r_cd_model_chained_alt   [   0% ] 1 VUs  0m13.0s/4m0s  0/1 shared iters

running (0m14.0s), 1/1 VUs, 0 complete and 0 interrupted iterations
r_cd_model_chained_alt   [   0% ] 1 VUs  0m14.0s/4m0s  0/1 shared iters

running (0m15.0s), 1/1 VUs, 0 complete and 0 interrupted iterations
r_cd_model_chained_alt   [   0% ] 1 VUs  0m15.0s/4m0s  0/1 shared iters

running (0m16.0s), 1/1 VUs, 0 complete and 0 interrupted iterations
r_cd_model_chained_alt   [   0% ] 1 VUs  0m16.0s/4m0s  0/1 shared iters

running (0m17.0s), 1/1 VUs, 0 complete and 0 interrupted iterations
r_cd_model_chained_alt   [   0% ] 1 VUs  0m17.0s/4m0s  0/1 shared iters

running (0m18.0s), 1/1 VUs, 0 complete and 0 interrupted iterations
r_cd_model_chained_alt   [   0% ] 1 VUs  0m18.0s/4m0s  0/1 shared iters

running (0m19.0s), 1/1 VUs, 0 complete and 0 interrupted iterations
r_cd_model_chained_alt   [   0% ] 1 VUs  0m19.0s/4m0s  0/1 shared iters
time="2026-07-08T20:06:35-07:00" level=info msg="✓ depth-1 scheduled depth-2 sentinel observed" source=console
time="2026-07-08T20:06:35-07:00" level=info msg="✓ depth-2 model return observed" source=console
time="2026-07-08T20:06:35-07:00" level=info msg="All required R-CD-MODEL-CHAINED-ALT evidence gathered, closing early" source=console
time="2026-07-08T20:06:35-07:00" level=info msg="\n--- R-CD-MODEL-CHAINED-ALT EVIDENCE SUMMARY ---" source=console
time="2026-07-08T20:06:35-07:00" level=info msg="{\n  \"row\": \"R-CD-MODEL-CHAINED-ALT\",\n  \"manifest_loaded\": true,\n  \"nonce\": \"R-CD-MODEL-CHAINED-ALT-1783566375772-7a26f7dn\",\n  \"seat\": \"cael\",\n  \"requestedSessionKey\": \"main\",\n  \"sessionKey\": \"agent:main:r-cd-model-chain-r-cd-model-chained-alt-1783566375772-7a26f7dn\",\n  \"session_created\": true,\n  \"created_session_key\": \"agent:main:r-cd-model-chain-r-cd-model-chained-alt-1783566375772-7a26f7dn\",\n  \"candidateSha\": \"e08f696618da57e7267a2148578fa4ab0d8b0d01\",\n  \"started\": \"2026-07-09T03:06:15.773Z\",\n  \"requested_model_byte\": \"gpt\",\n  \"dispatch_accepted\": true,\n  \"dispatch_accepted_at_ms\": 1783566376679,\n  \"depth_1_child_observed\": true,\n  \"depth_2_child_observed\": true,\n  \"depth_1_scheduled_inner\": true,\n  \"depth_2_model_byte\": \"gpt.\",\n  \"model_matches\": true,\n  \"return_payload\": true,\n  \"trace_id\": null,\n  \"redacted_events\": [\n    {\n      \"ts\": 1783566375774,\n      \"kind\": \"event\",\n      \"method\": null,\n      \"event\": \"connect.challenge\",\n      \"ok\": null,\n      \"data\": null\n    },\n    {\n      \"ts\": 1783566375775,\n      \"kind\": \"other\",\n      \"method\": null,\n      \"event\": null,\n      \"ok\": null,\n      \"data\": null\n    },\n    {\n      \"ts\": 1783566375829,\n      \"kind\": \"event\",\n      \"method\": null,\n      \"event\": \"health\",\n      \"ok\": null,\n      \"data\": null\n    },\n    {\n      \"ts\": 1783566376143,\n      \"kind\": \"response\",\n      \"method\": \"sessions.create\",\n      \"event\": null,\n      \"ok\": true,\n      \"data\": {\n        \"ok\": true\n      }\n    },\n    {\n      \"ts\": 1783566376177,\n      \"kind\": \"response\",\n      \"method\": \"sessions.messages.subscribe\",\n      \"event\": null,\n      \"ok\": true,\n      \"data\": {}\n    },\n    {\n      \"ts\": 1783566376679,\n      \"kind\": \"response\",\n      \"method\": \"sessions.send\",\n      \"event\": null,\n      \"ok\": true,\n      \"data\": {\n        \"runId\": \"R-CD-MODEL-CHAINED-ALT-DISPATCH-R-CD-MODEL-CHAINED-ALT-1783566375772-7a26f7dn\",\n        \"status\": \"started\"\n      }\n    },\n    {\n      \"ts\": 1783566377281,\n      \"kind\": \"event\",\n      \"method\": null,\n      \"event\": \"agent\",\n      \"ok\": null,\n      \"data\": null\n    },\n    {\n      \"ts\": 1783566378024,\n      \"kind\": \"event\",\n      \"method\": null,\n      \"event\": \"health\",\n      \"ok\": null,\n      \"data\": null\n    },\n    {\n      \"ts\": 1783566378147,\n      \"kind\": \"event\",\n      \"method\": null,\n      \"event\": \"tick\",\n      \"ok\": null,\n      \"data\": null\n    },\n    {\n      \"ts\": 1783566378749,\n      \"kind\": \"event\",\n      \"method\": null,\n      \"event\": \"agent\",\n      \"ok\": null,\n      \"data\": null\n    },\n    {\n      \"ts\": 1783566378839,\n      \"kind\": \"event\",\n      \"method\": null,\n      \"event\": \"agent\",\n      \"ok\": null,\n      \"data\": null\n    },\n    {\n      \"ts\": 1783566379010,\n      \"kind\": \"event\",\n      \"method\": null,\n      \"event\": \"chat\",\n      \"ok\": null,\n      \"data\": null\n    },\n    {\n      \"ts\": 1783566379980,\n      \"kind\": \"event\",\n      \"method\": null,\n      \"event\": \"agent\",\n      \"ok\": null,\n      \"data\": null\n    },\n    {\n      \"ts\": 1783566381545,\n      \"kind\": \"event\",\n      \"method\": null,\n      \"event\": \"health\",\n      \"ok\": null,\n      \"data\": null\n    },\n    {\n      \"ts\": 1783566381566,\n      \"kind\": \"event\",\n      \"method\": null,\n      \"event\": \"presence\",\n      \"ok\": null,\n      \"data\": null\n    },\n    {\n      \"ts\": 1783566381608,\n      \"kind\": \"event\",\n      \"method\": null,\n      \"event\": \"agent\",\n      \"ok\": null,\n      \"data\": null\n    },\n    {\n      \"ts\": 1783566386559,\n      \"kind\": \"event\",\n      \"method\": null,\n      \"event\": \"chat\",\n      \"ok\": null,\n      \"data\": null\n    },\n    {\n      \"ts\": 1783566390426,\n      \"kind\": \"event\",\n      \"method\": null,\n      \"event\": \"agent\",\n      \"ok\": null,\n      \"data\": null\n    },\n    {\n      \"ts\": 1783566390426,\n      \"kind\": \"event\",\n      \"method\": null,\n      \"event\": \"chat\",\n      \"ok\": null,\n      \"data\": null\n    },\n    {\n      \"ts\": 1783566390565,\n      \"kind\": \"event\",\n      \"method\": null,\n      \"event\": \"agent\",\n      \"ok\": null,\n      \"data\": null\n    },\n    {\n      \"ts\": 1783566390609,\n      \"kind\": \"event\",\n      \"method\": null,\n      \"event\": \"session.message\",\n      \"ok\": null,\n      \"data\": null\n    },\n    {\n      \"ts\": 1783566393839,\n      \"kind\": \"event\",\n      \"method\": null,\n      \"event\": \"chat\",\n      \"ok\": null,\n      \"data\": null\n    },\n    {\n      \"ts\": 1783566395436,\n      \"kind\": \"event\",\n      \"method\": null,\n      \"event\": \"session.message\",\n      \"ok\": null,\n      \"data\": null\n    }\n  ],\n  \"ended\": \"2026-07-09T03:06:35.437Z\",\n  \"duration_ms\": 19664\n}" source=console
time="2026-07-08T20:06:35-07:00" level=info msg="--- END EVIDENCE ---" source=console
time="2026-07-08T20:06:35-07:00" level=info msg="\n[R-CD-MODEL-CHAINED-ALT] VERDICT: PASS-candidate" source=console

[R-CD-MODEL-CHAINED-ALT] Summary: PASS-candidate | SHA: e08f696618da57e7267a2148578fa4ab0d8b0d01 | Seat: cael

running (0m19.7s), 0/1 VUs, 1 complete and 0 interrupted iterations
r_cd_model_chained_alt ✓ [ 100% ] 1 VUs  0m19.7s/4m0s  1/1 shared iters
./r-cd-model-chained-alt-summary.json
[R-CD-MODEL-CHAINED-ALT] METRICS: /tmp/p81-cael-live-resume-20260709T030548Z/out/e08f696618da57e7267a2148578fa4ab0d8b0d01/R-CD-MODEL-CHAINED-ALT/cael/20260709T030615Z-r-cd-model-chained-alt/openclaw-proofs-k6.prom
[R-CD-MODEL-CHAINED-ALT] ARTIFACTS: /tmp/p81-cael-live-resume-20260709T030548Z/out/e08f696618da57e7267a2148578fa4ab0d8b0d01/R-CD-MODEL-CHAINED-ALT/cael/20260709T030615Z-r-cd-model-chained-alt
[R-CD-MODEL-CHAINED-ALT] COMPLETED.
Observability check: query Grafana for run/nonce or review Tempo traces if trace ID was emitted.

----------------------------------------
Row: R-CD-MODEL-DEFAULT
Manifest: /tmp/oc-p81-current/tools/k6-proofs/manifests/r-cd-model-default.json
Scenario: scenarios/r-cd-model-default.js
Status: runnable
Live Safety: k6-runnable
[R-CD-MODEL-DEFAULT] RUNNING...

         /\      Grafana   /‾‾/  
    /\  /  \     |\  __   /  /   
   /  \/    \    | |/ /  /   ‾‾\ 
  /          \   |   (  |  (‾)  |
 / __________ \  |_|\_\  \_____/ 


     execution: local
        script: scenarios/r-cd-model-default.js
        output: -

     scenarios: (100.00%) 1 scenario, 1 max VUs, 3m30s max duration (incl. graceful stop):
              * r_cd_model_default: 1 iterations shared among 1 VUs (maxDuration: 3m0s, gracefulStop: 30s)

time="2026-07-08T20:06:36-07:00" level=info msg="✓ disposable session created: agent:main:r-cd-model-default-r-cd-model-default-1783566395630-rhd4qrhh" source=console
time="2026-07-08T20:06:36-07:00" level=info msg="✓ sessions.send accepted — default model delegate turn triggered" source=console

running (0m01.0s), 1/1 VUs, 0 complete and 0 interrupted iterations
r_cd_model_default   [   0% ] 1 VUs  0m01.0s/3m0s  0/1 shared iters

running (0m02.0s), 1/1 VUs, 0 complete and 0 interrupted iterations
r_cd_model_default   [   0% ] 1 VUs  0m02.0s/3m0s  0/1 shared iters

running (0m03.0s), 1/1 VUs, 0 complete and 0 interrupted iterations
r_cd_model_default   [   0% ] 1 VUs  0m03.0s/3m0s  0/1 shared iters

running (0m04.0s), 1/1 VUs, 0 complete and 0 interrupted iterations
r_cd_model_default   [   0% ] 1 VUs  0m04.0s/3m0s  0/1 shared iters

running (0m05.0s), 1/1 VUs, 0 complete and 0 interrupted iterations
r_cd_model_default   [   0% ] 1 VUs  0m05.0s/3m0s  0/1 shared iters

running (0m06.0s), 1/1 VUs, 0 complete and 0 interrupted iterations
r_cd_model_default   [   0% ] 1 VUs  0m06.0s/3m0s  0/1 shared iters

running (0m07.0s), 1/1 VUs, 0 complete and 0 interrupted iterations
r_cd_model_default   [   0% ] 1 VUs  0m07.0s/3m0s  0/1 shared iters

running (0m08.0s), 1/1 VUs, 0 complete and 0 interrupted iterations
r_cd_model_default   [   0% ] 1 VUs  0m08.0s/3m0s  0/1 shared iters

running (0m09.0s), 1/1 VUs, 0 complete and 0 interrupted iterations
r_cd_model_default   [   0% ] 1 VUs  0m09.0s/3m0s  0/1 shared iters

running (0m10.0s), 1/1 VUs, 0 complete and 0 interrupted iterations
r_cd_model_default   [   0% ] 1 VUs  0m10.0s/3m0s  0/1 shared iters

running (0m11.0s), 1/1 VUs, 0 complete and 0 interrupted iterations
r_cd_model_default   [   0% ] 1 VUs  0m11.0s/3m0s  0/1 shared iters

running (0m12.0s), 1/1 VUs, 0 complete and 0 interrupted iterations
r_cd_model_default   [   0% ] 1 VUs  0m12.0s/3m0s  0/1 shared iters

running (0m13.0s), 1/1 VUs, 0 complete and 0 interrupted iterations
r_cd_model_default   [   0% ] 1 VUs  0m13.0s/3m0s  0/1 shared iters

running (0m14.0s), 1/1 VUs, 0 complete and 0 interrupted iterations
r_cd_model_default   [   0% ] 1 VUs  0m14.0s/3m0s  0/1 shared iters

running (0m15.0s), 1/1 VUs, 0 complete and 0 interrupted iterations
r_cd_model_default   [   0% ] 1 VUs  0m15.0s/3m0s  0/1 shared iters
time="2026-07-08T20:06:51-07:00" level=info msg="✓ MODEL-DEFAULT-CHILD return payload observed" source=console
time="2026-07-08T20:06:51-07:00" level=info msg="All required R-CD-MODEL-DEFAULT evidence gathered, closing early" source=console
time="2026-07-08T20:06:51-07:00" level=info msg="\n--- R-CD-MODEL-DEFAULT EVIDENCE SUMMARY ---" source=console
time="2026-07-08T20:06:51-07:00" level=info msg="{\n  \"row\": \"R-CD-MODEL-DEFAULT\",\n  \"manifest_loaded\": true,\n  \"nonce\": \"R-CD-MODEL-DEFAULT-1783566395630-rhd4qrhh\",\n  \"seat\": \"cael\",\n  \"requestedSessionKey\": \"main\",\n  \"sessionKey\": \"agent:main:r-cd-model-default-r-cd-model-default-1783566395630-rhd4qrhh\",\n  \"session_created\": true,\n  \"created_session_key\": \"agent:main:r-cd-model-default-r-cd-model-default-1783566395630-rhd4qrhh\",\n  \"candidateSha\": \"e08f696618da57e7267a2148578fa4ab0d8b0d01\",\n  \"started\": \"2026-07-09T03:06:35.630Z\",\n  \"parent_model_byte\": \"github-copilot/gpt-5.5\",\n  \"dispatch_accepted\": true,\n  \"child_session_observed\": true,\n  \"child_model_byte\": \"github-copilot/gpt-5.5\",\n  \"model_matches\": true,\n  \"return_payload\": true,\n  \"trace_id\": null,\n  \"redacted_events\": [\n    {\n      \"ts\": 1783566395632,\n      \"kind\": \"event\",\n      \"method\": null,\n      \"event\": \"connect.challenge\",\n      \"ok\": null,\n      \"data\": null\n    },\n    {\n      \"ts\": 1783566395633,\n      \"kind\": \"other\",\n      \"method\": null,\n      \"event\": null,\n      \"ok\": null,\n      \"data\": null\n    },\n    {\n      \"ts\": 1783566395705,\n      \"kind\": \"event\",\n      \"method\": null,\n      \"event\": \"health\",\n      \"ok\": null,\n      \"data\": null\n    },\n    {\n      \"ts\": 1783566396013,\n      \"kind\": \"response\",\n      \"method\": \"sessions.create\",\n      \"event\": null,\n      \"ok\": true,\n      \"data\": {\n        \"ok\": true\n      }\n    },\n    {\n      \"ts\": 1783566396043,\n      \"kind\": \"response\",\n      \"method\": \"sessions.messages.subscribe\",\n      \"event\": null,\n      \"ok\": true,\n      \"data\": {}\n    },\n    {\n      \"ts\": 1783566396544,\n      \"kind\": \"response\",\n      \"method\": \"sessions.send\",\n      \"event\": null,\n      \"ok\": true,\n      \"data\": {\n        \"runId\": \"R-CD-MODEL-DEFAULT-DISPATCH-R-CD-MODEL-DEFAULT-1783566395630-rhd4qrhh\",\n        \"status\": \"started\"\n      }\n    },\n    {\n      \"ts\": 1783566397170,\n      \"kind\": \"event\",\n      \"method\": null,\n      \"event\": \"agent\",\n      \"ok\": null,\n      \"data\": null\n    },\n    {\n      \"ts\": 1783566401261,\n      \"kind\": \"event\",\n      \"method\": null,\n      \"event\": \"agent\",\n      \"ok\": null,\n      \"data\": null\n    },\n    {\n      \"ts\": 1783566401283,\n      \"kind\": \"event\",\n      \"method\": null,\n      \"event\": \"agent\",\n      \"ok\": null,\n      \"data\": null\n    },\n    {\n      \"ts\": 1783566401469,\n      \"kind\": \"event\",\n      \"method\": null,\n      \"event\": \"agent\",\n      \"ok\": null,\n      \"data\": null\n    },\n    {\n      \"ts\": 1783566403132,\n      \"kind\": \"event\",\n      \"method\": null,\n      \"event\": \"health\",\n      \"ok\": null,\n      \"data\": null\n    },\n    {\n      \"ts\": 1783566403144,\n      \"kind\": \"event\",\n      \"method\": null,\n      \"event\": \"presence\",\n      \"ok\": null,\n      \"data\": null\n    },\n    {\n      \"ts\": 1783566403183,\n      \"kind\": \"event\",\n      \"method\": null,\n      \"event\": \"agent\",\n      \"ok\": null,\n      \"data\": null\n    },\n    {\n      \"ts\": 1783566403710,\n      \"kind\": \"event\",\n      \"method\": null,\n      \"event\": \"agent\",\n      \"ok\": null,\n      \"data\": null\n    },\n    {\n      \"ts\": 1783566403711,\n      \"kind\": \"event\",\n      \"method\": null,\n      \"event\": \"chat\",\n      \"ok\": null,\n      \"data\": null\n    },\n    {\n      \"ts\": 1783566403865,\n      \"kind\": \"event\",\n      \"method\": null,\n      \"event\": \"agent\",\n      \"ok\": null,\n      \"data\": null\n    },\n    {\n      \"ts\": 1783566403865,\n      \"kind\": \"event\",\n      \"method\": null,\n      \"event\": \"agent\",\n      \"ok\": null,\n      \"data\": null\n    },\n    {\n      \"ts\": 1783566403865,\n      \"kind\": \"event\",\n      \"method\": null,\n      \"event\": \"chat\",\n      \"ok\": null,\n      \"data\": null\n    },\n    {\n      \"ts\": 1783566403880,\n      \"kind\": \"event\",\n      \"method\": null,\n      \"event\": \"agent\",\n      \"ok\": null,\n      \"data\": null\n    },\n    {\n      \"ts\": 1783566403982,\n      \"kind\": \"event\",\n      \"method\": null,\n      \"event\": \"agent\",\n      \"ok\": null,\n      \"data\": null\n    },\n    {\n      \"ts\": 1783566403982,\n      \"kind\": \"event\",\n      \"method\": null,\n      \"event\": \"chat\",\n      \"ok\": null,\n      \"data\": null\n    },\n    {\n      \"ts\": 1783566405140,\n      \"kind\": \"event\",\n      \"method\": null,\n      \"event\": \"agent\",\n      \"ok\": null,\n      \"data\": null\n    },\n    {\n      \"ts\": 1783566405140,\n      \"kind\": \"event\",\n      \"method\": null,\n      \"event\": \"chat\",\n      \"ok\": null,\n      \"data\": null\n    },\n    {\n      \"ts\": 1783566405285,\n      \"kind\": \"event\",\n      \"method\": null,\n      \"event\": \"agent\",\n      \"ok\": null,\n      \"data\": null\n    },\n    {\n      \"ts\": 1783566405329,\n      \"kind\": \"event\",\n      \"method\": null,\n      \"event\": \"session.message\",\n      \"ok\": null,\n      \"data\": null\n    },\n    {\n      \"ts\": 1783566406753,\n      \"kind\": \"event\",\n      \"method\": null,\n      \"event\": \"task\",\n      \"ok\": null,\n      \"data\": null\n    },\n    {\n      \"ts\": 1783566406754,\n      \"kind\": \"event\",\n      \"method\": null,\n      \"event\": \"task\",\n      \"ok\": null,\n      \"data\": null\n    },\n    {\n      \"ts\": 1783566406793,\n      \"kind\": \"event\",\n      \"method\": null,\n      \"event\": \"task\",\n      \"ok\": null,\n      \"data\": null\n    },\n    {\n      \"ts\": 1783566406982,\n      \"kind\": \"event\",\n      \"method\": null,\n      \"event\": \"health\",\n      \"ok\": null,\n      \"data\": null\n    },\n    {\n      \"ts\": 1783566407671,\n      \"kind\": \"event\",\n      \"method\": null,\n      \"event\": \"agent\",\n      \"ok\": null,\n      \"data\": null\n    },\n    {\n      \"ts\": 1783566408147,\n      \"kind\": \"event\",\n      \"method\": null,\n      \"event\": \"tick\",\n      \"ok\": null,\n      \"data\": null\n    },\n    {\n      \"ts\": 1783566410323,\n      \"kind\": \"event\",\n      \"method\": null,\n      \"event\": \"agent\",\n      \"ok\": null,\n      \"data\": null\n    },\n    {\n      \"ts\": 1783566411234,\n      \"kind\": \"event\",\n      \"method\": null,\n      \"event\": \"session.message\",\n      \"ok\": null,\n      \"data\": null\n    }\n  ],\n  \"ended\": \"2026-07-09T03:06:51.234Z\",\n  \"duration_ms\": 15604\n}" source=console
time="2026-07-08T20:06:51-07:00" level=info msg="--- END EVIDENCE ---" source=console
time="2026-07-08T20:06:51-07:00" level=info msg="\n[R-CD-MODEL-DEFAULT] VERDICT: PASS-candidate" source=console

[R-CD-MODEL-DEFAULT] Summary: PASS-candidate | SHA: e08f696618da57e7267a2148578fa4ab0d8b0d01 | Seat: cael

running (0m15.6s), 0/1 VUs, 1 complete and 0 interrupted iterations
r_cd_model_default ✓ [ 100% ] 1 VUs  0m15.6s/3m0s  1/1 shared iters
./r-cd-model-default-summary.json
[R-CD-MODEL-DEFAULT] METRICS: /tmp/p81-cael-live-resume-20260709T030548Z/out/e08f696618da57e7267a2148578fa4ab0d8b0d01/R-CD-MODEL-DEFAULT/cael/20260709T030635Z-r-cd-model-default/openclaw-proofs-k6.prom
[R-CD-MODEL-DEFAULT] ARTIFACTS: /tmp/p81-cael-live-resume-20260709T030548Z/out/e08f696618da57e7267a2148578fa4ab0d8b0d01/R-CD-MODEL-DEFAULT/cael/20260709T030635Z-r-cd-model-default
[R-CD-MODEL-DEFAULT] COMPLETED.
Observability check: query Grafana for run/nonce or review Tempo traces if trace ID was emitted.

----------------------------------------
Row: R-CD-MODEL-TOKEN
Manifest: /tmp/oc-p81-current/tools/k6-proofs/manifests/r-cd-model-token.json
Scenario: scenarios/r-cd-model-token.js
Status: runnable
Live Safety: k6-runnable
[R-CD-MODEL-TOKEN] RUNNING...

         /\      Grafana   /‾‾/  
    /\  /  \     |\  __   /  /   
   /  \/    \    | |/ /  /   ‾‾\ 
  /          \   |   (  |  (‾)  |
 / __________ \  |_|\_\  \_____/ 


     execution: local
        script: scenarios/r-cd-model-token.js
        output: -

     scenarios: (100.00%) 1 scenario, 1 max VUs, 4m0s max duration (incl. graceful stop):
              * r_cd_model_token: 1 iterations shared among 1 VUs (maxDuration: 3m30s, gracefulStop: 30s)

time="2026-07-08T20:06:52-07:00" level=info msg="✓ disposable session created: agent:main:r-cd-model-token-r-cd-model-token-1783566411459-tqxa67hi" source=console

running (0m01.0s), 1/1 VUs, 0 complete and 0 interrupted iterations
r_cd_model_token   [   0% ] 1 VUs  0m01.0s/3m30s  0/1 shared iters
time="2026-07-08T20:06:52-07:00" level=info msg="✓ sessions.send accepted — parent agent turn triggered" source=console

running (0m02.0s), 1/1 VUs, 0 complete and 0 interrupted iterations
r_cd_model_token   [   0% ] 1 VUs  0m02.0s/3m30s  0/1 shared iters

running (0m03.0s), 1/1 VUs, 0 complete and 0 interrupted iterations
r_cd_model_token   [   0% ] 1 VUs  0m03.0s/3m30s  0/1 shared iters

running (0m04.0s), 1/1 VUs, 0 complete and 0 interrupted iterations
r_cd_model_token   [   0% ] 1 VUs  0m04.0s/3m30s  0/1 shared iters

running (0m05.0s), 1/1 VUs, 0 complete and 0 interrupted iterations
r_cd_model_token   [   0% ] 1 VUs  0m05.0s/3m30s  0/1 shared iters

running (0m06.0s), 1/1 VUs, 0 complete and 0 interrupted iterations
r_cd_model_token   [   0% ] 1 VUs  0m06.0s/3m30s  0/1 shared iters

running (0m07.0s), 1/1 VUs, 0 complete and 0 interrupted iterations
r_cd_model_token   [   0% ] 1 VUs  0m07.0s/3m30s  0/1 shared iters

running (0m08.0s), 1/1 VUs, 0 complete and 0 interrupted iterations
r_cd_model_token   [   0% ] 1 VUs  0m08.0s/3m30s  0/1 shared iters

running (0m09.0s), 1/1 VUs, 0 complete and 0 interrupted iterations
r_cd_model_token   [   0% ] 1 VUs  0m09.0s/3m30s  0/1 shared iters

running (0m10.0s), 1/1 VUs, 0 complete and 0 interrupted iterations
r_cd_model_token   [   0% ] 1 VUs  0m10.0s/3m30s  0/1 shared iters

running (0m11.0s), 1/1 VUs, 0 complete and 0 interrupted iterations
r_cd_model_token   [   0% ] 1 VUs  0m11.0s/3m30s  0/1 shared iters

running (0m12.0s), 1/1 VUs, 0 complete and 0 interrupted iterations
r_cd_model_token   [   0% ] 1 VUs  0m12.0s/3m30s  0/1 shared iters

running (0m13.0s), 1/1 VUs, 0 complete and 0 interrupted iterations
r_cd_model_token   [   0% ] 1 VUs  0m13.0s/3m30s  0/1 shared iters

running (0m14.0s), 1/1 VUs, 0 complete and 0 interrupted iterations
r_cd_model_token   [   0% ] 1 VUs  0m14.0s/3m30s  0/1 shared iters

running (0m15.0s), 1/1 VUs, 0 complete and 0 interrupted iterations
r_cd_model_token   [   0% ] 1 VUs  0m15.0s/3m30s  0/1 shared iters

running (0m16.0s), 1/1 VUs, 0 complete and 0 interrupted iterations
r_cd_model_token   [   0% ] 1 VUs  0m16.0s/3m30s  0/1 shared iters

running (0m17.0s), 1/1 VUs, 0 complete and 0 interrupted iterations
r_cd_model_token   [   0% ] 1 VUs  0m17.0s/3m30s  0/1 shared iters

running (0m18.0s), 1/1 VUs, 0 complete and 0 interrupted iterations
r_cd_model_token   [   0% ] 1 VUs  0m18.0s/3m30s  0/1 shared iters

running (0m19.0s), 1/1 VUs, 0 complete and 0 interrupted iterations
r_cd_model_token   [   0% ] 1 VUs  0m19.0s/3m30s  0/1 shared iters

running (0m20.0s), 1/1 VUs, 0 complete and 0 interrupted iterations
r_cd_model_token   [   0% ] 1 VUs  0m20.0s/3m30s  0/1 shared iters

running (0m21.0s), 1/1 VUs, 0 complete and 0 interrupted iterations
r_cd_model_token   [   0% ] 1 VUs  0m21.0s/3m30s  0/1 shared iters

running (0m22.0s), 1/1 VUs, 0 complete and 0 interrupted iterations
r_cd_model_token   [   0% ] 1 VUs  0m22.0s/3m30s  0/1 shared iters

running (0m23.0s), 1/1 VUs, 0 complete and 0 interrupted iterations
r_cd_model_token   [   0% ] 1 VUs  0m23.0s/3m30s  0/1 shared iters

running (0m24.0s), 1/1 VUs, 0 complete and 0 interrupted iterations
r_cd_model_token   [   0% ] 1 VUs  0m24.0s/3m30s  0/1 shared iters

running (0m25.0s), 1/1 VUs, 0 complete and 0 interrupted iterations
r_cd_model_token   [   0% ] 1 VUs  0m25.0s/3m30s  0/1 shared iters
time="2026-07-08T20:07:16-07:00" level=info msg="ℹ Ignoring harness prompt echo event" source=console

running (0m26.0s), 1/1 VUs, 0 complete and 0 interrupted iterations
r_cd_model_token   [   0% ] 1 VUs  0m26.0s/3m30s  0/1 shared iters

running (0m27.0s), 1/1 VUs, 0 complete and 0 interrupted iterations
r_cd_model_token   [   0% ] 1 VUs  0m27.0s/3m30s  0/1 shared iters

running (0m28.0s), 1/1 VUs, 0 complete and 0 interrupted iterations
r_cd_model_token   [   0% ] 1 VUs  0m28.0s/3m30s  0/1 shared iters

running (0m29.0s), 1/1 VUs, 0 complete and 0 interrupted iterations
r_cd_model_token   [   0% ] 1 VUs  0m29.0s/3m30s  0/1 shared iters

running (0m30.0s), 1/1 VUs, 0 complete and 0 interrupted iterations
r_cd_model_token   [   0% ] 1 VUs  0m30.0s/3m30s  0/1 shared iters

running (0m31.0s), 1/1 VUs, 0 complete and 0 interrupted iterations
r_cd_model_token   [   0% ] 1 VUs  0m31.0s/3m30s  0/1 shared iters

running (0m32.0s), 1/1 VUs, 0 complete and 0 interrupted iterations
r_cd_model_token   [   0% ] 1 VUs  0m32.0s/3m30s  0/1 shared iters
time="2026-07-08T20:07:24-07:00" level=info msg="✓ parent sessions_spawn acceptance signal observed" source=console
time="2026-07-08T20:07:24-07:00" level=info msg="✓ bracket-token child turn observed" source=console
time="2026-07-08T20:07:24-07:00" level=info msg="✓ bracket model modifier observed" source=console
time="2026-07-08T20:07:24-07:00" level=info msg="✓ MODEL-TOKEN-DELEGATE-DONE return sentinel observed" source=console
time="2026-07-08T20:07:24-07:00" level=info msg="All required R-CD-MODEL-TOKEN evidence gathered, closing early" source=console
time="2026-07-08T20:07:24-07:00" level=info msg="\n--- R-CD-MODEL-TOKEN EVIDENCE SUMMARY ---" source=console
time="2026-07-08T20:07:24-07:00" level=info msg="{\n  \"row\": \"R-CD-MODEL-TOKEN\",\n  \"manifest_loaded\": true,\n  \"nonce\": \"R-CD-MODEL-TOKEN-1783566411459-tqxa67hi\",\n  \"seat\": \"cael\",\n  \"requestedSessionKey\": \"main\",\n  \"sessionKey\": \"agent:main:r-cd-model-token-r-cd-model-token-1783566411459-tqxa67hi\",\n  \"session_created\": true,\n  \"created_session_key\": \"agent:main:r-cd-model-token-r-cd-model-token-1783566411459-tqxa67hi\",\n  \"candidateSha\": \"e08f696618da57e7267a2148578fa4ab0d8b0d01\",\n  \"started\": \"2026-07-09T03:06:51.459Z\",\n  \"requested_model_byte\": \"gpt\",\n  \"prompt_injected\": true,\n  \"subagent_spawn_requested\": true,\n  \"subagent_spawn_accepted\": true,\n  \"bracket_token_observed\": true,\n  \"bracket_model_modifier_observed\": true,\n  \"child_session_observed\": true,\n  \"child_model_byte\": \"gpt\",\n  \"model_matches\": true,\n  \"return_payload\": true,\n  \"dispatch_accepted_at_ms\": 1783566412740,\n  \"child_session_key\": null,\n  \"trace_id\": null,\n  \"redacted_events\": [\n    {\n      \"ts\": 1783566411696,\n      \"kind\": \"event\",\n      \"method\": null,\n      \"event\": \"connect.challenge\",\n      \"ok\": null,\n      \"data\": null\n    },\n    {\n      \"ts\": 1783566411700,\n      \"kind\": \"other\",\n      \"method\": null,\n      \"event\": null,\n      \"ok\": null,\n      \"data\": null\n    },\n    {\n      \"ts\": 1783566411741,\n      \"kind\": \"event\",\n      \"method\": null,\n      \"event\": \"health\",\n      \"ok\": null,\n      \"data\": null\n    },\n    {\n      \"ts\": 1783566411789,\n      \"kind\": \"event\",\n      \"method\": null,\n      \"event\": \"health\",\n      \"ok\": null,\n      \"data\": null\n    },\n    {\n      \"ts\": 1783566411802,\n      \"kind\": \"event\",\n      \"method\": null,\n      \"event\": \"presence\",\n      \"ok\": null,\n      \"data\": null\n    },\n    {\n      \"ts\": 1783566412113,\n      \"kind\": \"event\",\n      \"method\": null,\n      \"event\": \"agent\",\n      \"ok\": null,\n      \"data\": null\n    },\n    {\n      \"ts\": 1783566412207,\n      \"kind\": \"response\",\n      \"method\": \"sessions.create\",\n      \"event\": null,\n      \"ok\": true,\n      \"data\": {\n        \"ok\": true\n      }\n    },\n    {\n      \"ts\": 1783566412246,\n      \"kind\": \"response\",\n      \"method\": \"sessions.messages.subscribe\",\n      \"event\": null,\n      \"ok\": true,\n      \"data\": {}\n    },\n    {\n      \"ts\": 1783566412740,\n      \"kind\": \"response\",\n      \"method\": \"sessions.send\",\n      \"event\": null,\n      \"ok\": true,\n      \"data\": {\n        \"runId\": \"R-CD-MODEL-TOKEN-DISPATCH-R-CD-MODEL-TOKEN-1783566411459-tqxa67hi\",\n        \"status\": \"started\"\n      }\n    },\n    {\n      \"ts\": 1783566415647,\n      \"kind\": \"event\",\n      \"method\": null,\n      \"event\": \"agent\",\n      \"ok\": null,\n      \"data\": null\n    },\n    {\n      \"ts\": 1783566415647,\n      \"kind\": \"event\",\n      \"method\": null,\n      \"event\": \"chat\",\n      \"ok\": null,\n      \"data\": null\n    },\n    {\n      \"ts\": 1783566415843,\n      \"kind\": \"event\",\n      \"method\": null,\n      \"event\": \"agent\",\n      \"ok\": null,\n      \"data\": null\n    },\n    {\n      \"ts\": 1783566415843,\n      \"kind\": \"event\",\n      \"method\": null,\n      \"event\": \"agent\",\n      \"ok\": null,\n      \"data\": null\n    },\n    {\n      \"ts\": 1783566415843,\n      \"kind\": \"event\",\n      \"method\": null,\n      \"event\": \"chat\",\n      \"ok\": null,\n      \"data\": null\n    },\n    {\n      \"ts\": 1783566415894,\n      \"kind\": \"event\",\n      \"method\": null,\n      \"event\": \"agent\",\n      \"ok\": null,\n      \"data\": null\n    },\n    {\n      \"ts\": 1783566415894,\n      \"kind\": \"event\",\n      \"method\": null,\n      \"event\": \"agent\",\n      \"ok\": null,\n      \"data\": null\n    },\n    {\n      \"ts\": 1783566415987,\n      \"kind\": \"event\",\n      \"method\": null,\n      \"event\": \"agent\",\n      \"ok\": null,\n      \"data\": null\n    },\n    {\n      \"ts\": 1783566415987,\n      \"kind\": \"event\",\n      \"method\": null,\n      \"event\": \"chat\",\n      \"ok\": null,\n      \"data\": null\n    },\n    {\n      \"ts\": 1783566415987,\n      \"kind\": \"event\",\n      \"method\": null,\n      \"event\": \"chat\",\n      \"ok\": null,\n      \"data\": null\n    },\n    {\n      \"ts\": 1783566416776,\n      \"kind\": \"event\",\n      \"method\": null,\n      \"event\": \"task\",\n      \"ok\": null,\n      \"data\": null\n    },\n    {\n      \"ts\": 1783566416777,\n      \"kind\": \"event\",\n      \"method\": null,\n      \"event\": \"task\",\n      \"ok\": null,\n      \"data\": null\n    },\n    {\n      \"ts\": 1783566416808,\n      \"kind\": \"event\",\n      \"method\": null,\n      \"event\": \"task\",\n      \"ok\": null,\n      \"data\": null\n    },\n    {\n      \"ts\": 1783566416997,\n      \"kind\": \"event\",\n      \"method\": null,\n      \"event\": \"health\",\n      \"ok\": null,\n      \"data\": null\n    },\n    {\n      \"ts\": 1783566417269,\n      \"kind\": \"event\",\n      \"method\": null,\n      \"event\": \"agent\",\n      \"ok\": null,\n      \"data\": null\n    },\n    {\n      \"ts\": 1783566417269,\n      \"kind\": \"event\",\n      \"method\": null,\n      \"event\": \"chat\",\n      \"ok\": null,\n      \"data\": null\n    },\n    {\n      \"ts\": 1783566417721,\n      \"kind\": \"event\",\n      \"method\": null,\n      \"event\": \"agent\",\n      \"ok\": null,\n      \"data\": null\n    },\n    {\n      \"ts\": 1783566417763,\n      \"kind\": \"event\",\n      \"method\": null,\n      \"event\": \"task\",\n      \"ok\": null,\n      \"data\": null\n    },\n    {\n      \"ts\": 1783566417763,\n      \"kind\": \"event\",\n      \"method\": null,\n      \"event\": \"task\",\n      \"ok\": null,\n      \"data\": null\n    },\n    {\n      \"ts\": 1783566417765,\n      \"kind\": \"event\",\n      \"method\": null,\n      \"event\": \"agent\",\n      \"ok\": null,\n      \"data\": null\n    },\n    {\n      \"ts\": 1783566421363,\n      \"kind\": \"event\",\n      \"method\": null,\n      \"event\": \"task\",\n      \"ok\": null,\n      \"data\": null\n    },\n    {\n      \"ts\": 1783566421363,\n      \"kind\": \"event\",\n      \"method\": null,\n      \"event\": \"task\",\n      \"ok\": null,\n      \"data\": null\n    },\n    {\n      \"ts\": 1783566421363,\n      \"kind\": \"event\",\n      \"method\": null,\n      \"event\": \"task\",\n      \"ok\": null,\n      \"data\": null\n    },\n    {\n      \"ts\": 1783566421364,\n      \"kind\": \"event\",\n      \"method\": null,\n      \"event\": \"task\",\n      \"ok\": null,\n      \"data\": null\n    },\n    {\n      \"ts\": 1783566421375,\n      \"kind\": \"event\",\n      \"method\": null,\n      \"event\": \"agent\",\n      \"ok\": null,\n      \"data\": null\n    },\n    {\n      \"ts\": 1783566421398,\n      \"kind\": \"event\",\n      \"method\": null,\n      \"event\": \"task\",\n      \"ok\": null,\n      \"data\": null\n    },\n    {\n      \"ts\": 1783566421399,\n      \"kind\": \"event\",\n      \"method\": null,\n      \"event\": \"task\",\n      \"ok\": null,\n      \"data\": null\n    },\n    {\n      \"ts\": 1783566421399,\n      \"kind\": \"event\",\n      \"method\": null,\n      \"event\": \"task\",\n      \"ok\": null,\n      \"data\": null\n    },\n    {\n      \"ts\": 1783566421399,\n      \"kind\": \"event\",\n      \"method\": null,\n      \"event\": \"task\",\n      \"ok\": null,\n      \"data\": null\n    },\n    {\n      \"ts\": 1783566421411,\n      \"kind\": \"event\",\n      \"method\": null,\n      \"event\": \"agent\",\n      \"ok\": null,\n      \"data\": null\n    },\n    {\n      \"ts\": 1783566423510,\n      \"kind\": \"event\",\n      \"method\": null,\n      \"event\": \"agent\",\n      \"ok\": null,\n      \"data\": null\n    },\n    {\n      \"ts\": 1783566424804,\n      \"kind\": \"event\",\n      \"method\": null,\n      \"event\": \"health\",\n      \"ok\": null,\n      \"data\": null\n    },\n    {\n      \"ts\": 1783566424817,\n      \"kind\": \"event\",\n      \"method\": null,\n      \"event\": \"presence\",\n      \"ok\": null,\n      \"data\": null\n    },\n    {\n      \"ts\": 1783566424850,\n      \"kind\": \"event\",\n      \"method\": null,\n      \"event\": \"agent\",\n      \"ok\": null,\n      \"data\": null\n    },\n    {\n      \"ts\": 1783566426451,\n      \"kind\": \"event\",\n      \"method\": null,\n      \"event\": \"task\",\n      \"ok\": null,\n      \"data\": null\n    },\n    {\n      \"ts\": 1783566426452,\n      \"kind\": \"event\",\n      \"method\": null,\n      \"event\": \"task\",\n      \"ok\": null,\n      \"data\": null\n    },\n    {\n      \"ts\": 1783566426452,\n      \"kind\": \"event\",\n      \"method\": null,\n      \"event\": \"task\",\n      \"ok\": null,\n      \"data\": null\n    },\n    {\n      \"ts\": 1783566426453,\n      \"kind\": \"event\",\n      \"method\": null,\n      \"event\": \"task\",\n      \"ok\": null,\n      \"data\": null\n    },\n    {\n      \"ts\": 1783566426464,\n      \"kind\": \"event\",\n      \"method\": null,\n      \"event\": \"agent\",\n      \"ok\": null,\n      \"data\": null\n    },\n    {\n      \"ts\": 1783566426472,\n      \"kind\": \"event\",\n      \"method\": null,\n      \"event\": \"task\",\n      \"ok\": null,\n      \"data\": null\n    },\n    {\n      \"ts\": 1783566426472,\n      \"kind\": \"event\",\n      \"method\": null,\n      \"event\": \"task\",\n      \"ok\": null,\n      \"data\": null\n    },\n    {\n      \"ts\": 1783566426473,\n      \"kind\": \"event\",\n      \"method\": null,\n      \"event\": \"task\",\n      \"ok\": null,\n      \"data\": null\n    },\n    {\n      \"ts\": 1783566426473,\n      \"kind\": \"event\",\n      \"method\": null,\n      \"event\": \"task\",\n      \"ok\": null,\n      \"data\": null\n    },\n    {\n      \"ts\": 1783566426484,\n      \"kind\": \"event\",\n      \"method\": null,\n      \"event\": \"agent\",\n      \"ok\": null,\n      \"data\": null\n    },\n    {\n      \"ts\": 1783566426489,\n      \"kind\": \"event\",\n      \"method\": null,\n      \"event\": \"task\",\n      \"ok\": null,\n      \"data\": null\n    },\n    {\n      \"ts\": 1783566426489,\n      \"kind\": \"event\",\n      \"method\": null,\n      \"event\": \"task\",\n      \"ok\": null,\n      \"data\": null\n    },\n    {\n      \"ts\": 1783566426490,\n      \"kind\": \"event\",\n      \"method\": null,\n      \"event\": \"agent\",\n      \"ok\": null,\n      \"data\": null\n    },\n    {\n      \"ts\": 1783566426490,\n      \"kind\": \"event\",\n      \"method\": null,\n      \"event\": \"chat\",\n      \"ok\": null,\n      \"data\": null\n    },\n    {\n      \"ts\": 1783566426496,\n      \"kind\": \"event\",\n      \"method\": null,\n      \"event\": \"task\",\n      \"ok\": null,\n      \"data\": null\n    },\n    {\n      \"ts\": 1783566426496,\n      \"kind\": \"event\",\n      \"method\": null,\n      \"event\": \"task\",\n      \"ok\": null,\n      \"data\": null\n    },\n    {\n      \"ts\": 1783566426496,\n      \"kind\": \"event\",\n      \"method\": null,\n      \"event\": \"agent\",\n      \"ok\": null,\n      \"data\": null\n    },\n    {\n      \"ts\": 1783566426623,\n      \"kind\": \"event\",\n      \"method\": null,\n      \"event\": \"task\",\n      \"ok\": null,\n      \"data\": null\n    },\n    {\n      \"ts\": 1783566426623,\n      \"kind\": \"event\",\n      \"method\": null,\n      \"event\": \"task\",\n      \"ok\": null,\n      \"data\": null\n    },\n    {\n      \"ts\": 1783566426662,\n      \"kind\": \"event\",\n      \"method\": null,\n      \"event\": \"agent\",\n      \"ok\": null,\n      \"data\": null\n    },\n    {\n      \"ts\": 1783566426676,\n      \"kind\": \"event\",\n      \"method\": null,\n      \"event\": \"presence\",\n      \"ok\": null,\n      \"data\": null\n    },\n    {\n      \"ts\": 1783566426713,\n      \"kind\": \"event\",\n      \"method\": null,\n      \"event\": \"task\",\n      \"ok\": null,\n      \"data\": null\n    },\n    {\n      \"ts\": 1783566426889,\n      \"kind\": \"event\",\n      \"method\": null,\n      \"event\": \"health\",\n      \"ok\": null,\n      \"data\": null\n    },\n    {\n      \"ts\": 1783566426905,\n      \"kind\": \"event\",\n      \"method\": null,\n      \"event\": \"presence\",\n      \"ok\": null,\n      \"data\": null\n    },\n    {\n      \"ts\": 1783566427089,\n      \"kind\": \"event\",\n      \"method\": null,\n      \"event\": \"task\",\n      \"ok\": null,\n      \"data\": null\n    },\n    {\n      \"ts\": 1783566436238,\n      \"kind\": \"event\",\n      \"method\": null,\n      \"event\": \"agent\",\n      \"ok\": null,\n      \"data\": null\n    },\n    {\n      \"ts\": 1783566436238,\n      \"kind\": \"event\",\n      \"method\": null,\n      \"event\": \"chat\",\n      \"ok\": null,\n      \"data\": null\n    },\n    {\n      \"ts\": 1783566436610,\n      \"kind\": \"event\",\n      \"method\": null,\n      \"event\": \"agent\",\n      \"ok\": null,\n      \"data\": null\n    },\n    {\n      \"ts\": 1783566436633,\n      \"kind\": \"event\",\n      \"method\": null,\n      \"event\": \"agent\",\n      \"ok\": null,\n      \"data\": null\n    },\n    {\n      \"ts\": 1783566436680,\n      \"kind\": \"event\",\n      \"method\": null,\n      \"event\": \"session.message\",\n      \"ok\": null,\n      \"data\": null\n    },\n    {\n      \"ts\": 1783566438043,\n      \"kind\": \"event\",\n      \"method\": null,\n      \"event\": \"health\",\n      \"ok\": null,\n      \"data\": null\n    },\n    {\n      \"ts\": 1783566438147,\n      \"kind\": \"event\",\n      \"method\": null,\n      \"event\": \"tick\",\n      \"ok\": null,\n      \"data\": null\n    },\n    {\n      \"ts\": 1783566441663,\n      \"kind\": \"event\",\n      \"method\": null,\n      \"event\": \"chat\",\n      \"ok\": null,\n      \"data\": null\n    },\n    {\n      \"ts\": 1783566442950,\n      \"kind\": \"event\",\n      \"method\": null,\n      \"event\": \"agent\",\n      \"ok\": null,\n      \"data\": null\n    },\n    {\n      \"ts\": 1783566444164,\n      \"kind\": \"event\",\n      \"method\": null,\n      \"event\": \"health\",\n      \"ok\": null,\n      \"data\": null\n    },\n    {\n      \"ts\": 1783566444181,\n      \"kind\": \"event\",\n      \"method\": null,\n      \"event\": \"session.message\",\n      \"ok\": null,\n      \"data\": null\n    }\n  ],\n  \"ended\": \"2026-07-09T03:07:24.182Z\",\n  \"duration_ms\": 32723\n}" source=console
time="2026-07-08T20:07:24-07:00" level=info msg="--- END EVIDENCE ---" source=console
time="2026-07-08T20:07:24-07:00" level=info msg="\n[R-CD-MODEL-TOKEN] VERDICT: PASS-candidate" source=console

[R-CD-MODEL-TOKEN] Summary: PASS-candidate | SHA: e08f696618da57e7267a2148578fa4ab0d8b0d01 | Seat: cael

running (0m32.7s), 0/1 VUs, 1 complete and 0 interrupted iterations
r_cd_model_token ✓ [ 100% ] 1 VUs  0m32.7s/3m30s  1/1 shared iters
./r-cd-model-token-summary.json
[R-CD-MODEL-TOKEN] METRICS: /tmp/p81-cael-live-resume-20260709T030548Z/out/e08f696618da57e7267a2148578fa4ab0d8b0d01/R-CD-MODEL-TOKEN/cael/20260709T030651Z-r-cd-model-token/openclaw-proofs-k6.prom
[R-CD-MODEL-TOKEN] ARTIFACTS: /tmp/p81-cael-live-resume-20260709T030548Z/out/e08f696618da57e7267a2148578fa4ab0d8b0d01/R-CD-MODEL-TOKEN/cael/20260709T030651Z-r-cd-model-token
[R-CD-MODEL-TOKEN] COMPLETED.
Observability check: query Grafana for run/nonce or review Tempo traces if trace ID was emitted.

----------------------------------------
Row: R-CD-MODEL-TOOL
Manifest: /tmp/oc-p81-current/tools/k6-proofs/manifests/r-cd-model-tool.json
Scenario: scenarios/r-cd-model-tool.js
Status: runnable
Live Safety: k6-runnable
[R-CD-MODEL-TOOL] RUNNING...

         /\      Grafana   /‾‾/  
    /\  /  \     |\  __   /  /   
   /  \/    \    | |/ /  /   ‾‾\ 
  /          \   |   (  |  (‾)  |
 / __________ \  |_|\_\  \_____/ 


     execution: local
        script: scenarios/r-cd-model-tool.js
        output: -

     scenarios: (100.00%) 1 scenario, 1 max VUs, 4m0s max duration (incl. graceful stop):
              * r_cd_model_tool: 1 iterations shared among 1 VUs (maxDuration: 3m30s, gracefulStop: 30s)

time="2026-07-08T20:07:25-07:00" level=info msg="✓ disposable session created: agent:main:r-cd-model-tool-r-cd-model-tool-1783566444401-l6pr0bo0" source=console

running (0m01.0s), 1/1 VUs, 0 complete and 0 interrupted iterations
r_cd_model_tool   [   0% ] 1 VUs  0m01.0s/3m30s  0/1 shared iters
time="2026-07-08T20:07:25-07:00" level=info msg="✓ sessions.send accepted — explicit model delegate turn triggered" source=console

running (0m02.0s), 1/1 VUs, 0 complete and 0 interrupted iterations
r_cd_model_tool   [   0% ] 1 VUs  0m02.0s/3m30s  0/1 shared iters

running (0m03.0s), 1/1 VUs, 0 complete and 0 interrupted iterations
r_cd_model_tool   [   0% ] 1 VUs  0m03.0s/3m30s  0/1 shared iters

running (0m04.0s), 1/1 VUs, 0 complete and 0 interrupted iterations
r_cd_model_tool   [   0% ] 1 VUs  0m04.0s/3m30s  0/1 shared iters

running (0m05.0s), 1/1 VUs, 0 complete and 0 interrupted iterations
r_cd_model_tool   [   0% ] 1 VUs  0m05.0s/3m30s  0/1 shared iters

running (0m06.0s), 1/1 VUs, 0 complete and 0 interrupted iterations
r_cd_model_tool   [   0% ] 1 VUs  0m06.0s/3m30s  0/1 shared iters

running (0m07.0s), 1/1 VUs, 0 complete and 0 interrupted iterations
r_cd_model_tool   [   0% ] 1 VUs  0m07.0s/3m30s  0/1 shared iters

running (0m08.0s), 1/1 VUs, 0 complete and 0 interrupted iterations
r_cd_model_tool   [   0% ] 1 VUs  0m08.0s/3m30s  0/1 shared iters

running (0m09.0s), 1/1 VUs, 0 complete and 0 interrupted iterations
r_cd_model_tool   [   0% ] 1 VUs  0m09.0s/3m30s  0/1 shared iters

running (0m10.0s), 1/1 VUs, 0 complete and 0 interrupted iterations
r_cd_model_tool   [   0% ] 1 VUs  0m10.0s/3m30s  0/1 shared iters

running (0m11.0s), 1/1 VUs, 0 complete and 0 interrupted iterations
r_cd_model_tool   [   0% ] 1 VUs  0m11.0s/3m30s  0/1 shared iters

running (0m12.0s), 1/1 VUs, 0 complete and 0 interrupted iterations
r_cd_model_tool   [   0% ] 1 VUs  0m12.0s/3m30s  0/1 shared iters

running (0m13.0s), 1/1 VUs, 0 complete and 0 interrupted iterations
r_cd_model_tool   [   0% ] 1 VUs  0m13.0s/3m30s  0/1 shared iters

running (0m14.0s), 1/1 VUs, 0 complete and 0 interrupted iterations
r_cd_model_tool   [   0% ] 1 VUs  0m14.0s/3m30s  0/1 shared iters

running (0m15.0s), 1/1 VUs, 0 complete and 0 interrupted iterations
r_cd_model_tool   [   0% ] 1 VUs  0m15.0s/3m30s  0/1 shared iters

running (0m16.0s), 1/1 VUs, 0 complete and 0 interrupted iterations
r_cd_model_tool   [   0% ] 1 VUs  0m16.0s/3m30s  0/1 shared iters

running (0m17.0s), 1/1 VUs, 0 complete and 0 interrupted iterations
r_cd_model_tool   [   0% ] 1 VUs  0m17.0s/3m30s  0/1 shared iters

running (0m18.0s), 1/1 VUs, 0 complete and 0 interrupted iterations
r_cd_model_tool   [   0% ] 1 VUs  0m18.0s/3m30s  0/1 shared iters

running (0m19.0s), 1/1 VUs, 0 complete and 0 interrupted iterations
r_cd_model_tool   [   0% ] 1 VUs  0m19.0s/3m30s  0/1 shared iters

running (0m20.0s), 1/1 VUs, 0 complete and 0 interrupted iterations
r_cd_model_tool   [   0% ] 1 VUs  0m20.0s/3m30s  0/1 shared iters

running (0m21.0s), 1/1 VUs, 0 complete and 0 interrupted iterations
r_cd_model_tool   [   0% ] 1 VUs  0m21.0s/3m30s  0/1 shared iters

running (0m22.0s), 1/1 VUs, 0 complete and 0 interrupted iterations
r_cd_model_tool   [   0% ] 1 VUs  0m22.0s/3m30s  0/1 shared iters

running (0m23.0s), 1/1 VUs, 0 complete and 0 interrupted iterations
r_cd_model_tool   [   0% ] 1 VUs  0m23.0s/3m30s  0/1 shared iters

running (0m24.0s), 1/1 VUs, 0 complete and 0 interrupted iterations
r_cd_model_tool   [   0% ] 1 VUs  0m24.0s/3m30s  0/1 shared iters
time="2026-07-08T20:07:48-07:00" level=info msg="✓ parent scheduled sentinel observed" source=console
time="2026-07-08T20:07:49-07:00" level=info msg="✓ parent scheduled sentinel observed" source=console

running (0m25.0s), 1/1 VUs, 0 complete and 0 interrupted iterations
r_cd_model_tool   [   0% ] 1 VUs  0m25.0s/3m30s  0/1 shared iters
time="2026-07-08T20:07:49-07:00" level=info msg="✓ parent scheduled sentinel observed" source=console
time="2026-07-08T20:07:49-07:00" level=info msg="✓ parent scheduled sentinel observed" source=console

running (0m26.0s), 1/1 VUs, 0 complete and 0 interrupted iterations
r_cd_model_tool   [   0% ] 1 VUs  0m26.0s/3m30s  0/1 shared iters

running (0m27.0s), 1/1 VUs, 0 complete and 0 interrupted iterations
r_cd_model_tool   [   0% ] 1 VUs  0m27.0s/3m30s  0/1 shared iters

running (0m28.0s), 1/1 VUs, 0 complete and 0 interrupted iterations
r_cd_model_tool   [   0% ] 1 VUs  0m28.0s/3m30s  0/1 shared iters

running (0m29.0s), 1/1 VUs, 0 complete and 0 interrupted iterations
r_cd_model_tool   [   0% ] 1 VUs  0m29.0s/3m30s  0/1 shared iters

running (0m30.0s), 1/1 VUs, 0 complete and 0 interrupted iterations
r_cd_model_tool   [   0% ] 1 VUs  0m30.0s/3m30s  0/1 shared iters

running (0m31.0s), 1/1 VUs, 0 complete and 0 interrupted iterations
r_cd_model_tool   [   0% ] 1 VUs  0m31.0s/3m30s  0/1 shared iters

running (0m32.0s), 1/1 VUs, 0 complete and 0 interrupted iterations
r_cd_model_tool   [   0% ] 1 VUs  0m32.0s/3m30s  0/1 shared iters

running (0m33.0s), 1/1 VUs, 0 complete and 0 interrupted iterations
r_cd_model_tool   [   0% ] 1 VUs  0m33.0s/3m30s  0/1 shared iters

running (0m34.0s), 1/1 VUs, 0 complete and 0 interrupted iterations
r_cd_model_tool   [   0% ] 1 VUs  0m34.0s/3m30s  0/1 shared iters

running (0m35.0s), 1/1 VUs, 0 complete and 0 interrupted iterations
r_cd_model_tool   [   0% ] 1 VUs  0m35.0s/3m30s  0/1 shared iters

running (0m36.0s), 1/1 VUs, 0 complete and 0 interrupted iterations
r_cd_model_tool   [   0% ] 1 VUs  0m36.0s/3m30s  0/1 shared iters

running (0m37.0s), 1/1 VUs, 0 complete and 0 interrupted iterations
r_cd_model_tool   [   0% ] 1 VUs  0m37.0s/3m30s  0/1 shared iters

running (0m38.0s), 1/1 VUs, 0 complete and 0 interrupted iterations
r_cd_model_tool   [   0% ] 1 VUs  0m38.0s/3m30s  0/1 shared iters

running (0m39.0s), 1/1 VUs, 0 complete and 0 interrupted iterations
r_cd_model_tool   [   0% ] 1 VUs  0m39.0s/3m30s  0/1 shared iters

running (0m40.0s), 1/1 VUs, 0 complete and 0 interrupted iterations
r_cd_model_tool   [   0% ] 1 VUs  0m40.0s/3m30s  0/1 shared iters

running (0m41.0s), 1/1 VUs, 0 complete and 0 interrupted iterations
r_cd_model_tool   [   0% ] 1 VUs  0m41.0s/3m30s  0/1 shared iters

running (0m42.0s), 1/1 VUs, 0 complete and 0 interrupted iterations
r_cd_model_tool   [   0% ] 1 VUs  0m42.0s/3m30s  0/1 shared iters

running (0m43.0s), 1/1 VUs, 0 complete and 0 interrupted iterations
r_cd_model_tool   [   0% ] 1 VUs  0m43.0s/3m30s  0/1 shared iters

running (0m44.0s), 1/1 VUs, 0 complete and 0 interrupted iterations
r_cd_model_tool   [   0% ] 1 VUs  0m44.0s/3m30s  0/1 shared iters

running (0m45.0s), 1/1 VUs, 0 complete and 0 interrupted iterations
r_cd_model_tool   [   0% ] 1 VUs  0m45.0s/3m30s  0/1 shared iters

running (0m46.0s), 1/1 VUs, 0 complete and 0 interrupted iterations
r_cd_model_tool   [   0% ] 1 VUs  0m46.0s/3m30s  0/1 shared iters

running (0m47.0s), 1/1 VUs, 0 complete and 0 interrupted iterations
r_cd_model_tool   [   0% ] 1 VUs  0m47.0s/3m30s  0/1 shared iters

running (0m48.0s), 1/1 VUs, 0 complete and 0 interrupted iterations
r_cd_model_tool   [   0% ] 1 VUs  0m48.0s/3m30s  0/1 shared iters

running (0m49.0s), 1/1 VUs, 0 complete and 0 interrupted iterations
r_cd_model_tool   [   0% ] 1 VUs  0m49.0s/3m30s  0/1 shared iters

running (0m50.0s), 1/1 VUs, 0 complete and 0 interrupted iterations
r_cd_model_tool   [   0% ] 1 VUs  0m50.0s/3m30s  0/1 shared iters

running (0m51.0s), 1/1 VUs, 0 complete and 0 interrupted iterations
r_cd_model_tool   [   0% ] 1 VUs  0m51.0s/3m30s  0/1 shared iters

running (0m52.0s), 1/1 VUs, 0 complete and 0 interrupted iterations
r_cd_model_tool   [   0% ] 1 VUs  0m52.0s/3m30s  0/1 shared iters

running (0m53.0s), 1/1 VUs, 0 complete and 0 interrupted iterations
r_cd_model_tool   [   0% ] 1 VUs  0m53.0s/3m30s  0/1 shared iters

running (0m54.0s), 1/1 VUs, 0 complete and 0 interrupted iterations
r_cd_model_tool   [   0% ] 1 VUs  0m54.0s/3m30s  0/1 shared iters

running (0m55.0s), 1/1 VUs, 0 complete and 0 interrupted iterations
r_cd_model_tool   [   0% ] 1 VUs  0m55.0s/3m30s  0/1 shared iters

running (0m56.0s), 1/1 VUs, 0 complete and 0 interrupted iterations
r_cd_model_tool   [   0% ] 1 VUs  0m56.0s/3m30s  0/1 shared iters

running (0m57.0s), 1/1 VUs, 0 complete and 0 interrupted iterations
r_cd_model_tool   [   0% ] 1 VUs  0m57.0s/3m30s  0/1 shared iters

running (0m58.0s), 1/1 VUs, 0 complete and 0 interrupted iterations
r_cd_model_tool   [   0% ] 1 VUs  0m58.0s/3m30s  0/1 shared iters

running (0m59.0s), 1/1 VUs, 0 complete and 0 interrupted iterations
r_cd_model_tool   [   0% ] 1 VUs  0m59.0s/3m30s  0/1 shared iters

running (1m00.0s), 1/1 VUs, 0 complete and 0 interrupted iterations
r_cd_model_tool   [   0% ] 1 VUs  1m00.0s/3m30s  0/1 shared iters

running (1m01.0s), 1/1 VUs, 0 complete and 0 interrupted iterations
r_cd_model_tool   [   0% ] 1 VUs  1m01.0s/3m30s  0/1 shared iters

running (1m02.0s), 1/1 VUs, 0 complete and 0 interrupted iterations
r_cd_model_tool   [   0% ] 1 VUs  1m02.0s/3m30s  0/1 shared iters

running (1m03.0s), 1/1 VUs, 0 complete and 0 interrupted iterations
r_cd_model_tool   [   0% ] 1 VUs  1m03.0s/3m30s  0/1 shared iters

running (1m04.0s), 1/1 VUs, 0 complete and 0 interrupted iterations
r_cd_model_tool   [   0% ] 1 VUs  1m04.0s/3m30s  0/1 shared iters

running (1m05.0s), 1/1 VUs, 0 complete and 0 interrupted iterations
r_cd_model_tool   [   0% ] 1 VUs  1m05.0s/3m30s  0/1 shared iters

running (1m06.0s), 1/1 VUs, 0 complete and 0 interrupted iterations
r_cd_model_tool   [   0% ] 1 VUs  1m06.0s/3m30s  0/1 shared iters

running (1m07.0s), 1/1 VUs, 0 complete and 0 interrupted iterations
r_cd_model_tool   [   0% ] 1 VUs  1m07.0s/3m30s  0/1 shared iters

running (1m08.0s), 1/1 VUs, 0 complete and 0 interrupted iterations
r_cd_model_tool   [   0% ] 1 VUs  1m08.0s/3m30s  0/1 shared iters

running (1m09.0s), 1/1 VUs, 0 complete and 0 interrupted iterations
r_cd_model_tool   [   0% ] 1 VUs  1m09.0s/3m30s  0/1 shared iters

running (1m10.0s), 1/1 VUs, 0 complete and 0 interrupted iterations
r_cd_model_tool   [   0% ] 1 VUs  1m10.0s/3m30s  0/1 shared iters

running (1m11.0s), 1/1 VUs, 0 complete and 0 interrupted iterations
r_cd_model_tool   [   0% ] 1 VUs  1m11.0s/3m30s  0/1 shared iters

running (1m12.0s), 1/1 VUs, 0 complete and 0 interrupted iterations
r_cd_model_tool   [   0% ] 1 VUs  1m12.0s/3m30s  0/1 shared iters

running (1m13.0s), 1/1 VUs, 0 complete and 0 interrupted iterations
r_cd_model_tool   [   0% ] 1 VUs  1m13.0s/3m30s  0/1 shared iters

running (1m14.0s), 1/1 VUs, 0 complete and 0 interrupted iterations
r_cd_model_tool   [   0% ] 1 VUs  1m14.0s/3m30s  0/1 shared iters

running (1m15.0s), 1/1 VUs, 0 complete and 0 interrupted iterations
r_cd_model_tool   [   0% ] 1 VUs  1m15.0s/3m30s  0/1 shared iters

running (1m16.0s), 1/1 VUs, 0 complete and 0 interrupted iterations
r_cd_model_tool   [   0% ] 1 VUs  1m16.0s/3m30s  0/1 shared iters

running (1m17.0s), 1/1 VUs, 0 complete and 0 interrupted iterations
r_cd_model_tool   [   0% ] 1 VUs  1m17.0s/3m30s  0/1 shared iters

running (1m18.0s), 1/1 VUs, 0 complete and 0 interrupted iterations
r_cd_model_tool   [   0% ] 1 VUs  1m18.0s/3m30s  0/1 shared iters

running (1m19.0s), 1/1 VUs, 0 complete and 0 interrupted iterations
r_cd_model_tool   [   0% ] 1 VUs  1m19.0s/3m30s  0/1 shared iters

running (1m20.0s), 1/1 VUs, 0 complete and 0 interrupted iterations
r_cd_model_tool   [   0% ] 1 VUs  1m20.0s/3m30s  0/1 shared iters

running (1m21.0s), 1/1 VUs, 0 complete and 0 interrupted iterations
r_cd_model_tool   [   0% ] 1 VUs  1m21.0s/3m30s  0/1 shared iters

running (1m22.0s), 1/1 VUs, 0 complete and 0 interrupted iterations
r_cd_model_tool   [   0% ] 1 VUs  1m22.0s/3m30s  0/1 shared iters

running (1m23.0s), 1/1 VUs, 0 complete and 0 interrupted iterations
r_cd_model_tool   [   0% ] 1 VUs  1m23.0s/3m30s  0/1 shared iters

running (1m24.0s), 1/1 VUs, 0 complete and 0 interrupted iterations
r_cd_model_tool   [   0% ] 1 VUs  1m24.0s/3m30s  0/1 shared iters

running (1m25.0s), 1/1 VUs, 0 complete and 0 interrupted iterations
r_cd_model_tool   [   0% ] 1 VUs  1m25.0s/3m30s  0/1 shared iters

running (1m26.0s), 1/1 VUs, 0 complete and 0 interrupted iterations
r_cd_model_tool   [   0% ] 1 VUs  1m26.0s/3m30s  0/1 shared iters

running (1m27.0s), 1/1 VUs, 0 complete and 0 interrupted iterations
r_cd_model_tool   [   0% ] 1 VUs  1m27.0s/3m30s  0/1 shared iters

running (1m28.0s), 1/1 VUs, 0 complete and 0 interrupted iterations
r_cd_model_tool   [   0% ] 1 VUs  1m28.0s/3m30s  0/1 shared iters

running (1m29.0s), 1/1 VUs, 0 complete and 0 interrupted iterations
r_cd_model_tool   [   0% ] 1 VUs  1m29.0s/3m30s  0/1 shared iters

running (1m30.0s), 1/1 VUs, 0 complete and 0 interrupted iterations
r_cd_model_tool   [   0% ] 1 VUs  1m30.0s/3m30s  0/1 shared iters

running (1m31.0s), 1/1 VUs, 0 complete and 0 interrupted iterations
r_cd_model_tool   [   0% ] 1 VUs  1m31.0s/3m30s  0/1 shared iters

running (1m32.0s), 1/1 VUs, 0 complete and 0 interrupted iterations
r_cd_model_tool   [   0% ] 1 VUs  1m32.0s/3m30s  0/1 shared iters

running (1m33.0s), 1/1 VUs, 0 complete and 0 interrupted iterations
r_cd_model_tool   [   0% ] 1 VUs  1m33.0s/3m30s  0/1 shared iters

running (1m34.0s), 1/1 VUs, 0 complete and 0 interrupted iterations
r_cd_model_tool   [   0% ] 1 VUs  1m34.0s/3m30s  0/1 shared iters

running (1m35.0s), 1/1 VUs, 0 complete and 0 interrupted iterations
r_cd_model_tool   [   0% ] 1 VUs  1m35.0s/3m30s  0/1 shared iters

running (1m36.0s), 1/1 VUs, 0 complete and 0 interrupted iterations
r_cd_model_tool   [   0% ] 1 VUs  1m36.0s/3m30s  0/1 shared iters

running (1m37.0s), 1/1 VUs, 0 complete and 0 interrupted iterations
r_cd_model_tool   [   0% ] 1 VUs  1m37.0s/3m30s  0/1 shared iters

running (1m38.0s), 1/1 VUs, 0 complete and 0 interrupted iterations
r_cd_model_tool   [   0% ] 1 VUs  1m38.0s/3m30s  0/1 shared iters

running (1m39.0s), 1/1 VUs, 0 complete and 0 interrupted iterations
r_cd_model_tool   [   0% ] 1 VUs  1m39.0s/3m30s  0/1 shared iters

running (1m40.0s), 1/1 VUs, 0 complete and 0 interrupted iterations
r_cd_model_tool   [   0% ] 1 VUs  1m40.0s/3m30s  0/1 shared iters

running (1m41.0s), 1/1 VUs, 0 complete and 0 interrupted iterations
r_cd_model_tool   [   0% ] 1 VUs  1m41.0s/3m30s  0/1 shared iters

running (1m42.0s), 1/1 VUs, 0 complete and 0 interrupted iterations
r_cd_model_tool   [   0% ] 1 VUs  1m42.0s/3m30s  0/1 shared iters

running (1m43.0s), 1/1 VUs, 0 complete and 0 interrupted iterations
r_cd_model_tool   [   0% ] 1 VUs  1m43.0s/3m30s  0/1 shared iters

running (1m44.0s), 1/1 VUs, 0 complete and 0 interrupted iterations
r_cd_model_tool   [   0% ] 1 VUs  1m44.0s/3m30s  0/1 shared iters

running (1m45.0s), 1/1 VUs, 0 complete and 0 interrupted iterations
r_cd_model_tool   [   0% ] 1 VUs  1m45.0s/3m30s  0/1 shared iters

running (1m46.0s), 1/1 VUs, 0 complete and 0 interrupted iterations
r_cd_model_tool   [   0% ] 1 VUs  1m46.0s/3m30s  0/1 shared iters

running (1m47.0s), 1/1 VUs, 0 complete and 0 interrupted iterations
r_cd_model_tool   [   0% ] 1 VUs  1m47.0s/3m30s  0/1 shared iters

running (1m48.0s), 1/1 VUs, 0 complete and 0 interrupted iterations
r_cd_model_tool   [   0% ] 1 VUs  1m48.0s/3m30s  0/1 shared iters

running (1m49.0s), 1/1 VUs, 0 complete and 0 interrupted iterations
r_cd_model_tool   [   0% ] 1 VUs  1m49.0s/3m30s  0/1 shared iters

running (1m50.0s), 1/1 VUs, 0 complete and 0 interrupted iterations
r_cd_model_tool   [   0% ] 1 VUs  1m50.0s/3m30s  0/1 shared iters

running (1m51.0s), 1/1 VUs, 0 complete and 0 interrupted iterations
r_cd_model_tool   [   0% ] 1 VUs  1m51.0s/3m30s  0/1 shared iters

running (1m52.0s), 1/1 VUs, 0 complete and 0 interrupted iterations
r_cd_model_tool   [   0% ] 1 VUs  1m52.0s/3m30s  0/1 shared iters

running (1m53.0s), 1/1 VUs, 0 complete and 0 interrupted iterations
r_cd_model_tool   [   0% ] 1 VUs  1m53.0s/3m30s  0/1 shared iters

running (1m54.0s), 1/1 VUs, 0 complete and 0 interrupted iterations
r_cd_model_tool   [   0% ] 1 VUs  1m54.0s/3m30s  0/1 shared iters

running (1m55.0s), 1/1 VUs, 0 complete and 0 interrupted iterations
r_cd_model_tool   [   0% ] 1 VUs  1m55.0s/3m30s  0/1 shared iters

running (1m56.0s), 1/1 VUs, 0 complete and 0 interrupted iterations
r_cd_model_tool   [   0% ] 1 VUs  1m56.0s/3m30s  0/1 shared iters

running (1m57.0s), 1/1 VUs, 0 complete and 0 interrupted iterations
r_cd_model_tool   [   0% ] 1 VUs  1m57.0s/3m30s  0/1 shared iters

running (1m58.0s), 1/1 VUs, 0 complete and 0 interrupted iterations
r_cd_model_tool   [   0% ] 1 VUs  1m58.0s/3m30s  0/1 shared iters

running (1m59.0s), 1/1 VUs, 0 complete and 0 interrupted iterations
r_cd_model_tool   [   0% ] 1 VUs  1m59.0s/3m30s  0/1 shared iters

running (2m00.0s), 1/1 VUs, 0 complete and 0 interrupted iterations
r_cd_model_tool   [   0% ] 1 VUs  2m00.0s/3m30s  0/1 shared iters

running (2m01.0s), 1/1 VUs, 0 complete and 0 interrupted iterations
r_cd_model_tool   [   0% ] 1 VUs  2m01.0s/3m30s  0/1 shared iters

running (2m02.0s), 1/1 VUs, 0 complete and 0 interrupted iterations
r_cd_model_tool   [   0% ] 1 VUs  2m02.0s/3m30s  0/1 shared iters

running (2m03.0s), 1/1 VUs, 0 complete and 0 interrupted iterations
r_cd_model_tool   [   0% ] 1 VUs  2m03.0s/3m30s  0/1 shared iters

running (2m04.0s), 1/1 VUs, 0 complete and 0 interrupted iterations
r_cd_model_tool   [   0% ] 1 VUs  2m04.0s/3m30s  0/1 shared iters

running (2m05.0s), 1/1 VUs, 0 complete and 0 interrupted iterations
r_cd_model_tool   [   0% ] 1 VUs  2m05.0s/3m30s  0/1 shared iters

running (2m06.0s), 1/1 VUs, 0 complete and 0 interrupted iterations
r_cd_model_tool   [   0% ] 1 VUs  2m06.0s/3m30s  0/1 shared iters

running (2m07.0s), 1/1 VUs, 0 complete and 0 interrupted iterations
r_cd_model_tool   [   0% ] 1 VUs  2m07.0s/3m30s  0/1 shared iters

running (2m08.0s), 1/1 VUs, 0 complete and 0 interrupted iterations
r_cd_model_tool   [   0% ] 1 VUs  2m08.0s/3m30s  0/1 shared iters

running (2m09.0s), 1/1 VUs, 0 complete and 0 interrupted iterations
r_cd_model_tool   [   0% ] 1 VUs  2m09.0s/3m30s  0/1 shared iters

running (2m10.0s), 1/1 VUs, 0 complete and 0 interrupted iterations
r_cd_model_tool   [   0% ] 1 VUs  2m10.0s/3m30s  0/1 shared iters

running (2m11.0s), 1/1 VUs, 0 complete and 0 interrupted iterations
r_cd_model_tool   [   0% ] 1 VUs  2m11.0s/3m30s  0/1 shared iters

running (2m12.0s), 1/1 VUs, 0 complete and 0 interrupted iterations
r_cd_model_tool   [   0% ] 1 VUs  2m12.0s/3m30s  0/1 shared iters

running (2m13.0s), 1/1 VUs, 0 complete and 0 interrupted iterations
r_cd_model_tool   [   0% ] 1 VUs  2m13.0s/3m30s  0/1 shared iters

running (2m14.0s), 1/1 VUs, 0 complete and 0 interrupted iterations
r_cd_model_tool   [   0% ] 1 VUs  2m14.0s/3m30s  0/1 shared iters

running (2m15.0s), 1/1 VUs, 0 complete and 0 interrupted iterations
r_cd_model_tool   [   0% ] 1 VUs  2m15.0s/3m30s  0/1 shared iters

running (2m16.0s), 1/1 VUs, 0 complete and 0 interrupted iterations
r_cd_model_tool   [   0% ] 1 VUs  2m16.0s/3m30s  0/1 shared iters

running (2m17.0s), 1/1 VUs, 0 complete and 0 interrupted iterations
r_cd_model_tool   [   0% ] 1 VUs  2m17.0s/3m30s  0/1 shared iters

running (2m18.0s), 1/1 VUs, 0 complete and 0 interrupted iterations
r_cd_model_tool   [   0% ] 1 VUs  2m18.0s/3m30s  0/1 shared iters

running (2m19.0s), 1/1 VUs, 0 complete and 0 interrupted iterations
r_cd_model_tool   [   0% ] 1 VUs  2m19.0s/3m30s  0/1 shared iters

running (2m20.0s), 1/1 VUs, 0 complete and 0 interrupted iterations
r_cd_model_tool   [   0% ] 1 VUs  2m20.0s/3m30s  0/1 shared iters

running (2m21.0s), 1/1 VUs, 0 complete and 0 interrupted iterations
r_cd_model_tool   [   0% ] 1 VUs  2m21.0s/3m30s  0/1 shared iters

running (2m22.0s), 1/1 VUs, 0 complete and 0 interrupted iterations
r_cd_model_tool   [   0% ] 1 VUs  2m22.0s/3m30s  0/1 shared iters

running (2m23.0s), 1/1 VUs, 0 complete and 0 interrupted iterations
r_cd_model_tool   [   0% ] 1 VUs  2m23.0s/3m30s  0/1 shared iters

running (2m24.0s), 1/1 VUs, 0 complete and 0 interrupted iterations
r_cd_model_tool   [   0% ] 1 VUs  2m24.0s/3m30s  0/1 shared iters

running (2m25.0s), 1/1 VUs, 0 complete and 0 interrupted iterations
r_cd_model_tool   [   0% ] 1 VUs  2m25.0s/3m30s  0/1 shared iters

running (2m26.0s), 1/1 VUs, 0 complete and 0 interrupted iterations
r_cd_model_tool   [   0% ] 1 VUs  2m26.0s/3m30s  0/1 shared iters

running (2m27.0s), 1/1 VUs, 0 complete and 0 interrupted iterations
r_cd_model_tool   [   0% ] 1 VUs  2m27.0s/3m30s  0/1 shared iters

running (2m28.0s), 1/1 VUs, 0 complete and 0 interrupted iterations
r_cd_model_tool   [   0% ] 1 VUs  2m28.0s/3m30s  0/1 shared iters

running (2m29.0s), 1/1 VUs, 0 complete and 0 interrupted iterations
r_cd_model_tool   [   0% ] 1 VUs  2m29.0s/3m30s  0/1 shared iters

running (2m30.0s), 1/1 VUs, 0 complete and 0 interrupted iterations
r_cd_model_tool   [   0% ] 1 VUs  2m30.0s/3m30s  0/1 shared iters

running (2m31.0s), 1/1 VUs, 0 complete and 0 interrupted iterations
r_cd_model_tool   [   0% ] 1 VUs  2m31.0s/3m30s  0/1 shared iters

running (2m32.0s), 1/1 VUs, 0 complete and 0 interrupted iterations
r_cd_model_tool   [   0% ] 1 VUs  2m32.0s/3m30s  0/1 shared iters

running (2m33.0s), 1/1 VUs, 0 complete and 0 interrupted iterations
r_cd_model_tool   [   0% ] 1 VUs  2m33.0s/3m30s  0/1 shared iters

running (2m34.0s), 1/1 VUs, 0 complete and 0 interrupted iterations
r_cd_model_tool   [   0% ] 1 VUs  2m34.0s/3m30s  0/1 shared iters

running (2m35.0s), 1/1 VUs, 0 complete and 0 interrupted iterations
r_cd_model_tool   [   0% ] 1 VUs  2m35.0s/3m30s  0/1 shared iters

running (2m36.0s), 1/1 VUs, 0 complete and 0 interrupted iterations
r_cd_model_tool   [   0% ] 1 VUs  2m36.0s/3m30s  0/1 shared iters

running (2m37.0s), 1/1 VUs, 0 complete and 0 interrupted iterations
r_cd_model_tool   [   0% ] 1 VUs  2m37.0s/3m30s  0/1 shared iters

running (2m38.0s), 1/1 VUs, 0 complete and 0 interrupted iterations
r_cd_model_tool   [   0% ] 1 VUs  2m38.0s/3m30s  0/1 shared iters

running (2m39.0s), 1/1 VUs, 0 complete and 0 interrupted iterations
r_cd_model_tool   [   0% ] 1 VUs  2m39.0s/3m30s  0/1 shared iters

running (2m40.0s), 1/1 VUs, 0 complete and 0 interrupted iterations
r_cd_model_tool   [   0% ] 1 VUs  2m40.0s/3m30s  0/1 shared iters

running (2m41.0s), 1/1 VUs, 0 complete and 0 interrupted iterations
r_cd_model_tool   [   0% ] 1 VUs  2m41.0s/3m30s  0/1 shared iters

running (2m42.0s), 1/1 VUs, 0 complete and 0 interrupted iterations
r_cd_model_tool   [   0% ] 1 VUs  2m42.0s/3m30s  0/1 shared iters

running (2m43.0s), 1/1 VUs, 0 complete and 0 interrupted iterations
r_cd_model_tool   [   0% ] 1 VUs  2m43.0s/3m30s  0/1 shared iters

running (2m44.0s), 1/1 VUs, 0 complete and 0 interrupted iterations
r_cd_model_tool   [   0% ] 1 VUs  2m44.0s/3m30s  0/1 shared iters

running (2m45.0s), 1/1 VUs, 0 complete and 0 interrupted iterations
r_cd_model_tool   [   0% ] 1 VUs  2m45.0s/3m30s  0/1 shared iters

running (2m46.0s), 1/1 VUs, 0 complete and 0 interrupted iterations
r_cd_model_tool   [   0% ] 1 VUs  2m46.0s/3m30s  0/1 shared iters

running (2m47.0s), 1/1 VUs, 0 complete and 0 interrupted iterations
r_cd_model_tool   [   0% ] 1 VUs  2m47.0s/3m30s  0/1 shared iters

running (2m48.0s), 1/1 VUs, 0 complete and 0 interrupted iterations
r_cd_model_tool   [   0% ] 1 VUs  2m48.0s/3m30s  0/1 shared iters

running (2m49.0s), 1/1 VUs, 0 complete and 0 interrupted iterations
r_cd_model_tool   [   0% ] 1 VUs  2m49.0s/3m30s  0/1 shared iters

running (2m50.0s), 1/1 VUs, 0 complete and 0 interrupted iterations
r_cd_model_tool   [   0% ] 1 VUs  2m50.0s/3m30s  0/1 shared iters

running (2m51.0s), 1/1 VUs, 0 complete and 0 interrupted iterations
r_cd_model_tool   [   0% ] 1 VUs  2m51.0s/3m30s  0/1 shared iters

running (2m52.0s), 1/1 VUs, 0 complete and 0 interrupted iterations
r_cd_model_tool   [   0% ] 1 VUs  2m52.0s/3m30s  0/1 shared iters

running (2m53.0s), 1/1 VUs, 0 complete and 0 interrupted iterations
r_cd_model_tool   [   0% ] 1 VUs  2m53.0s/3m30s  0/1 shared iters

running (2m54.0s), 1/1 VUs, 0 complete and 0 interrupted iterations
r_cd_model_tool   [   0% ] 1 VUs  2m54.0s/3m30s  0/1 shared iters

running (2m55.0s), 1/1 VUs, 0 complete and 0 interrupted iterations
r_cd_model_tool   [   0% ] 1 VUs  2m55.0s/3m30s  0/1 shared iters

running (2m56.0s), 1/1 VUs, 0 complete and 0 interrupted iterations
r_cd_model_tool   [   0% ] 1 VUs  2m56.0s/3m30s  0/1 shared iters

running (2m57.0s), 1/1 VUs, 0 complete and 0 interrupted iterations
r_cd_model_tool   [   0% ] 1 VUs  2m57.0s/3m30s  0/1 shared iters

running (2m58.0s), 1/1 VUs, 0 complete and 0 interrupted iterations
r_cd_model_tool   [   0% ] 1 VUs  2m58.0s/3m30s  0/1 shared iters

running (2m59.0s), 1/1 VUs, 0 complete and 0 interrupted iterations
r_cd_model_tool   [   0% ] 1 VUs  2m59.0s/3m30s  0/1 shared iters

running (3m00.0s), 1/1 VUs, 0 complete and 0 interrupted iterations
r_cd_model_tool   [   0% ] 1 VUs  3m00.0s/3m30s  0/1 shared iters
time="2026-07-08T20:10:25-07:00" level=info msg="\n--- R-CD-MODEL-TOOL EVIDENCE SUMMARY ---" source=console
time="2026-07-08T20:10:25-07:00" level=info msg="{\n  \"row\": \"R-CD-MODEL-TOOL\",\n  \"manifest_loaded\": true,\n  \"nonce\": \"R-CD-MODEL-TOOL-1783566444401-l6pr0bo0\",\n  \"seat\": \"cael\",\n  \"requestedSessionKey\": \"main\",\n  \"sessionKey\": \"agent:main:r-cd-model-tool-r-cd-model-tool-1783566444401-l6pr0bo0\",\n  \"session_created\": true,\n  \"created_session_key\": \"agent:main:r-cd-model-tool-r-cd-model-tool-1783566444401-l6pr0bo0\",\n  \"candidateSha\": \"e08f696618da57e7267a2148578fa4ab0d8b0d01\",\n  \"started\": \"2026-07-09T03:07:24.401Z\",\n  \"requested_model_byte\": \"github-copilot/claude-sonnet-4.6\",\n  \"requested_model_source\": \"continue_delegate.model parameter\",\n  \"dispatch_accepted\": true,\n  \"parent_scheduled_sentinel\": true,\n  \"child_session_observed\": false,\n  \"child_model_byte\": null,\n  \"child_model_source\": null,\n  \"model_matches\": false,\n  \"return_payload\": false,\n  \"trace_id\": null,\n  \"honest_limit_reason\": null,\n  \"redacted_events\": [\n    {\n      \"ts\": 1783566444448,\n      \"kind\": \"event\",\n      \"method\": null,\n      \"event\": \"connect.challenge\",\n      \"ok\": null,\n      \"data\": null\n    },\n    {\n      \"ts\": 1783566444451,\n      \"kind\": \"other\",\n      \"method\": null,\n      \"event\": null,\n      \"ok\": null,\n      \"data\": null\n    },\n    {\n      \"ts\": 1783566444498,\n      \"kind\": \"event\",\n      \"method\": null,\n      \"event\": \"health\",\n      \"ok\": null,\n      \"data\": null\n    },\n    {\n      \"ts\": 1783566445008,\n      \"kind\": \"response\",\n      \"method\": \"sessions.create\",\n      \"event\": null,\n      \"ok\": true,\n      \"data\": {\n        \"ok\": true\n      }\n    },\n    {\n      \"ts\": 1783566445016,\n      \"kind\": \"response\",\n      \"method\": \"sessions.messages.subscribe\",\n      \"event\": null,\n      \"ok\": true,\n      \"data\": {}\n    },\n    {\n      \"ts\": 1783566445127,\n      \"kind\": \"event\",\n      \"method\": null,\n      \"event\": \"task\",\n      \"ok\": null,\n      \"data\": null\n    },\n    {\n      \"ts\": 1783566445128,\n      \"kind\": \"event\",\n      \"method\": null,\n      \"event\": \"task\",\n      \"ok\": null,\n      \"data\": null\n    },\n    {\n      \"ts\": 1783566445166,\n      \"kind\": \"event\",\n      \"method\": null,\n      \"event\": \"task\",\n      \"ok\": null,\n      \"data\": null\n    },\n    {\n      \"ts\": 1783566445270,\n      \"kind\": \"event\",\n      \"method\": null,\n      \"event\": \"health\",\n      \"ok\": null,\n      \"data\": null\n    },\n    {\n      \"ts\": 1783566445281,\n      \"kind\": \"event\",\n      \"method\": null,\n      \"event\": \"agent\",\n      \"ok\": null,\n      \"data\": null\n    },\n    {\n      \"ts\": 1783566445609,\n      \"kind\": \"response\",\n      \"method\": \"sessions.send\",\n      \"event\": null,\n      \"ok\": true,\n      \"data\": {\n        \"runId\": \"R-CD-MODEL-TOOL-DISPATCH-R-CD-MODEL-TOOL-1783566444401-l6pr0bo0\",\n        \"status\": \"started\"\n      }\n    },\n    {\n      \"ts\": 1783566445678,\n      \"kind\": \"event\",\n      \"method\": null,\n      \"event\": \"agent\",\n      \"ok\": null,\n      \"data\": null\n    },\n    {\n      \"ts\": 1783566445678,\n      \"kind\": \"event\",\n      \"method\": null,\n      \"event\": \"chat\",\n      \"ok\": null,\n      \"data\": null\n    },\n    {\n      \"ts\": 1783566446269,\n      \"kind\": \"event\",\n      \"method\": null,\n      \"event\": \"task\",\n      \"ok\": null,\n      \"data\": null\n    },\n    {\n      \"ts\": 1783566446282,\n      \"kind\": \"event\",\n      \"method\": null,\n      \"event\": \"task\",\n      \"ok\": null,\n      \"data\": null\n    },\n    {\n      \"ts\": 1783566446316,\n      \"kind\": \"event\",\n      \"method\": null,\n      \"event\": \"agent\",\n      \"ok\": null,\n      \"data\": null\n    },\n    {\n      \"ts\": 1783566446465,\n      \"kind\": \"event\",\n      \"method\": null,\n      \"event\": \"agent\",\n      \"ok\": null,\n      \"data\": null\n    },\n    {\n      \"ts\": 1783566449569,\n      \"kind\": \"event\",\n      \"method\": null,\n      \"event\": \"agent\",\n      \"ok\": null,\n      \"data\": null\n    },\n    {\n      \"ts\": 1783566449569,\n      \"kind\": \"event\",\n      \"method\": null,\n      \"event\": \"chat\",\n      \"ok\": null,\n      \"data\": null\n    },\n    {\n      \"ts\": 1783566449697,\n      \"kind\": \"event\",\n      \"method\": null,\n      \"event\": \"agent\",\n      \"ok\": null,\n      \"data\": null\n    },\n    {\n      \"ts\": 1783566449697,\n      \"kind\": \"event\",\n      \"method\": null,\n      \"event\": \"agent\",\n      \"ok\": null,\n      \"data\": null\n    },\n    {\n      \"ts\": 1783566449783,\n      \"kind\": \"event\",\n      \"method\": null,\n      \"event\": \"task\",\n      \"ok\": null,\n      \"data\": null\n    },\n    {\n      \"ts\": 1783566449783,\n      \"kind\": \"event\",\n      \"method\": null,\n      \"event\": \"task\",\n      \"ok\": null,\n      \"data\": null\n    },\n    {\n      \"ts\": 1783566449783,\n      \"kind\": \"event\",\n      \"method\": null,\n      \"event\": \"agent\",\n      \"ok\": null,\n      \"data\": null\n    },\n    {\n      \"ts\": 1783566449783,\n      \"kind\": \"event\",\n      \"method\": null,\n      \"event\": \"chat\",\n      \"ok\": null,\n      \"data\": null\n    },\n    {\n      \"ts\": 1783566449784,\n      \"kind\": \"event\",\n      \"method\": null,\n      \"event\": \"task\",\n      \"ok\": null,\n      \"data\": null\n    },\n    {\n      \"ts\": 1783566449785,\n      \"kind\": \"event\",\n      \"method\": null,\n      \"event\": \"task\",\n      \"ok\": null,\n      \"data\": null\n    },\n    {\n      \"ts\": 1783566449786,\n      \"kind\": \"event\",\n      \"method\": null,\n      \"event\": \"task\",\n      \"ok\": null,\n      \"data\": null\n    },\n    {\n      \"ts\": 1783566449786,\n      \"kind\": \"event\",\n      \"method\": null,\n      \"event\": \"task\",\n      \"ok\": null,\n      \"data\": null\n    },\n    {\n      \"ts\": 1783566449787,\n      \"kind\": \"event\",\n      \"method\": null,\n      \"event\": \"task\",\n      \"ok\": null,\n      \"data\": null\n    },\n    {\n      \"ts\": 1783566449787,\n      \"kind\": \"event\",\n      \"method\": null,\n      \"event\": \"task\",\n      \"ok\": null,\n      \"data\": null\n    },\n    {\n      \"ts\": 1783566449789,\n      \"kind\": \"event\",\n      \"method\": null,\n      \"event\": \"task\",\n      \"ok\": null,\n      \"data\": null\n    },\n    {\n      \"ts\": 1783566449789,\n      \"kind\": \"event\",\n      \"method\": null,\n      \"event\": \"task\",\n      \"ok\": null,\n      \"data\": null\n    },\n    {\n      \"ts\": 1783566449790,\n      \"kind\": \"event\",\n      \"method\": null,\n      \"event\": \"task\",\n      \"ok\": null,\n      \"data\": null\n    },\n    {\n      \"ts\": 1783566449790,\n      \"kind\": \"event\",\n      \"method\": null,\n      \"event\": \"task\",\n      \"ok\": null,\n      \"data\": null\n    },\n    {\n      \"ts\": 1783566449791,\n      \"kind\": \"event\",\n      \"method\": null,\n      \"event\": \"task\",\n      \"ok\": null,\n      \"data\": null\n    },\n    {\n      \"ts\": 1783566449792,\n      \"kind\": \"event\",\n      \"method\": null,\n      \"event\": \"task\",\n      \"ok\": null,\n      \"data\": null\n    },\n    {\n      \"ts\": 1783566449793,\n      \"kind\": \"event\",\n      \"method\": null,\n      \"event\": \"task\",\n      \"ok\": null,\n      \"data\": null\n    },\n    {\n      \"ts\": 1783566449793,\n      \"kind\": \"event\",\n      \"method\": null,\n      \"event\": \"task\",\n      \"ok\": null,\n      \"data\": null\n    },\n    {\n      \"ts\": 1783566449794,\n      \"kind\": \"event\",\n      \"method\": null,\n      \"event\": \"task\",\n      \"ok\": null,\n      \"data\": null\n    },\n    {\n      \"ts\": 1783566449794,\n      \"kind\": \"event\",\n      \"method\": null,\n      \"event\": \"task\",\n      \"ok\": null,\n      \"data\": null\n    },\n    {\n      \"ts\": 1783566449795,\n      \"kind\": \"event\",\n      \"method\": null,\n      \"event\": \"task\",\n      \"ok\": null,\n      \"data\": null\n    },\n    {\n      \"ts\": 1783566449796,\n      \"kind\": \"event\",\n      \"method\": null,\n      \"event\": \"task\",\n      \"ok\": null,\n      \"data\": null\n    },\n    {\n      \"ts\": 1783566449797,\n      \"kind\": \"event\",\n      \"method\": null,\n      \"event\": \"task\",\n      \"ok\": null,\n      \"data\": null\n    },\n    {\n      \"ts\": 1783566449797,\n      \"kind\": \"event\",\n      \"method\": null,\n      \"event\": \"task\",\n      \"ok\": null,\n      \"data\": null\n    },\n    {\n      \"ts\": 1783566449798,\n      \"kind\": \"event\",\n      \"method\": null,\n      \"event\": \"task\",\n      \"ok\": null,\n      \"data\": null\n    },\n    {\n      \"ts\": 1783566449798,\n      \"kind\": \"event\",\n      \"method\": null,\n      \"event\": \"task\",\n      \"ok\": null,\n      \"data\": null\n    },\n    {\n      \"ts\": 1783566449799,\n      \"kind\": \"event\",\n      \"method\": null,\n      \"event\": \"task\",\n      \"ok\": null,\n      \"data\": null\n    },\n    {\n      \"ts\": 1783566449800,\n      \"kind\": \"event\",\n      \"method\": null,\n      \"event\": \"task\",\n      \"ok\": null,\n      \"data\": null\n    },\n    {\n      \"ts\": 1783566449801,\n      \"kind\": \"event\",\n      \"method\": null,\n      \"event\": \"task\",\n      \"ok\": null,\n      \"data\": null\n    },\n    {\n      \"ts\": 1783566449801,\n      \"kind\": \"event\",\n      \"method\": null,\n      \"event\": \"task\",\n      \"ok\": null,\n      \"data\": null\n    },\n    {\n      \"ts\": 1783566449802,\n      \"kind\": \"event\",\n      \"method\": null,\n      \"event\": \"task\",\n      \"ok\": null,\n      \"data\": null\n    },\n    {\n      \"ts\": 1783566449803,\n      \"kind\": \"event\",\n      \"method\": null,\n      \"event\": \"task\",\n      \"ok\": null,\n      \"data\": null\n    },\n    {\n      \"ts\": 1783566449849,\n      \"kind\": \"event\",\n      \"method\": null,\n      \"event\": \"agent\",\n      \"ok\": null,\n      \"data\": null\n    },\n    {\n      \"ts\": 1783566449849,\n      \"kind\": \"event\",\n      \"method\": null,\n      \"event\": \"chat\",\n      \"ok\": null,\n      \"data\": null\n    },\n    {\n      \"ts\": 1783566449849,\n      \"kind\": \"event\",\n      \"method\": null,\n      \"event\": \"chat\",\n      \"ok\": null,\n      \"data\": null\n    },\n    {\n      \"ts\": 1783566450727,\n      \"kind\": \"event\",\n      \"method\": null,\n      \"event\": \"agent\",\n      \"ok\": null,\n      \"data\": null\n    },\n    {\n      \"ts\": 1783566451261,\n      \"kind\": \"event\",\n      \"method\": null,\n      \"event\": \"task\",\n      \"ok\": null,\n      \"data\": null\n    },\n    {\n      \"ts\": 1783566451262,\n      \"kind\": \"event\",\n      \"method\": null,\n      \"event\": \"task\",\n      \"ok\": null,\n      \"data\": null\n    },\n    {\n      \"ts\": 1783566451262,\n      \"kind\": \"event\",\n      \"method\": null,\n      \"event\": \"agent\",\n      \"ok\": null,\n      \"data\": null\n    },\n    {\n      \"ts\": 1783566451262,\n      \"kind\": \"event\",\n      \"method\": null,\n      \"event\": \"agent\",\n      \"ok\": null,\n      \"data\": null\n    },\n    {\n      \"ts\": 1783566451262,\n      \"kind\": \"event\",\n      \"method\": null,\n      \"event\": \"chat\",\n      \"ok\": null,\n      \"data\": null\n    },\n    {\n      \"ts\": 1783566451263,\n      \"kind\": \"event\",\n      \"method\": null,\n      \"event\": \"task\",\n      \"ok\": null,\n      \"data\": null\n    },\n    {\n      \"ts\": 1783566451263,\n      \"kind\": \"event\",\n      \"method\": null,\n      \"event\": \"task\",\n      \"ok\": null,\n      \"data\": null\n    },\n    {\n      \"ts\": 1783566451263,\n      \"kind\": \"event\",\n      \"method\": null,\n      \"event\": \"task\",\n      \"ok\": null,\n      \"data\": null\n    },\n    {\n      \"ts\": 1783566451264,\n      \"kind\": \"event\",\n      \"method\": null,\n      \"event\": \"task\",\n      \"ok\": null,\n      \"data\": null\n    },\n    {\n      \"ts\": 1783566451264,\n      \"kind\": \"event\",\n      \"method\": null,\n      \"event\": \"task\",\n      \"ok\": null,\n      \"data\": null\n    },\n    {\n      \"ts\": 1783566451264,\n      \"kind\": \"event\",\n      \"method\": null,\n      \"event\": \"task\",\n      \"ok\": null,\n      \"data\": null\n    },\n    {\n      \"ts\": 1783566451265,\n      \"kind\": \"event\",\n      \"method\": null,\n      \"event\": \"task\",\n      \"ok\": null,\n      \"data\": null\n    },\n    {\n      \"ts\": 1783566451265,\n      \"kind\": \"event\",\n      \"method\": null,\n      \"event\": \"task\",\n      \"ok\": null,\n      \"data\": null\n    },\n    {\n      \"ts\": 1783566451266,\n      \"kind\": \"event\",\n      \"method\": null,\n      \"event\": \"task\",\n      \"ok\": null,\n      \"data\": null\n    },\n    {\n      \"ts\": 1783566451266,\n      \"kind\": \"event\",\n      \"method\": null,\n      \"event\": \"task\",\n      \"ok\": null,\n      \"data\": null\n    },\n    {\n      \"ts\": 1783566451267,\n      \"kind\": \"event\",\n      \"method\": null,\n      \"event\": \"task\",\n      \"ok\": null,\n      \"data\": null\n    },\n    {\n      \"ts\": 1783566451267,\n      \"kind\": \"event\",\n      \"method\": null,\n      \"event\": \"task\",\n      \"ok\": null,\n      \"data\": null\n    },\n    {\n      \"ts\": 1783566451410,\n      \"kind\": \"event\",\n      \"method\": null,\n      \"event\": \"task\",\n      \"ok\": null,\n      \"data\": null\n    },\n    {\n      \"ts\": 1783566451410,\n      \"kind\": \"event\",\n      \"method\": null,\n      \"event\": \"task\",\n      \"ok\": null,\n      \"data\": null\n    },\n    {\n      \"ts\": 1783566451411,\n      \"kind\": \"event\",\n      \"method\": null,\n      \"event\": \"task\",\n      \"ok\": null,\n      \"data\": null\n    },\n    {\n      \"ts\": 1783566451411,\n      \"kind\": \"event\",\n      \"method\": null,\n      \"event\": \"task\",\n      \"ok\": null,\n      \"data\": null\n    },\n    {\n      \"ts\": 1783566451412,\n      \"kind\": \"event\",\n      \"method\": null,\n      \"event\": \"task\",\n      \"ok\": null,\n      \"data\": null\n    },\n    {\n      \"ts\": 1783566451412,\n      \"kind\": \"event\",\n      \"method\": null,\n      \"event\": \"task\",\n      \"ok\": null,\n      \"data\": null\n    },\n    {\n      \"ts\": 1783566451412,\n      \"kind\": \"event\",\n      \"method\": null,\n      \"event\": \"agent\",\n      \"ok\": null,\n      \"data\": null\n    },\n    {\n      \"ts\": 1783566451412,\n      \"kind\": \"event\",\n      \"method\": null,\n      \"event\": \"agent\",\n      \"ok\": null,\n      \"data\": null\n    },\n    {\n      \"ts\": 1783566451412,\n      \"kind\": \"event\",\n      \"method\": null,\n      \"event\": \"chat\",\n      \"ok\": null,\n      \"data\": null\n    },\n    {\n      \"ts\": 1783566451413,\n      \"kind\": \"event\",\n      \"method\": null,\n      \"event\": \"task\",\n      \"ok\": null,\n      \"data\": null\n    },\n    {\n      \"ts\": 1783566451413,\n      \"kind\": \"event\",\n      \"method\": null,\n      \"event\": \"task\",\n      \"ok\": null,\n      \"data\": null\n    },\n    {\n      \"ts\": 1783566451414,\n      \"kind\": \"event\",\n      \"method\": null,\n      \"event\": \"task\",\n      \"ok\": null,\n      \"data\": null\n    },\n    {\n      \"ts\": 1783566451414,\n      \"kind\": \"event\",\n      \"method\": null,\n      \"event\": \"task\",\n      \"ok\": null,\n      \"data\": null\n    },\n    {\n      \"ts\": 1783566451414,\n      \"kind\": \"event\",\n      \"method\": null,\n      \"event\": \"task\",\n      \"ok\": null,\n      \"data\": null\n    },\n    {\n      \"ts\": 1783566451414,\n      \"kind\": \"event\",\n      \"method\": null,\n      \"event\": \"task\",\n      \"ok\": null,\n      \"data\": null\n    },\n    {\n      \"ts\": 1783566451415,\n      \"kind\": \"event\",\n      \"method\": null,\n      \"event\": \"task\",\n      \"ok\": null,\n      \"data\": null\n    },\n    {\n      \"ts\": 1783566451416,\n      \"kind\": \"event\",\n      \"method\": null,\n      \"event\": \"task\",\n      \"ok\": null,\n      \"data\": null\n    },\n    {\n      \"ts\": 1783566451416,\n      \"kind\": \"event\",\n      \"method\": null,\n      \"event\": \"task\",\n      \"ok\": null,\n      \"data\": null\n    },\n    {\n      \"ts\": 1783566451416,\n      \"kind\": \"event\",\n      \"method\": null,\n      \"event\": \"task\",\n      \"ok\": null,\n      \"data\": null\n    },\n    {\n      \"ts\": 1783566451417,\n      \"kind\": \"event\",\n      \"method\": null,\n      \"event\": \"task\",\n      \"ok\": null,\n      \"data\": null\n    },\n    {\n      \"ts\": 1783566451417,\n      \"kind\": \"event\",\n      \"method\": null,\n      \"event\": \"task\",\n      \"ok\": null,\n      \"data\": null\n    },\n    {\n      \"ts\": 1783566451418,\n      \"kind\": \"event\",\n      \"method\": null,\n      \"event\": \"task\",\n      \"ok\": null,\n      \"data\": null\n    },\n    {\n      \"ts\": 1783566451418,\n      \"kind\": \"event\",\n      \"method\": null,\n      \"event\": \"task\",\n      \"ok\": null,\n      \"data\": null\n    },\n    {\n      \"ts\": 1783566451418,\n      \"kind\": \"event\",\n      \"method\": null,\n      \"event\": \"task\",\n      \"ok\": null,\n      \"data\": null\n    },\n    {\n      \"ts\": 1783566451419,\n      \"kind\": \"event\",\n      \"method\": null,\n      \"event\": \"task\",\n      \"ok\": null,\n      \"data\": null\n    },\n    {\n      \"ts\": 1783566451419,\n      \"kind\": \"event\",\n      \"method\": null,\n      \"event\": \"task\",\n      \"ok\": null,\n      \"data\": null\n    },\n    {\n      \"ts\": 1783566451419,\n      \"kind\": \"event\",\n      \"method\": null,\n      \"event\": \"task\",\n      \"ok\": null,\n      \"data\": null\n    },\n    {\n      \"ts\": 1783566451420,\n      \"kind\": \"event\",\n      \"method\": null,\n      \"event\": \"task\",\n      \"ok\": null,\n      \"data\": null\n    },\n    {\n      \"ts\": 1783566451420,\n      \"kind\": \"event\",\n      \"method\": null,\n      \"event\": \"task\",\n      \"ok\": null,\n      \"data\": null\n    },\n    {\n      \"ts\": 1783566451488,\n      \"kind\": \"event\",\n      \"method\": null,\n      \"event\": \"task\",\n      \"ok\": null,\n      \"data\": null\n    },\n    {\n      \"ts\": 1783566451488,\n      \"kind\": \"event\",\n      \"method\": null,\n      \"event\": \"task\",\n      \"ok\": null,\n      \"data\": null\n    },\n    {\n      \"ts\": 1783566451488,\n      \"kind\": \"event\",\n      \"method\": null,\n      \"event\": \"agent\",\n      \"ok\": null,\n      \"data\": null\n    },\n    {\n      \"ts\": 1783566451488,\n      \"kind\": \"event\",\n      \"method\": null,\n      \"event\": \"agent\",\n      \"ok\": null,\n      \"data\": null\n    },\n    {\n      \"ts\": 1783566451613,\n      \"kind\": \"event\",\n      \"method\": null,\n      \"event\": \"task\",\n      \"ok\": null,\n      \"data\": null\n    },\n    {\n      \"ts\": 1783566451613,\n      \"kind\": \"event\",\n      \"method\": null,\n      \"event\": \"task\",\n      \"ok\": null,\n      \"data\": null\n    },\n    {\n      \"ts\": 1783566451653,\n      \"kind\": \"event\",\n      \"method\": null,\n      \"event\": \"agent\",\n      \"ok\": null,\n      \"data\": null\n    },\n    {\n      \"ts\": 1783566451653,\n      \"kind\": \"event\",\n      \"method\": null,\n      \"event\": \"chat\",\n      \"ok\": null,\n      \"data\": null\n    },\n    {\n      \"ts\": 1783566451653,\n      \"kind\": \"event\",\n      \"method\": null,\n      \"event\": \"chat\",\n      \"ok\": null,\n      \"data\": null\n    },\n    {\n      \"ts\": 1783566451658,\n      \"kind\": \"event\",\n      \"method\": null,\n      \"event\": \"task\",\n      \"ok\": null,\n      \"data\": null\n    },\n    {\n      \"ts\": 1783566451700,\n      \"kind\": \"event\",\n      \"method\": null,\n      \"event\": \"presence\",\n      \"ok\": null,\n      \"data\": null\n    },\n    {\n      \"ts\": 1783566451811,\n      \"kind\": \"event\",\n      \"method\": null,\n      \"event\": \"health\",\n      \"ok\": null,\n      \"data\": null\n    },\n    {\n      \"ts\": 1783566451839,\n      \"kind\": \"event\",\n      \"method\": null,\n      \"event\": \"presence\",\n      \"ok\": null,\n      \"data\": null\n    },\n    {\n      \"ts\": 1783566451867,\n      \"kind\": \"event\",\n      \"method\": null,\n      \"event\": \"task\",\n      \"ok\": null,\n      \"data\": null\n    },\n    {\n      \"ts\": 1783566451895,\n      \"kind\": \"event\",\n      \"method\": null,\n      \"event\": \"task\",\n      \"ok\": null,\n      \"data\": null\n    },\n    {\n      \"ts\": 1783566452485,\n      \"kind\": \"event\",\n      \"method\": null,\n      \"event\": \"health\",\n      \"ok\": null,\n      \"data\": null\n    },\n    {\n      \"ts\": 1783566452503,\n      \"kind\": \"event\",\n      \"method\": null,\n      \"event\": \"presence\",\n      \"ok\": null,\n      \"data\": null\n    },\n    {\n      \"ts\": 1783566452538,\n      \"kind\": \"event\",\n      \"method\": null,\n      \"event\": \"agent\",\n      \"ok\": null,\n      \"data\": null\n    },\n    {\n      \"ts\": 1783566452879,\n      \"kind\": \"event\",\n      \"method\": null,\n      \"event\": \"task\",\n      \"ok\": null,\n      \"data\": null\n    },\n    {\n      \"ts\": 1783566454541,\n      \"kind\": \"event\",\n      \"method\": null,\n      \"event\": \"agent\",\n      \"ok\": null,\n      \"data\": null\n    },\n    {\n      \"ts\": 1783566454541,\n      \"kind\": \"event\",\n      \"method\": null,\n      \"event\": \"chat\",\n      \"ok\": null,\n      \"data\": null\n    },\n    {\n      \"ts\": 1783566454810,\n      \"kind\": \"event\",\n      \"method\": null,\n      \"event\": \"task\",\n      \"ok\": null,\n      \"data\": null\n    },\n    {\n      \"ts\": 1783566454810,\n      \"kind\": \"event\",\n      \"method\": null,\n      \"event\": \"task\",\n      \"ok\": null,\n      \"data\": null\n    },\n    {\n      \"ts\": 1783566454812,\n      \"kind\": \"event\",\n      \"method\": null,\n      \"event\": \"agent\",\n      \"ok\": null,\n      \"data\": null\n    },\n    {\n      \"ts\": 1783566454888,\n      \"kind\": \"event\",\n      \"method\": null,\n      \"event\": \"agent\",\n      \"ok\": null,\n      \"data\": null\n    },\n    {\n      \"ts\": 1783566457338,\n      \"kind\": \"event\",\n      \"method\": null,\n      \"event\": \"agent\",\n      \"ok\": null,\n      \"data\": null\n    },\n    {\n      \"ts\": 1783566458992,\n      \"kind\": \"event\",\n      \"method\": null,\n      \"event\": \"health\",\n      \"ok\": null,\n      \"data\": null\n    },\n    {\n      \"ts\": 1783566459003,\n      \"kind\": \"event\",\n      \"method\": null,\n      \"event\": \"presence\",\n      \"ok\": null,\n      \"data\": null\n    },\n    {\n      \"ts\": 1783566459259,\n      \"kind\": \"event\",\n      \"method\": null,\n      \"event\": \"agent\",\n      \"ok\": null,\n      \"data\": null\n    },\n    {\n      \"ts\": 1783566461013,\n      \"kind\": \"event\",\n      \"method\": null,\n      \"event\": \"task\",\n      \"ok\": null,\n      \"data\": null\n    },\n    {\n      \"ts\": 1783566461014,\n      \"kind\": \"event\",\n      \"method\": null,\n      \"event\": \"task\",\n      \"ok\": null,\n      \"data\": null\n    },\n    {\n      \"ts\": 1783566461014,\n      \"kind\": \"event\",\n      \"method\": null,\n      \"event\": \"agent\",\n      \"ok\": null,\n      \"data\": null\n    },\n    {\n      \"ts\": 1783566461014,\n      \"kind\": \"event\",\n      \"method\": null,\n      \"event\": \"chat\",\n      \"ok\": null,\n      \"data\": null\n    },\n    {\n      \"ts\": 1783566461015,\n      \"kind\": \"event\",\n      \"method\": null,\n      \"event\": \"task\",\n      \"ok\": null,\n      \"data\": null\n    },\n    {\n      \"ts\": 1783566461015,\n      \"kind\": \"event\",\n      \"method\": null,\n      \"event\": \"task\",\n      \"ok\": null,\n      \"data\": null\n    },\n    {\n      \"ts\": 1783566461016,\n      \"kind\": \"event\",\n      \"method\": null,\n      \"event\": \"task\",\n      \"ok\": null,\n      \"data\": null\n    },\n    {\n      \"ts\": 1783566461016,\n      \"kind\": \"event\",\n      \"method\": null,\n      \"event\": \"task\",\n      \"ok\": null,\n      \"data\": null\n    },\n    {\n      \"ts\": 1783566461017,\n      \"kind\": \"event\",\n      \"method\": null,\n      \"event\": \"task\",\n      \"ok\": null,\n      \"data\": null\n    },\n    {\n      \"ts\": 1783566461017,\n      \"kind\": \"event\",\n      \"method\": null,\n      \"event\": \"task\",\n      \"ok\": null,\n      \"data\": null\n    },\n    {\n      \"ts\": 1783566461018,\n      \"kind\": \"event\",\n      \"method\": null,\n      \"event\": \"task\",\n      \"ok\": null,\n      \"data\": null\n    },\n    {\n      \"ts\": 1783566461018,\n      \"kind\": \"event\",\n      \"method\": null,\n      \"event\": \"task\",\n      \"ok\": null,\n      \"data\": null\n    },\n    {\n      \"ts\": 1783566461019,\n      \"kind\": \"event\",\n      \"method\": null,\n      \"event\": \"task\",\n      \"ok\": null,\n      \"data\": null\n    },\n    {\n      \"ts\": 1783566461019,\n      \"kind\": \"event\",\n      \"method\": null,\n      \"event\": \"task\",\n      \"ok\": null,\n      \"data\": null\n    },\n    {\n      \"ts\": 1783566461019,\n      \"kind\": \"event\",\n      \"method\": null,\n      \"event\": \"task\",\n      \"ok\": null,\n      \"data\": null\n    },\n    {\n      \"ts\": 1783566461019,\n      \"kind\": \"event\",\n      \"method\": null,\n      \"event\": \"task\",\n      \"ok\": null,\n      \"data\": null\n    },\n    {\n      \"ts\": 1783566461020,\n      \"kind\": \"event\",\n      \"method\": null,\n      \"event\": \"task\",\n      \"ok\": null,\n      \"data\": null\n    },\n    {\n      \"ts\": 1783566461020,\n      \"kind\": \"event\",\n      \"method\": null,\n      \"event\": \"task\",\n      \"ok\": null,\n      \"data\": null\n    },\n    {\n      \"ts\": 1783566461021,\n      \"kind\": \"event\",\n      \"method\": null,\n      \"event\": \"task\",\n      \"ok\": null,\n      \"data\": null\n    },\n    {\n      \"ts\": 1783566461021,\n      \"kind\": \"event\",\n      \"method\": null,\n      \"event\": \"task\",\n      \"ok\": null,\n      \"data\": null\n    },\n    {\n      \"ts\": 1783566461022,\n      \"kind\": \"event\",\n      \"method\": null,\n      \"event\": \"task\",\n      \"ok\": null,\n      \"data\": null\n    },\n    {\n      \"ts\": 1783566461022,\n      \"kind\": \"event\",\n      \"method\": null,\n      \"event\": \"task\",\n      \"ok\": null,\n      \"data\": null\n    },\n    {\n      \"ts\": 1783566461022,\n      \"kind\": \"event\",\n      \"method\": null,\n      \"event\": \"task\",\n      \"ok\": null,\n      \"data\": null\n    },\n    {\n      \"ts\": 1783566461023,\n      \"kind\": \"event\",\n      \"method\": null,\n      \"event\": \"task\",\n      \"ok\": null,\n      \"data\": null\n    },\n    {\n      \"ts\": 1783566461023,\n      \"kind\": \"event\",\n      \"method\": null,\n      \"event\": \"task\",\n      \"ok\": null,\n      \"data\": null\n    },\n    {\n      \"ts\": 1783566461023,\n      \"kind\": \"event\",\n      \"method\": null,\n      \"event\": \"task\",\n      \"ok\": null,\n      \"data\": null\n    },\n    {\n      \"ts\": 1783566461024,\n      \"kind\": \"event\",\n      \"method\": null,\n      \"event\": \"task\",\n      \"ok\": null,\n      \"data\": null\n    },\n    {\n      \"ts\": 1783566461024,\n      \"kind\": \"event\",\n      \"method\": null,\n      \"event\": \"task\",\n      \"ok\": null,\n      \"data\": null\n    },\n    {\n      \"ts\": 1783566461025,\n      \"kind\": \"event\",\n      \"method\": null,\n      \"event\": \"task\",\n      \"ok\": null,\n      \"data\": null\n    },\n    {\n      \"ts\": 1783566461025,\n      \"kind\": \"event\",\n      \"method\": null,\n      \"event\": \"task\",\n      \"ok\": null,\n      \"data\": null\n    },\n    {\n      \"ts\": 1783566461026,\n      \"kind\": \"event\",\n      \"method\": null,\n      \"event\": \"task\",\n      \"ok\": null,\n      \"data\": null\n    },\n    {\n      \"ts\": 1783566461026,\n      \"kind\": \"event\",\n      \"method\": null,\n      \"event\": \"task\",\n      \"ok\": null,\n      \"data\": null\n    },\n    {\n      \"ts\": 1783566461027,\n      \"kind\": \"event\",\n      \"method\": null,\n      \"event\": \"task\",\n      \"ok\": null,\n      \"data\": null\n    },\n    {\n      \"ts\": 1783566461027,\n      \"kind\": \"event\",\n      \"method\": null,\n      \"event\": \"task\",\n      \"ok\": null,\n      \"data\": null\n    },\n    {\n      \"ts\": 1783566461034,\n      \"kind\": \"event\",\n      \"method\": null,\n      \"event\": \"task\",\n      \"ok\": null,\n      \"data\": null\n    },\n    {\n      \"ts\": 1783566461034,\n      \"kind\": \"event\",\n      \"method\": null,\n      \"event\": \"task\",\n      \"ok\": null,\n      \"data\": null\n    },\n    {\n      \"ts\": 1783566461035,\n      \"kind\": \"event\",\n      \"method\": null,\n      \"event\": \"task\",\n      \"ok\": null,\n      \"data\": null\n    },\n    {\n      \"ts\": 1783566461035,\n      \"kind\": \"event\",\n      \"method\": null,\n      \"event\": \"task\",\n      \"ok\": null,\n      \"data\": null\n    },\n    {\n      \"ts\": 1783566461036,\n      \"kind\": \"event\",\n      \"method\": null,\n      \"event\": \"task\",\n      \"ok\": null,\n      \"data\": null\n    },\n    {\n      \"ts\": 1783566461036,\n      \"kind\": \"event\",\n      \"method\": null,\n      \"event\": \"task\",\n      \"ok\": null,\n      \"data\": null\n    },\n    {\n      \"ts\": 1783566461036,\n      \"kind\": \"event\",\n      \"method\": null,\n      \"event\": \"task\",\n      \"ok\": null,\n      \"data\": null\n    },\n    {\n      \"ts\": 1783566461037,\n      \"kind\": \"event\",\n      \"method\": null,\n      \"event\": \"task\",\n      \"ok\": null,\n      \"data\": null\n    },\n    {\n      \"ts\": 1783566461037,\n      \"kind\": \"event\",\n      \"method\": null,\n      \"event\": \"task\",\n      \"ok\": null,\n      \"data\": null\n    },\n    {\n      \"ts\": 1783566461038,\n      \"kind\": \"event\",\n      \"method\": null,\n      \"event\": \"task\",\n      \"ok\": null,\n      \"data\": null\n    },\n    {\n      \"ts\": 1783566461038,\n      \"kind\": \"event\",\n      \"method\": null,\n      \"event\": \"task\",\n      \"ok\": null,\n      \"data\": null\n    },\n    {\n      \"ts\": 1783566461039,\n      \"kind\": \"event\",\n      \"method\": null,\n      \"event\": \"task\",\n      \"ok\": null,\n      \"data\": null\n    },\n    {\n      \"ts\": 1783566461061,\n      \"kind\": \"event\",\n      \"method\": null,\n      \"event\": \"task\",\n      \"ok\": null,\n      \"data\": null\n    },\n    {\n      \"ts\": 1783566461061,\n      \"kind\": \"event\",\n      \"method\": null,\n      \"event\": \"task\",\n      \"ok\": null,\n      \"data\": null\n    },\n    {\n      \"ts\": 1783566461062,\n      \"kind\": \"event\",\n      \"method\": null,\n      \"event\": \"task\",\n      \"ok\": null,\n      \"data\": null\n    },\n    {\n      \"ts\": 1783566461062,\n      \"kind\": \"event\",\n      \"method\": null,\n      \"event\": \"task\",\n      \"ok\": null,\n      \"data\": null\n    },\n    {\n      \"ts\": 1783566461063,\n      \"kind\": \"event\",\n      \"method\": null,\n      \"event\": \"task\",\n      \"ok\": null,\n      \"data\": null\n    },\n    {\n      \"ts\": 1783566461064,\n      \"kind\": \"event\",\n      \"method\": null,\n      \"event\": \"task\",\n      \"ok\": null,\n      \"data\": null\n    },\n    {\n      \"ts\": 1783566461064,\n      \"kind\": \"event\",\n      \"method\": null,\n      \"event\": \"task\",\n      \"ok\": null,\n      \"data\": null\n    },\n    {\n      \"ts\": 1783566461064,\n      \"kind\": \"event\",\n      \"method\": null,\n      \"event\": \"task\",\n      \"ok\": null,\n      \"data\": null\n    },\n    {\n      \"ts\": 1783566461065,\n      \"kind\": \"event\",\n      \"method\": null,\n      \"event\": \"task\",\n      \"ok\": null,\n      \"data\": null\n    },\n    {\n      \"ts\": 1783566461065,\n      \"kind\": \"event\",\n      \"method\": null,\n      \"event\": \"task\",\n      \"ok\": null,\n      \"data\": null\n    },\n    {\n      \"ts\": 1783566461810,\n      \"kind\": \"event\",\n      \"method\": null,\n      \"event\": \"agent\",\n      \"ok\": null,\n      \"data\": null\n    },\n    {\n      \"ts\": 1783566461810,\n      \"kind\": \"event\",\n      \"method\": null,\n      \"event\": \"chat\",\n      \"ok\": null,\n      \"data\": null\n    },\n    {\n      \"ts\": 1783566461954,\n      \"kind\": \"event\",\n      \"method\": null,\n      \"event\": \"agent\",\n      \"ok\": null,\n      \"data\": null\n    },\n    {\n      \"ts\": 1783566461996,\n      \"kind\": \"event\",\n      \"method\": null,\n      \"event\": \"session.message\",\n      \"ok\": null,\n      \"data\": null\n    },\n    {\n      \"ts\": 1783566462079,\n      \"kind\": \"event\",\n      \"method\": null,\n      \"event\": \"task\",\n      \"ok\": null,\n      \"data\": null\n    },\n    {\n      \"ts\": 1783566462080,\n      \"kind\": \"event\",\n      \"method\": null,\n      \"event\": \"task\",\n      \"ok\": null,\n      \"data\": null\n    },\n    {\n      \"ts\": 1783566462080,\n      \"kind\": \"event\",\n      \"method\": null,\n      \"event\": \"agent\",\n      \"ok\": null,\n      \"data\": null\n    },\n    {\n      \"ts\": 1783566462080,\n      \"kind\": \"event\",\n      \"method\": null,\n      \"event\": \"agent\",\n      \"ok\": null,\n      \"data\": null\n    },\n    {\n      \"ts\": 1783566462080,\n      \"kind\": \"event\",\n      \"method\": null,\n      \"event\": \"chat\",\n      \"ok\": null,\n      \"data\": null\n    },\n    {\n      \"ts\": 1783566462104,\n      \"kind\": \"event\",\n      \"method\": null,\n      \"event\": \"task\",\n      \"ok\": null,\n      \"data\": null\n    },\n    {\n      \"ts\": 1783566462105,\n      \"kind\": \"event\",\n      \"method\": null,\n      \"event\": \"task\",\n      \"ok\": null,\n      \"data\": null\n    },\n    {\n      \"ts\": 1783566462105,\n      \"kind\": \"event\",\n      \"method\": null,\n      \"event\": \"agent\",\n      \"ok\": null,\n      \"data\": null\n    },\n    {\n      \"ts\": 1783566462225,\n      \"kind\": \"event\",\n      \"method\": null,\n      \"event\": \"task\",\n      \"ok\": null,\n      \"data\": null\n    },\n    {\n      \"ts\": 1783566462225,\n      \"kind\": \"event\",\n      \"method\": null,\n      \"event\": \"task\",\n      \"ok\": null,\n      \"data\": null\n    },\n    {\n      \"ts\": 1783566462258,\n      \"kind\": \"event\",\n      \"method\": null,\n      \"event\": \"agent\",\n      \"ok\": null,\n      \"data\": null\n    },\n    {\n      \"ts\": 1783566462259,\n      \"kind\": \"event\",\n      \"method\": null,\n      \"event\": \"chat\",\n      \"ok\": null,\n      \"data\": null\n    },\n    {\n      \"ts\": 1783566462263,\n      \"kind\": \"event\",\n      \"method\": null,\n      \"event\": \"task\",\n      \"ok\": null,\n      \"data\": null\n    },\n    {\n      \"ts\": 1783566462304,\n      \"kind\": \"event\",\n      \"method\": null,\n      \"event\": \"presence\",\n      \"ok\": null,\n      \"data\": null\n    },\n    {\n      \"ts\": 1783566462414,\n      \"kind\": \"event\",\n      \"method\": null,\n      \"event\": \"health\",\n      \"ok\": null,\n      \"data\": null\n    },\n    {\n      \"ts\": 1783566462439,\n      \"kind\": \"event\",\n      \"method\": null,\n      \"event\": \"presence\",\n      \"ok\": null,\n      \"data\": null\n    },\n    {\n      \"ts\": 1783566462466,\n      \"kind\": \"event\",\n      \"method\": null,\n      \"event\": \"task\",\n      \"ok\": null,\n      \"data\": null\n    },\n    {\n      \"ts\": 1783566462493,\n      \"kind\": \"event\",\n      \"method\": null,\n      \"event\": \"task\",\n      \"ok\": null,\n      \"data\": null\n    },\n    {\n      \"ts\": 1783566463300,\n      \"kind\": \"event\",\n      \"method\": null,\n      \"event\": \"agent\",\n      \"ok\": null,\n      \"data\": null\n    },\n    {\n      \"ts\": 1783566465507,\n      \"kind\": \"event\",\n      \"method\": null,\n      \"event\": \"session.message\",\n      \"ok\": null,\n      \"data\": null\n    },\n    {\n      \"ts\": 1783566465520,\n      \"kind\": \"event\",\n      \"method\": null,\n      \"event\": \"agent\",\n      \"ok\": null,\n      \"data\": null\n    },\n    {\n      \"ts\": 1783566465564,\n      \"kind\": \"event\",\n      \"method\": null,\n      \"event\": \"agent\",\n      \"ok\": null,\n      \"data\": null\n    },\n    {\n      \"ts\": 1783566465813,\n      \"kind\": \"event\",\n      \"method\": null,\n      \"event\": \"agent\",\n      \"ok\": null,\n      \"data\": null\n    },\n    {\n      \"ts\": 1783566466958,\n      \"kind\": \"event\",\n      \"method\": null,\n      \"event\": \"health\",\n      \"ok\": null,\n      \"data\": null\n    },\n    {\n      \"ts\": 1783566466969,\n      \"kind\": \"event\",\n      \"method\": null,\n      \"event\": \"presence\",\n      \"ok\": null,\n      \"data\": null\n    },\n    {\n      \"ts\": 1783566467206,\n      \"kind\": \"event\",\n      \"method\": null,\n      \"event\": \"agent\",\n      \"ok\": null,\n      \"data\": null\n    },\n    {\n      \"ts\": 1783566468137,\n      \"kind\": \"event\",\n      \"method\": null,\n      \"event\": \"task\",\n      \"ok\": null,\n      \"data\": null\n    },\n    {\n      \"ts\": 1783566468138,\n      \"kind\": \"event\",\n      \"method\": null,\n      \"event\": \"task\",\n      \"ok\": null,\n      \"data\": null\n    },\n    {\n      \"ts\": 1783566468184,\n      \"kind\": \"event\",\n      \"method\": null,\n      \"event\": \"task\",\n      \"ok\": null,\n      \"data\": null\n    },\n    {\n      \"ts\": 1783566468218,\n      \"kind\": \"event\",\n      \"method\": null,\n      \"event\": \"tick\",\n      \"ok\": null,\n      \"data\": null\n    },\n    {\n      \"ts\": 1783566468399,\n      \"kind\": \"event\",\n      \"method\": null,\n      \"event\": \"health\",\n      \"ok\": null,\n      \"data\": null\n    },\n    {\n      \"ts\": 1783566468417,\n      \"kind\": \"event\",\n      \"method\": null,\n      \"event\": \"agent\",\n      \"ok\": null,\n      \"data\": null\n    },\n    {\n      \"ts\": 1783566468417,\n      \"kind\": \"event\",\n      \"method\": null,\n      \"event\": \"chat\",\n      \"ok\": null,\n      \"data\": null\n    },\n    {\n      \"ts\": 1783566468744,\n      \"kind\": \"event\",\n      \"method\": null,\n      \"event\": \"agent\",\n      \"ok\": null,\n      \"data\": null\n    },\n    {\n      \"ts\": 1783566468744,\n      \"kind\": \"event\",\n      \"method\": null,\n      \"event\": \"chat\",\n      \"ok\": null,\n      \"data\": null\n    },\n    {\n      \"ts\": 1783566468971,\n      \"kind\": \"event\",\n      \"method\": null,\n      \"event\": \"session.message\",\n      \"ok\": null,\n      \"data\": null\n    },\n    {\n      \"ts\": 1783566469056,\n      \"kind\": \"event\",\n      \"method\": null,\n      \"event\": \"agent\",\n      \"ok\": null,\n      \"data\": null\n    },\n    {\n      \"ts\": 1783566469056,\n      \"kind\": \"event\",\n      \"method\": null,\n      \"event\": \"agent\",\n      \"ok\": null,\n      \"data\": null\n    },\n    {\n      \"ts\": 1783566469283,\n      \"kind\": \"event\",\n      \"method\": null,\n      \"event\": \"agent\",\n      \"ok\": null,\n      \"data\": null\n    },\n    {\n      \"ts\": 1783566469507,\n      \"kind\": \"event\",\n      \"method\": null,\n      \"event\": \"agent\",\n      \"ok\": null,\n      \"data\": null\n    },\n    {\n      \"ts\": 1783566469508,\n      \"kind\": \"event\",\n      \"method\": null,\n      \"event\": \"chat\",\n      \"ok\": null,\n      \"data\": null\n    },\n    {\n      \"ts\": 1783566469508,\n      \"kind\": \"event\",\n      \"method\": null,\n      \"event\": \"chat\",\n      \"ok\": null,\n      \"data\": null\n    },\n    {\n      \"ts\": 1783566469670,\n      \"kind\": \"event\",\n      \"method\": null,\n      \"event\": \"agent\",\n      \"ok\": null,\n      \"data\": null\n    },\n    {\n      \"ts\": 1783566471027,\n      \"kind\": \"event\",\n      \"method\": null,\n      \"event\": \"task\",\n      \"ok\": null,\n      \"data\": null\n    },\n    {\n      \"ts\": 1783566471039,\n      \"kind\": \"event\",\n      \"method\": null,\n      \"event\": \"task\",\n      \"ok\": null,\n      \"data\": null\n    },\n    {\n      \"ts\": 1783566471082,\n      \"kind\": \"event\",\n      \"method\": null,\n      \"event\": \"task\",\n      \"ok\": null,\n      \"data\": null\n    },\n    {\n      \"ts\": 1783566471252,\n      \"kind\": \"event\",\n      \"method\": null,\n      \"event\": \"health\",\n      \"ok\": null,\n      \"data\": null\n    },\n    {\n      \"ts\": 1783566471424,\n      \"kind\": \"event\",\n      \"method\": null,\n      \"event\": \"task\",\n      \"ok\": null,\n      \"data\": null\n    },\n    {\n      \"ts\": 1783566471430,\n      \"kind\": \"event\",\n      \"method\": null,\n      \"event\": \"presence\",\n      \"ok\": null,\n      \"data\": null\n    },\n    {\n      \"ts\": 1783566471468,\n      \"kind\": \"event\",\n      \"method\": null,\n      \"event\": \"task\",\n      \"ok\": null,\n      \"data\": null\n    },\n    {\n      \"ts\": 1783566471620,\n      \"kind\": \"event\",\n      \"method\": null,\n      \"event\": \"health\",\n      \"ok\": null,\n      \"data\": null\n    },\n    {\n      \"ts\": 1783566471649,\n      \"kind\": \"event\",\n      \"method\": null,\n      \"event\": \"presence\",\n      \"ok\": null,\n      \"data\": null\n    },\n    {\n      \"ts\": 1783566471717,\n      \"kind\": \"event\",\n      \"method\": null,\n      \"event\": \"health\",\n      \"ok\": null,\n      \"data\": null\n    },\n    {\n      \"ts\": 1783566471732,\n      \"kind\": \"event\",\n      \"method\": null,\n      \"event\": \"presence\",\n      \"ok\": null,\n      \"data\": null\n    },\n    {\n      \"ts\": 1783566471888,\n      \"kind\": \"event\",\n      \"method\": null,\n      \"event\": \"health\",\n      \"ok\": null,\n      \"data\": null\n    },\n    {\n      \"ts\": 1783566471905,\n      \"kind\": \"event\",\n      \"method\": null,\n      \"event\": \"presence\",\n      \"ok\": null,\n      \"data\": null\n    },\n    {\n      \"ts\": 1783566472049,\n      \"kind\": \"event\",\n      \"method\": null,\n      \"event\": \"health\",\n      \"ok\": null,\n      \"data\": null\n    },\n    {\n      \"ts\": 1783566472077,\n      \"kind\": \"event\",\n      \"method\": null,\n      \"event\": \"presence\",\n      \"ok\": null,\n      \"data\": null\n    },\n    {\n      \"ts\": 1783566472221,\n      \"kind\": \"event\",\n      \"method\": null,\n      \"event\": \"health\",\n      \"ok\": null,\n      \"data\": null\n    },\n    {\n      \"ts\": 1783566472240,\n      \"kind\": \"event\",\n      \"method\": null,\n      \"event\": \"presence\",\n      \"ok\": null,\n      \"data\": null\n    },\n    {\n      \"ts\": 1783566472386,\n      \"kind\": \"event\",\n      \"method\": null,\n      \"event\": \"health\",\n      \"ok\": null,\n      \"data\": null\n    },\n    {\n      \"ts\": 1783566472398,\n      \"kind\": \"event\",\n      \"method\": null,\n      \"event\": \"presence\",\n      \"ok\": null,\n      \"data\": null\n    },\n    {\n      \"ts\": 1783566472549,\n      \"kind\": \"event\",\n      \"method\": null,\n      \"event\": \"health\",\n      \"ok\": null,\n      \"data\": null\n    },\n    {\n      \"ts\": 1783566472562,\n      \"kind\": \"event\",\n      \"method\": null,\n      \"event\": \"presence\",\n      \"ok\": null,\n      \"data\": null\n    },\n    {\n      \"ts\": 1783566472706,\n      \"kind\": \"event\",\n      \"method\": null,\n      \"event\": \"health\",\n      \"ok\": null,\n      \"data\": null\n    },\n    {\n      \"ts\": 1783566472729,\n      \"kind\": \"event\",\n      \"method\": null,\n      \"event\": \"presence\",\n      \"ok\": null,\n      \"data\": null\n    },\n    {\n      \"ts\": 1783566472874,\n      \"kind\": \"event\",\n      \"method\": null,\n      \"event\": \"health\",\n      \"ok\": null,\n      \"data\": null\n    },\n    {\n      \"ts\": 1783566472892,\n      \"kind\": \"event\",\n      \"method\": null,\n      \"event\": \"presence\",\n      \"ok\": null,\n      \"data\": null\n    },\n    {\n      \"ts\": 1783566473037,\n      \"kind\": \"event\",\n      \"method\": null,\n      \"event\": \"health\",\n      \"ok\": null,\n      \"data\": null\n    },\n    {\n      \"ts\": 1783566473050,\n      \"kind\": \"event\",\n      \"method\": null,\n      \"event\": \"presence\",\n      \"ok\": null,\n      \"data\": null\n    },\n    {\n      \"ts\": 1783566473203,\n      \"kind\": \"event\",\n      \"method\": null,\n      \"event\": \"health\",\n      \"ok\": null,\n      \"data\": null\n    },\n    {\n      \"ts\": 1783566473217,\n      \"kind\": \"event\",\n      \"method\": null,\n      \"event\": \"presence\",\n      \"ok\": null,\n      \"data\": null\n    },\n    {\n      \"ts\": 1783566473324,\n      \"kind\": \"event\",\n      \"method\": null,\n      \"event\": \"agent\",\n      \"ok\": null,\n      \"data\": null\n    },\n    {\n      \"ts\": 1783566473464,\n      \"kind\": \"event\",\n      \"method\": null,\n      \"event\": \"health\",\n      \"ok\": null,\n      \"data\": null\n    },\n    {\n      \"ts\": 1783566473488,\n      \"kind\": \"event\",\n      \"method\": null,\n      \"event\": \"presence\",\n      \"ok\": null,\n      \"data\": null\n    },\n    {\n      \"ts\": 1783566473634,\n      \"kind\": \"event\",\n      \"method\": null,\n      \"event\": \"health\",\n      \"ok\": null,\n      \"data\": null\n    },\n    {\n      \"ts\": 1783566473651,\n      \"kind\": \"event\",\n      \"method\": null,\n      \"event\": \"presence\",\n      \"ok\": null,\n      \"data\": null\n    },\n    {\n      \"ts\": 1783566473797,\n      \"kind\": \"event\",\n      \"method\": null,\n      \"event\": \"health\",\n      \"ok\": null,\n      \"data\": null\n    },\n    {\n      \"ts\": 1783566473811,\n      \"kind\": \"event\",\n      \"method\": null,\n      \"event\": \"presence\",\n      \"ok\": null,\n      \"data\": null\n    },\n    {\n      \"ts\": 1783566473965,\n      \"kind\": \"event\",\n      \"method\": null,\n      \"event\": \"health\",\n      \"ok\": null,\n      \"data\": null\n    },\n    {\n      \"ts\": 1783566473977,\n      \"kind\": \"event\",\n      \"method\": null,\n      \"event\": \"presence\",\n      \"ok\": null,\n      \"data\": null\n    },\n    {\n      \"ts\": 1783566474489,\n      \"kind\": \"event\",\n      \"method\": null,\n      \"event\": \"health\",\n      \"ok\": null,\n      \"data\": null\n    },\n    {\n      \"ts\": 1783566474532,\n      \"kind\": \"event\",\n      \"method\": null,\n      \"event\": \"health\",\n      \"ok\": null,\n      \"data\": null\n    },\n    {\n      \"ts\": 1783566474557,\n      \"kind\": \"event\",\n      \"method\": null,\n      \"event\": \"presence\",\n      \"ok\": null,\n      \"data\": null\n    },\n    {\n      \"ts\": 1783566474728,\n      \"kind\": \"event\",\n      \"method\": null,\n      \"event\": \"presence\",\n      \"ok\": null,\n      \"data\": null\n    },\n    {\n      \"ts\": 1783566474740,\n      \"kind\": \"event\",\n      \"method\": null,\n      \"event\": \"agent\",\n      \"ok\": null,\n      \"data\": null\n    },\n    {\n      \"ts\": 1783566474873,\n      \"kind\": \"event\",\n      \"method\": null,\n      \"event\": \"health\",\n      \"ok\": null,\n      \"data\": null\n    },\n    {\n      \"ts\": 1783566474886,\n      \"kind\": \"event\",\n      \"method\": null,\n      \"event\": \"presence\",\n      \"ok\": null,\n      \"data\": null\n    },\n    {\n      \"ts\": 1783566475040,\n      \"kind\": \"event\",\n      \"method\": null,\n      \"event\": \"health\",\n      \"ok\": null,\n      \"data\": null\n    },\n    {\n      \"ts\": 1783566475058,\n      \"kind\": \"event\",\n      \"method\": null,\n      \"event\": \"presence\",\n      \"ok\": null,\n      \"data\": null\n    },\n    {\n      \"ts\": 1783566475210,\n      \"kind\": \"event\",\n      \"method\": null,\n      \"event\": \"health\",\n      \"ok\": null,\n      \"data\": null\n    },\n    {\n      \"ts\": 1783566475223,\n      \"kind\": \"event\",\n      \"method\": null,\n      \"event\": \"presence\",\n      \"ok\": null,\n      \"data\": null\n    },\n    {\n      \"ts\": 1783566475370,\n      \"kind\": \"event\",\n      \"method\": null,\n      \"event\": \"health\",\n      \"ok\": null,\n      \"data\": null\n    },\n    {\n      \"ts\": 1783566475388,\n      \"kind\": \"event\",\n      \"method\": null,\n      \"event\": \"presence\",\n      \"ok\": null,\n      \"data\": null\n    },\n    {\n      \"ts\": 1783566475534,\n      \"kind\": \"event\",\n      \"method\": null,\n      \"event\": \"health\",\n      \"ok\": null,\n      \"data\": null\n    },\n    {\n      \"ts\": 1783566475547,\n      \"kind\": \"event\",\n      \"method\": null,\n      \"event\": \"presence\",\n      \"ok\": null,\n      \"data\": null\n    },\n    {\n      \"ts\": 1783566475701,\n      \"kind\": \"event\",\n      \"method\": null,\n      \"event\": \"health\",\n      \"ok\": null,\n      \"data\": null\n    },\n    {\n      \"ts\": 1783566475720,\n      \"kind\": \"event\",\n      \"method\": null,\n      \"event\": \"presence\",\n      \"ok\": null,\n      \"data\": null\n    },\n    {\n      \"ts\": 1783566475870,\n      \"kind\": \"event\",\n      \"method\": null,\n      \"event\": \"health\",\n      \"ok\": null,\n      \"data\": null\n    },\n    {\n      \"ts\": 1783566475883,\n      \"kind\": \"event\",\n      \"method\": null,\n      \"event\": \"presence\",\n      \"ok\": null,\n      \"data\": null\n    },\n    {\n      \"ts\": 1783566476028,\n      \"kind\": \"event\",\n      \"method\": null,\n      \"event\": \"health\",\n      \"ok\": null,\n      \"data\": null\n    },\n    {\n      \"ts\": 1783566476045,\n      \"kind\": \"event\",\n      \"method\": null,\n      \"event\": \"presence\",\n      \"ok\": null,\n      \"data\": null\n    },\n    {\n      \"ts\": 1783566476190,\n      \"kind\": \"event\",\n      \"method\": null,\n      \"event\": \"health\",\n      \"ok\": null,\n      \"data\": null\n    },\n    {\n      \"ts\": 1783566476202,\n      \"kind\": \"event\",\n      \"method\": null,\n      \"event\": \"presence\",\n      \"ok\": null,\n      \"data\": null\n    },\n    {\n      \"ts\": 1783566476357,\n      \"kind\": \"event\",\n      \"method\": null,\n      \"event\": \"health\",\n      \"ok\": null,\n      \"data\": null\n    },\n    {\n      \"ts\": 1783566476374,\n      \"kind\": \"event\",\n      \"method\": null,\n      \"event\": \"presence\",\n      \"ok\": null,\n      \"data\": null\n    },\n    {\n      \"ts\": 1783566476524,\n      \"kind\": \"event\",\n      \"method\": null,\n      \"event\": \"health\",\n      \"ok\": null,\n      \"data\": null\n    },\n    {\n      \"ts\": 1783566476537,\n      \"kind\": \"event\",\n      \"method\": null,\n      \"event\": \"presence\",\n      \"ok\": null,\n      \"data\": null\n    },\n    {\n      \"ts\": 1783566476684,\n      \"kind\": \"event\",\n      \"method\": null,\n      \"event\": \"health\",\n      \"ok\": null,\n      \"data\": null\n    },\n    {\n      \"ts\": 1783566476700,\n      \"kind\": \"event\",\n      \"method\": null,\n      \"event\": \"presence\",\n      \"ok\": null,\n      \"data\": null\n    },\n    {\n      \"ts\": 1783566476846,\n      \"kind\": \"event\",\n      \"method\": null,\n      \"event\": \"health\",\n      \"ok\": null,\n      \"data\": null\n    },\n    {\n      \"ts\": 1783566476859,\n      \"kind\": \"event\",\n      \"method\": null,\n      \"event\": \"presence\",\n      \"ok\": null,\n      \"data\": null\n    },\n    {\n      \"ts\": 1783566477006,\n      \"kind\": \"event\",\n      \"method\": null,\n      \"event\": \"health\",\n      \"ok\": null,\n      \"data\": null\n    },\n    {\n      \"ts\": 1783566477024,\n      \"kind\": \"event\",\n      \"method\": null,\n      \"event\": \"presence\",\n      \"ok\": null,\n      \"data\": null\n    },\n    {\n      \"ts\": 1783566477169,\n      \"kind\": \"event\",\n      \"method\": null,\n      \"event\": \"health\",\n      \"ok\": null,\n      \"data\": null\n    },\n    {\n      \"ts\": 1783566477187,\n      \"kind\": \"event\",\n      \"method\": null,\n      \"event\": \"presence\",\n      \"ok\": null,\n      \"data\": null\n    },\n    {\n      \"ts\": 1783566477189,\n      \"kind\": \"event\",\n      \"method\": null,\n      \"event\": \"agent\",\n      \"ok\": null,\n      \"data\": null\n    },\n    {\n      \"ts\": 1783566477363,\n      \"kind\": \"event\",\n      \"method\": null,\n      \"event\": \"health\",\n      \"ok\": null,\n      \"data\": null\n    },\n    {\n      \"ts\": 1783566477444,\n      \"kind\": \"event\",\n      \"method\": null,\n      \"event\": \"presence\",\n      \"ok\": null,\n      \"data\": null\n    },\n    {\n      \"ts\": 1783566477502,\n      \"kind\": \"event\",\n      \"method\": null,\n      \"event\": \"agent\",\n      \"ok\": null,\n      \"data\": null\n    },\n    {\n      \"ts\": 1783566477502,\n      \"kind\": \"event\",\n      \"method\": null,\n      \"event\": \"chat\",\n      \"ok\": null,\n      \"data\": null\n    },\n    {\n      \"ts\": 1783566477717,\n      \"kind\": \"event\",\n      \"method\": null,\n      \"event\": \"health\",\n      \"ok\": null,\n      \"data\": null\n    },\n    {\n      \"ts\": 1783566477763,\n      \"kind\": \"event\",\n      \"method\": null,\n      \"event\": \"health\",\n      \"ok\": null,\n      \"data\": null\n    },\n    {\n      \"ts\": 1783566477805,\n      \"kind\": \"event\",\n      \"method\": null,\n      \"event\": \"presence\",\n      \"ok\": null,\n      \"data\": null\n    },\n    {\n      \"ts\": 1783566477880,\n      \"kind\": \"event\",\n      \"method\": null,\n      \"event\": \"presence\",\n      \"ok\": null,\n      \"data\": null\n    },\n    {\n      \"ts\": 1783566477988,\n      \"kind\": \"event\",\n      \"method\": null,\n      \"event\": \"health\",\n      \"ok\": null,\n      \"data\": null\n    },\n    {\n      \"ts\": 1783566478030,\n      \"kind\": \"event\",\n      \"method\": null,\n      \"event\": \"health\",\n      \"ok\": null,\n      \"data\": null\n    },\n    {\n      \"ts\": 1783566478185,\n      \"kind\": \"event\",\n      \"method\": null,\n      \"event\": \"presence\",\n      \"ok\": null,\n      \"data\": null\n    },\n    {\n      \"ts\": 1783566478240,\n      \"kind\": \"event\",\n      \"method\": null,\n      \"event\": \"presence\",\n      \"ok\": null,\n      \"data\": null\n    },\n    {\n      \"ts\": 1783566478300,\n      \"kind\": \"event\",\n      \"method\": null,\n      \"event\": \"health\",\n      \"ok\": null,\n      \"data\": null\n    },\n    {\n      \"ts\": 1783566478362,\n      \"kind\": \"event\",\n      \"method\": null,\n      \"event\": \"health\",\n      \"ok\": null,\n      \"data\": null\n    },\n    {\n      \"ts\": 1783566478377,\n      \"kind\": \"event\",\n      \"method\": null,\n      \"event\": \"presence\",\n      \"ok\": null,\n      \"data\": null\n    },\n    {\n      \"ts\": 1783566478416,\n      \"kind\": \"event\",\n      \"method\": null,\n      \"event\": \"presence\",\n      \"ok\": null,\n      \"data\": null\n    },\n    {\n      \"ts\": 1783566478560,\n      \"kind\": \"event\",\n      \"method\": null,\n      \"event\": \"health\",\n      \"ok\": null,\n      \"data\": null\n    },\n    {\n      \"ts\": 1783566478577,\n      \"kind\": \"event\",\n      \"method\": null,\n      \"event\": \"presence\",\n      \"ok\": null,\n      \"data\": null\n    },\n    {\n      \"ts\": 1783566478722,\n      \"kind\": \"event\",\n      \"method\": null,\n      \"event\": \"health\",\n      \"ok\": null,\n      \"data\": null\n    },\n    {\n      \"ts\": 1783566478735,\n      \"kind\": \"event\",\n      \"method\": null,\n      \"event\": \"presence\",\n      \"ok\": null,\n      \"data\": null\n    },\n    {\n      \"ts\": 1783566478886,\n      \"kind\": \"event\",\n      \"method\": null,\n      \"event\": \"health\",\n      \"ok\": null,\n      \"data\": null\n    },\n    {\n      \"ts\": 1783566478900,\n      \"kind\": \"event\",\n      \"method\": null,\n      \"event\": \"presence\",\n      \"ok\": null,\n      \"data\": null\n    },\n    {\n      \"ts\": 1783566479051,\n      \"kind\": \"event\",\n      \"method\": null,\n      \"event\": \"health\",\n      \"ok\": null,\n      \"data\": null\n    },\n    {\n      \"ts\": 1783566479070,\n      \"kind\": \"event\",\n      \"method\": null,\n      \"event\": \"presence\",\n      \"ok\": null,\n      \"data\": null\n    },\n    {\n      \"ts\": 1783566479237,\n      \"kind\": \"event\",\n      \"method\": null,\n      \"event\": \"health\",\n      \"ok\": null,\n      \"data\": null\n    },\n    {\n      \"ts\": 1783566479259,\n      \"kind\": \"event\",\n      \"method\": null,\n      \"event\": \"presence\",\n      \"ok\": null,\n      \"data\": null\n    },\n    {\n      \"ts\": 1783566479404,\n      \"kind\": \"event\",\n      \"method\": null,\n      \"event\": \"health\",\n      \"ok\": null,\n      \"data\": null\n    },\n    {\n      \"ts\": 1783566479453,\n      \"kind\": \"event\",\n      \"method\": null,\n      \"event\": \"presence\",\n      \"ok\": null,\n      \"data\": null\n    },\n    {\n      \"ts\": 1783566479597,\n      \"kind\": \"event\",\n      \"method\": null,\n      \"event\": \"health\",\n      \"ok\": null,\n      \"data\": null\n    },\n    {\n      \"ts\": 1783566479615,\n      \"kind\": \"event\",\n      \"method\": null,\n      \"event\": \"presence\",\n      \"ok\": null,\n      \"data\": null\n    },\n    {\n      \"ts\": 1783566479758,\n      \"kind\": \"event\",\n      \"method\": null,\n      \"event\": \"health\",\n      \"ok\": null,\n      \"data\": null\n    },\n    {\n      \"ts\": 1783566479771,\n      \"kind\": \"event\",\n      \"method\": null,\n      \"event\": \"presence\",\n      \"ok\": null,\n      \"data\": null\n    },\n    {\n      \"ts\": 1783566479915,\n      \"kind\": \"event\",\n      \"method\": null,\n      \"event\": \"health\",\n      \"ok\": null,\n      \"data\": null\n    },\n    {\n      \"ts\": 1783566479928,\n      \"kind\": \"event\",\n      \"method\": null,\n      \"event\": \"presence\",\n      \"ok\": null,\n      \"data\": null\n    },\n    {\n      \"ts\": 1783566479958,\n      \"kind\": \"event\",\n      \"method\": null,\n      \"event\": \"agent\",\n      \"ok\": null,\n      \"data\": null\n    },\n    {\n      \"ts\": 1783566479958,\n      \"kind\": \"event\",\n      \"method\": null,\n      \"event\": \"chat\",\n      \"ok\": null,\n      \"data\": null\n    },\n    {\n      \"ts\": 1783566480103,\n      \"kind\": \"event\",\n      \"method\": null,\n      \"event\": \"health\",\n      \"ok\": null,\n      \"data\": null\n    },\n    {\n      \"ts\": 1783566480158,\n      \"kind\": \"event\",\n      \"method\": null,\n      \"event\": \"presence\",\n      \"ok\": null,\n      \"data\": null\n    },\n    {\n      \"ts\": 1783566480163,\n      \"kind\": \"event\",\n      \"method\": null,\n      \"event\": \"task\",\n      \"ok\": null,\n      \"data\": null\n    },\n    {\n      \"ts\": 1783566480163,\n      \"kind\": \"event\",\n      \"method\": null,\n      \"event\": \"task\",\n      \"ok\": null,\n      \"data\": null\n    },\n    {\n      \"ts\": 1783566480171,\n      \"kind\": \"event\",\n      \"method\": null,\n      \"event\": \"agent\",\n      \"ok\": null,\n      \"data\": null\n    },\n    {\n      \"ts\": 1783566480334,\n      \"kind\": \"event\",\n      \"method\": null,\n      \"event\": \"health\",\n      \"ok\": null,\n      \"data\": null\n    },\n    {\n      \"ts\": 1783566480377,\n      \"kind\": \"event\",\n      \"method\": null,\n      \"event\": \"presence\",\n      \"ok\": null,\n      \"data\": null\n    },\n    {\n      \"ts\": 1783566480524,\n      \"kind\": \"event\",\n      \"method\": null,\n      \"event\": \"health\",\n      \"ok\": null,\n      \"data\": null\n    },\n    {\n      \"ts\": 1783566480542,\n      \"kind\": \"event\",\n      \"method\": null,\n      \"event\": \"presence\",\n      \"ok\": null,\n      \"data\": null\n    },\n    {\n      \"ts\": 1783566480693,\n      \"kind\": \"event\",\n      \"method\": null,\n      \"event\": \"health\",\n      \"ok\": null,\n      \"data\": null\n    },\n    {\n      \"ts\": 1783566480706,\n      \"kind\": \"event\",\n      \"method\": null,\n      \"event\": \"presence\",\n      \"ok\": null,\n      \"data\": null\n    },\n    {\n      \"ts\": 1783566480781,\n      \"kind\": \"event\",\n      \"method\": null,\n      \"event\": \"task\",\n      \"ok\": null,\n      \"data\": null\n    },\n    {\n      \"ts\": 1783566480782,\n      \"kind\": \"event\",\n      \"method\": null,\n      \"event\": \"task\",\n      \"ok\": null,\n      \"data\": null\n    },\n    {\n      \"ts\": 1783566480801,\n      \"kind\": \"event\",\n      \"method\": null,\n      \"event\": \"agent\",\n      \"ok\": null,\n      \"data\": null\n    },\n    {\n      \"ts\": 1783566480803,\n      \"kind\": \"event\",\n      \"method\": null,\n      \"event\": \"task\",\n      \"ok\": null,\n      \"data\": null\n    },\n    {\n      \"ts\": 1783566480803,\n      \"kind\": \"event\",\n      \"method\": null,\n      \"event\": \"task\",\n      \"ok\": null,\n      \"data\": null\n    },\n    {\n      \"ts\": 1783566480804,\n      \"kind\": \"event\",\n      \"method\": null,\n      \"event\": \"agent\",\n      \"ok\": null,\n      \"data\": null\n    },\n    {\n      \"ts\": 1783566480857,\n      \"kind\": \"event\",\n      \"method\": null,\n      \"event\": \"task\",\n      \"ok\": null,\n      \"data\": null\n    },\n    {\n      \"ts\": 1783566480857,\n      \"kind\": \"event\",\n      \"method\": null,\n      \"event\": \"task\",\n      \"ok\": null,\n      \"data\": null\n    },\n    {\n      \"ts\": 1783566480858,\n      \"kind\": \"event\",\n      \"method\": null,\n      \"event\": \"agent\",\n      \"ok\": null,\n      \"data\": null\n    },\n    {\n      \"ts\": 1783566480977,\n      \"kind\": \"event\",\n      \"method\": null,\n      \"event\": \"health\",\n      \"ok\": null,\n      \"data\": null\n    },\n    {\n      \"ts\": 1783566480996,\n      \"kind\": \"event\",\n      \"method\": null,\n      \"event\": \"presence\",\n      \"ok\": null,\n      \"data\": null\n    },\n    {\n      \"ts\": 1783566481167,\n      \"kind\": \"event\",\n      \"method\": null,\n      \"event\": \"health\",\n      \"ok\": null,\n      \"data\": null\n    },\n    {\n      \"ts\": 1783566481185,\n      \"kind\": \"event\",\n      \"method\": null,\n      \"event\": \"presence\",\n      \"ok\": null,\n      \"data\": null\n    },\n    {\n      \"ts\": 1783566481329,\n      \"kind\": \"event\",\n      \"method\": null,\n      \"event\": \"health\",\n      \"ok\": null,\n      \"data\": null\n    },\n    {\n      \"ts\": 1783566481347,\n      \"kind\": \"event\",\n      \"method\": null,\n      \"event\": \"presence\",\n      \"ok\": null,\n      \"data\": null\n    },\n    {\n      \"ts\": 1783566481493,\n      \"kind\": \"event\",\n      \"method\": null,\n      \"event\": \"health\",\n      \"ok\": null,\n      \"data\": null\n    },\n    {\n      \"ts\": 1783566481515,\n      \"kind\": \"event\",\n      \"method\": null,\n      \"event\": \"presence\",\n      \"ok\": null,\n      \"data\": null\n    },\n    {\n      \"ts\": 1783566481660,\n      \"kind\": \"event\",\n      \"method\": null,\n      \"event\": \"health\",\n      \"ok\": null,\n      \"data\": null\n    },\n    {\n      \"ts\": 1783566481673,\n      \"kind\": \"event\",\n      \"method\": null,\n      \"event\": \"presence\",\n      \"ok\": null,\n      \"data\": null\n    },\n    {\n      \"ts\": 1783566481825,\n      \"kind\": \"event\",\n      \"method\": null,\n      \"event\": \"health\",\n      \"ok\": null,\n      \"data\": null\n    },\n    {\n      \"ts\": 1783566481838,\n      \"kind\": \"event\",\n      \"method\": null,\n      \"event\": \"presence\",\n      \"ok\": null,\n      \"data\": null\n    },\n    {\n      \"ts\": 1783566481981,\n      \"kind\": \"event\",\n      \"method\": null,\n      \"event\": \"health\",\n      \"ok\": null,\n      \"data\": null\n    },\n    {\n      \"ts\": 1783566481999,\n      \"kind\": \"event\",\n      \"method\": null,\n      \"event\": \"presence\",\n      \"ok\": null,\n      \"data\": null\n    },\n    {\n      \"ts\": 1783566482060,\n      \"kind\": \"event\",\n      \"method\": null,\n      \"event\": \"task\",\n      \"ok\": null,\n      \"data\": null\n    },\n    {\n      \"ts\": 1783566482060,\n      \"kind\": \"event\",\n      \"method\": null,\n      \"event\": \"task\",\n      \"ok\": null,\n      \"data\": null\n    },\n    {\n      \"ts\": 1783566482060,\n      \"kind\": \"event\",\n      \"method\": null,\n      \"event\": \"agent\",\n      \"ok\": null,\n      \"data\": null\n    },\n    {\n      \"ts\": 1783566482062,\n      \"kind\": \"event\",\n      \"method\": null,\n      \"event\": \"task\",\n      \"ok\": null,\n      \"data\": null\n    },\n    {\n      \"ts\": 1783566482062,\n      \"kind\": \"event\",\n      \"method\": null,\n      \"event\": \"task\",\n      \"ok\": null,\n      \"data\": null\n    },\n    {\n      \"ts\": 1783566482062,\n      \"kind\": \"event\",\n      \"method\": null,\n      \"event\": \"agent\",\n      \"ok\": null,\n      \"data\": null\n    },\n    {\n      \"ts\": 1783566482144,\n      \"kind\": \"event\",\n      \"method\": null,\n      \"event\": \"health\",\n      \"ok\": null,\n      \"data\": null\n    },\n    {\n      \"ts\": 1783566482169,\n      \"kind\": \"event\",\n      \"method\": null,\n      \"event\": \"presence\",\n      \"ok\": null,\n      \"data\": null\n    },\n    {\n      \"ts\": 1783566482311,\n      \"kind\": \"event\",\n      \"method\": null,\n      \"event\": \"health\",\n      \"ok\": null,\n      \"data\": null\n    },\n    {\n      \"ts\": 1783566482324,\n      \"kind\": \"event\",\n      \"method\": null,\n      \"event\": \"presence\",\n      \"ok\": null,\n      \"data\": null\n    },\n    {\n      \"ts\": 1783566482477,\n      \"kind\": \"event\",\n      \"method\": null,\n      \"event\": \"health\",\n      \"ok\": null,\n      \"data\": null\n    },\n    {\n      \"ts\": 1783566482490,\n      \"kind\": \"event\",\n      \"method\": null,\n      \"event\": \"presence\",\n      \"ok\": null,\n      \"data\": null\n    },\n    {\n      \"ts\": 1783566482635,\n      \"kind\": \"event\",\n      \"method\": null,\n      \"event\": \"health\",\n      \"ok\": null,\n      \"data\": null\n    },\n    {\n      \"ts\": 1783566482653,\n      \"kind\": \"event\",\n      \"method\": null,\n      \"event\": \"presence\",\n      \"ok\": null,\n      \"data\": null\n    },\n    {\n      \"ts\": 1783566482797,\n      \"kind\": \"event\",\n      \"method\": null,\n      \"event\": \"health\",\n      \"ok\": null,\n      \"data\": null\n    },\n    {\n      \"ts\": 1783566482820,\n      \"kind\": \"event\",\n      \"method\": null,\n      \"event\": \"presence\",\n      \"ok\": null,\n      \"data\": null\n    },\n    {\n      \"ts\": 1783566482966,\n      \"kind\": \"event\",\n      \"method\": null,\n      \"event\": \"health\",\n      \"ok\": null,\n      \"data\": null\n    },\n    {\n      \"ts\": 1783566482979,\n      \"kind\": \"event\",\n      \"method\": null,\n      \"event\": \"presence\",\n      \"ok\": null,\n      \"data\": null\n    },\n    {\n      \"ts\": 1783566483133,\n      \"kind\": \"event\",\n      \"method\": null,\n      \"event\": \"health\",\n      \"ok\": null,\n      \"data\": null\n    },\n    {\n      \"ts\": 1783566483146,\n      \"kind\": \"event\",\n      \"method\": null,\n      \"event\": \"presence\",\n      \"ok\": null,\n      \"data\": null\n    },\n    {\n      \"ts\": 1783566483290,\n      \"kind\": \"event\",\n      \"method\": null,\n      \"event\": \"health\",\n      \"ok\": null,\n      \"data\": null\n    },\n    {\n      \"ts\": 1783566483308,\n      \"kind\": \"event\",\n      \"method\": null,\n      \"event\": \"presence\",\n      \"ok\": null,\n      \"data\": null\n    },\n    {\n      \"ts\": 1783566483452,\n      \"kind\": \"event\",\n      \"method\": null,\n      \"event\": \"health\",\n      \"ok\": null,\n      \"data\": null\n    },\n    {\n      \"ts\": 1783566483476,\n      \"kind\": \"event\",\n      \"method\": null,\n      \"event\": \"task\",\n      \"ok\": null,\n      \"data\": null\n    },\n    {\n      \"ts\": 1783566483476,\n      \"kind\": \"event\",\n      \"method\": null,\n      \"event\": \"task\",\n      \"ok\": null,\n      \"data\": null\n    },\n    {\n      \"ts\": 1783566483476,\n      \"kind\": \"event\",\n      \"method\": null,\n      \"event\": \"agent\",\n      \"ok\": null,\n      \"data\": null\n    },\n    {\n      \"ts\": 1783566483477,\n      \"kind\": \"event\",\n      \"method\": null,\n      \"event\": \"task\",\n      \"ok\": null,\n      \"data\": null\n    },\n    {\n      \"ts\": 1783566483477,\n      \"kind\": \"event\",\n      \"method\": null,\n      \"event\": \"task\",\n      \"ok\": null,\n      \"data\": null\n    },\n    {\n      \"ts\": 1783566483477,\n      \"kind\": \"event\",\n      \"method\": null,\n      \"event\": \"agent\",\n      \"ok\": null,\n      \"data\": null\n    },\n    {\n      \"ts\": 1783566483481,\n      \"kind\": \"event\",\n      \"method\": null,\n      \"event\": \"presence\",\n      \"ok\": null,\n      \"data\": null\n    },\n    {\n      \"ts\": 1783566483624,\n      \"kind\": \"event\",\n      \"method\": null,\n      \"event\": \"health\",\n      \"ok\": null,\n      \"data\": null\n    },\n    {\n      \"ts\": 1783566483643,\n      \"kind\": \"event\",\n      \"method\": null,\n      \"event\": \"presence\",\n      \"ok\": null,\n      \"data\": null\n    },\n    {\n      \"ts\": 1783566483787,\n      \"kind\": \"event\",\n      \"method\": null,\n      \"event\": \"health\",\n      \"ok\": null,\n      \"data\": null\n    },\n    {\n      \"ts\": 1783566483801,\n      \"kind\": \"event\",\n      \"method\": null,\n      \"event\": \"presence\",\n      \"ok\": null,\n      \"data\": null\n    },\n    {\n      \"ts\": 1783566483953,\n      \"kind\": \"event\",\n      \"method\": null,\n      \"event\": \"health\",\n      \"ok\": null,\n      \"data\": null\n    },\n    {\n      \"ts\": 1783566483971,\n      \"kind\": \"event\",\n      \"method\": null,\n      \"event\": \"presence\",\n      \"ok\": null,\n      \"data\": null\n    },\n    {\n      \"ts\": 1783566483979,\n      \"kind\": \"event\",\n      \"method\": null,\n      \"event\": \"task\",\n      \"ok\": null,\n      \"data\": null\n    },\n    {\n      \"ts\": 1783566483979,\n      \"kind\": \"event\",\n      \"method\": null,\n      \"event\": \"task\",\n      \"ok\": null,\n      \"data\": null\n    },\n    {\n      \"ts\": 1783566483980,\n      \"kind\": \"event\",\n      \"method\": null,\n      \"event\": \"agent\",\n      \"ok\": null,\n      \"data\": null\n    },\n    {\n      \"ts\": 1783566483980,\n      \"kind\": \"event\",\n      \"method\": null,\n      \"event\": \"task\",\n      \"ok\": null,\n      \"data\": null\n    },\n    {\n      \"ts\": 1783566483980,\n      \"kind\": \"event\",\n      \"method\": null,\n      \"event\": \"task\",\n      \"ok\": null,\n      \"data\": null\n    },\n    {\n      \"ts\": 1783566483980,\n      \"kind\": \"event\",\n      \"method\": null,\n      \"event\": \"agent\",\n      \"ok\": null,\n      \"data\": null\n    },\n    {\n      \"ts\": 1783566483982,\n      \"kind\": \"event\",\n      \"method\": null,\n      \"event\": \"task\",\n      \"ok\": null,\n      \"data\": null\n    },\n    {\n      \"ts\": 1783566483982,\n      \"kind\": \"event\",\n      \"method\": null,\n      \"event\": \"task\",\n      \"ok\": null,\n      \"data\": null\n    },\n    {\n      \"ts\": 1783566483982,\n      \"kind\": \"event\",\n      \"method\": null,\n      \"event\": \"agent\",\n      \"ok\": null,\n      \"data\": null\n    },\n    {\n      \"ts\": 1783566484010,\n      \"kind\": \"event\",\n      \"method\": null,\n      \"event\": \"task\",\n      \"ok\": null,\n      \"data\": null\n    },\n    {\n      \"ts\": 1783566484010,\n      \"kind\": \"event\",\n      \"method\": null,\n      \"event\": \"task\",\n      \"ok\": null,\n      \"data\": null\n    },\n    {\n      \"ts\": 1783566484010,\n      \"kind\": \"event\",\n      \"method\": null,\n      \"event\": \"agent\",\n      \"ok\": null,\n      \"data\": null\n    },\n    {\n      \"ts\": 1783566484010,\n      \"kind\": \"event\",\n      \"method\": null,\n      \"event\": \"chat\",\n      \"ok\": null,\n      \"data\": null\n    },\n    {\n      \"ts\": 1783566484014,\n      \"kind\": \"event\",\n      \"method\": null,\n      \"event\": \"task\",\n      \"ok\": null,\n      \"data\": null\n    },\n    {\n      \"ts\": 1783566484014,\n      \"kind\": \"event\",\n      \"method\": null,\n      \"event\": \"task\",\n      \"ok\": null,\n      \"data\": null\n    },\n    {\n      \"ts\": 1783566484032,\n      \"kind\": \"event\",\n      \"method\": null,\n      \"event\": \"task\",\n      \"ok\": null,\n      \"data\": null\n    },\n    {\n      \"ts\": 1783566484033,\n      \"kind\": \"event\",\n      \"method\": null,\n      \"event\": \"task\",\n      \"ok\": null,\n      \"data\": null\n    },\n    {\n      \"ts\": 1783566484051,\n      \"kind\": \"event\",\n      \"method\": null,\n      \"event\": \"task\",\n      \"ok\": null,\n      \"data\": null\n    },\n    {\n      \"ts\": 1783566484052,\n      \"kind\": \"event\",\n      \"method\": null,\n      \"event\": \"task\",\n      \"ok\": null,\n      \"data\": null\n    },\n    {\n      \"ts\": 1783566484073,\n      \"kind\": \"event\",\n      \"method\": null,\n      \"event\": \"task\",\n      \"ok\": null,\n      \"data\": null\n    },\n    {\n      \"ts\": 1783566484074,\n      \"kind\": \"event\",\n      \"method\": null,\n      \"event\": \"task\",\n      \"ok\": null,\n      \"data\": null\n    },\n    {\n      \"ts\": 1783566484149,\n      \"kind\": \"event\",\n      \"method\": null,\n      \"event\": \"health\",\n      \"ok\": null,\n      \"data\": null\n    },\n    {\n      \"ts\": 1783566484151,\n      \"kind\": \"event\",\n      \"method\": null,\n      \"event\": \"task\",\n      \"ok\": null,\n      \"data\": null\n    },\n    {\n      \"ts\": 1783566484151,\n      \"kind\": \"event\",\n      \"method\": null,\n      \"event\": \"task\",\n      \"ok\": null,\n      \"data\": null\n    },\n    {\n      \"ts\": 1783566484163,\n      \"kind\": \"event\",\n      \"method\": null,\n      \"event\": \"task\",\n      \"ok\": null,\n      \"data\": null\n    },\n    {\n      \"ts\": 1783566484164,\n      \"kind\": \"event\",\n      \"method\": null,\n      \"event\": \"task\",\n      \"ok\": null,\n      \"data\": null\n    },\n    {\n      \"ts\": 1783566484164,\n      \"kind\": \"event\",\n      \"method\": null,\n      \"event\": \"agent\",\n      \"ok\": null,\n      \"data\": null\n    },\n    {\n      \"ts\": 1783566484164,\n      \"kind\": \"event\",\n      \"method\": null,\n      \"event\": \"agent\",\n      \"ok\": null,\n      \"data\": null\n    },\n    {\n      \"ts\": 1783566484164,\n      \"kind\": \"event\",\n      \"method\": null,\n      \"event\": \"chat\",\n      \"ok\": null,\n      \"data\": null\n    },\n    {\n      \"ts\": 1783566484167,\n      \"kind\": \"event\",\n      \"method\": null,\n      \"event\": \"task\",\n      \"ok\": null,\n      \"data\": null\n    },\n    {\n      \"ts\": 1783566484167,\n      \"kind\": \"event\",\n      \"method\": null,\n      \"event\": \"task\",\n      \"ok\": null,\n      \"data\": null\n    },\n    {\n      \"ts\": 1783566484169,\n      \"kind\": \"event\",\n      \"method\": null,\n      \"event\": \"task\",\n      \"ok\": null,\n      \"data\": null\n    },\n    {\n      \"ts\": 1783566484169,\n      \"kind\": \"event\",\n      \"method\": null,\n      \"event\": \"task\",\n      \"ok\": null,\n      \"data\": null\n    },\n    {\n      \"ts\": 1783566484172,\n      \"kind\": \"event\",\n      \"method\": null,\n      \"event\": \"presence\",\n      \"ok\": null,\n      \"data\": null\n    },\n    {\n      \"ts\": 1783566484174,\n      \"kind\": \"event\",\n      \"method\": null,\n      \"event\": \"task\",\n      \"ok\": null,\n      \"data\": null\n    },\n    {\n      \"ts\": 1783566484174,\n      \"kind\": \"event\",\n      \"method\": null,\n      \"event\": \"task\",\n      \"ok\": null,\n      \"data\": null\n    },\n    {\n      \"ts\": 1783566484186,\n      \"kind\": \"event\",\n      \"method\": null,\n      \"event\": \"task\",\n      \"ok\": null,\n      \"data\": null\n    },\n    {\n      \"ts\": 1783566484186,\n      \"kind\": \"event\",\n      \"method\": null,\n      \"event\": \"task\",\n      \"ok\": null,\n      \"data\": null\n    },\n    {\n      \"ts\": 1783566484205,\n      \"kind\": \"event\",\n      \"method\": null,\n      \"event\": \"task\",\n      \"ok\": null,\n      \"data\": null\n    },\n    {\n      \"ts\": 1783566484205,\n      \"kind\": \"event\",\n      \"method\": null,\n      \"event\": \"task\",\n      \"ok\": null,\n      \"data\": null\n    },\n    {\n      \"ts\": 1783566484240,\n      \"kind\": \"event\",\n      \"method\": null,\n      \"event\": \"task\",\n      \"ok\": null,\n      \"data\": null\n    },\n    {\n      \"ts\": 1783566484240,\n      \"kind\": \"event\",\n      \"method\": null,\n      \"event\": \"task\",\n      \"ok\": null,\n      \"data\": null\n    },\n    {\n      \"ts\": 1783566484241,\n      \"kind\": \"event\",\n      \"method\": null,\n      \"event\": \"task\",\n      \"ok\": null,\n      \"data\": null\n    },\n    {\n      \"ts\": 1783566484242,\n      \"kind\": \"event\",\n      \"method\": null,\n      \"event\": \"task\",\n      \"ok\": null,\n      \"data\": null\n    },\n    {\n      \"ts\": 1783566484243,\n      \"kind\": \"event\",\n      \"method\": null,\n      \"event\": \"task\",\n      \"ok\": null,\n      \"data\": null\n    },\n    {\n      \"ts\": 1783566484244,\n      \"kind\": \"event\",\n      \"method\": null,\n      \"event\": \"task\",\n      \"ok\": null,\n      \"data\": null\n    },\n    {\n      \"ts\": 1783566484261,\n      \"kind\": \"event\",\n      \"method\": null,\n      \"event\": \"task\",\n      \"ok\": null,\n      \"data\": null\n    },\n    {\n      \"ts\": 1783566484262,\n      \"kind\": \"event\",\n      \"method\": null,\n      \"event\": \"task\",\n      \"ok\": null,\n      \"data\": null\n    },\n    {\n      \"ts\": 1783566484316,\n      \"kind\": \"event\",\n      \"method\": null,\n      \"event\": \"health\",\n      \"ok\": null,\n      \"data\": null\n    },\n    {\n      \"ts\": 1783566484318,\n      \"kind\": \"event\",\n      \"method\": null,\n      \"event\": \"task\",\n      \"ok\": null,\n      \"data\": null\n    },\n    {\n      \"ts\": 1783566484318,\n      \"kind\": \"event\",\n      \"method\": null,\n      \"event\": \"task\",\n      \"ok\": null,\n      \"data\": null\n    },\n    {\n      \"ts\": 1783566484318,\n      \"kind\": \"event\",\n      \"method\": null,\n      \"event\": \"agent\",\n      \"ok\": null,\n      \"data\": null\n    },\n    {\n      \"ts\": 1783566484318,\n      \"kind\": \"event\",\n      \"method\": null,\n      \"event\": \"agent\",\n      \"ok\": null,\n      \"data\": null\n    },\n    {\n      \"ts\": 1783566484318,\n      \"kind\": \"event\",\n      \"method\": null,\n      \"event\": \"chat\",\n      \"ok\": null,\n      \"data\": null\n    },\n    {\n      \"ts\": 1783566484329,\n      \"kind\": \"event\",\n      \"method\": null,\n      \"event\": \"task\",\n      \"ok\": null,\n      \"data\": null\n    },\n    {\n      \"ts\": 1783566484330,\n      \"kind\": \"event\",\n      \"method\": null,\n      \"event\": \"task\",\n      \"ok\": null,\n      \"data\": null\n    },\n    {\n      \"ts\": 1783566484332,\n      \"kind\": \"event\",\n      \"method\": null,\n      \"event\": \"task\",\n      \"ok\": null,\n      \"data\": null\n    },\n    {\n      \"ts\": 1783566484332,\n      \"kind\": \"event\",\n      \"method\": null,\n      \"event\": \"task\",\n      \"ok\": null,\n      \"data\": null\n    },\n    {\n      \"ts\": 1783566484334,\n      \"kind\": \"event\",\n      \"method\": null,\n      \"event\": \"presence\",\n      \"ok\": null,\n      \"data\": null\n    },\n    {\n      \"ts\": 1783566484340,\n      \"kind\": \"event\",\n      \"method\": null,\n      \"event\": \"task\",\n      \"ok\": null,\n      \"data\": null\n    },\n    {\n      \"ts\": 1783566484341,\n      \"kind\": \"event\",\n      \"method\": null,\n      \"event\": \"task\",\n      \"ok\": null,\n      \"data\": null\n    },\n    {\n      \"ts\": 1783566484357,\n      \"kind\": \"event\",\n      \"method\": null,\n      \"event\": \"task\",\n      \"ok\": null,\n      \"data\": null\n    },\n    {\n      \"ts\": 1783566484358,\n      \"kind\": \"event\",\n      \"method\": null,\n      \"event\": \"task\",\n      \"ok\": null,\n      \"data\": null\n    },\n    {\n      \"ts\": 1783566484375,\n      \"kind\": \"event\",\n      \"method\": null,\n      \"event\": \"task\",\n      \"ok\": null,\n      \"data\": null\n    },\n    {\n      \"ts\": 1783566484398,\n      \"kind\": \"event\",\n      \"method\": null,\n      \"event\": \"task\",\n      \"ok\": null,\n      \"data\": null\n    },\n    {\n      \"ts\": 1783566484404,\n      \"kind\": \"event\",\n      \"method\": null,\n      \"event\": \"task\",\n      \"ok\": null,\n      \"data\": null\n    },\n    {\n      \"ts\": 1783566484405,\n      \"kind\": \"event\",\n      \"method\": null,\n      \"event\": \"task\",\n      \"ok\": null,\n      \"data\": null\n    },\n    {\n      \"ts\": 1783566484413,\n      \"kind\": \"event\",\n      \"method\": null,\n      \"event\": \"task\",\n      \"ok\": null,\n      \"data\": null\n    },\n    {\n      \"ts\": 1783566484414,\n      \"kind\": \"event\",\n      \"method\": null,\n      \"event\": \"task\",\n      \"ok\": null,\n      \"data\": null\n    },\n    {\n      \"ts\": 1783566484481,\n      \"kind\": \"event\",\n      \"method\": null,\n      \"event\": \"health\",\n      \"ok\": null,\n      \"data\": null\n    },\n    {\n      \"ts\": 1783566484483,\n      \"kind\": \"event\",\n      \"method\": null,\n      \"event\": \"task\",\n      \"ok\": null,\n      \"data\": null\n    },\n    {\n      \"ts\": 1783566484483,\n      \"kind\": \"event\",\n      \"method\": null,\n      \"event\": \"task\",\n      \"ok\": null,\n      \"data\": null\n    },\n    {\n      \"ts\": 1783566484483,\n      \"kind\": \"event\",\n      \"method\": null,\n      \"event\": \"agent\",\n      \"ok\": null,\n      \"data\": null\n    },\n    {\n      \"ts\": 1783566484483,\n      \"kind\": \"event\",\n      \"method\": null,\n      \"event\": \"agent\",\n      \"ok\": null,\n      \"data\": null\n    },\n    {\n      \"ts\": 1783566484483,\n      \"kind\": \"event\",\n      \"method\": null,\n      \"event\": \"chat\",\n      \"ok\": null,\n      \"data\": null\n    },\n    {\n      \"ts\": 1783566484494,\n      \"kind\": \"event\",\n      \"method\": null,\n      \"event\": \"task\",\n      \"ok\": null,\n      \"data\": null\n    },\n    {\n      \"ts\": 1783566484495,\n      \"kind\": \"event\",\n      \"method\": null,\n      \"event\": \"task\",\n      \"ok\": null,\n      \"data\": null\n    },\n    {\n      \"ts\": 1783566484507,\n      \"kind\": \"event\",\n      \"method\": null,\n      \"event\": \"task\",\n      \"ok\": null,\n      \"data\": null\n    },\n    {\n      \"ts\": 1783566484508,\n      \"kind\": \"event\",\n      \"method\": null,\n      \"event\": \"task\",\n      \"ok\": null,\n      \"data\": null\n    },\n    {\n      \"ts\": 1783566484509,\n      \"kind\": \"event\",\n      \"method\": null,\n      \"event\": \"task\",\n      \"ok\": null,\n      \"data\": null\n    },\n    {\n      \"ts\": 1783566484509,\n      \"kind\": \"event\",\n      \"method\": null,\n      \"event\": \"task\",\n      \"ok\": null,\n      \"data\": null\n    },\n    {\n      \"ts\": 1783566484510,\n      \"kind\": \"event\",\n      \"method\": null,\n      \"event\": \"task\",\n      \"ok\": null,\n      \"data\": null\n    },\n    {\n      \"ts\": 1783566484511,\n      \"kind\": \"event\",\n      \"method\": null,\n      \"event\": \"task\",\n      \"ok\": null,\n      \"data\": null\n    },\n    {\n      \"ts\": 1783566484514,\n      \"kind\": \"event\",\n      \"method\": null,\n      \"event\": \"presence\",\n      \"ok\": null,\n      \"data\": null\n    },\n    {\n      \"ts\": 1783566484659,\n      \"kind\": \"event\",\n      \"method\": null,\n      \"event\": \"health\",\n      \"ok\": null,\n      \"data\": null\n    },\n    {\n      \"ts\": 1783566484661,\n      \"kind\": \"event\",\n      \"method\": null,\n      \"event\": \"task\",\n      \"ok\": null,\n      \"data\": null\n    },\n    {\n      \"ts\": 1783566484661,\n      \"kind\": \"event\",\n      \"method\": null,\n      \"event\": \"task\",\n      \"ok\": null,\n      \"data\": null\n    },\n    {\n      \"ts\": 1783566484661,\n      \"kind\": \"event\",\n      \"method\": null,\n      \"event\": \"agent\",\n      \"ok\": null,\n      \"data\": null\n    },\n    {\n      \"ts\": 1783566484661,\n      \"kind\": \"event\",\n      \"method\": null,\n      \"event\": \"agent\",\n      \"ok\": null,\n      \"data\": null\n    },\n    {\n      \"ts\": 1783566484683,\n      \"kind\": \"event\",\n      \"method\": null,\n      \"event\": \"presence\",\n      \"ok\": null,\n      \"data\": null\n    },\n    {\n      \"ts\": 1783566484690,\n      \"kind\": \"event\",\n      \"method\": null,\n      \"event\": \"task\",\n      \"ok\": null,\n      \"data\": null\n    },\n    {\n      \"ts\": 1783566484690,\n      \"kind\": \"event\",\n      \"method\": null,\n      \"event\": \"task\",\n      \"ok\": null,\n      \"data\": null\n    },\n    {\n      \"ts\": 1783566484691,\n      \"kind\": \"event\",\n      \"method\": null,\n      \"event\": \"agent\",\n      \"ok\": null,\n      \"data\": null\n    },\n    {\n      \"ts\": 1783566484862,\n      \"kind\": \"event\",\n      \"method\": null,\n      \"event\": \"health\",\n      \"ok\": null,\n      \"data\": null\n    },\n    {\n      \"ts\": 1783566484920,\n      \"kind\": \"event\",\n      \"method\": null,\n      \"event\": \"presence\",\n      \"ok\": null,\n      \"data\": null\n    },\n    {\n      \"ts\": 1783566484926,\n      \"kind\": \"event\",\n      \"method\": null,\n      \"event\": \"task\",\n      \"ok\": null,\n      \"data\": null\n    },\n    {\n      \"ts\": 1783566484927,\n      \"kind\": \"event\",\n      \"method\": null,\n      \"event\": \"task\",\n      \"ok\": null,\n      \"data\": null\n    },\n    {\n      \"ts\": 1783566484967,\n      \"kind\": \"event\",\n      \"method\": null,\n      \"event\": \"agent\",\n      \"ok\": null,\n      \"data\": null\n    },\n    {\n      \"ts\": 1783566484967,\n      \"kind\": \"event\",\n      \"method\": null,\n      \"event\": \"chat\",\n      \"ok\": null,\n      \"data\": null\n    },\n    {\n      \"ts\": 1783566484967,\n      \"kind\": \"event\",\n      \"method\": null,\n      \"event\": \"chat\",\n      \"ok\": null,\n      \"data\": null\n    },\n    {\n      \"ts\": 1783566484988,\n      \"kind\": \"event\",\n      \"method\": null,\n      \"event\": \"task\",\n      \"ok\": null,\n      \"data\": null\n    },\n    {\n      \"ts\": 1783566485036,\n      \"kind\": \"event\",\n      \"method\": null,\n      \"event\": \"presence\",\n      \"ok\": null,\n      \"data\": null\n    },\n    {\n      \"ts\": 1783566485152,\n      \"kind\": \"event\",\n      \"method\": null,\n      \"event\": \"health\",\n      \"ok\": null,\n      \"data\": null\n    },\n    {\n      \"ts\": 1783566485195,\n      \"kind\": \"event\",\n      \"method\": null,\n      \"event\": \"health\",\n      \"ok\": null,\n      \"data\": null\n    },\n    {\n      \"ts\": 1783566485236,\n      \"kind\": \"event\",\n      \"method\": null,\n      \"event\": \"presence\",\n      \"ok\": null,\n      \"data\": null\n    },\n    {\n      \"ts\": 1783566485262,\n      \"kind\": \"event\",\n      \"method\": null,\n      \"event\": \"task\",\n      \"ok\": null,\n      \"data\": null\n    },\n    {\n      \"ts\": 1783566485296,\n      \"kind\": \"event\",\n      \"method\": null,\n      \"event\": \"task\",\n      \"ok\": null,\n      \"data\": null\n    },\n    {\n      \"ts\": 1783566485300,\n      \"kind\": \"event\",\n      \"method\": null,\n      \"event\": \"presence\",\n      \"ok\": null,\n      \"data\": null\n    },\n    {\n      \"ts\": 1783566485590,\n      \"kind\": \"event\",\n      \"method\": null,\n      \"event\": \"health\",\n      \"ok\": null,\n      \"data\": null\n    },\n    {\n      \"ts\": 1783566485624,\n      \"kind\": \"event\",\n      \"method\": null,\n      \"event\": \"presence\",\n      \"ok\": null,\n      \"data\": null\n    },\n    {\n      \"ts\": 1783566485873,\n      \"kind\": \"event\",\n      \"method\": null,\n      \"event\": \"health\",\n      \"ok\": null,\n      \"data\": null\n    },\n    {\n      \"ts\": 1783566485904,\n      \"kind\": \"event\",\n      \"method\": null,\n      \"event\": \"presence\",\n      \"ok\": null,\n      \"data\": null\n    },\n    {\n      \"ts\": 1783566486156,\n      \"kind\": \"event\",\n      \"method\": null,\n      \"event\": \"health\",\n      \"ok\": null,\n      \"data\": null\n    },\n    {\n      \"ts\": 1783566486180,\n      \"kind\": \"event\",\n      \"method\": null,\n      \"event\": \"presence\",\n      \"ok\": null,\n      \"data\": null\n    },\n    {\n      \"ts\": 1783566486347,\n      \"kind\": \"event\",\n      \"method\": null,\n      \"event\": \"health\",\n      \"ok\": null,\n      \"data\": null\n    },\n    {\n      \"ts\": 1783566486368,\n      \"kind\": \"event\",\n      \"method\": null,\n      \"event\": \"presence\",\n      \"ok\": null,\n      \"data\": null\n    },\n    {\n      \"ts\": 1783566486540,\n      \"kind\": \"event\",\n      \"method\": null,\n      \"event\": \"health\",\n      \"ok\": null,\n      \"data\": null\n    },\n    {\n      \"ts\": 1783566486564,\n      \"kind\": \"event\",\n      \"method\": null,\n      \"event\": \"presence\",\n      \"ok\": null,\n      \"data\": null\n    },\n    {\n      \"ts\": 1783566486600,\n      \"kind\": \"event\",\n      \"method\": null,\n      \"event\": \"agent\",\n      \"ok\": null,\n      \"data\": null\n    },\n    {\n      \"ts\": 1783566486712,\n      \"kind\": \"event\",\n      \"method\": null,\n      \"event\": \"health\",\n      \"ok\": null,\n      \"data\": null\n    },\n    {\n      \"ts\": 1783566486733,\n      \"kind\": \"event\",\n      \"method\": null,\n      \"event\": \"presence\",\n      \"ok\": null,\n      \"data\": null\n    },\n    {\n      \"ts\": 1783566486879,\n      \"kind\": \"event\",\n      \"method\": null,\n      \"event\": \"health\",\n      \"ok\": null,\n      \"data\": null\n    },\n    {\n      \"ts\": 1783566486894,\n      \"kind\": \"event\",\n      \"method\": null,\n      \"event\": \"presence\",\n      \"ok\": null,\n      \"data\": null\n    },\n    {\n      \"ts\": 1783566487047,\n      \"kind\": \"event\",\n      \"method\": null,\n      \"event\": \"health\",\n      \"ok\": null,\n      \"data\": null\n    },\n    {\n      \"ts\": 1783566487069,\n      \"kind\": \"event\",\n      \"method\": null,\n      \"event\": \"presence\",\n      \"ok\": null,\n      \"data\": null\n    },\n    {\n      \"ts\": 1783566487223,\n      \"kind\": \"event\",\n      \"method\": null,\n      \"event\": \"health\",\n      \"ok\": null,\n      \"data\": null\n    },\n    {\n      \"ts\": 1783566487236,\n      \"kind\": \"event\",\n      \"method\": null,\n      \"event\": \"presence\",\n      \"ok\": null,\n      \"data\": null\n    },\n    {\n      \"ts\": 1783566487384,\n      \"kind\": \"event\",\n      \"method\": null,\n      \"event\": \"health\",\n      \"ok\": null,\n      \"data\": null\n    },\n    {\n      \"ts\": 1783566487405,\n      \"kind\": \"event\",\n      \"method\": null,\n      \"event\": \"presence\",\n      \"ok\": null,\n      \"data\": null\n    },\n    {\n      \"ts\": 1783566487550,\n      \"kind\": \"event\",\n      \"method\": null,\n      \"event\": \"health\",\n      \"ok\": null,\n      \"data\": null\n    },\n    {\n      \"ts\": 1783566487577,\n      \"kind\": \"event\",\n      \"method\": null,\n      \"event\": \"presence\",\n      \"ok\": null,\n      \"data\": null\n    },\n    {\n      \"ts\": 1783566487724,\n      \"kind\": \"event\",\n      \"method\": null,\n      \"event\": \"health\",\n      \"ok\": null,\n      \"data\": null\n    },\n    {\n      \"ts\": 1783566487740,\n      \"kind\": \"event\",\n      \"method\": null,\n      \"event\": \"presence\",\n      \"ok\": null,\n      \"data\": null\n    },\n    {\n      \"ts\": 1783566487890,\n      \"kind\": \"event\",\n      \"method\": null,\n      \"event\": \"health\",\n      \"ok\": null,\n      \"data\": null\n    },\n    {\n      \"ts\": 1783566487906,\n      \"kind\": \"event\",\n      \"method\": null,\n      \"event\": \"presence\",\n      \"ok\": null,\n      \"data\": null\n    },\n    {\n      \"ts\": 1783566488078,\n      \"kind\": \"event\",\n      \"method\": null,\n      \"event\": \"health\",\n      \"ok\": null,\n      \"data\": null\n    },\n    {\n      \"ts\": 1783566488126,\n      \"kind\": \"event\",\n      \"method\": null,\n      \"event\": \"presence\",\n      \"ok\": null,\n      \"data\": null\n    },\n    {\n      \"ts\": 1783566488271,\n      \"kind\": \"event\",\n      \"method\": null,\n      \"event\": \"health\",\n      \"ok\": null,\n      \"data\": null\n    },\n    {\n      \"ts\": 1783566488289,\n      \"kind\": \"event\",\n      \"method\": null,\n      \"event\": \"presence\",\n      \"ok\": null,\n      \"data\": null\n    },\n    {\n      \"ts\": 1783566488441,\n      \"kind\": \"event\",\n      \"method\": null,\n      \"event\": \"health\",\n      \"ok\": null,\n      \"data\": null\n    },\n    {\n      \"ts\": 1783566488456,\n      \"kind\": \"event\",\n      \"method\": null,\n      \"event\": \"presence\",\n      \"ok\": null,\n      \"data\": null\n    },\n    {\n      \"ts\": 1783566488601,\n      \"kind\": \"event\",\n      \"method\": null,\n      \"event\": \"health\",\n      \"ok\": null,\n      \"data\": null\n    },\n    {\n      \"ts\": 1783566488627,\n      \"kind\": \"event\",\n      \"method\": null,\n      \"event\": \"presence\",\n      \"ok\": null,\n      \"data\": null\n    },\n    {\n      \"ts\": 1783566488772,\n      \"kind\": \"event\",\n      \"method\": null,\n      \"event\": \"health\",\n      \"ok\": null,\n      \"data\": null\n    },\n    {\n      \"ts\": 1783566488791,\n      \"kind\": \"event\",\n      \"method\": null,\n      \"event\": \"presence\",\n      \"ok\": null,\n      \"data\": null\n    },\n    {\n      \"ts\": 1783566488936,\n      \"kind\": \"event\",\n      \"method\": null,\n      \"event\": \"health\",\n      \"ok\": null,\n      \"data\": null\n    },\n    {\n      \"ts\": 1783566488952,\n      \"kind\": \"event\",\n      \"method\": null,\n      \"event\": \"presence\",\n      \"ok\": null,\n      \"data\": null\n    },\n    {\n      \"ts\": 1783566489104,\n      \"kind\": \"event\",\n      \"method\": null,\n      \"event\": \"health\",\n      \"ok\": null,\n      \"data\": null\n    },\n    {\n      \"ts\": 1783566489118,\n      \"kind\": \"event\",\n      \"method\": null,\n      \"event\": \"presence\",\n      \"ok\": null,\n      \"data\": null\n    },\n    {\n      \"ts\": 1783566489265,\n      \"kind\": \"event\",\n      \"method\": null,\n      \"event\": \"health\",\n      \"ok\": null,\n      \"data\": null\n    },\n    {\n      \"ts\": 1783566489289,\n      \"kind\": \"event\",\n      \"method\": null,\n      \"event\": \"presence\",\n      \"ok\": null,\n      \"data\": null\n    },\n    {\n      \"ts\": 1783566489435,\n      \"kind\": \"event\",\n      \"method\": null,\n      \"event\": \"health\",\n      \"ok\": null,\n      \"data\": null\n    },\n    {\n      \"ts\": 1783566489456,\n      \"kind\": \"event\",\n      \"method\": null,\n      \"event\": \"presence\",\n      \"ok\": null,\n      \"data\": null\n    },\n    {\n      \"ts\": 1783566489602,\n      \"kind\": \"event\",\n      \"method\": null,\n      \"event\": \"health\",\n      \"ok\": null,\n      \"data\": null\n    },\n    {\n      \"ts\": 1783566489618,\n      \"kind\": \"event\",\n      \"method\": null,\n      \"event\": \"presence\",\n      \"ok\": null,\n      \"data\": null\n    },\n    {\n      \"ts\": 1783566489772,\n      \"kind\": \"event\",\n      \"method\": null,\n      \"event\": \"health\",\n      \"ok\": null,\n      \"data\": null\n    },\n    {\n      \"ts\": 1783566489794,\n      \"kind\": \"event\",\n      \"method\": null,\n      \"event\": \"presence\",\n      \"ok\": null,\n      \"data\": null\n    },\n    {\n      \"ts\": 1783566489944,\n      \"kind\": \"event\",\n      \"method\": null,\n      \"event\": \"health\",\n      \"ok\": null,\n      \"data\": null\n    },\n    {\n      \"ts\": 1783566489959,\n      \"kind\": \"event\",\n      \"method\": null,\n      \"event\": \"presence\",\n      \"ok\": null,\n      \"data\": null\n    },\n    {\n      \"ts\": 1783566490104,\n      \"kind\": \"event\",\n      \"method\": null,\n      \"event\": \"health\",\n      \"ok\": null,\n      \"data\": null\n    },\n    {\n      \"ts\": 1783566490125,\n      \"kind\": \"event\",\n      \"method\": null,\n      \"event\": \"presence\",\n      \"ok\": null,\n      \"data\": null\n    },\n    {\n      \"ts\": 1783566490272,\n      \"kind\": \"event\",\n      \"method\": null,\n      \"event\": \"health\",\n      \"ok\": null,\n      \"data\": null\n    },\n    {\n      \"ts\": 1783566490284,\n      \"kind\": \"event\",\n      \"method\": null,\n      \"event\": \"presence\",\n      \"ok\": null,\n      \"data\": null\n    },\n    {\n      \"ts\": 1783566490363,\n      \"kind\": \"event\",\n      \"method\": null,\n      \"event\": \"agent\",\n      \"ok\": null,\n      \"data\": null\n    },\n    {\n      \"ts\": 1783566490526,\n      \"kind\": \"event\",\n      \"method\": null,\n      \"event\": \"health\",\n      \"ok\": null,\n      \"data\": null\n    },\n    {\n      \"ts\": 1783566490785,\n      \"kind\": \"event\",\n      \"method\": null,\n      \"event\": \"presence\",\n      \"ok\": null,\n      \"data\": null\n    },\n    {\n      \"ts\": 1783566490932,\n      \"kind\": \"event\",\n      \"method\": null,\n      \"event\": \"health\",\n      \"ok\": null,\n      \"data\": null\n    },\n    {\n      \"ts\": 1783566490946,\n      \"kind\": \"event\",\n      \"method\": null,\n      \"event\": \"presence\",\n      \"ok\": null,\n      \"data\": null\n    },\n    {\n      \"ts\": 1783566491099,\n      \"kind\": \"event\",\n      \"method\": null,\n      \"event\": \"health\",\n      \"ok\": null,\n      \"data\": null\n    },\n    {\n      \"ts\": 1783566491113,\n      \"kind\": \"event\",\n      \"method\": null,\n      \"event\": \"presence\",\n      \"ok\": null,\n      \"data\": null\n    },\n    {\n      \"ts\": 1783566491270,\n      \"kind\": \"event\",\n      \"method\": null,\n      \"event\": \"health\",\n      \"ok\": null,\n      \"data\": null\n    },\n    {\n      \"ts\": 1783566491290,\n      \"kind\": \"event\",\n      \"method\": null,\n      \"event\": \"presence\",\n      \"ok\": null,\n      \"data\": null\n    },\n    {\n      \"ts\": 1783566491434,\n      \"kind\": \"event\",\n      \"method\": null,\n      \"event\": \"health\",\n      \"ok\": null,\n      \"data\": null\n    },\n    {\n      \"ts\": 1783566491455,\n      \"kind\": \"event\",\n      \"method\": null,\n      \"event\": \"presence\",\n      \"ok\": null,\n      \"data\": null\n    },\n    {\n      \"ts\": 1783566491729,\n      \"kind\": \"event\",\n      \"method\": null,\n      \"event\": \"health\",\n      \"ok\": null,\n      \"data\": null\n    },\n    {\n      \"ts\": 1783566491778,\n      \"kind\": \"event\",\n      \"method\": null,\n      \"event\": \"health\",\n      \"ok\": null,\n      \"data\": null\n    },\n    {\n      \"ts\": 1783566491800,\n      \"kind\": \"event\",\n      \"method\": null,\n      \"event\": \"presence\",\n      \"ok\": null,\n      \"data\": null\n    },\n    {\n      \"ts\": 1783566492033,\n      \"kind\": \"event\",\n      \"method\": null,\n      \"event\": \"presence\",\n      \"ok\": null,\n      \"data\": null\n    },\n    {\n      \"ts\": 1783566492044,\n      \"kind\": \"event\",\n      \"method\": null,\n      \"event\": \"agent\",\n      \"ok\": null,\n      \"data\": null\n    },\n    {\n      \"ts\": 1783566492178,\n      \"kind\": \"event\",\n      \"method\": null,\n      \"event\": \"health\",\n      \"ok\": null,\n      \"data\": null\n    },\n    {\n      \"ts\": 1783566492195,\n      \"kind\": \"event\",\n      \"method\": null,\n      \"event\": \"presence\",\n      \"ok\": null,\n      \"data\": null\n    },\n    {\n      \"ts\": 1783566492343,\n      \"kind\": \"event\",\n      \"method\": null,\n      \"event\": \"health\",\n      \"ok\": null,\n      \"data\": null\n    },\n    {\n      \"ts\": 1783566492369,\n      \"kind\": \"event\",\n      \"method\": null,\n      \"event\": \"presence\",\n      \"ok\": null,\n      \"data\": null\n    },\n    {\n      \"ts\": 1783566492515,\n      \"kind\": \"event\",\n      \"method\": null,\n      \"event\": \"health\",\n      \"ok\": null,\n      \"data\": null\n    },\n    {\n      \"ts\": 1783566492530,\n      \"kind\": \"event\",\n      \"method\": null,\n      \"event\": \"presence\",\n      \"ok\": null,\n      \"data\": null\n    },\n    {\n      \"ts\": 1783566492679,\n      \"kind\": \"event\",\n      \"method\": null,\n      \"event\": \"health\",\n      \"ok\": null,\n      \"data\": null\n    },\n    {\n      \"ts\": 1783566492695,\n      \"kind\": \"event\",\n      \"method\": null,\n      \"event\": \"presence\",\n      \"ok\": null,\n      \"data\": null\n    },\n    {\n      \"ts\": 1783566492841,\n      \"kind\": \"event\",\n      \"method\": null,\n      \"event\": \"health\",\n      \"ok\": null,\n      \"data\": null\n    },\n    {\n      \"ts\": 1783566492866,\n      \"kind\": \"event\",\n      \"method\": null,\n      \"event\": \"presence\",\n      \"ok\": null,\n      \"data\": null\n    },\n    {\n      \"ts\": 1783566493009,\n      \"kind\": \"event\",\n      \"method\": null,\n      \"event\": \"health\",\n      \"ok\": null,\n      \"data\": null\n    },\n    {\n      \"ts\": 1783566493029,\n      \"kind\": \"event\",\n      \"method\": null,\n      \"event\": \"presence\",\n      \"ok\": null,\n      \"data\": null\n    },\n    {\n      \"ts\": 1783566493174,\n      \"kind\": \"event\",\n      \"method\": null,\n      \"event\": \"health\",\n      \"ok\": null,\n      \"data\": null\n    },\n    {\n      \"ts\": 1783566493189,\n      \"kind\": \"event\",\n      \"method\": null,\n      \"event\": \"presence\",\n      \"ok\": null,\n      \"data\": null\n    },\n    {\n      \"ts\": 1783566493341,\n      \"kind\": \"event\",\n      \"method\": null,\n      \"event\": \"health\",\n      \"ok\": null,\n      \"data\": null\n    },\n    {\n      \"ts\": 1783566493355,\n      \"kind\": \"event\",\n      \"method\": null,\n      \"event\": \"presence\",\n      \"ok\": null,\n      \"data\": null\n    },\n    {\n      \"ts\": 1783566493501,\n      \"kind\": \"event\",\n      \"method\": null,\n      \"event\": \"health\",\n      \"ok\": null,\n      \"data\": null\n    },\n    {\n      \"ts\": 1783566493524,\n      \"kind\": \"event\",\n      \"method\": null,\n      \"event\": \"presence\",\n      \"ok\": null,\n      \"data\": null\n    },\n    {\n      \"ts\": 1783566493574,\n      \"kind\": \"event\",\n      \"method\": null,\n      \"event\": \"agent\",\n      \"ok\": null,\n      \"data\": null\n    },\n    {\n      \"ts\": 1783566493574,\n      \"kind\": \"event\",\n      \"method\": null,\n      \"event\": \"chat\",\n      \"ok\": null,\n      \"data\": null\n    },\n    {\n      \"ts\": 1783566493683,\n      \"kind\": \"event\",\n      \"method\": null,\n      \"event\": \"health\",\n      \"ok\": null,\n      \"data\": null\n    },\n    {\n      \"ts\": 1783566493702,\n      \"kind\": \"event\",\n      \"method\": null,\n      \"event\": \"presence\",\n      \"ok\": null,\n      \"data\": null\n    },\n    {\n      \"ts\": 1783566493776,\n      \"kind\": \"event\",\n      \"method\": null,\n      \"event\": \"agent\",\n      \"ok\": null,\n      \"data\": null\n    },\n    {\n      \"ts\": 1783566493905,\n      \"kind\": \"event\",\n      \"method\": null,\n      \"event\": \"health\",\n      \"ok\": null,\n      \"data\": null\n    },\n    {\n      \"ts\": 1783566493930,\n      \"kind\": \"event\",\n      \"method\": null,\n      \"event\": \"presence\",\n      \"ok\": null,\n      \"data\": null\n    },\n    {\n      \"ts\": 1783566494100,\n      \"kind\": \"event\",\n      \"method\": null,\n      \"event\": \"health\",\n      \"ok\": null,\n      \"data\": null\n    },\n    {\n      \"ts\": 1783566494123,\n      \"kind\": \"event\",\n      \"method\": null,\n      \"event\": \"presence\",\n      \"ok\": null,\n      \"data\": null\n    },\n    {\n      \"ts\": 1783566494269,\n      \"kind\": \"event\",\n      \"method\": null,\n      \"event\": \"health\",\n      \"ok\": null,\n      \"data\": null\n    },\n    {\n      \"ts\": 1783566494288,\n      \"kind\": \"event\",\n      \"method\": null,\n      \"event\": \"presence\",\n      \"ok\": null,\n      \"data\": null\n    },\n    {\n      \"ts\": 1783566494433,\n      \"kind\": \"event\",\n      \"method\": null,\n      \"event\": \"health\",\n      \"ok\": null,\n      \"data\": null\n    },\n    {\n      \"ts\": 1783566494447,\n      \"kind\": \"event\",\n      \"method\": null,\n      \"event\": \"presence\",\n      \"ok\": null,\n      \"data\": null\n    },\n    {\n      \"ts\": 1783566494598,\n      \"kind\": \"event\",\n      \"method\": null,\n      \"event\": \"health\",\n      \"ok\": null,\n      \"data\": null\n    },\n    {\n      \"ts\": 1783566494612,\n      \"kind\": \"event\",\n      \"method\": null,\n      \"event\": \"presence\",\n      \"ok\": null,\n      \"data\": null\n    },\n    {\n      \"ts\": 1783566494765,\n      \"kind\": \"event\",\n      \"method\": null,\n      \"event\": \"health\",\n      \"ok\": null,\n      \"data\": null\n    },\n    {\n      \"ts\": 1783566494782,\n      \"kind\": \"event\",\n      \"method\": null,\n      \"event\": \"presence\",\n      \"ok\": null,\n      \"data\": null\n    },\n    {\n      \"ts\": 1783566494928,\n      \"kind\": \"event\",\n      \"method\": null,\n      \"event\": \"health\",\n      \"ok\": null,\n      \"data\": null\n    },\n    {\n      \"ts\": 1783566494947,\n      \"kind\": \"event\",\n      \"method\": null,\n      \"event\": \"presence\",\n      \"ok\": null,\n      \"data\": null\n    },\n    {\n      \"ts\": 1783566495091,\n      \"kind\": \"event\",\n      \"method\": null,\n      \"event\": \"health\",\n      \"ok\": null,\n      \"data\": null\n    },\n    {\n      \"ts\": 1783566495106,\n      \"kind\": \"event\",\n      \"method\": null,\n      \"event\": \"presence\",\n      \"ok\": null,\n      \"data\": null\n    },\n    {\n      \"ts\": 1783566495257,\n      \"kind\": \"event\",\n      \"method\": null,\n      \"event\": \"health\",\n      \"ok\": null,\n      \"data\": null\n    },\n    {\n      \"ts\": 1783566495273,\n      \"kind\": \"event\",\n      \"method\": null,\n      \"event\": \"presence\",\n      \"ok\": null,\n      \"data\": null\n    },\n    {\n      \"ts\": 1783566495417,\n      \"kind\": \"event\",\n      \"method\": null,\n      \"event\": \"health\",\n      \"ok\": null,\n      \"data\": null\n    },\n    {\n      \"ts\": 1783566495440,\n      \"kind\": \"event\",\n      \"method\": null,\n      \"event\": \"presence\",\n      \"ok\": null,\n      \"data\": null\n    },\n    {\n      \"ts\": 1783566495586,\n      \"kind\": \"event\",\n      \"method\": null,\n      \"event\": \"health\",\n      \"ok\": null,\n      \"data\": null\n    },\n    {\n      \"ts\": 1783566495603,\n      \"kind\": \"event\",\n      \"method\": null,\n      \"event\": \"presence\",\n      \"ok\": null,\n      \"data\": null\n    },\n    {\n      \"ts\": 1783566495750,\n      \"kind\": \"event\",\n      \"method\": null,\n      \"event\": \"health\",\n      \"ok\": null,\n      \"data\": null\n    },\n    {\n      \"ts\": 1783566495765,\n      \"kind\": \"event\",\n      \"method\": null,\n      \"event\": \"presence\",\n      \"ok\": null,\n      \"data\": null\n    },\n    {\n      \"ts\": 1783566495918,\n      \"kind\": \"event\",\n      \"method\": null,\n      \"event\": \"health\",\n      \"ok\": null,\n      \"data\": null\n    },\n    {\n      \"ts\": 1783566495933,\n      \"kind\": \"event\",\n      \"method\": null,\n      \"event\": \"presence\",\n      \"ok\": null,\n      \"data\": null\n    },\n    {\n      \"ts\": 1783566496079,\n      \"kind\": \"event\",\n      \"method\": null,\n      \"event\": \"health\",\n      \"ok\": null,\n      \"data\": null\n    },\n    {\n      \"ts\": 1783566496102,\n      \"kind\": \"event\",\n      \"method\": null,\n      \"event\": \"presence\",\n      \"ok\": null,\n      \"data\": null\n    },\n    {\n      \"ts\": 1783566496249,\n      \"kind\": \"event\",\n      \"method\": null,\n      \"event\": \"health\",\n      \"ok\": null,\n      \"data\": null\n    },\n    {\n      \"ts\": 1783566496269,\n      \"kind\": \"event\",\n      \"method\": null,\n      \"event\": \"presence\",\n      \"ok\": null,\n      \"data\": null\n    },\n    {\n      \"ts\": 1783566496413,\n      \"kind\": \"event\",\n      \"method\": null,\n      \"event\": \"health\",\n      \"ok\": null,\n      \"data\": null\n    },\n    {\n      \"ts\": 1783566496428,\n      \"kind\": \"event\",\n      \"method\": null,\n      \"event\": \"presence\",\n      \"ok\": null,\n      \"data\": null\n    },\n    {\n      \"ts\": 1783566496581,\n      \"kind\": \"event\",\n      \"method\": null,\n      \"event\": \"health\",\n      \"ok\": null,\n      \"data\": null\n    },\n    {\n      \"ts\": 1783566496597,\n      \"kind\": \"event\",\n      \"method\": null,\n      \"event\": \"presence\",\n      \"ok\": null,\n      \"data\": null\n    },\n    {\n      \"ts\": 1783566496747,\n      \"kind\": \"event\",\n      \"method\": null,\n      \"event\": \"health\",\n      \"ok\": null,\n      \"data\": null\n    },\n    {\n      \"ts\": 1783566496771,\n      \"kind\": \"event\",\n      \"method\": null,\n      \"event\": \"presence\",\n      \"ok\": null,\n      \"data\": null\n    },\n    {\n      \"ts\": 1783566496922,\n      \"kind\": \"event\",\n      \"method\": null,\n      \"event\": \"health\",\n      \"ok\": null,\n      \"data\": null\n    },\n    {\n      \"ts\": 1783566496947,\n      \"kind\": \"event\",\n      \"method\": null,\n      \"event\": \"presence\",\n      \"ok\": null,\n      \"data\": null\n    },\n    {\n      \"ts\": 1783566497090,\n      \"kind\": \"event\",\n      \"method\": null,\n      \"event\": \"health\",\n      \"ok\": null,\n      \"data\": null\n    },\n    {\n      \"ts\": 1783566497092,\n      \"kind\": \"event\",\n      \"method\": null,\n      \"event\": \"agent\",\n      \"ok\": null,\n      \"data\": null\n    },\n    {\n      \"ts\": 1783566497092,\n      \"kind\": \"event\",\n      \"method\": null,\n      \"event\": \"chat\",\n      \"ok\": null,\n      \"data\": null\n    },\n    {\n      \"ts\": 1783566497113,\n      \"kind\": \"event\",\n      \"method\": null,\n      \"event\": \"presence\",\n      \"ok\": null,\n      \"data\": null\n    },\n    {\n      \"ts\": 1783566497260,\n      \"kind\": \"event\",\n      \"method\": null,\n      \"event\": \"health\",\n      \"ok\": null,\n      \"data\": null\n    },\n    {\n      \"ts\": 1783566497289,\n      \"kind\": \"event\",\n      \"method\": null,\n      \"event\": \"presence\",\n      \"ok\": null,\n      \"data\": null\n    },\n    {\n      \"ts\": 1783566497290,\n      \"kind\": \"event\",\n      \"method\": null,\n      \"event\": \"agent\",\n      \"ok\": null,\n      \"data\": null\n    },\n    {\n      \"ts\": 1783566497290,\n      \"kind\": \"event\",\n      \"method\": null,\n      \"event\": \"agent\",\n      \"ok\": null,\n      \"data\": null\n    },\n    {\n      \"ts\": 1783566497454,\n      \"kind\": \"event\",\n      \"method\": null,\n      \"event\": \"health\",\n      \"ok\": null,\n      \"data\": null\n    },\n    {\n      \"ts\": 1783566497482,\n      \"kind\": \"event\",\n      \"method\": null,\n      \"event\": \"presence\",\n      \"ok\": null,\n      \"data\": null\n    },\n    {\n      \"ts\": 1783566497633,\n      \"kind\": \"event\",\n      \"method\": null,\n      \"event\": \"health\",\n      \"ok\": null,\n      \"data\": null\n    },\n    {\n      \"ts\": 1783566497713,\n      \"kind\": \"event\",\n      \"method\": null,\n      \"event\": \"presence\",\n      \"ok\": null,\n      \"data\": null\n    },\n    {\n      \"ts\": 1783566497717,\n      \"kind\": \"event\",\n      \"method\": null,\n      \"event\": \"agent\",\n      \"ok\": null,\n      \"data\": null\n    },\n    {\n      \"ts\": 1783566497717,\n      \"kind\": \"event\",\n      \"method\": null,\n      \"event\": \"chat\",\n      \"ok\": null,\n      \"data\": null\n    },\n    {\n      \"ts\": 1783566497717,\n      \"kind\": \"event\",\n      \"method\": null,\n      \"event\": \"chat\",\n      \"ok\": null,\n      \"data\": null\n    },\n    {\n      \"ts\": 1783566497783,\n      \"kind\": \"event\",\n      \"method\": null,\n      \"event\": \"task\",\n      \"ok\": null,\n      \"data\": null\n    },\n    {\n      \"ts\": 1783566497987,\n      \"kind\": \"event\",\n      \"method\": null,\n      \"event\": \"health\",\n      \"ok\": null,\n      \"data\": null\n    },\n    {\n      \"ts\": 1783566498029,\n      \"kind\": \"event\",\n      \"method\": null,\n      \"event\": \"health\",\n      \"ok\": null,\n      \"data\": null\n    },\n    {\n      \"ts\": 1783566498053,\n      \"kind\": \"event\",\n      \"method\": null,\n      \"event\": \"presence\",\n      \"ok\": null,\n      \"data\": null\n    },\n    {\n      \"ts\": 1783566498214,\n      \"kind\": \"event\",\n      \"method\": null,\n      \"event\": \"health\",\n      \"ok\": null,\n      \"data\": null\n    },\n    {\n      \"ts\": 1783566498230,\n      \"kind\": \"event\",\n      \"method\": null,\n      \"event\": \"tick\",\n      \"ok\": null,\n      \"data\": null\n    },\n    {\n      \"ts\": 1783566498237,\n      \"kind\": \"event\",\n      \"method\": null,\n      \"event\": \"presence\",\n      \"ok\": null,\n      \"data\": null\n    },\n    {\n      \"ts\": 1783566498382,\n      \"kind\": \"event\",\n      \"method\": null,\n      \"event\": \"health\",\n      \"ok\": null,\n      \"data\": null\n    },\n    {\n      \"ts\": 1783566498408,\n      \"kind\": \"event\",\n      \"method\": null,\n      \"event\": \"presence\",\n      \"ok\": null,\n      \"data\": null\n    },\n    {\n      \"ts\": 1783566498551,\n      \"kind\": \"event\",\n      \"method\": null,\n      \"event\": \"health\",\n      \"ok\": null,\n      \"data\": null\n    },\n    {\n      \"ts\": 1783566498566,\n      \"kind\": \"event\",\n      \"method\": null,\n      \"event\": \"presence\",\n      \"ok\": null,\n      \"data\": null\n    },\n    {\n      \"ts\": 1783566498711,\n      \"kind\": \"event\",\n      \"method\": null,\n      \"event\": \"health\",\n      \"ok\": null,\n      \"data\": null\n    },\n    {\n      \"ts\": 1783566498726,\n      \"kind\": \"event\",\n      \"method\": null,\n      \"event\": \"presence\",\n      \"ok\": null,\n      \"data\": null\n    },\n    {\n      \"ts\": 1783566498876,\n      \"kind\": \"event\",\n      \"method\": null,\n      \"event\": \"health\",\n      \"ok\": null,\n      \"data\": null\n    },\n    {\n      \"ts\": 1783566498892,\n      \"kind\": \"event\",\n      \"method\": null,\n      \"event\": \"presence\",\n      \"ok\": null,\n      \"data\": null\n    },\n    {\n      \"ts\": 1783566499038,\n      \"kind\": \"event\",\n      \"method\": null,\n      \"event\": \"health\",\n      \"ok\": null,\n      \"data\": null\n    },\n    {\n      \"ts\": 1783566499063,\n      \"kind\": \"event\",\n      \"method\": null,\n      \"event\": \"presence\",\n      \"ok\": null,\n      \"data\": null\n    },\n    {\n      \"ts\": 1783566499206,\n      \"kind\": \"event\",\n      \"method\": null,\n      \"event\": \"health\",\n      \"ok\": null,\n      \"data\": null\n    },\n    {\n      \"ts\": 1783566499226,\n      \"kind\": \"event\",\n      \"method\": null,\n      \"event\": \"presence\",\n      \"ok\": null,\n      \"data\": null\n    },\n    {\n      \"ts\": 1783566499370,\n      \"kind\": \"event\",\n      \"method\": null,\n      \"event\": \"health\",\n      \"ok\": null,\n      \"data\": null\n    },\n    {\n      \"ts\": 1783566499385,\n      \"kind\": \"event\",\n      \"method\": null,\n      \"event\": \"presence\",\n      \"ok\": null,\n      \"data\": null\n    },\n    {\n      \"ts\": 1783566499536,\n      \"kind\": \"event\",\n      \"method\": null,\n      \"event\": \"health\",\n      \"ok\": null,\n      \"data\": null\n    },\n    {\n      \"ts\": 1783566499549,\n      \"kind\": \"event\",\n      \"method\": null,\n      \"event\": \"presence\",\n      \"ok\": null,\n      \"data\": null\n    },\n    {\n      \"ts\": 1783566499696,\n      \"kind\": \"event\",\n      \"method\": null,\n      \"event\": \"health\",\n      \"ok\": null,\n      \"data\": null\n    },\n    {\n      \"ts\": 1783566499719,\n      \"kind\": \"event\",\n      \"method\": null,\n      \"event\": \"presence\",\n      \"ok\": null,\n      \"data\": null\n    },\n    {\n      \"ts\": 1783566499866,\n      \"kind\": \"event\",\n      \"method\": null,\n      \"event\": \"health\",\n      \"ok\": null,\n      \"data\": null\n    },\n    {\n      \"ts\": 1783566499885,\n      \"kind\": \"event\",\n      \"method\": null,\n      \"event\": \"presence\",\n      \"ok\": null,\n      \"data\": null\n    },\n    {\n      \"ts\": 1783566500636,\n      \"kind\": \"event\",\n      \"method\": null,\n      \"event\": \"task\",\n      \"ok\": null,\n      \"data\": null\n    },\n    {\n      \"ts\": 1783566528230,\n      \"kind\": \"event\",\n      \"method\": null,\n      \"event\": \"tick\",\n      \"ok\": null,\n      \"data\": null\n    },\n    {\n      \"ts\": 1783566558081,\n      \"kind\": \"event\",\n      \"method\": null,\n      \"event\": \"health\",\n      \"ok\": null,\n      \"data\": null\n    },\n    {\n      \"ts\": 1783566558230,\n      \"kind\": \"event\",\n      \"method\": null,\n      \"event\": \"tick\",\n      \"ok\": null,\n      \"data\": null\n    },\n    {\n      \"ts\": 1783566588232,\n      \"kind\": \"event\",\n      \"method\": null,\n      \"event\": \"tick\",\n      \"ok\": null,\n      \"data\": null\n    },\n    {\n      \"ts\": 1783566618042,\n      \"kind\": \"event\",\n      \"method\": null,\n      \"event\": \"health\",\n      \"ok\": null,\n      \"data\": null\n    },\n    {\n      \"ts\": 1783566618232,\n      \"kind\": \"event\",\n      \"method\": null,\n      \"event\": \"tick\",\n      \"ok\": null,\n      \"data\": null\n    }\n  ],\n  \"ended\": \"2026-07-09T03:10:25.009Z\",\n  \"duration_ms\": 180608\n}" source=console
time="2026-07-08T20:10:25-07:00" level=info msg="--- END EVIDENCE ---" source=console
time="2026-07-08T20:10:25-07:00" level=info msg="\n[R-CD-MODEL-TOOL] VERDICT: PARTIAL-candidate" source=console

[R-CD-MODEL-TOOL] Summary: PARTIAL-candidate | SHA: e08f696618da57e7267a2148578fa4ab0d8b0d01 | Seat: cael

running (3m00.6s), 0/1 VUs, 1 complete and 0 interrupted iterations
r_cd_model_tool ✓ [ 100% ] 1 VUs  3m00.6s/3m30s  1/1 shared iters
time="2026-07-08T20:10:25-07:00" level=error msg="thresholds on metrics 'proof_failures, r_cd_model_tool_duration' have been crossed"
./r-cd-model-tool-summary.json
[R-CD-MODEL-TOOL] METRICS: /tmp/p81-cael-live-resume-20260709T030548Z/out/e08f696618da57e7267a2148578fa4ab0d8b0d01/R-CD-MODEL-TOOL/cael/20260709T030724Z-r-cd-model-tool/openclaw-proofs-k6.prom
[R-CD-MODEL-TOOL] ARTIFACTS: /tmp/p81-cael-live-resume-20260709T030548Z/out/e08f696618da57e7267a2148578fa4ab0d8b0d01/R-CD-MODEL-TOOL/cael/20260709T030724Z-r-cd-model-tool
[R-CD-MODEL-TOOL] FAILED with k6 exit code 99. Artifacts preserved.
