project81 k6 proof on cael	Set up job	﻿2026-07-09T05:13:01.3862944Z Current runner version: '2.335.1'
project81 k6 proof on cael	Set up job	2026-07-09T05:13:01.3866770Z Runner name: 'cael'
project81 k6 proof on cael	Set up job	2026-07-09T05:13:01.3867171Z Runner group name: 'thornfield'
project81 k6 proof on cael	Set up job	2026-07-09T05:13:01.3867712Z Machine name: 'cael'
project81 k6 proof on cael	Set up job	2026-07-09T05:13:01.3869152Z ##[group]GITHUB_TOKEN Permissions
project81 k6 proof on cael	Set up job	2026-07-09T05:13:01.3870353Z Contents: read
project81 k6 proof on cael	Set up job	2026-07-09T05:13:01.3870665Z Metadata: read
project81 k6 proof on cael	Set up job	2026-07-09T05:13:01.3871056Z ##[endgroup]
project81 k6 proof on cael	Set up job	2026-07-09T05:13:01.3872441Z Secret source: Actions
project81 k6 proof on cael	Set up job	2026-07-09T05:13:01.3872852Z Prepare workflow directory
project81 k6 proof on cael	Set up job	2026-07-09T05:13:01.4303731Z Prepare all required actions
project81 k6 proof on cael	Set up job	2026-07-09T05:13:01.4327325Z Getting action download info
project81 k6 proof on cael	Set up job	2026-07-09T05:13:01.7817554Z Download action repository 'actions/checkout@v4' (SHA:34e114876b0b11c390a56381ad16ebd13914f8d5)
project81 k6 proof on cael	Set up job	2026-07-09T05:13:02.2221178Z Download action repository 'actions/upload-artifact@v4' (SHA:ea165f8d65b6e75b540449e92b4886f43607fa02)
project81 k6 proof on cael	Set up job	2026-07-09T05:13:02.8044098Z Complete job name: project81 k6 proof on cael
project81 k6 proof on cael	Checkout bootstrap	﻿2026-07-09T05:13:02.8671127Z Node 20 is being deprecated. This workflow is running with Node 24 by default. If you need to temporarily use Node 20, you can set the ACTIONS_ALLOW_USE_UNSECURE_NODE_VERSION=true environment variable. For more information see: https://github.blog/changelog/2025-09-19-deprecation-of-node-20-on-github-actions-runners/
project81 k6 proof on cael	Checkout bootstrap	2026-07-09T05:13:02.8675814Z ##[group]Run actions/checkout@v4
project81 k6 proof on cael	Checkout bootstrap	2026-07-09T05:13:02.8676203Z with:
project81 k6 proof on cael	Checkout bootstrap	2026-07-09T05:13:02.8676532Z   path: openclaw-bootstrap
project81 k6 proof on cael	Checkout bootstrap	2026-07-09T05:13:02.8676857Z   repository: karmaterminal/openclaw-bootstrap
project81 k6 proof on cael	Checkout bootstrap	2026-07-09T05:13:02.8679547Z   token: ***
project81 k6 proof on cael	Checkout bootstrap	2026-07-09T05:13:02.8679798Z   ssh-strict: true
project81 k6 proof on cael	Checkout bootstrap	2026-07-09T05:13:02.8680061Z   ssh-user: git
project81 k6 proof on cael	Checkout bootstrap	2026-07-09T05:13:02.8680331Z   persist-credentials: true
project81 k6 proof on cael	Checkout bootstrap	2026-07-09T05:13:02.8680619Z   clean: true
project81 k6 proof on cael	Checkout bootstrap	2026-07-09T05:13:02.8680891Z   sparse-checkout-cone-mode: true
project81 k6 proof on cael	Checkout bootstrap	2026-07-09T05:13:02.8681201Z   fetch-depth: 1
project81 k6 proof on cael	Checkout bootstrap	2026-07-09T05:13:02.8681459Z   fetch-tags: false
project81 k6 proof on cael	Checkout bootstrap	2026-07-09T05:13:02.8681729Z   show-progress: true
project81 k6 proof on cael	Checkout bootstrap	2026-07-09T05:13:02.8682018Z   lfs: false
project81 k6 proof on cael	Checkout bootstrap	2026-07-09T05:13:02.8682285Z   submodules: false
project81 k6 proof on cael	Checkout bootstrap	2026-07-09T05:13:02.8682557Z   set-safe-directory: true
project81 k6 proof on cael	Checkout bootstrap	2026-07-09T05:13:02.8682897Z env:
project81 k6 proof on cael	Checkout bootstrap	2026-07-09T05:13:02.8683142Z   TARGET_PRINCE: cael
project81 k6 proof on cael	Checkout bootstrap	2026-07-09T05:13:02.8683469Z   CANDIDATE_SHA: 5292af40d0ad5303b85a678f6e629503a8725848
project81 k6 proof on cael	Checkout bootstrap	2026-07-09T05:13:02.8683838Z   TARGET_REF: 
project81 k6 proof on cael	Checkout bootstrap	2026-07-09T05:13:02.8685988Z   ROWS: preflight,R-CD-1,R-CD-2,R-CD-3,R-CD-4,R-CD-CHAINED-DEPTH-2,R-CD-MODEL-CHAINED-ALT,R-CD-MODEL-DEFAULT,R-CD-MODEL-TOKEN,R-CD-MODEL-TOOL,R-CD-RETURN-OVERLAP,R-CD-SILENT,R-CD-TOKEN,R-CONFIG-defaults,R-CONFIG-INTERSESSION,R-CW-1,R-CW-2,R-CW-3,R-CW-4,R-CW-DELEGATE-SELF-CONTINUATION,R-CW-TOKEN,R-OBS-1,R-OBS-2,R-OBS-status,R-RC-1,R-RC-2,R-REGRESSION-TRAP-TESTS,R-TRACE-REDACTION-1121
project81 k6 proof on cael	Checkout bootstrap	2026-07-09T05:13:02.8688266Z   K6SCENARIOS: 
project81 k6 proof on cael	Checkout bootstrap	2026-07-09T05:13:02.8688537Z   SESSION_SELECTOR: p81-5292-cael-live
project81 k6 proof on cael	Checkout bootstrap	2026-07-09T05:13:02.8688872Z   MANIFEST_PATH: project81-k6/manifest.json
project81 k6 proof on cael	Checkout bootstrap	2026-07-09T05:13:02.8689226Z   DOCS_REF: scribe/20260708/proofs-5292-rerun
project81 k6 proof on cael	Checkout bootstrap	2026-07-09T05:13:02.8689565Z   USE_DOCS_CATALOG: true
project81 k6 proof on cael	Checkout bootstrap	2026-07-09T05:13:02.8689843Z   DRY_RUN: false
project81 k6 proof on cael	Checkout bootstrap	2026-07-09T05:13:02.8690119Z   PROOFS_METRICS_PUSH: true
project81 k6 proof on cael	Checkout bootstrap	2026-07-09T05:13:02.8690500Z   PROOFS_METRICS_OTLP_ENDPOINT: http://10.0.0.99:4318/v1/metrics
project81 k6 proof on cael	Checkout bootstrap	2026-07-09T05:13:02.8690892Z   OPENCLAW_ALT_MODEL: 
project81 k6 proof on cael	Checkout bootstrap	2026-07-09T05:13:02.8691186Z   OPENCLAW_CREATE_DISPOSABLE_SESSION: true
project81 k6 proof on cael	Checkout bootstrap	2026-07-09T05:13:02.8691613Z   OPENCLAW_CREATE_DISPOSABLE_SESSIONS: true
project81 k6 proof on cael	Checkout bootstrap	2026-07-09T05:13:02.8692265Z   REASON: P81 rerun live/non-static rows for safe assembly SHA 5292af40d0ad5303b85a678f6e629503a8725848; static corpus rows carried separately
project81 k6 proof on cael	Checkout bootstrap	2026-07-09T05:13:02.8692908Z ##[endgroup]
project81 k6 proof on cael	Checkout bootstrap	2026-07-09T05:13:02.9256479Z Syncing repository: karmaterminal/openclaw-bootstrap
project81 k6 proof on cael	Checkout bootstrap	2026-07-09T05:13:02.9257609Z ##[group]Getting Git version info
project81 k6 proof on cael	Checkout bootstrap	2026-07-09T05:13:02.9258207Z Working directory is '/home/figs/actions-runner/_work/openclaw-bootstrap/openclaw-bootstrap/openclaw-bootstrap'
project81 k6 proof on cael	Checkout bootstrap	2026-07-09T05:13:02.9259016Z [command]/usr/bin/git version
project81 k6 proof on cael	Checkout bootstrap	2026-07-09T05:13:02.9259324Z git version 2.43.0
project81 k6 proof on cael	Checkout bootstrap	2026-07-09T05:13:02.9263353Z ##[endgroup]
project81 k6 proof on cael	Checkout bootstrap	2026-07-09T05:13:02.9271307Z Copying '/home/figs/.gitconfig' to '/home/figs/actions-runner/_work/_temp/f93fc23f-3b31-4988-8808-1a496d31a632/.gitconfig'
project81 k6 proof on cael	Checkout bootstrap	2026-07-09T05:13:02.9276021Z Temporarily overriding HOME='/home/figs/actions-runner/_work/_temp/f93fc23f-3b31-4988-8808-1a496d31a632' before making global git config changes
project81 k6 proof on cael	Checkout bootstrap	2026-07-09T05:13:02.9277029Z Adding repository directory to the temporary git global config as a safe directory
project81 k6 proof on cael	Checkout bootstrap	2026-07-09T05:13:02.9277873Z [command]/usr/bin/git config --global --add safe.directory /home/figs/actions-runner/_work/openclaw-bootstrap/openclaw-bootstrap/openclaw-bootstrap
project81 k6 proof on cael	Checkout bootstrap	2026-07-09T05:13:02.9379432Z [command]/usr/bin/git config --local --get remote.origin.url
project81 k6 proof on cael	Checkout bootstrap	2026-07-09T05:13:02.9393677Z https://github.com/karmaterminal/openclaw-bootstrap
project81 k6 proof on cael	Checkout bootstrap	2026-07-09T05:13:02.9399719Z ##[group]Removing previously created refs, to avoid conflicts
project81 k6 proof on cael	Checkout bootstrap	2026-07-09T05:13:02.9401333Z [command]/usr/bin/git rev-parse --symbolic-full-name --verify --quiet HEAD
project81 k6 proof on cael	Checkout bootstrap	2026-07-09T05:13:02.9424224Z refs/heads/main
project81 k6 proof on cael	Checkout bootstrap	2026-07-09T05:13:02.9430406Z [command]/usr/bin/git checkout --detach
project81 k6 proof on cael	Checkout bootstrap	2026-07-09T05:13:02.9478569Z HEAD is now at 997d742 Add prince MinIO filesharing runbook (#1259)
project81 k6 proof on cael	Checkout bootstrap	2026-07-09T05:13:02.9517441Z [command]/usr/bin/git branch --delete --force main
project81 k6 proof on cael	Checkout bootstrap	2026-07-09T05:13:02.9541552Z Deleted branch main (was 997d742).
project81 k6 proof on cael	Checkout bootstrap	2026-07-09T05:13:02.9571228Z ##[endgroup]
project81 k6 proof on cael	Checkout bootstrap	2026-07-09T05:13:02.9571574Z [command]/usr/bin/git submodule status
project81 k6 proof on cael	Checkout bootstrap	2026-07-09T05:13:02.9798193Z ##[group]Cleaning the repository
project81 k6 proof on cael	Checkout bootstrap	2026-07-09T05:13:02.9801337Z [command]/usr/bin/git clean -ffdx
project81 k6 proof on cael	Checkout bootstrap	2026-07-09T05:13:02.9885012Z Removing PROOFS/
project81 k6 proof on cael	Checkout bootstrap	2026-07-09T05:13:02.9890704Z [command]/usr/bin/git reset --hard HEAD
project81 k6 proof on cael	Checkout bootstrap	2026-07-09T05:13:02.9958743Z HEAD is now at 997d742 Add prince MinIO filesharing runbook (#1259)
project81 k6 proof on cael	Checkout bootstrap	2026-07-09T05:13:02.9963935Z ##[endgroup]
project81 k6 proof on cael	Checkout bootstrap	2026-07-09T05:13:02.9964925Z ##[group]Disabling automatic garbage collection
project81 k6 proof on cael	Checkout bootstrap	2026-07-09T05:13:02.9967518Z [command]/usr/bin/git config --local gc.auto 0
project81 k6 proof on cael	Checkout bootstrap	2026-07-09T05:13:02.9992291Z ##[endgroup]
project81 k6 proof on cael	Checkout bootstrap	2026-07-09T05:13:02.9993256Z ##[group]Setting up auth
project81 k6 proof on cael	Checkout bootstrap	2026-07-09T05:13:02.9994958Z [command]/usr/bin/git config --local --name-only --get-regexp core\.sshCommand
project81 k6 proof on cael	Checkout bootstrap	2026-07-09T05:13:03.0021336Z [command]/usr/bin/git submodule foreach --recursive sh -c "git config --local --name-only --get-regexp 'core\.sshCommand' && git config --local --unset-all 'core.sshCommand' || :"
project81 k6 proof on cael	Checkout bootstrap	2026-07-09T05:13:03.0238247Z [command]/usr/bin/git config --local --name-only --get-regexp http\.https\:\/\/github\.com\/\.extraheader
project81 k6 proof on cael	Checkout bootstrap	2026-07-09T05:13:03.0263739Z [command]/usr/bin/git submodule foreach --recursive sh -c "git config --local --name-only --get-regexp 'http\.https\:\/\/github\.com\/\.extraheader' && git config --local --unset-all 'http.https://github.com/.extraheader' || :"
project81 k6 proof on cael	Checkout bootstrap	2026-07-09T05:13:03.0479190Z [command]/usr/bin/git config --local --name-only --get-regexp ^includeIf\.gitdir:
project81 k6 proof on cael	Checkout bootstrap	2026-07-09T05:13:03.0509290Z [command]/usr/bin/git submodule foreach --recursive git config --local --show-origin --name-only --get-regexp remote.origin.url
project81 k6 proof on cael	Checkout bootstrap	2026-07-09T05:13:03.0709751Z [command]/usr/bin/git config --local http.https://github.com/.extraheader AUTHORIZATION: basic ***
project81 k6 proof on cael	Checkout bootstrap	2026-07-09T05:13:03.0740053Z ##[endgroup]
project81 k6 proof on cael	Checkout bootstrap	2026-07-09T05:13:03.0741086Z ##[group]Fetching the repository
project81 k6 proof on cael	Checkout bootstrap	2026-07-09T05:13:03.0743763Z [command]/usr/bin/git -c protocol.version=2 fetch --no-tags --prune --no-recurse-submodules --depth=1 origin +997d7423b6d29af4e4e899ff23295831e7c08718:refs/remotes/origin/main
project81 k6 proof on cael	Checkout bootstrap	2026-07-09T05:13:03.5968909Z ##[endgroup]
project81 k6 proof on cael	Checkout bootstrap	2026-07-09T05:13:03.5970242Z ##[group]Determining the checkout info
project81 k6 proof on cael	Checkout bootstrap	2026-07-09T05:13:03.5971721Z ##[endgroup]
project81 k6 proof on cael	Checkout bootstrap	2026-07-09T05:13:03.5972578Z [command]/usr/bin/git sparse-checkout disable
project81 k6 proof on cael	Checkout bootstrap	2026-07-09T05:13:03.6045796Z [command]/usr/bin/git config --local --unset-all extensions.worktreeConfig
project81 k6 proof on cael	Checkout bootstrap	2026-07-09T05:13:03.6075776Z ##[group]Checking out the ref
project81 k6 proof on cael	Checkout bootstrap	2026-07-09T05:13:03.6077607Z [command]/usr/bin/git checkout --progress --force -B main refs/remotes/origin/main
project81 k6 proof on cael	Checkout bootstrap	2026-07-09T05:13:03.6143386Z Switched to a new branch 'main'
project81 k6 proof on cael	Checkout bootstrap	2026-07-09T05:13:03.6144775Z branch 'main' set up to track 'origin/main'.
project81 k6 proof on cael	Checkout bootstrap	2026-07-09T05:13:03.6148301Z ##[endgroup]
project81 k6 proof on cael	Checkout bootstrap	2026-07-09T05:13:03.6187018Z [command]/usr/bin/git log -1 --format=%H
project81 k6 proof on cael	Checkout bootstrap	2026-07-09T05:13:03.6215747Z 997d7423b6d29af4e4e899ff23295831e7c08718
project81 k6 proof on cael	Checkout proof catalog	﻿2026-07-09T05:13:03.6598014Z Node 20 is being deprecated. This workflow is running with Node 24 by default. If you need to temporarily use Node 20, you can set the ACTIONS_ALLOW_USE_UNSECURE_NODE_VERSION=true environment variable. For more information see: https://github.blog/changelog/2025-09-19-deprecation-of-node-20-on-github-actions-runners/
project81 k6 proof on cael	Checkout proof catalog	2026-07-09T05:13:03.6603189Z ##[group]Run actions/checkout@v4
project81 k6 proof on cael	Checkout proof catalog	2026-07-09T05:13:03.6604072Z with:
project81 k6 proof on cael	Checkout proof catalog	2026-07-09T05:13:03.6604904Z   repository: karmaterminal/karmaterminal-openclaw-docs
project81 k6 proof on cael	Checkout proof catalog	2026-07-09T05:13:03.6606044Z   ref: scribe/20260708/proofs-5292-rerun
project81 k6 proof on cael	Checkout proof catalog	2026-07-09T05:13:03.6607110Z   path: karmaterminal-openclaw-docs
project81 k6 proof on cael	Checkout proof catalog	2026-07-09T05:13:03.6615727Z   token: ***
project81 k6 proof on cael	Checkout proof catalog	2026-07-09T05:13:03.6616482Z   ssh-strict: true
project81 k6 proof on cael	Checkout proof catalog	2026-07-09T05:13:03.6617182Z   ssh-user: git
project81 k6 proof on cael	Checkout proof catalog	2026-07-09T05:13:03.6617920Z   persist-credentials: true
project81 k6 proof on cael	Checkout proof catalog	2026-07-09T05:13:03.6618708Z   clean: true
project81 k6 proof on cael	Checkout proof catalog	2026-07-09T05:13:03.6619429Z   sparse-checkout-cone-mode: true
project81 k6 proof on cael	Checkout proof catalog	2026-07-09T05:13:03.6620313Z   fetch-depth: 1
project81 k6 proof on cael	Checkout proof catalog	2026-07-09T05:13:03.6621002Z   fetch-tags: false
project81 k6 proof on cael	Checkout proof catalog	2026-07-09T05:13:03.6621751Z   show-progress: true
project81 k6 proof on cael	Checkout proof catalog	2026-07-09T05:13:03.6622470Z   lfs: false
project81 k6 proof on cael	Checkout proof catalog	2026-07-09T05:13:03.6623174Z   submodules: false
project81 k6 proof on cael	Checkout proof catalog	2026-07-09T05:13:03.6623920Z   set-safe-directory: true
project81 k6 proof on cael	Checkout proof catalog	2026-07-09T05:13:03.6624703Z env:
project81 k6 proof on cael	Checkout proof catalog	2026-07-09T05:13:03.6625333Z   TARGET_PRINCE: cael
project81 k6 proof on cael	Checkout proof catalog	2026-07-09T05:13:03.6626234Z   CANDIDATE_SHA: 5292af40d0ad5303b85a678f6e629503a8725848
project81 k6 proof on cael	Checkout proof catalog	2026-07-09T05:13:03.6627384Z   TARGET_REF: 
project81 k6 proof on cael	Checkout proof catalog	2026-07-09T05:13:03.6634429Z   ROWS: preflight,R-CD-1,R-CD-2,R-CD-3,R-CD-4,R-CD-CHAINED-DEPTH-2,R-CD-MODEL-CHAINED-ALT,R-CD-MODEL-DEFAULT,R-CD-MODEL-TOKEN,R-CD-MODEL-TOOL,R-CD-RETURN-OVERLAP,R-CD-SILENT,R-CD-TOKEN,R-CONFIG-defaults,R-CONFIG-INTERSESSION,R-CW-1,R-CW-2,R-CW-3,R-CW-4,R-CW-DELEGATE-SELF-CONTINUATION,R-CW-TOKEN,R-OBS-1,R-OBS-2,R-OBS-status,R-RC-1,R-RC-2,R-REGRESSION-TRAP-TESTS,R-TRACE-REDACTION-1121
project81 k6 proof on cael	Checkout proof catalog	2026-07-09T05:13:03.6641762Z   K6SCENARIOS: 
project81 k6 proof on cael	Checkout proof catalog	2026-07-09T05:13:03.6642488Z   SESSION_SELECTOR: p81-5292-cael-live
project81 k6 proof on cael	Checkout proof catalog	2026-07-09T05:13:03.6643460Z   MANIFEST_PATH: project81-k6/manifest.json
project81 k6 proof on cael	Checkout proof catalog	2026-07-09T05:13:03.6644486Z   DOCS_REF: scribe/20260708/proofs-5292-rerun
project81 k6 proof on cael	Checkout proof catalog	2026-07-09T05:13:03.6645452Z   USE_DOCS_CATALOG: true
project81 k6 proof on cael	Checkout proof catalog	2026-07-09T05:13:03.6646202Z   DRY_RUN: false
project81 k6 proof on cael	Checkout proof catalog	2026-07-09T05:13:03.6646933Z   PROOFS_METRICS_PUSH: true
project81 k6 proof on cael	Checkout proof catalog	2026-07-09T05:13:03.6647986Z   PROOFS_METRICS_OTLP_ENDPOINT: http://10.0.0.99:4318/v1/metrics
project81 k6 proof on cael	Checkout proof catalog	2026-07-09T05:13:03.6649181Z   OPENCLAW_ALT_MODEL: 
project81 k6 proof on cael	Checkout proof catalog	2026-07-09T05:13:03.6649988Z   OPENCLAW_CREATE_DISPOSABLE_SESSION: true
project81 k6 proof on cael	Checkout proof catalog	2026-07-09T05:13:03.6650994Z   OPENCLAW_CREATE_DISPOSABLE_SESSIONS: true
project81 k6 proof on cael	Checkout proof catalog	2026-07-09T05:13:03.6653094Z   REASON: P81 rerun live/non-static rows for safe assembly SHA 5292af40d0ad5303b85a678f6e629503a8725848; static corpus rows carried separately
project81 k6 proof on cael	Checkout proof catalog	2026-07-09T05:13:03.6655150Z ##[endgroup]
project81 k6 proof on cael	Checkout proof catalog	2026-07-09T05:13:03.7240386Z Syncing repository: karmaterminal/karmaterminal-openclaw-docs
project81 k6 proof on cael	Checkout proof catalog	2026-07-09T05:13:03.7256596Z ##[group]Getting Git version info
project81 k6 proof on cael	Checkout proof catalog	2026-07-09T05:13:03.7258522Z Working directory is '/home/figs/actions-runner/_work/openclaw-bootstrap/openclaw-bootstrap/karmaterminal-openclaw-docs'
project81 k6 proof on cael	Checkout proof catalog	2026-07-09T05:13:03.7260957Z [command]/usr/bin/git version
project81 k6 proof on cael	Checkout proof catalog	2026-07-09T05:13:03.7289974Z git version 2.43.0
project81 k6 proof on cael	Checkout proof catalog	2026-07-09T05:13:03.7300664Z ##[endgroup]
project81 k6 proof on cael	Checkout proof catalog	2026-07-09T05:13:03.7305246Z Copying '/home/figs/.gitconfig' to '/home/figs/actions-runner/_work/_temp/ff9f8fc5-b482-4bd4-beb3-c8a371836bb4/.gitconfig'
project81 k6 proof on cael	Checkout proof catalog	2026-07-09T05:13:03.7317880Z Temporarily overriding HOME='/home/figs/actions-runner/_work/_temp/ff9f8fc5-b482-4bd4-beb3-c8a371836bb4' before making global git config changes
project81 k6 proof on cael	Checkout proof catalog	2026-07-09T05:13:03.7320545Z Adding repository directory to the temporary git global config as a safe directory
project81 k6 proof on cael	Checkout proof catalog	2026-07-09T05:13:03.7323293Z [command]/usr/bin/git config --global --add safe.directory /home/figs/actions-runner/_work/openclaw-bootstrap/openclaw-bootstrap/karmaterminal-openclaw-docs
project81 k6 proof on cael	Checkout proof catalog	2026-07-09T05:13:03.7421071Z [command]/usr/bin/git config --local --get remote.origin.url
project81 k6 proof on cael	Checkout proof catalog	2026-07-09T05:13:03.7438369Z https://github.com/karmaterminal/karmaterminal-openclaw-docs
project81 k6 proof on cael	Checkout proof catalog	2026-07-09T05:13:03.7448558Z ##[group]Removing previously created refs, to avoid conflicts
project81 k6 proof on cael	Checkout proof catalog	2026-07-09T05:13:03.7450825Z [command]/usr/bin/git rev-parse --symbolic-full-name --verify --quiet HEAD
project81 k6 proof on cael	Checkout proof catalog	2026-07-09T05:13:03.7469051Z refs/heads/scribe/20260708/proofs-5292-rerun
project81 k6 proof on cael	Checkout proof catalog	2026-07-09T05:13:03.7475527Z [command]/usr/bin/git checkout --detach
project81 k6 proof on cael	Checkout proof catalog	2026-07-09T05:13:03.7790181Z HEAD is now at cc408f7 PROOFS: seed Project 81 rerun corpus for 5292af40
project81 k6 proof on cael	Checkout proof catalog	2026-07-09T05:13:03.7828750Z [command]/usr/bin/git branch --delete --force scribe/20260708/proofs-5292-rerun
project81 k6 proof on cael	Checkout proof catalog	2026-07-09T05:13:03.7862170Z Deleted branch scribe/20260708/proofs-5292-rerun (was cc408f7).
project81 k6 proof on cael	Checkout proof catalog	2026-07-09T05:13:03.7887797Z ##[endgroup]
project81 k6 proof on cael	Checkout proof catalog	2026-07-09T05:13:03.7888599Z [command]/usr/bin/git submodule status
project81 k6 proof on cael	Checkout proof catalog	2026-07-09T05:13:03.8097514Z ##[group]Cleaning the repository
project81 k6 proof on cael	Checkout proof catalog	2026-07-09T05:13:03.8098659Z [command]/usr/bin/git clean -ffdx
project81 k6 proof on cael	Checkout proof catalog	2026-07-09T05:13:03.8341842Z [command]/usr/bin/git reset --hard HEAD
project81 k6 proof on cael	Checkout proof catalog	2026-07-09T05:13:03.8707945Z HEAD is now at cc408f7 PROOFS: seed Project 81 rerun corpus for 5292af40
project81 k6 proof on cael	Checkout proof catalog	2026-07-09T05:13:03.8718385Z ##[endgroup]
project81 k6 proof on cael	Checkout proof catalog	2026-07-09T05:13:03.8719151Z ##[group]Disabling automatic garbage collection
project81 k6 proof on cael	Checkout proof catalog	2026-07-09T05:13:03.8723244Z [command]/usr/bin/git config --local gc.auto 0
project81 k6 proof on cael	Checkout proof catalog	2026-07-09T05:13:03.8752108Z ##[endgroup]
project81 k6 proof on cael	Checkout proof catalog	2026-07-09T05:13:03.8752801Z ##[group]Setting up auth
project81 k6 proof on cael	Checkout proof catalog	2026-07-09T05:13:03.8753593Z [command]/usr/bin/git config --local --name-only --get-regexp core\.sshCommand
project81 k6 proof on cael	Checkout proof catalog	2026-07-09T05:13:03.8777298Z [command]/usr/bin/git submodule foreach --recursive sh -c "git config --local --name-only --get-regexp 'core\.sshCommand' && git config --local --unset-all 'core.sshCommand' || :"
project81 k6 proof on cael	Checkout proof catalog	2026-07-09T05:13:03.8989560Z [command]/usr/bin/git config --local --name-only --get-regexp http\.https\:\/\/github\.com\/\.extraheader
project81 k6 proof on cael	Checkout proof catalog	2026-07-09T05:13:03.9012715Z [command]/usr/bin/git submodule foreach --recursive sh -c "git config --local --name-only --get-regexp 'http\.https\:\/\/github\.com\/\.extraheader' && git config --local --unset-all 'http.https://github.com/.extraheader' || :"
project81 k6 proof on cael	Checkout proof catalog	2026-07-09T05:13:03.9220160Z [command]/usr/bin/git config --local --name-only --get-regexp ^includeIf\.gitdir:
project81 k6 proof on cael	Checkout proof catalog	2026-07-09T05:13:03.9244135Z [command]/usr/bin/git submodule foreach --recursive git config --local --show-origin --name-only --get-regexp remote.origin.url
project81 k6 proof on cael	Checkout proof catalog	2026-07-09T05:13:03.9467322Z [command]/usr/bin/git config --local http.https://github.com/.extraheader AUTHORIZATION: basic ***
project81 k6 proof on cael	Checkout proof catalog	2026-07-09T05:13:03.9505184Z ##[endgroup]
project81 k6 proof on cael	Checkout proof catalog	2026-07-09T05:13:03.9506658Z ##[group]Fetching the repository
project81 k6 proof on cael	Checkout proof catalog	2026-07-09T05:13:03.9510587Z [command]/usr/bin/git -c protocol.version=2 fetch --no-tags --prune --no-recurse-submodules --depth=1 origin +refs/heads/scribe/20260708/proofs-5292-rerun*:refs/remotes/origin/scribe/20260708/proofs-5292-rerun* +refs/tags/scribe/20260708/proofs-5292-rerun*:refs/tags/scribe/20260708/proofs-5292-rerun*
project81 k6 proof on cael	Checkout proof catalog	2026-07-09T05:13:04.4536189Z ##[endgroup]
project81 k6 proof on cael	Checkout proof catalog	2026-07-09T05:13:04.4536739Z ##[group]Determining the checkout info
project81 k6 proof on cael	Checkout proof catalog	2026-07-09T05:13:04.4537725Z [command]/usr/bin/git branch --list --remote origin/scribe/20260708/proofs-5292-rerun
project81 k6 proof on cael	Checkout proof catalog	2026-07-09T05:13:04.4566298Z   origin/scribe/20260708/proofs-5292-rerun
project81 k6 proof on cael	Checkout proof catalog	2026-07-09T05:13:04.4569146Z ##[endgroup]
project81 k6 proof on cael	Checkout proof catalog	2026-07-09T05:13:04.4573846Z [command]/usr/bin/git sparse-checkout disable
project81 k6 proof on cael	Checkout proof catalog	2026-07-09T05:13:04.4681458Z [command]/usr/bin/git config --local --unset-all extensions.worktreeConfig
project81 k6 proof on cael	Checkout proof catalog	2026-07-09T05:13:04.4713055Z ##[group]Checking out the ref
project81 k6 proof on cael	Checkout proof catalog	2026-07-09T05:13:04.4715886Z [command]/usr/bin/git checkout --progress --force -B scribe/20260708/proofs-5292-rerun refs/remotes/origin/scribe/20260708/proofs-5292-rerun
project81 k6 proof on cael	Checkout proof catalog	2026-07-09T05:13:04.4879383Z Switched to a new branch 'scribe/20260708/proofs-5292-rerun'
project81 k6 proof on cael	Checkout proof catalog	2026-07-09T05:13:04.4880191Z branch 'scribe/20260708/proofs-5292-rerun' set up to track 'origin/scribe/20260708/proofs-5292-rerun'.
project81 k6 proof on cael	Checkout proof catalog	2026-07-09T05:13:04.4882041Z ##[endgroup]
project81 k6 proof on cael	Checkout proof catalog	2026-07-09T05:13:04.4917184Z [command]/usr/bin/git log -1 --format=%H
project81 k6 proof on cael	Checkout proof catalog	2026-07-09T05:13:04.4946347Z cc408f75eaf760d01224a93f3326f9a8a837e114
project81 k6 proof on cael	Run Project 81 k6 proof wrapper	﻿2026-07-09T05:13:04.5092165Z ##[group]Run set -euo pipefail
project81 k6 proof on cael	Run Project 81 k6 proof wrapper	2026-07-09T05:13:04.5092640Z [36;1mset -euo pipefail[0m
project81 k6 proof on cael	Run Project 81 k6 proof wrapper	2026-07-09T05:13:04.5092903Z [36;1mcd openclaw-bootstrap[0m
project81 k6 proof on cael	Run Project 81 k6 proof wrapper	2026-07-09T05:13:04.5093272Z [36;1msummary_output="$(scripts/project81-k6-proof/run.sh)"[0m
project81 k6 proof on cael	Run Project 81 k6 proof wrapper	2026-07-09T05:13:04.5093734Z [36;1msummary_path="$(printf '%s\n' "${summary_output}" | tail -n 1)"[0m
project81 k6 proof on cael	Run Project 81 k6 proof wrapper	2026-07-09T05:13:04.5094130Z [36;1mtest -f "${summary_path}"[0m
project81 k6 proof on cael	Run Project 81 k6 proof wrapper	2026-07-09T05:13:04.5094470Z [36;1mecho "summary_path=${summary_path}" >> "$GITHUB_OUTPUT"[0m
project81 k6 proof on cael	Run Project 81 k6 proof wrapper	2026-07-09T05:13:04.5094889Z [36;1mecho "### Project 81 k6 proof" >> "$GITHUB_STEP_SUMMARY"[0m
project81 k6 proof on cael	Run Project 81 k6 proof wrapper	2026-07-09T05:13:04.5095256Z [36;1mecho "" >> "$GITHUB_STEP_SUMMARY"[0m
project81 k6 proof on cael	Run Project 81 k6 proof wrapper	2026-07-09T05:13:04.5095657Z [36;1mecho "- target prince: ${TARGET_PRINCE}" >> "$GITHUB_STEP_SUMMARY"[0m
project81 k6 proof on cael	Run Project 81 k6 proof wrapper	2026-07-09T05:13:04.5096095Z [36;1mecho "- rows: ${ROWS}" >> "$GITHUB_STEP_SUMMARY"[0m
project81 k6 proof on cael	Run Project 81 k6 proof wrapper	2026-07-09T05:13:04.5096666Z [36;1mecho "- dry run: ${DRY_RUN}" >> "$GITHUB_STEP_SUMMARY"[0m
project81 k6 proof on cael	Run Project 81 k6 proof wrapper	2026-07-09T05:13:04.5097137Z [36;1mecho "- alt model: ${OPENCLAW_ALT_MODEL:-}" >> "$GITHUB_STEP_SUMMARY"[0m
project81 k6 proof on cael	Run Project 81 k6 proof wrapper	2026-07-09T05:13:04.5097630Z [36;1mecho "- reason: ${REASON:-}" >> "$GITHUB_STEP_SUMMARY"[0m
project81 k6 proof on cael	Run Project 81 k6 proof wrapper	2026-07-09T05:13:04.5098068Z [36;1mecho "- summary: \`${summary_path}\`" >> "$GITHUB_STEP_SUMMARY"[0m
project81 k6 proof on cael	Run Project 81 k6 proof wrapper	2026-07-09T05:13:04.5098482Z [36;1mecho "" >> "$GITHUB_STEP_SUMMARY"[0m
project81 k6 proof on cael	Run Project 81 k6 proof wrapper	2026-07-09T05:13:04.5098824Z [36;1mecho '```json' >> "$GITHUB_STEP_SUMMARY"[0m
project81 k6 proof on cael	Run Project 81 k6 proof wrapper	2026-07-09T05:13:04.5111388Z [36;1mjq . "${summary_path}" >> "$GITHUB_STEP_SUMMARY"[0m
project81 k6 proof on cael	Run Project 81 k6 proof wrapper	2026-07-09T05:13:04.5111813Z [36;1mecho '```' >> "$GITHUB_STEP_SUMMARY"[0m
project81 k6 proof on cael	Run Project 81 k6 proof wrapper	2026-07-09T05:13:04.5173025Z shell: /usr/bin/bash -e {0}
project81 k6 proof on cael	Run Project 81 k6 proof wrapper	2026-07-09T05:13:04.5173319Z env:
project81 k6 proof on cael	Run Project 81 k6 proof wrapper	2026-07-09T05:13:04.5173508Z   TARGET_PRINCE: cael
project81 k6 proof on cael	Run Project 81 k6 proof wrapper	2026-07-09T05:13:04.5173789Z   CANDIDATE_SHA: 5292af40d0ad5303b85a678f6e629503a8725848
project81 k6 proof on cael	Run Project 81 k6 proof wrapper	2026-07-09T05:13:04.5174108Z   TARGET_REF: 
project81 k6 proof on cael	Run Project 81 k6 proof wrapper	2026-07-09T05:13:04.5176911Z   ROWS: preflight,R-CD-1,R-CD-2,R-CD-3,R-CD-4,R-CD-CHAINED-DEPTH-2,R-CD-MODEL-CHAINED-ALT,R-CD-MODEL-DEFAULT,R-CD-MODEL-TOKEN,R-CD-MODEL-TOOL,R-CD-RETURN-OVERLAP,R-CD-SILENT,R-CD-TOKEN,R-CONFIG-defaults,R-CONFIG-INTERSESSION,R-CW-1,R-CW-2,R-CW-3,R-CW-4,R-CW-DELEGATE-SELF-CONTINUATION,R-CW-TOKEN,R-OBS-1,R-OBS-2,R-OBS-status,R-RC-1,R-RC-2,R-REGRESSION-TRAP-TESTS,R-TRACE-REDACTION-1121
project81 k6 proof on cael	Run Project 81 k6 proof wrapper	2026-07-09T05:13:04.5179591Z   K6SCENARIOS: 
project81 k6 proof on cael	Run Project 81 k6 proof wrapper	2026-07-09T05:13:04.5179806Z   SESSION_SELECTOR: p81-5292-cael-live
project81 k6 proof on cael	Run Project 81 k6 proof wrapper	2026-07-09T05:13:04.5180096Z   MANIFEST_PATH: project81-k6/manifest.json
project81 k6 proof on cael	Run Project 81 k6 proof wrapper	2026-07-09T05:13:04.5180406Z   DOCS_REF: scribe/20260708/proofs-5292-rerun
project81 k6 proof on cael	Run Project 81 k6 proof wrapper	2026-07-09T05:13:04.5180686Z   USE_DOCS_CATALOG: true
project81 k6 proof on cael	Run Project 81 k6 proof wrapper	2026-07-09T05:13:04.5180897Z   DRY_RUN: false
project81 k6 proof on cael	Run Project 81 k6 proof wrapper	2026-07-09T05:13:04.5181095Z   PROOFS_METRICS_PUSH: true
project81 k6 proof on cael	Run Project 81 k6 proof wrapper	2026-07-09T05:13:04.5181519Z   PROOFS_METRICS_OTLP_ENDPOINT: http://10.0.0.99:4318/v1/metrics
project81 k6 proof on cael	Run Project 81 k6 proof wrapper	2026-07-09T05:13:04.5181882Z   OPENCLAW_ALT_MODEL: 
project81 k6 proof on cael	Run Project 81 k6 proof wrapper	2026-07-09T05:13:04.5182119Z   OPENCLAW_CREATE_DISPOSABLE_SESSION: true
project81 k6 proof on cael	Run Project 81 k6 proof wrapper	2026-07-09T05:13:04.5182423Z   OPENCLAW_CREATE_DISPOSABLE_SESSIONS: true
project81 k6 proof on cael	Run Project 81 k6 proof wrapper	2026-07-09T05:13:04.5183067Z   REASON: P81 rerun live/non-static rows for safe assembly SHA 5292af40d0ad5303b85a678f6e629503a8725848; static corpus rows carried separately
project81 k6 proof on cael	Run Project 81 k6 proof wrapper	2026-07-09T05:13:04.5183704Z ##[endgroup]
project81 k6 proof on cael	Run Project 81 k6 proof wrapper	2026-07-09T05:13:05.5888474Z [project81-k6] proof metrics OTLP push enabled for live run
project81 k6 proof on cael	Run Project 81 k6 proof wrapper	2026-07-09T05:13:05.5889489Z [project81-k6] using docs catalog at /home/figs/actions-runner/_work/openclaw-bootstrap/openclaw-bootstrap/openclaw-bootstrap/../karmaterminal-openclaw-docs ref=scribe/20260708/proofs-5292-rerun
project81 k6 proof on cael	Run Project 81 k6 proof wrapper	2026-07-09T05:13:07.1785483Z ==========================================================
project81 k6 proof on cael	Run Project 81 k6 proof wrapper	2026-07-09T05:13:07.1785881Z Project 81: Seat-Aware k6 Proof Runner
project81 k6 proof on cael	Run Project 81 k6 proof wrapper	2026-07-09T05:13:07.1786140Z Seat: cael
project81 k6 proof on cael	Run Project 81 k6 proof wrapper	2026-07-09T05:13:07.1786583Z Target Candidate SHA: 5292af40d0ad5303b85a678f6e629503a8725848
project81 k6 proof on cael	Run Project 81 k6 proof wrapper	2026-07-09T05:13:07.1786968Z Deployed Runtime SHA: OpenClaw 2026.6.11 (5292af4)
project81 k6 proof on cael	Run Project 81 k6 proof wrapper	2026-07-09T05:13:07.1787271Z Session: p81-5292-cael-live
project81 k6 proof on cael	Run Project 81 k6 proof wrapper	2026-07-09T05:13:07.1788757Z Artifact root: /home/figs/actions-runner/_work/openclaw-bootstrap/openclaw-bootstrap/openclaw-bootstrap/PROOFS/f5ac94305a4f96703120b3d887808669c533e700/project81-k6/20260709T051305Z-cael-dgx-4071269
project81 k6 proof on cael	Run Project 81 k6 proof wrapper	2026-07-09T05:13:07.1792385Z Rows: preflight,R-CD-1,R-CD-2,R-CD-3,R-CD-4,R-CD-CHAINED-DEPTH-2,R-CD-MODEL-CHAINED-ALT,R-CD-MODEL-DEFAULT,R-CD-MODEL-TOKEN,R-CD-MODEL-TOOL,R-CD-RETURN-OVERLAP,R-CD-SILENT,R-CD-TOKEN,R-CONFIG-defaults,R-CONFIG-INTERSESSION,R-CW-1,R-CW-2,R-CW-3,R-CW-4,R-CW-DELEGATE-SELF-CONTINUATION,R-CW-TOKEN,R-OBS-1,R-OBS-2,R-OBS-status,R-RC-1,R-RC-2,R-REGRESSION-TRAP-TESTS,R-TRACE-REDACTION-1121
project81 k6 proof on cael	Run Project 81 k6 proof wrapper	2026-07-09T05:13:07.1795048Z Dry Run: false
project81 k6 proof on cael	Run Project 81 k6 proof wrapper	2026-07-09T05:13:07.1795256Z ==========================================================
project81 k6 proof on cael	Run Project 81 k6 proof wrapper	2026-07-09T05:13:07.1799155Z Running seat-readiness preflight (k6/tooling/gateway/continuation config)...
project81 k6 proof on cael	Run Project 81 k6 proof wrapper	2026-07-09T05:13:08.1573073Z SEAT READINESS: /home/figs/actions-runner/_work/openclaw-bootstrap/openclaw-bootstrap/openclaw-bootstrap/PROOFS/f5ac94305a4f96703120b3d887808669c533e700/project81-k6/20260709T051305Z-cael-dgx-4071269/seat-readiness.json
project81 k6 proof on cael	Run Project 81 k6 proof wrapper	2026-07-09T05:13:08.1690450Z 
project81 k6 proof on cael	Run Project 81 k6 proof wrapper	2026-07-09T05:13:08.1690893Z ----------------------------------------
project81 k6 proof on cael	Run Project 81 k6 proof wrapper	2026-07-09T05:13:08.1692155Z Row: PREFLIGHT
project81 k6 proof on cael	Run Project 81 k6 proof wrapper	2026-07-09T05:13:08.1692839Z Manifest: /home/figs/actions-runner/_work/openclaw-bootstrap/openclaw-bootstrap/karmaterminal-openclaw-docs/tools/k6-proofs/manifests/preflight.example.json
project81 k6 proof on cael	Run Project 81 k6 proof wrapper	2026-07-09T05:13:08.1693603Z Scenario: scenarios/preflight.js
project81 k6 proof on cael	Run Project 81 k6 proof wrapper	2026-07-09T05:13:08.1693847Z Status: runnable
project81 k6 proof on cael	Run Project 81 k6 proof wrapper	2026-07-09T05:13:08.1694061Z Live Safety: static-preflight-only
project81 k6 proof on cael	Run Project 81 k6 proof wrapper	2026-07-09T05:13:08.1694568Z [PREFLIGHT] SKIPPED: liveRunSafety classification (static-preflight-only) rejects unattended live fire.
project81 k6 proof on cael	Run Project 81 k6 proof wrapper	2026-07-09T05:13:08.1815613Z 
project81 k6 proof on cael	Run Project 81 k6 proof wrapper	2026-07-09T05:13:08.1815938Z ----------------------------------------
project81 k6 proof on cael	Run Project 81 k6 proof wrapper	2026-07-09T05:13:08.1816222Z Row: R-CD-1
project81 k6 proof on cael	Run Project 81 k6 proof wrapper	2026-07-09T05:13:08.1816958Z Manifest: /home/figs/actions-runner/_work/openclaw-bootstrap/openclaw-bootstrap/karmaterminal-openclaw-docs/tools/k6-proofs/manifests/r-cd-1.json
project81 k6 proof on cael	Run Project 81 k6 proof wrapper	2026-07-09T05:13:08.1817714Z Scenario: scenarios/r-cd-1-typed-delegate.js
project81 k6 proof on cael	Run Project 81 k6 proof wrapper	2026-07-09T05:13:08.1817998Z Status: runnable
project81 k6 proof on cael	Run Project 81 k6 proof wrapper	2026-07-09T05:13:08.1818209Z Live Safety: k6-runnable
project81 k6 proof on cael	Run Project 81 k6 proof wrapper	2026-07-09T05:13:08.1818424Z [R-CD-1] RUNNING...
project81 k6 proof on cael	Run Project 81 k6 proof wrapper	2026-07-09T05:13:08.2077014Z 
project81 k6 proof on cael	Run Project 81 k6 proof wrapper	2026-07-09T05:13:08.2077698Z          /\      Grafana   /‾‾/  
project81 k6 proof on cael	Run Project 81 k6 proof wrapper	2026-07-09T05:13:08.2078004Z     /\  /  \     |\  __   /  /   
project81 k6 proof on cael	Run Project 81 k6 proof wrapper	2026-07-09T05:13:08.2078280Z    /  \/    \    | |/ /  /   ‾‾\ 
project81 k6 proof on cael	Run Project 81 k6 proof wrapper	2026-07-09T05:13:08.2078542Z   /          \   |   (  |  (‾)  |
project81 k6 proof on cael	Run Project 81 k6 proof wrapper	2026-07-09T05:13:08.2078769Z  / __________ \  |_|\_\  \_____/ 
project81 k6 proof on cael	Run Project 81 k6 proof wrapper	2026-07-09T05:13:08.2078922Z 
project81 k6 proof on cael	Run Project 81 k6 proof wrapper	2026-07-09T05:13:08.2078937Z 
project81 k6 proof on cael	Run Project 81 k6 proof wrapper	2026-07-09T05:13:08.2079014Z      execution: local
project81 k6 proof on cael	Run Project 81 k6 proof wrapper	2026-07-09T05:13:08.2079263Z         script: scenarios/r-cd-1-typed-delegate.js
project81 k6 proof on cael	Run Project 81 k6 proof wrapper	2026-07-09T05:13:08.2079565Z         output: -
project81 k6 proof on cael	Run Project 81 k6 proof wrapper	2026-07-09T05:13:08.2079684Z 
project81 k6 proof on cael	Run Project 81 k6 proof wrapper	2026-07-09T05:13:08.2079935Z      scenarios: (100.00%) 1 scenario, 1 max VUs, 3m0s max duration (incl. graceful stop):
project81 k6 proof on cael	Run Project 81 k6 proof wrapper	2026-07-09T05:13:08.2080567Z               * r_cd_1_typed_delegate: 1 iterations shared among 1 VUs (maxDuration: 2m30s, gracefulStop: 30s)
project81 k6 proof on cael	Run Project 81 k6 proof wrapper	2026-07-09T05:13:08.2081001Z 
project81 k6 proof on cael	Run Project 81 k6 proof wrapper	2026-07-09T05:13:08.5647818Z time="2026-07-08T22:13:08-07:00" level=info msg="✓ disposable session created: agent:main:r-cd-1-r-cd-1-1783573988208-vjzjrinl" source=console
project81 k6 proof on cael	Run Project 81 k6 proof wrapper	2026-07-09T05:13:09.0984529Z time="2026-07-08T22:13:09-07:00" level=info msg="✓ sessions.send accepted — agent turn triggered (will call continue_delegate)" source=console
project81 k6 proof on cael	Run Project 81 k6 proof wrapper	2026-07-09T05:13:09.2089220Z 
project81 k6 proof on cael	Run Project 81 k6 proof wrapper	2026-07-09T05:13:09.2089792Z running (0m01.0s), 1/1 VUs, 0 complete and 0 interrupted iterations
project81 k6 proof on cael	Run Project 81 k6 proof wrapper	2026-07-09T05:13:09.2090272Z r_cd_1_typed_delegate   [   0% ] 1 VUs  0m01.0s/2m30s  0/1 shared iters
project81 k6 proof on cael	Run Project 81 k6 proof wrapper	2026-07-09T05:13:10.2094327Z 
project81 k6 proof on cael	Run Project 81 k6 proof wrapper	2026-07-09T05:13:10.2095688Z running (0m02.0s), 1/1 VUs, 0 complete and 0 interrupted iterations
project81 k6 proof on cael	Run Project 81 k6 proof wrapper	2026-07-09T05:13:10.2096170Z r_cd_1_typed_delegate   [   0% ] 1 VUs  0m02.0s/2m30s  0/1 shared iters
project81 k6 proof on cael	Run Project 81 k6 proof wrapper	2026-07-09T05:13:11.2104769Z 
project81 k6 proof on cael	Run Project 81 k6 proof wrapper	2026-07-09T05:13:11.2106236Z running (0m03.0s), 1/1 VUs, 0 complete and 0 interrupted iterations
project81 k6 proof on cael	Run Project 81 k6 proof wrapper	2026-07-09T05:13:11.2107554Z r_cd_1_typed_delegate   [   0% ] 1 VUs  0m03.0s/2m30s  0/1 shared iters
project81 k6 proof on cael	Run Project 81 k6 proof wrapper	2026-07-09T05:13:12.2116975Z 
project81 k6 proof on cael	Run Project 81 k6 proof wrapper	2026-07-09T05:13:12.2123845Z running (0m04.0s), 1/1 VUs, 0 complete and 0 interrupted iterations
project81 k6 proof on cael	Run Project 81 k6 proof wrapper	2026-07-09T05:13:12.2127259Z r_cd_1_typed_delegate   [   0% ] 1 VUs  0m04.0s/2m30s  0/1 shared iters
project81 k6 proof on cael	Run Project 81 k6 proof wrapper	2026-07-09T05:13:12.9720785Z time="2026-07-08T22:13:12-07:00" level=info msg="ℹ Ignoring harness prompt echo event" source=console
project81 k6 proof on cael	Run Project 81 k6 proof wrapper	2026-07-09T05:13:13.2085445Z 
project81 k6 proof on cael	Run Project 81 k6 proof wrapper	2026-07-09T05:13:13.2087004Z running (0m05.0s), 1/1 VUs, 0 complete and 0 interrupted iterations
project81 k6 proof on cael	Run Project 81 k6 proof wrapper	2026-07-09T05:13:13.2087482Z r_cd_1_typed_delegate   [   0% ] 1 VUs  0m05.0s/2m30s  0/1 shared iters
project81 k6 proof on cael	Run Project 81 k6 proof wrapper	2026-07-09T05:13:14.2095255Z 
project81 k6 proof on cael	Run Project 81 k6 proof wrapper	2026-07-09T05:13:14.2096714Z running (0m06.0s), 1/1 VUs, 0 complete and 0 interrupted iterations
project81 k6 proof on cael	Run Project 81 k6 proof wrapper	2026-07-09T05:13:14.2097005Z r_cd_1_typed_delegate   [   0% ] 1 VUs  0m06.0s/2m30s  0/1 shared iters
project81 k6 proof on cael	Run Project 81 k6 proof wrapper	2026-07-09T05:13:14.6719677Z time="2026-07-08T22:13:14-07:00" level=info msg="ℹ Ignoring harness prompt echo event" source=console
project81 k6 proof on cael	Run Project 81 k6 proof wrapper	2026-07-09T05:13:15.2098215Z 
project81 k6 proof on cael	Run Project 81 k6 proof wrapper	2026-07-09T05:13:15.2109813Z running (0m07.0s), 1/1 VUs, 0 complete and 0 interrupted iterations
project81 k6 proof on cael	Run Project 81 k6 proof wrapper	2026-07-09T05:13:15.2110311Z r_cd_1_typed_delegate   [   0% ] 1 VUs  0m07.0s/2m30s  0/1 shared iters
project81 k6 proof on cael	Run Project 81 k6 proof wrapper	2026-07-09T05:13:16.2092252Z 
project81 k6 proof on cael	Run Project 81 k6 proof wrapper	2026-07-09T05:13:16.2092954Z running (0m08.0s), 1/1 VUs, 0 complete and 0 interrupted iterations
project81 k6 proof on cael	Run Project 81 k6 proof wrapper	2026-07-09T05:13:16.2093248Z r_cd_1_typed_delegate   [   0% ] 1 VUs  0m08.0s/2m30s  0/1 shared iters
project81 k6 proof on cael	Run Project 81 k6 proof wrapper	2026-07-09T05:13:16.4156906Z time="2026-07-08T22:13:16-07:00" level=info msg="ℹ Ignoring harness prompt echo event" source=console
project81 k6 proof on cael	Run Project 81 k6 proof wrapper	2026-07-09T05:13:17.2091918Z 
project81 k6 proof on cael	Run Project 81 k6 proof wrapper	2026-07-09T05:13:17.2093435Z running (0m09.0s), 1/1 VUs, 0 complete and 0 interrupted iterations
project81 k6 proof on cael	Run Project 81 k6 proof wrapper	2026-07-09T05:13:17.2093713Z r_cd_1_typed_delegate   [   0% ] 1 VUs  0m09.0s/2m30s  0/1 shared iters
project81 k6 proof on cael	Run Project 81 k6 proof wrapper	2026-07-09T05:13:18.2091940Z 
project81 k6 proof on cael	Run Project 81 k6 proof wrapper	2026-07-09T05:13:18.2093506Z running (0m10.0s), 1/1 VUs, 0 complete and 0 interrupted iterations
project81 k6 proof on cael	Run Project 81 k6 proof wrapper	2026-07-09T05:13:18.2093820Z r_cd_1_typed_delegate   [   0% ] 1 VUs  0m10.0s/2m30s  0/1 shared iters
project81 k6 proof on cael	Run Project 81 k6 proof wrapper	2026-07-09T05:13:19.2090881Z 
project81 k6 proof on cael	Run Project 81 k6 proof wrapper	2026-07-09T05:13:19.2092412Z running (0m11.0s), 1/1 VUs, 0 complete and 0 interrupted iterations
project81 k6 proof on cael	Run Project 81 k6 proof wrapper	2026-07-09T05:13:19.2092730Z r_cd_1_typed_delegate   [   0% ] 1 VUs  0m11.0s/2m30s  0/1 shared iters
project81 k6 proof on cael	Run Project 81 k6 proof wrapper	2026-07-09T05:13:19.8400933Z time="2026-07-08T22:13:19-07:00" level=info msg="✓ CD1-DONE/delegate return evidence observed post-dispatch: session.message" source=console
project81 k6 proof on cael	Run Project 81 k6 proof wrapper	2026-07-09T05:13:19.8407002Z time="2026-07-08T22:13:19-07:00" level=info msg="ℹ Channel message from delegate return (expected for mode=normal)" source=console
project81 k6 proof on cael	Run Project 81 k6 proof wrapper	2026-07-09T05:13:19.8532254Z time="2026-07-08T22:13:19-07:00" level=info msg="✓ CD1-DONE/delegate return evidence observed post-dispatch: agent" source=console
project81 k6 proof on cael	Run Project 81 k6 proof wrapper	2026-07-09T05:13:19.8917721Z time="2026-07-08T22:13:19-07:00" level=info msg="✓ CD1-DONE/delegate return evidence observed post-dispatch: agent" source=console
project81 k6 proof on cael	Run Project 81 k6 proof wrapper	2026-07-09T05:13:20.2095390Z 
project81 k6 proof on cael	Run Project 81 k6 proof wrapper	2026-07-09T05:13:20.2097200Z running (0m12.0s), 1/1 VUs, 0 complete and 0 interrupted iterations
project81 k6 proof on cael	Run Project 81 k6 proof wrapper	2026-07-09T05:13:20.2097721Z r_cd_1_typed_delegate   [   0% ] 1 VUs  0m12.0s/2m30s  0/1 shared iters
project81 k6 proof on cael	Run Project 81 k6 proof wrapper	2026-07-09T05:13:21.2111338Z 
project81 k6 proof on cael	Run Project 81 k6 proof wrapper	2026-07-09T05:13:21.2115018Z running (0m13.0s), 1/1 VUs, 0 complete and 0 interrupted iterations
project81 k6 proof on cael	Run Project 81 k6 proof wrapper	2026-07-09T05:13:21.2115334Z r_cd_1_typed_delegate   [   0% ] 1 VUs  0m13.0s/2m30s  0/1 shared iters
project81 k6 proof on cael	Run Project 81 k6 proof wrapper	2026-07-09T05:13:22.2108594Z 
project81 k6 proof on cael	Run Project 81 k6 proof wrapper	2026-07-09T05:13:22.2110121Z running (0m14.0s), 1/1 VUs, 0 complete and 0 interrupted iterations
project81 k6 proof on cael	Run Project 81 k6 proof wrapper	2026-07-09T05:13:22.2110402Z r_cd_1_typed_delegate   [   0% ] 1 VUs  0m14.0s/2m30s  0/1 shared iters
project81 k6 proof on cael	Run Project 81 k6 proof wrapper	2026-07-09T05:13:23.0806605Z time="2026-07-08T22:13:23-07:00" level=info msg="✓ CD1-DELEGATE-SCHEDULED sentinel observed post-dispatch: session.message" source=console
project81 k6 proof on cael	Run Project 81 k6 proof wrapper	2026-07-09T05:13:23.0813767Z time="2026-07-08T22:13:23-07:00" level=info msg="ℹ Channel message from delegate return (expected for mode=normal)" source=console
project81 k6 proof on cael	Run Project 81 k6 proof wrapper	2026-07-09T05:13:23.0814207Z time="2026-07-08T22:13:23-07:00" level=info msg="Required R-CD-1 receipts gathered, closing early" source=console
project81 k6 proof on cael	Run Project 81 k6 proof wrapper	2026-07-09T05:13:23.0815151Z time="2026-07-08T22:13:23-07:00" level=info msg="\n--- R-CD-1 EVIDENCE SUMMARY ---" source=console
project81 k6 proof on cael	Run Project 81 k6 proof wrapper	2026-07-09T05:13:23.0822547Z time="2026-07-08T22:13:23-07:00" level=info msg="{\n  \"row\": \"R-CD-1\",\n  \"manifest_loaded\": true,\n  \"nonce\": \"R-CD-1-1783573988208-vjzjrinl\",\n  \"seat\": \"cael\",\n  \"requestedSessionKey\": \"p81-5292-cael-live\",\n  \"sessionKey\": \"agent:main:r-cd-1-r-cd-1-1783573988208-vjzjrinl\",\n  \"session_created\": true,\n  \"created_session_key\": \"agent:main:r-cd-1-r-cd-1-1783573988208-vjzjrinl\",\n  \"candidateSha\": \"5292af40d0ad5303b85a678f6e629503a8725848\",\n  \"started\": \"2026-07-09T05:13:08.208Z\",\n  \"tool_invoke_accepted\": true,\n  \"delegate_scheduled_sentinel\": true,\n  \"parent_return_event\": true,\n  \"task_ledger_entry_optional\": false,\n  \"child_session_key\": null,\n  \"channel_message_observed\": true,\n  \"dispatch_accepted_at_ms\": 1783573989097,\n  \"wake_gate_ms\": 5000,\n  \"trace_id\": null,\n  \"redacted_events\": [\n    {\n      \"ts\": 1783573988209,\n      \"kind\": \"event\",\n      \"method\": null,\n      \"event\": \"connect.challenge\",\n      \"ok\": null,\n      \"data\": null\n    },\n    {\n      \"ts\": 1783573988212,\n      \"kind\": \"other\",\n      \"method\": null,\n      \"event\": null,\n      \"ok\": null,\n      \"data\": null\n    },\n    {\n      \"ts\": 1783573988261,\n      \"kind\": \"event\",\n      \"method\": null,\n      \"event\": \"health\",\n      \"ok\": null,\n      \"data\": null\n    },\n    {\n      \"ts\": 1783573988564,\n      \"kind\": \"response\",\n      \"method\": \"sessions.create\",\n      \"event\": null,\n      \"ok\": true,\n      \"data\": {\n        \"ok\": true\n      }\n    },\n    {\n      \"ts\": 1783573988590,\n      \"kind\": \"response\",\n      \"method\": \"sessions.messages.subscribe\",\n      \"event\": null,\n      \"ok\": true,\n      \"data\": {}\n    },\n    {\n      \"ts\": 1783573989097,\n      \"kind\": \"response\",\n      \"method\": \"sessions.send\",\n      \"event\": null,\n      \"ok\": true,\n      \"data\": {\n        \"runId\": \"R-CD-1-DISPATCH-R-CD-1-1783573988208-vjzjrinl\",\n        \"status\": \"started\"\n      }\n    },\n    {\n      \"ts\": 1783573989819,\n      \"kind\": \"event\",\n      \"method\": null,\n      \"event\": \"agent\",\n      \"ok\": null,\n      \"data\": null\n    },\n    {\n      \"ts\": 1783573992971,\n      \"kind\": \"event\",\n      \"method\": null,\n      \"event\": \"agent\",\n      \"ok\": null,\n      \"data\": null\n    },\n    {\n      \"ts\": 1783573993569,\n      \"kind\": \"response\",\n      \"method\": \"tasks.list\",\n      \"event\": null,\n      \"ok\": true,\n      \"data\": {}\n    },\n    {\n      \"ts\": 1783573994623,\n      \"kind\": \"event\",\n      \"method\": null,\n      \"event\": \"health\",\n      \"ok\": null,\n      \"data\": null\n    },\n    {\n      \"ts\": 1783573994633,\n      \"kind\": \"event\",\n      \"method\": null,\n      \"event\": \"presence\",\n      \"ok\": null,\n      \"data\": null\n    },\n    {\n      \"ts\": 1783573994671,\n      \"kind\": \"event\",\n      \"method\": null,\n      \"event\": \"agent\",\n      \"ok\": null,\n      \"data\": null\n    },\n    {\n      \"ts\": 1783573996214,\n      \"kind\": \"event\",\n      \"method\": null,\n      \"event\": \"agent\",\n      \"ok\": null,\n      \"data\": null\n    },\n    {\n      \"ts\": 1783573996214,\n      \"kind\": \"event\",\n      \"method\": null,\n      \"event\": \"chat\",\n      \"ok\": null,\n      \"data\": null\n    },\n    {\n      \"ts\": 1783573996366,\n      \"kind\": \"event\",\n      \"method\": null,\n      \"event\": \"agent\",\n      \"ok\": null,\n      \"data\": null\n    },\n    {\n      \"ts\": 1783573996414,\n      \"kind\": \"event\",\n      \"method\": null,\n      \"event\": \"session.message\",\n      \"ok\": null,\n      \"data\": null\n    },\n    {\n      \"ts\": 1783573999326,\n      \"kind\": \"event\",\n      \"method\": null,\n      \"event\": \"health\",\n      \"ok\": null,\n      \"data\": null\n    },\n    {\n      \"ts\": 1783573999655,\n      \"kind\": \"event\",\n      \"method\": null,\n      \"event\": \"tick\",\n      \"ok\": null,\n      \"data\": null\n    },\n    {\n      \"ts\": 1783573999839,\n      \"kind\": \"event\",\n      \"method\": null,\n      \"event\": \"session.message\",\n      \"ok\": null,\n      \"data\": null\n    },\n    {\n      \"ts\": 1783573999852,\n      \"kind\": \"event\",\n      \"method\": null,\n      \"event\": \"agent\",\n      \"ok\": null,\n      \"data\": null\n    },\n    {\n      \"ts\": 1783573999891,\n      \"kind\": \"event\",\n      \"method\": null,\n      \"event\": \"agent\",\n      \"ok\": null,\n      \"data\": null\n    },\n    {\n      \"ts\": 1783574002959,\n      \"kind\": \"event\",\n      \"method\": null,\n      \"event\": \"agent\",\n      \"ok\": null,\n      \"data\": null\n    },\n    {\n      \"ts\": 1783574002959,\n      \"kind\": \"event\",\n      \"method\": null,\n      \"event\": \"chat\",\n      \"ok\": null,\n      \"data\": null\n    },\n    {\n      \"ts\": 1783574003079,\n      \"kind\": \"event\",\n      \"method\": null,\n      \"event\": \"session.message\",\n      \"ok\": null,\n      \"data\": null\n    }\n  ],\n  \"ended\": \"2026-07-09T05:13:23.080Z\",\n  \"duration_ms\": 14872\n}" source=console
project81 k6 proof on cael	Run Project 81 k6 proof wrapper	2026-07-09T05:13:23.0829864Z time="2026-07-08T22:13:23-07:00" level=info msg="--- END EVIDENCE ---" source=console
project81 k6 proof on cael	Run Project 81 k6 proof wrapper	2026-07-09T05:13:23.0830175Z time="2026-07-08T22:13:23-07:00" level=info msg="\n[R-CD-1] VERDICT: PASS-candidate" source=console
project81 k6 proof on cael	Run Project 81 k6 proof wrapper	2026-07-09T05:13:23.0848887Z 
project81 k6 proof on cael	Run Project 81 k6 proof wrapper	2026-07-09T05:13:23.0852322Z [R-CD-1] Summary: PASS-candidate | SHA: 5292af40d0ad5303b85a678f6e629503a8725848 | Seat: cael
project81 k6 proof on cael	Run Project 81 k6 proof wrapper	2026-07-09T05:13:23.0853130Z 
project81 k6 proof on cael	Run Project 81 k6 proof wrapper	2026-07-09T05:13:23.0853229Z running (0m14.9s), 0/1 VUs, 1 complete and 0 interrupted iterations
project81 k6 proof on cael	Run Project 81 k6 proof wrapper	2026-07-09T05:13:23.0853610Z r_cd_1_typed_delegate ✓ [ 100% ] 1 VUs  0m14.9s/2m30s  1/1 shared iters
project81 k6 proof on cael	Run Project 81 k6 proof wrapper	2026-07-09T05:13:23.1730058Z ./r-cd-1-typed-delegate-summary.json
project81 k6 proof on cael	Run Project 81 k6 proof wrapper	2026-07-09T05:13:23.2563659Z [R-CD-1] METRICS: /home/figs/actions-runner/_work/openclaw-bootstrap/openclaw-bootstrap/openclaw-bootstrap/PROOFS/f5ac94305a4f96703120b3d887808669c533e700/project81-k6/20260709T051305Z-cael-dgx-4071269/5292af40d0ad5303b85a678f6e629503a8725848/R-CD-1/cael/20260709T051308Z-r-cd-1/openclaw-proofs-k6.prom
project81 k6 proof on cael	Run Project 81 k6 proof wrapper	2026-07-09T05:13:23.2573543Z [R-CD-1] ARTIFACTS: /home/figs/actions-runner/_work/openclaw-bootstrap/openclaw-bootstrap/openclaw-bootstrap/PROOFS/f5ac94305a4f96703120b3d887808669c533e700/project81-k6/20260709T051305Z-cael-dgx-4071269/5292af40d0ad5303b85a678f6e629503a8725848/R-CD-1/cael/20260709T051308Z-r-cd-1
project81 k6 proof on cael	Run Project 81 k6 proof wrapper	2026-07-09T05:13:23.2574771Z [R-CD-1] COMPLETED.
project81 k6 proof on cael	Run Project 81 k6 proof wrapper	2026-07-09T05:13:23.2575178Z Observability check: query Grafana for run/nonce or review Tempo traces if trace ID was emitted.
project81 k6 proof on cael	Run Project 81 k6 proof wrapper	2026-07-09T05:13:23.2751438Z 
project81 k6 proof on cael	Run Project 81 k6 proof wrapper	2026-07-09T05:13:23.2751777Z ----------------------------------------
project81 k6 proof on cael	Run Project 81 k6 proof wrapper	2026-07-09T05:13:23.2752085Z Row: R-CD-2
project81 k6 proof on cael	Run Project 81 k6 proof wrapper	2026-07-09T05:13:23.2752759Z Manifest: /home/figs/actions-runner/_work/openclaw-bootstrap/openclaw-bootstrap/karmaterminal-openclaw-docs/tools/k6-proofs/manifests/r-cd-2.json
project81 k6 proof on cael	Run Project 81 k6 proof wrapper	2026-07-09T05:13:23.2753490Z Scenario: scenarios/r-cd-2-silent-wake.js
project81 k6 proof on cael	Run Project 81 k6 proof wrapper	2026-07-09T05:13:23.2753760Z Status: runnable
project81 k6 proof on cael	Run Project 81 k6 proof wrapper	2026-07-09T05:13:23.2753956Z Live Safety: k6-runnable
project81 k6 proof on cael	Run Project 81 k6 proof wrapper	2026-07-09T05:13:23.2754172Z [R-CD-2] RUNNING...
project81 k6 proof on cael	Run Project 81 k6 proof wrapper	2026-07-09T05:13:23.2954644Z 
project81 k6 proof on cael	Run Project 81 k6 proof wrapper	2026-07-09T05:13:23.2955186Z          /\      Grafana   /‾‾/  
project81 k6 proof on cael	Run Project 81 k6 proof wrapper	2026-07-09T05:13:23.2955378Z     /\  /  \     |\  __   /  /   
project81 k6 proof on cael	Run Project 81 k6 proof wrapper	2026-07-09T05:13:23.2955523Z    /  \/    \    | |/ /  /   ‾‾\ 
project81 k6 proof on cael	Run Project 81 k6 proof wrapper	2026-07-09T05:13:23.2955658Z   /          \   |   (  |  (‾)  |
project81 k6 proof on cael	Run Project 81 k6 proof wrapper	2026-07-09T05:13:23.2955772Z  / __________ \  |_|\_\  \_____/ 
project81 k6 proof on cael	Run Project 81 k6 proof wrapper	2026-07-09T05:13:23.2955849Z 
project81 k6 proof on cael	Run Project 81 k6 proof wrapper	2026-07-09T05:13:23.2955852Z 
project81 k6 proof on cael	Run Project 81 k6 proof wrapper	2026-07-09T05:13:23.2955894Z      execution: local
project81 k6 proof on cael	Run Project 81 k6 proof wrapper	2026-07-09T05:13:23.2956026Z         script: scenarios/r-cd-2-silent-wake.js
project81 k6 proof on cael	Run Project 81 k6 proof wrapper	2026-07-09T05:13:23.2956182Z         output: -
project81 k6 proof on cael	Run Project 81 k6 proof wrapper	2026-07-09T05:13:23.2956250Z 
project81 k6 proof on cael	Run Project 81 k6 proof wrapper	2026-07-09T05:13:23.2956385Z      scenarios: (100.00%) 1 scenario, 1 max VUs, 2m30s max duration (incl. graceful stop):
project81 k6 proof on cael	Run Project 81 k6 proof wrapper	2026-07-09T05:13:23.2957918Z               * r_cd_2_silent_wake: 1 iterations shared among 1 VUs (maxDuration: 2m0s, gracefulStop: 30s)
project81 k6 proof on cael	Run Project 81 k6 proof wrapper	2026-07-09T05:13:23.2958292Z 
project81 k6 proof on cael	Run Project 81 k6 proof wrapper	2026-07-09T05:13:23.6708786Z time="2026-07-08T22:13:23-07:00" level=info msg="✓ disposable session created: agent:main:r-cd-2-r-cd-2-1783574003297-x41gdevf" source=console
project81 k6 proof on cael	Run Project 81 k6 proof wrapper	2026-07-09T05:13:24.2033813Z time="2026-07-08T22:13:24-07:00" level=info msg="✓ sessions.send accepted — agent turn triggered for R-CD-2 (mode=silent-wake)" source=console
project81 k6 proof on cael	Run Project 81 k6 proof wrapper	2026-07-09T05:13:24.2963100Z 
project81 k6 proof on cael	Run Project 81 k6 proof wrapper	2026-07-09T05:13:24.2964698Z running (0m01.0s), 1/1 VUs, 0 complete and 0 interrupted iterations
project81 k6 proof on cael	Run Project 81 k6 proof wrapper	2026-07-09T05:13:24.2964974Z r_cd_2_silent_wake   [   0% ] 1 VUs  0m01.0s/2m0s  0/1 shared iters
project81 k6 proof on cael	Run Project 81 k6 proof wrapper	2026-07-09T05:13:25.2969832Z 
project81 k6 proof on cael	Run Project 81 k6 proof wrapper	2026-07-09T05:13:25.2970438Z running (0m02.0s), 1/1 VUs, 0 complete and 0 interrupted iterations
project81 k6 proof on cael	Run Project 81 k6 proof wrapper	2026-07-09T05:13:25.2970904Z r_cd_2_silent_wake   [   0% ] 1 VUs  0m02.0s/2m0s  0/1 shared iters
project81 k6 proof on cael	Run Project 81 k6 proof wrapper	2026-07-09T05:13:26.2976901Z 
project81 k6 proof on cael	Run Project 81 k6 proof wrapper	2026-07-09T05:13:26.2978505Z running (0m03.0s), 1/1 VUs, 0 complete and 0 interrupted iterations
project81 k6 proof on cael	Run Project 81 k6 proof wrapper	2026-07-09T05:13:26.2979066Z r_cd_2_silent_wake   [   0% ] 1 VUs  0m03.0s/2m0s  0/1 shared iters
project81 k6 proof on cael	Run Project 81 k6 proof wrapper	2026-07-09T05:13:27.2966262Z 
project81 k6 proof on cael	Run Project 81 k6 proof wrapper	2026-07-09T05:13:27.2967901Z running (0m04.0s), 1/1 VUs, 0 complete and 0 interrupted iterations
project81 k6 proof on cael	Run Project 81 k6 proof wrapper	2026-07-09T05:13:27.2968368Z r_cd_2_silent_wake   [   0% ] 1 VUs  0m04.0s/2m0s  0/1 shared iters
project81 k6 proof on cael	Run Project 81 k6 proof wrapper	2026-07-09T05:13:28.2971650Z 
project81 k6 proof on cael	Run Project 81 k6 proof wrapper	2026-07-09T05:13:28.2972120Z running (0m05.0s), 1/1 VUs, 0 complete and 0 interrupted iterations
project81 k6 proof on cael	Run Project 81 k6 proof wrapper	2026-07-09T05:13:28.2972584Z r_cd_2_silent_wake   [   0% ] 1 VUs  0m05.0s/2m0s  0/1 shared iters
project81 k6 proof on cael	Run Project 81 k6 proof wrapper	2026-07-09T05:13:29.2967078Z 
project81 k6 proof on cael	Run Project 81 k6 proof wrapper	2026-07-09T05:13:29.2967575Z running (0m06.0s), 1/1 VUs, 0 complete and 0 interrupted iterations
project81 k6 proof on cael	Run Project 81 k6 proof wrapper	2026-07-09T05:13:29.2968036Z r_cd_2_silent_wake   [   0% ] 1 VUs  0m06.0s/2m0s  0/1 shared iters
project81 k6 proof on cael	Run Project 81 k6 proof wrapper	2026-07-09T05:13:30.2969772Z 
project81 k6 proof on cael	Run Project 81 k6 proof wrapper	2026-07-09T05:13:30.2971528Z running (0m07.0s), 1/1 VUs, 0 complete and 0 interrupted iterations
project81 k6 proof on cael	Run Project 81 k6 proof wrapper	2026-07-09T05:13:30.2972032Z r_cd_2_silent_wake   [   0% ] 1 VUs  0m07.0s/2m0s  0/1 shared iters
project81 k6 proof on cael	Run Project 81 k6 proof wrapper	2026-07-09T05:13:31.2968703Z 
project81 k6 proof on cael	Run Project 81 k6 proof wrapper	2026-07-09T05:13:31.2969276Z running (0m08.0s), 1/1 VUs, 0 complete and 0 interrupted iterations
project81 k6 proof on cael	Run Project 81 k6 proof wrapper	2026-07-09T05:13:31.2969742Z r_cd_2_silent_wake   [   0% ] 1 VUs  0m08.0s/2m0s  0/1 shared iters
project81 k6 proof on cael	Run Project 81 k6 proof wrapper	2026-07-09T05:13:32.2973763Z 
project81 k6 proof on cael	Run Project 81 k6 proof wrapper	2026-07-09T05:13:32.2975409Z running (0m09.0s), 1/1 VUs, 0 complete and 0 interrupted iterations
project81 k6 proof on cael	Run Project 81 k6 proof wrapper	2026-07-09T05:13:32.2975876Z r_cd_2_silent_wake   [   0% ] 1 VUs  0m09.0s/2m0s  0/1 shared iters
project81 k6 proof on cael	Run Project 81 k6 proof wrapper	2026-07-09T05:13:32.9749757Z time="2026-07-08T22:13:32-07:00" level=info msg="✓ delayed session.message event observed (silent-wake return candidate)" source=console
project81 k6 proof on cael	Run Project 81 k6 proof wrapper	2026-07-09T05:13:32.9750852Z time="2026-07-08T22:13:32-07:00" level=info msg="ℹ dispatch instruction channel event observed (not delegate return)" source=console
project81 k6 proof on cael	Run Project 81 k6 proof wrapper	2026-07-09T05:13:32.9751698Z time="2026-07-08T22:13:32-07:00" level=info msg="Primary silent-wake evidence gathered, closing early" source=console
project81 k6 proof on cael	Run Project 81 k6 proof wrapper	2026-07-09T05:13:32.9761918Z time="2026-07-08T22:13:32-07:00" level=info msg="R_CD_2_EVIDENCE {\"row\":\"R-CD-2\",\"manifest_loaded\":true,\"nonce\":\"R-CD-2-1783574003297-x41gdevf\",\"seat\":\"cael\",\"sessionKey\":\"agent:main:r-cd-2-r-cd-2-1783574003297-x41gdevf\",\"requestedSessionKey\":\"p81-5292-cael-live\",\"session_created\":true,\"created_session_key\":\"agent:main:r-cd-2-r-cd-2-1783574003297-x41gdevf\",\"candidateSha\":\"5292af40d0ad5303b85a678f6e629503a8725848\",\"started\":\"2026-07-09T05:13:23.297Z\",\"tool_accepted\":true,\"task_created\":false,\"task_mode\":null,\"agent_turn_observed\":true,\"parent_wake_observed\":true,\"dispatch_channel_message_observed\":true,\"channel_message_observed\":false,\"dispatch_accepted_at_ms\":1783574004202,\"wake_gate_ms\":5000,\"child_session\":null,\"trace_id\":null,\"redacted_events\":[{\"ts\":1783574003301,\"kind\":\"event\",\"method\":null,\"event\":\"connect.challenge\",\"ok\":null,\"data\":null},{\"ts\":1783574003302,\"kind\":\"other\",\"method\":null,\"event\":null,\"ok\":null,\"data\":null},{\"ts\":1783574003393,\"kind\":\"event\",\"method\":null,\"event\":\"health\",\"ok\":null,\"data\":null},{\"ts\":1783574003670,\"kind\":\"response\",\"method\":\"sessions.create\",\"event\":null,\"ok\":true,\"data\":{\"ok\":true}},{\"ts\":1783574003696,\"kind\":\"response\",\"method\":\"sessions.messages.subscribe\",\"event\":null,\"ok\":true,\"data\":{}},{\"ts\":1783574004202,\"kind\":\"response\",\"method\":\"sessions.send\",\"event\":null,\"ok\":true,\"data\":{\"runId\":\"R-CD-2-R-CD-2-1783574003297-x41gdevf\",\"status\":\"started\"}},{\"ts\":1783574004869,\"kind\":\"event\",\"method\":null,\"event\":\"agent\",\"ok\":null,\"data\":null},{\"ts\":1783574005455,\"kind\":\"event\",\"method\":null,\"event\":\"task\",\"ok\":null,\"data\":null},{\"ts\":1783574005456,\"kind\":\"event\",\"method\":null,\"event\":\"task\",\"ok\":null,\"data\":null},{\"ts\":1783574005495,\"kind\":\"event\",\"method\":null,\"event\":\"task\",\"ok\":null,\"data\":null},{\"ts\":1783574005690,\"kind\":\"event\",\"method\":null,\"event\":\"health\",\"ok\":null,\"data\":null},{\"ts\":1783574008183,\"kind\":\"event\",\"method\":null,\"event\":\"agent\",\"ok\":null,\"data\":null},{\"ts\":1783574008680,\"kind\":\"response\",\"method\":\"tasks.list\",\"event\":null,\"ok\":true,\"data\":{}},{\"ts\":1783574009423,\"kind\":\"event\",\"method\":null,\"event\":\"health\",\"ok\":null,\"data\":null},{\"ts\":1783574009442,\"kind\":\"event\",\"method\":null,\"event\":\"presence\",\"ok\":null,\"data\":null},{\"ts\":1783574009689,\"kind\":\"event\",\"method\":null,\"event\":\"agent\",\"ok\":null,\"data\":null},{\"ts\":1783574012396,\"kind\":\"event\",\"method\":null,\"event\":\"agent\",\"ok\":null,\"data\":null},{\"ts\":1783574012396,\"kind\":\"event\",\"method\":null,\"event\":\"chat\",\"ok\":null,\"data\":null},{\"ts\":1783574012913,\"kind\":\"event\",\"method\":null,\"event\":\"agent\",\"ok\":null,\"data\":null},{\"ts\":1783574012932,\"kind\":\"event\",\"method\":null,\"event\":\"agent\",\"ok\":null,\"data\":null},{\"ts\":1783574012973,\"kind\":\"event\",\"method\":null,\"event\":\"session.message\",\"ok\":null,\"data\":null}],\"ended\":\"2026-07-09T05:13:32.974Z\",\"duration_ms\":9677}" source=console
project81 k6 proof on cael	Run Project 81 k6 proof wrapper	2026-07-09T05:13:32.9773108Z time="2026-07-08T22:13:32-07:00" level=info msg="\n--- R-CD-2 EVIDENCE SUMMARY ---" source=console
project81 k6 proof on cael	Run Project 81 k6 proof wrapper	2026-07-09T05:13:32.9785642Z time="2026-07-08T22:13:32-07:00" level=info msg="{\n  \"row\": \"R-CD-2\",\n  \"manifest_loaded\": true,\n  \"nonce\": \"R-CD-2-1783574003297-x41gdevf\",\n  \"seat\": \"cael\",\n  \"sessionKey\": \"agent:main:r-cd-2-r-cd-2-1783574003297-x41gdevf\",\n  \"requestedSessionKey\": \"p81-5292-cael-live\",\n  \"session_created\": true,\n  \"created_session_key\": \"agent:main:r-cd-2-r-cd-2-1783574003297-x41gdevf\",\n  \"candidateSha\": \"5292af40d0ad5303b85a678f6e629503a8725848\",\n  \"started\": \"2026-07-09T05:13:23.297Z\",\n  \"tool_accepted\": true,\n  \"task_created\": false,\n  \"task_mode\": null,\n  \"agent_turn_observed\": true,\n  \"parent_wake_observed\": true,\n  \"dispatch_channel_message_observed\": true,\n  \"channel_message_observed\": false,\n  \"dispatch_accepted_at_ms\": 1783574004202,\n  \"wake_gate_ms\": 5000,\n  \"child_session\": null,\n  \"trace_id\": null,\n  \"redacted_events\": [\n    {\n      \"ts\": 1783574003301,\n      \"kind\": \"event\",\n      \"method\": null,\n      \"event\": \"connect.challenge\",\n      \"ok\": null,\n      \"data\": null\n    },\n    {\n      \"ts\": 1783574003302,\n      \"kind\": \"other\",\n      \"method\": null,\n      \"event\": null,\n      \"ok\": null,\n      \"data\": null\n    },\n    {\n      \"ts\": 1783574003393,\n      \"kind\": \"event\",\n      \"method\": null,\n      \"event\": \"health\",\n      \"ok\": null,\n      \"data\": null\n    },\n    {\n      \"ts\": 1783574003670,\n      \"kind\": \"response\",\n      \"method\": \"sessions.create\",\n      \"event\": null,\n      \"ok\": true,\n      \"data\": {\n        \"ok\": true\n      }\n    },\n    {\n      \"ts\": 1783574003696,\n      \"kind\": \"response\",\n      \"method\": \"sessions.messages.subscribe\",\n      \"event\": null,\n      \"ok\": true,\n      \"data\": {}\n    },\n    {\n      \"ts\": 1783574004202,\n      \"kind\": \"response\",\n      \"method\": \"sessions.send\",\n      \"event\": null,\n      \"ok\": true,\n      \"data\": {\n        \"runId\": \"R-CD-2-R-CD-2-1783574003297-x41gdevf\",\n        \"status\": \"started\"\n      }\n    },\n    {\n      \"ts\": 1783574004869,\n      \"kind\": \"event\",\n      \"method\": null,\n      \"event\": \"agent\",\n      \"ok\": null,\n      \"data\": null\n    },\n    {\n      \"ts\": 1783574005455,\n      \"kind\": \"event\",\n      \"method\": null,\n      \"event\": \"task\",\n      \"ok\": null,\n      \"data\": null\n    },\n    {\n      \"ts\": 1783574005456,\n      \"kind\": \"event\",\n      \"method\": null,\n      \"event\": \"task\",\n      \"ok\": null,\n      \"data\": null\n    },\n    {\n      \"ts\": 1783574005495,\n      \"kind\": \"event\",\n      \"method\": null,\n      \"event\": \"task\",\n      \"ok\": null,\n      \"data\": null\n    },\n    {\n      \"ts\": 1783574005690,\n      \"kind\": \"event\",\n      \"method\": null,\n      \"event\": \"health\",\n      \"ok\": null,\n      \"data\": null\n    },\n    {\n      \"ts\": 1783574008183,\n      \"kind\": \"event\",\n      \"method\": null,\n      \"event\": \"agent\",\n      \"ok\": null,\n      \"data\": null\n    },\n    {\n      \"ts\": 1783574008680,\n      \"kind\": \"response\",\n      \"method\": \"tasks.list\",\n      \"event\": null,\n      \"ok\": true,\n      \"data\": {}\n    },\n    {\n      \"ts\": 1783574009423,\n      \"kind\": \"event\",\n      \"method\": null,\n      \"event\": \"health\",\n      \"ok\": null,\n      \"data\": null\n    },\n    {\n      \"ts\": 1783574009442,\n      \"kind\": \"event\",\n      \"method\": null,\n      \"event\": \"presence\",\n      \"ok\": null,\n      \"data\": null\n    },\n    {\n      \"ts\": 1783574009689,\n      \"kind\": \"event\",\n      \"method\": null,\n      \"event\": \"agent\",\n      \"ok\": null,\n      \"data\": null\n    },\n    {\n      \"ts\": 1783574012396,\n      \"kind\": \"event\",\n      \"method\": null,\n      \"event\": \"agent\",\n      \"ok\": null,\n      \"data\": null\n    },\n    {\n      \"ts\": 1783574012396,\n      \"kind\": \"event\",\n      \"method\": null,\n      \"event\": \"chat\",\n      \"ok\": null,\n      \"data\": null\n    },\n    {\n      \"ts\": 1783574012913,\n      \"kind\": \"event\",\n      \"method\": null,\n      \"event\": \"agent\",\n      \"ok\": null,\n      \"data\": null\n    },\n    {\n      \"ts\": 1783574012932,\n      \"kind\": \"event\",\n      \"method\": null,\n      \"event\": \"agent\",\n      \"ok\": null,\n      \"data\": null\n    },\n    {\n      \"ts\": 1783574012973,\n      \"kind\": \"event\",\n      \"method\": null,\n      \"event\": \"session.message\",\n      \"ok\": null,\n      \"data\": null\n    }\n  ],\n  \"ended\": \"2026-07-09T05:13:32.974Z\",\n  \"duration_ms\": 9677\n}" source=console
project81 k6 proof on cael	Run Project 81 k6 proof wrapper	2026-07-09T05:13:32.9798800Z time="2026-07-08T22:13:32-07:00" level=info msg="--- END EVIDENCE ---" source=console
project81 k6 proof on cael	Run Project 81 k6 proof wrapper	2026-07-09T05:13:32.9799414Z time="2026-07-08T22:13:32-07:00" level=info msg="\n[R-CD-2] VERDICT: PASS-candidate" source=console
project81 k6 proof on cael	Run Project 81 k6 proof wrapper	2026-07-09T05:13:32.9799787Z 
project81 k6 proof on cael	Run Project 81 k6 proof wrapper	2026-07-09T05:13:32.9800053Z [R-CD-2] Summary: PASS-candidate | SHA: 5292af40d0ad5303b85a678f6e629503a8725848 | Seat: cael
project81 k6 proof on cael	Run Project 81 k6 proof wrapper	2026-07-09T05:13:32.9800417Z 
project81 k6 proof on cael	Run Project 81 k6 proof wrapper	2026-07-09T05:13:32.9800590Z running (0m09.7s), 0/1 VUs, 1 complete and 0 interrupted iterations
project81 k6 proof on cael	Run Project 81 k6 proof wrapper	2026-07-09T05:13:32.9801270Z r_cd_2_silent_wake ✓ [ 100% ] 1 VUs  0m09.7s/2m0s  1/1 shared iters
project81 k6 proof on cael	Run Project 81 k6 proof wrapper	2026-07-09T05:13:33.0681404Z ./r-cd-2-summary.json
project81 k6 proof on cael	Run Project 81 k6 proof wrapper	2026-07-09T05:13:33.1629673Z [R-CD-2] METRICS: /home/figs/actions-runner/_work/openclaw-bootstrap/openclaw-bootstrap/openclaw-bootstrap/PROOFS/f5ac94305a4f96703120b3d887808669c533e700/project81-k6/20260709T051305Z-cael-dgx-4071269/5292af40d0ad5303b85a678f6e629503a8725848/R-CD-2/cael/20260709T051323Z-r-cd-2/openclaw-proofs-k6.prom
project81 k6 proof on cael	Run Project 81 k6 proof wrapper	2026-07-09T05:13:33.1637173Z [R-CD-2] ARTIFACTS: /home/figs/actions-runner/_work/openclaw-bootstrap/openclaw-bootstrap/openclaw-bootstrap/PROOFS/f5ac94305a4f96703120b3d887808669c533e700/project81-k6/20260709T051305Z-cael-dgx-4071269/5292af40d0ad5303b85a678f6e629503a8725848/R-CD-2/cael/20260709T051323Z-r-cd-2
project81 k6 proof on cael	Run Project 81 k6 proof wrapper	2026-07-09T05:13:33.1638922Z [R-CD-2] COMPLETED.
project81 k6 proof on cael	Run Project 81 k6 proof wrapper	2026-07-09T05:13:33.1639333Z Observability check: query Grafana for run/nonce or review Tempo traces if trace ID was emitted.
project81 k6 proof on cael	Run Project 81 k6 proof wrapper	2026-07-09T05:13:33.1817243Z 
project81 k6 proof on cael	Run Project 81 k6 proof wrapper	2026-07-09T05:13:33.1817672Z ----------------------------------------
project81 k6 proof on cael	Run Project 81 k6 proof wrapper	2026-07-09T05:13:33.1817979Z Row: R-CD-3
project81 k6 proof on cael	Run Project 81 k6 proof wrapper	2026-07-09T05:13:33.1818601Z Manifest: /home/figs/actions-runner/_work/openclaw-bootstrap/openclaw-bootstrap/karmaterminal-openclaw-docs/tools/k6-proofs/manifests/r-cd-3.json
project81 k6 proof on cael	Run Project 81 k6 proof wrapper	2026-07-09T05:13:33.1819353Z Scenario: scenarios/r-cd-3-post-compaction.js
project81 k6 proof on cael	Run Project 81 k6 proof wrapper	2026-07-09T05:13:33.1819644Z Status: runnable
project81 k6 proof on cael	Run Project 81 k6 proof wrapper	2026-07-09T05:13:33.1819839Z Live Safety: k6-runnable
project81 k6 proof on cael	Run Project 81 k6 proof wrapper	2026-07-09T05:13:33.1820056Z [R-CD-3] RUNNING...
project81 k6 proof on cael	Run Project 81 k6 proof wrapper	2026-07-09T05:13:33.2065508Z 
project81 k6 proof on cael	Run Project 81 k6 proof wrapper	2026-07-09T05:13:33.2066090Z          /\      Grafana   /‾‾/  
project81 k6 proof on cael	Run Project 81 k6 proof wrapper	2026-07-09T05:13:33.2066382Z     /\  /  \     |\  __   /  /   
project81 k6 proof on cael	Run Project 81 k6 proof wrapper	2026-07-09T05:13:33.2066864Z    /  \/    \    | |/ /  /   ‾‾\ 
project81 k6 proof on cael	Run Project 81 k6 proof wrapper	2026-07-09T05:13:33.2067144Z   /          \   |   (  |  (‾)  |
project81 k6 proof on cael	Run Project 81 k6 proof wrapper	2026-07-09T05:13:33.2067391Z  / __________ \  |_|\_\  \_____/ 
project81 k6 proof on cael	Run Project 81 k6 proof wrapper	2026-07-09T05:13:33.2067544Z 
project81 k6 proof on cael	Run Project 81 k6 proof wrapper	2026-07-09T05:13:33.2067567Z 
project81 k6 proof on cael	Run Project 81 k6 proof wrapper	2026-07-09T05:13:33.2067652Z      execution: local
project81 k6 proof on cael	Run Project 81 k6 proof wrapper	2026-07-09T05:13:33.2067909Z         script: scenarios/r-cd-3-post-compaction.js
project81 k6 proof on cael	Run Project 81 k6 proof wrapper	2026-07-09T05:13:33.2068213Z         output: -
project81 k6 proof on cael	Run Project 81 k6 proof wrapper	2026-07-09T05:13:33.2068326Z 
project81 k6 proof on cael	Run Project 81 k6 proof wrapper	2026-07-09T05:13:33.2068559Z      scenarios: (100.00%) 1 scenario, 1 max VUs, 3m30s max duration (incl. graceful stop):
project81 k6 proof on cael	Run Project 81 k6 proof wrapper	2026-07-09T05:13:33.2069192Z               * r_cd_3_post_compaction: 1 iterations shared among 1 VUs (maxDuration: 3m0s, gracefulStop: 30s)
project81 k6 proof on cael	Run Project 81 k6 proof wrapper	2026-07-09T05:13:33.2069589Z 
project81 k6 proof on cael	Run Project 81 k6 proof wrapper	2026-07-09T05:13:33.5549175Z time="2026-07-08T22:13:33-07:00" level=info msg="✓ disposable session created: agent:main:r-cd-3-r-cd-3-1783574013208-3kekgojx" source=console
project81 k6 proof on cael	Run Project 81 k6 proof wrapper	2026-07-09T05:13:34.0923735Z time="2026-07-08T22:13:34-07:00" level=info msg="✓ sessions.send accepted — agent turn triggered for R-CD-3" source=console
project81 k6 proof on cael	Run Project 81 k6 proof wrapper	2026-07-09T05:13:34.2077638Z 
project81 k6 proof on cael	Run Project 81 k6 proof wrapper	2026-07-09T05:13:34.2079124Z running (0m01.0s), 1/1 VUs, 0 complete and 0 interrupted iterations
project81 k6 proof on cael	Run Project 81 k6 proof wrapper	2026-07-09T05:13:34.2079664Z r_cd_3_post_compaction   [   0% ] 1 VUs  0m01.0s/3m0s  0/1 shared iters
project81 k6 proof on cael	Run Project 81 k6 proof wrapper	2026-07-09T05:13:35.2087295Z 
project81 k6 proof on cael	Run Project 81 k6 proof wrapper	2026-07-09T05:13:35.2088865Z running (0m02.0s), 1/1 VUs, 0 complete and 0 interrupted iterations
project81 k6 proof on cael	Run Project 81 k6 proof wrapper	2026-07-09T05:13:35.2089354Z r_cd_3_post_compaction   [   0% ] 1 VUs  0m02.0s/3m0s  0/1 shared iters
project81 k6 proof on cael	Run Project 81 k6 proof wrapper	2026-07-09T05:13:36.2081745Z 
project81 k6 proof on cael	Run Project 81 k6 proof wrapper	2026-07-09T05:13:36.2083213Z running (0m03.0s), 1/1 VUs, 0 complete and 0 interrupted iterations
project81 k6 proof on cael	Run Project 81 k6 proof wrapper	2026-07-09T05:13:36.2083701Z r_cd_3_post_compaction   [   0% ] 1 VUs  0m03.0s/3m0s  0/1 shared iters
project81 k6 proof on cael	Run Project 81 k6 proof wrapper	2026-07-09T05:13:37.2080418Z 
project81 k6 proof on cael	Run Project 81 k6 proof wrapper	2026-07-09T05:13:37.2081723Z running (0m04.0s), 1/1 VUs, 0 complete and 0 interrupted iterations
project81 k6 proof on cael	Run Project 81 k6 proof wrapper	2026-07-09T05:13:37.2082251Z r_cd_3_post_compaction   [   0% ] 1 VUs  0m04.0s/3m0s  0/1 shared iters
project81 k6 proof on cael	Run Project 81 k6 proof wrapper	2026-07-09T05:13:38.2095128Z 
project81 k6 proof on cael	Run Project 81 k6 proof wrapper	2026-07-09T05:13:38.2097891Z running (0m05.0s), 1/1 VUs, 0 complete and 0 interrupted iterations
project81 k6 proof on cael	Run Project 81 k6 proof wrapper	2026-07-09T05:13:38.2098520Z r_cd_3_post_compaction   [   0% ] 1 VUs  0m05.0s/3m0s  0/1 shared iters
project81 k6 proof on cael	Run Project 81 k6 proof wrapper	2026-07-09T05:13:39.2075764Z 
project81 k6 proof on cael	Run Project 81 k6 proof wrapper	2026-07-09T05:13:39.2076577Z running (0m06.0s), 1/1 VUs, 0 complete and 0 interrupted iterations
project81 k6 proof on cael	Run Project 81 k6 proof wrapper	2026-07-09T05:13:39.2077066Z r_cd_3_post_compaction   [   0% ] 1 VUs  0m06.0s/3m0s  0/1 shared iters
project81 k6 proof on cael	Run Project 81 k6 proof wrapper	2026-07-09T05:13:40.2075554Z 
project81 k6 proof on cael	Run Project 81 k6 proof wrapper	2026-07-09T05:13:40.2077333Z running (0m07.0s), 1/1 VUs, 0 complete and 0 interrupted iterations
project81 k6 proof on cael	Run Project 81 k6 proof wrapper	2026-07-09T05:13:40.2077815Z r_cd_3_post_compaction   [   0% ] 1 VUs  0m07.0s/3m0s  0/1 shared iters
project81 k6 proof on cael	Run Project 81 k6 proof wrapper	2026-07-09T05:13:41.2079504Z 
project81 k6 proof on cael	Run Project 81 k6 proof wrapper	2026-07-09T05:13:41.2080888Z running (0m08.0s), 1/1 VUs, 0 complete and 0 interrupted iterations
project81 k6 proof on cael	Run Project 81 k6 proof wrapper	2026-07-09T05:13:41.2081365Z r_cd_3_post_compaction   [   0% ] 1 VUs  0m08.0s/3m0s  0/1 shared iters
project81 k6 proof on cael	Run Project 81 k6 proof wrapper	2026-07-09T05:13:42.2089352Z 
project81 k6 proof on cael	Run Project 81 k6 proof wrapper	2026-07-09T05:13:42.2096941Z running (0m09.0s), 1/1 VUs, 0 complete and 0 interrupted iterations
project81 k6 proof on cael	Run Project 81 k6 proof wrapper	2026-07-09T05:13:42.2104896Z r_cd_3_post_compaction   [   0% ] 1 VUs  0m09.0s/3m0s  0/1 shared iters
project81 k6 proof on cael	Run Project 81 k6 proof wrapper	2026-07-09T05:13:43.2077059Z 
project81 k6 proof on cael	Run Project 81 k6 proof wrapper	2026-07-09T05:13:43.2078651Z running (0m10.0s), 1/1 VUs, 0 complete and 0 interrupted iterations
project81 k6 proof on cael	Run Project 81 k6 proof wrapper	2026-07-09T05:13:43.2079193Z r_cd_3_post_compaction   [   0% ] 1 VUs  0m10.0s/3m0s  0/1 shared iters
project81 k6 proof on cael	Run Project 81 k6 proof wrapper	2026-07-09T05:13:44.2096318Z 
project81 k6 proof on cael	Run Project 81 k6 proof wrapper	2026-07-09T05:13:44.2098619Z running (0m11.0s), 1/1 VUs, 0 complete and 0 interrupted iterations
project81 k6 proof on cael	Run Project 81 k6 proof wrapper	2026-07-09T05:13:44.2099687Z r_cd_3_post_compaction   [   0% ] 1 VUs  0m11.0s/3m0s  0/1 shared iters
project81 k6 proof on cael	Run Project 81 k6 proof wrapper	2026-07-09T05:13:45.2098965Z 
project81 k6 proof on cael	Run Project 81 k6 proof wrapper	2026-07-09T05:13:45.2100608Z running (0m12.0s), 1/1 VUs, 0 complete and 0 interrupted iterations
project81 k6 proof on cael	Run Project 81 k6 proof wrapper	2026-07-09T05:13:45.2101195Z r_cd_3_post_compaction   [   0% ] 1 VUs  0m12.0s/3m0s  0/1 shared iters
project81 k6 proof on cael	Run Project 81 k6 proof wrapper	2026-07-09T05:13:45.8234619Z time="2026-07-08T22:13:45-07:00" level=info msg="ℹ Ignoring harness prompt echo event" source=console
project81 k6 proof on cael	Run Project 81 k6 proof wrapper	2026-07-09T05:13:46.2080679Z 
project81 k6 proof on cael	Run Project 81 k6 proof wrapper	2026-07-09T05:13:46.2082052Z running (0m13.0s), 1/1 VUs, 0 complete and 0 interrupted iterations
project81 k6 proof on cael	Run Project 81 k6 proof wrapper	2026-07-09T05:13:46.2082674Z r_cd_3_post_compaction   [   0% ] 1 VUs  0m13.0s/3m0s  0/1 shared iters
project81 k6 proof on cael	Run Project 81 k6 proof wrapper	2026-07-09T05:13:47.2074532Z 
project81 k6 proof on cael	Run Project 81 k6 proof wrapper	2026-07-09T05:13:47.2076057Z running (0m14.0s), 1/1 VUs, 0 complete and 0 interrupted iterations
project81 k6 proof on cael	Run Project 81 k6 proof wrapper	2026-07-09T05:13:47.2076649Z r_cd_3_post_compaction   [   0% ] 1 VUs  0m14.0s/3m0s  0/1 shared iters
project81 k6 proof on cael	Run Project 81 k6 proof wrapper	2026-07-09T05:13:47.2571441Z time="2026-07-08T22:13:47-07:00" level=info msg="ℹ Ignoring harness prompt echo event" source=console
project81 k6 proof on cael	Run Project 81 k6 proof wrapper	2026-07-09T05:13:48.2073689Z 
project81 k6 proof on cael	Run Project 81 k6 proof wrapper	2026-07-09T05:13:48.2075149Z running (0m15.0s), 1/1 VUs, 0 complete and 0 interrupted iterations
project81 k6 proof on cael	Run Project 81 k6 proof wrapper	2026-07-09T05:13:48.2075640Z r_cd_3_post_compaction   [   0% ] 1 VUs  0m15.0s/3m0s  0/1 shared iters
project81 k6 proof on cael	Run Project 81 k6 proof wrapper	2026-07-09T05:13:49.2075580Z 
project81 k6 proof on cael	Run Project 81 k6 proof wrapper	2026-07-09T05:13:49.2080948Z running (0m16.0s), 1/1 VUs, 0 complete and 0 interrupted iterations
project81 k6 proof on cael	Run Project 81 k6 proof wrapper	2026-07-09T05:13:49.2082309Z r_cd_3_post_compaction   [   0% ] 1 VUs  0m16.0s/3m0s  0/1 shared iters
project81 k6 proof on cael	Run Project 81 k6 proof wrapper	2026-07-09T05:13:50.2079056Z 
project81 k6 proof on cael	Run Project 81 k6 proof wrapper	2026-07-09T05:13:50.2080498Z running (0m17.0s), 1/1 VUs, 0 complete and 0 interrupted iterations
project81 k6 proof on cael	Run Project 81 k6 proof wrapper	2026-07-09T05:13:50.2080811Z r_cd_3_post_compaction   [   0% ] 1 VUs  0m17.0s/3m0s  0/1 shared iters
project81 k6 proof on cael	Run Project 81 k6 proof wrapper	2026-07-09T05:13:50.3902176Z time="2026-07-08T22:13:50-07:00" level=info msg="ℹ Ignoring harness prompt echo event" source=console
project81 k6 proof on cael	Run Project 81 k6 proof wrapper	2026-07-09T05:13:51.2086871Z 
project81 k6 proof on cael	Run Project 81 k6 proof wrapper	2026-07-09T05:13:51.2088311Z running (0m18.0s), 1/1 VUs, 0 complete and 0 interrupted iterations
project81 k6 proof on cael	Run Project 81 k6 proof wrapper	2026-07-09T05:13:51.2088596Z r_cd_3_post_compaction   [   0% ] 1 VUs  0m18.0s/3m0s  0/1 shared iters
project81 k6 proof on cael	Run Project 81 k6 proof wrapper	2026-07-09T05:13:52.2075517Z 
project81 k6 proof on cael	Run Project 81 k6 proof wrapper	2026-07-09T05:13:52.2076001Z running (0m19.0s), 1/1 VUs, 0 complete and 0 interrupted iterations
project81 k6 proof on cael	Run Project 81 k6 proof wrapper	2026-07-09T05:13:52.2076298Z r_cd_3_post_compaction   [   0% ] 1 VUs  0m19.0s/3m0s  0/1 shared iters
project81 k6 proof on cael	Run Project 81 k6 proof wrapper	2026-07-09T05:13:53.2075326Z 
project81 k6 proof on cael	Run Project 81 k6 proof wrapper	2026-07-09T05:13:53.2076920Z running (0m20.0s), 1/1 VUs, 0 complete and 0 interrupted iterations
project81 k6 proof on cael	Run Project 81 k6 proof wrapper	2026-07-09T05:13:53.2077211Z r_cd_3_post_compaction   [   0% ] 1 VUs  0m20.0s/3m0s  0/1 shared iters
project81 k6 proof on cael	Run Project 81 k6 proof wrapper	2026-07-09T05:13:54.2073917Z 
project81 k6 proof on cael	Run Project 81 k6 proof wrapper	2026-07-09T05:13:54.2074394Z running (0m21.0s), 1/1 VUs, 0 complete and 0 interrupted iterations
project81 k6 proof on cael	Run Project 81 k6 proof wrapper	2026-07-09T05:13:54.2074711Z r_cd_3_post_compaction   [   0% ] 1 VUs  0m21.0s/3m0s  0/1 shared iters
project81 k6 proof on cael	Run Project 81 k6 proof wrapper	2026-07-09T05:13:54.4935535Z time="2026-07-08T22:13:54-07:00" level=info msg="✓ R-CD-3 post-compaction lifeboat return observed" source=console
project81 k6 proof on cael	Run Project 81 k6 proof wrapper	2026-07-09T05:13:54.4935973Z time="2026-07-08T22:13:54-07:00" level=info msg="\n--- R-CD-3 EVIDENCE SUMMARY ---" source=console
project81 k6 proof on cael	Run Project 81 k6 proof wrapper	2026-07-09T05:13:54.4987584Z time="2026-07-08T22:13:54-07:00" level=info msg="{\n  \"row\": \"R-CD-3\",\n  \"manifest_loaded\": true,\n  \"nonce\": \"R-CD-3-1783574013208-3kekgojx\",\n  \"seat\": \"cael\",\n  \"requestedSessionKey\": \"p81-5292-cael-live\",\n  \"sessionKey\": \"agent:main:r-cd-3-r-cd-3-1783574013208-3kekgojx\",\n  \"session_created\": true,\n  \"created_session_key\": \"agent:main:r-cd-3-r-cd-3-1783574013208-3kekgojx\",\n  \"candidateSha\": \"5292af40d0ad5303b85a678f6e629503a8725848\",\n  \"started\": \"2026-07-09T05:13:33.208Z\",\n  \"dispatch_accepted\": true,\n  \"delegate_staging_requested\": true,\n  \"compaction_requested\": true,\n  \"threshold_honest_limit\": false,\n  \"compaction_accepted\": false,\n  \"lifeboat_return_observed\": true,\n  \"guard\": null,\n  \"context_usage\": null,\n  \"threshold\": null,\n  \"trace_id\": null,\n  \"redacted_events\": [\n    {\n      \"ts\": 1783574013209,\n      \"kind\": \"event\",\n      \"method\": null,\n      \"event\": \"connect.challenge\",\n      \"ok\": null,\n      \"data\": null\n    },\n    {\n      \"ts\": 1783574013211,\n      \"kind\": \"other\",\n      \"method\": null,\n      \"event\": null,\n      \"ok\": null,\n      \"data\": null\n    },\n    {\n      \"ts\": 1783574013271,\n      \"kind\": \"event\",\n      \"method\": null,\n      \"event\": \"health\",\n      \"ok\": null,\n      \"data\": null\n    },\n    {\n      \"ts\": 1783574013553,\n      \"kind\": \"response\",\n      \"method\": \"sessions.create\",\n      \"event\": null,\n      \"ok\": true,\n      \"data\": {\n        \"ok\": true\n      }\n    },\n    {\n      \"ts\": 1783574013580,\n      \"kind\": \"response\",\n      \"method\": \"sessions.messages.subscribe\",\n      \"event\": null,\n      \"ok\": true,\n      \"data\": {}\n    },\n    {\n      \"ts\": 1783574014091,\n      \"kind\": \"response\",\n      \"method\": \"sessions.send\",\n      \"event\": null,\n      \"ok\": true,\n      \"data\": {\n        \"runId\": \"R-CD-3-R-CD-3-1783574013208-3kekgojx\",\n        \"status\": \"started\"\n      }\n    },\n    {\n      \"ts\": 1783574016111,\n      \"kind\": \"event\",\n      \"method\": null,\n      \"event\": \"agent\",\n      \"ok\": null,\n      \"data\": null\n    },\n    {\n      \"ts\": 1783574017030,\n      \"kind\": \"event\",\n      \"method\": null,\n      \"event\": \"health\",\n      \"ok\": null,\n      \"data\": null\n    },\n    {\n      \"ts\": 1783574017043,\n      \"kind\": \"event\",\n      \"method\": null,\n      \"event\": \"presence\",\n      \"ok\": null,\n      \"data\": null\n    },\n    {\n      \"ts\": 1783574017076,\n      \"kind\": \"event\",\n      \"method\": null,\n      \"event\": \"agent\",\n      \"ok\": null,\n      \"data\": null\n    },\n    {\n      \"ts\": 1783574017202,\n      \"kind\": \"event\",\n      \"method\": null,\n      \"event\": \"agent\",\n      \"ok\": null,\n      \"data\": null\n    },\n    {\n      \"ts\": 1783574017242,\n      \"kind\": \"event\",\n      \"method\": null,\n      \"event\": \"agent\",\n      \"ok\": null,\n      \"data\": null\n    },\n    {\n      \"ts\": 1783574020709,\n      \"kind\": \"event\",\n      \"method\": null,\n      \"event\": \"agent\",\n      \"ok\": null,\n      \"data\": null\n    },\n    {\n      \"ts\": 1783574020710,\n      \"kind\": \"event\",\n      \"method\": null,\n      \"event\": \"chat\",\n      \"ok\": null,\n      \"data\": null\n    },\n    {\n      \"ts\": 1783574020757,\n      \"kind\": \"event\",\n      \"method\": null,\n      \"event\": \"agent\",\n      \"ok\": null,\n      \"data\": null\n    },\n    {\n      \"ts\": 1783574020758,\n      \"kind\": \"event\",\n      \"method\": null,\n      \"event\": \"agent\",\n      \"ok\": null,\n      \"data\": null\n    },\n    {\n      \"ts\": 1783574020868,\n      \"kind\": \"event\",\n      \"method\": null,\n      \"event\": \"agent\",\n      \"ok\": null,\n      \"data\": null\n    },\n    {\n      \"ts\": 1783574020868,\n      \"kind\": \"event\",\n      \"method\": null,\n      \"event\": \"chat\",\n      \"ok\": null,\n      \"data\": null\n    },\n    {\n      \"ts\": 1783574020868,\n      \"kind\": \"event\",\n      \"method\": null,\n      \"event\": \"chat\",\n      \"ok\": null,\n      \"data\": null\n    },\n    {\n      \"ts\": 1783574022632,\n      \"kind\": \"event\",\n      \"method\": null,\n      \"event\": \"agent\",\n      \"ok\": null,\n      \"data\": null\n    },\n    {\n      \"ts\": 1783574022632,\n      \"kind\": \"event\",\n      \"method\": null,\n      \"event\": \"chat\",\n      \"ok\": null,\n      \"data\": null\n    },\n    {\n      \"ts\": 1783574022905,\n      \"kind\": \"event\",\n      \"method\": null,\n      \"event\": \"task\",\n      \"ok\": null,\n      \"data\": null\n    },\n    {\n      \"ts\": 1783574022905,\n      \"kind\": \"event\",\n      \"method\": null,\n      \"event\": \"task\",\n      \"ok\": null,\n      \"data\": null\n    },\n    {\n      \"ts\": 1783574022940,\n      \"kind\": \"event\",\n      \"method\": null,\n      \"event\": \"task\",\n      \"ok\": null,\n      \"data\": null\n    },\n    {\n      \"ts\": 1783574023183,\n      \"kind\": \"event\",\n      \"method\": null,\n      \"event\": \"health\",\n      \"ok\": null,\n      \"data\": null\n    },\n    {\n      \"ts\": 1783574023285,\n      \"kind\": \"event\",\n      \"method\": null,\n      \"event\": \"agent\",\n      \"ok\": null,\n      \"data\": null\n    },\n    {\n      \"ts\": 1783574023515,\n      \"kind\": \"event\",\n      \"method\": null,\n      \"event\": \"task\",\n      \"ok\": null,\n      \"data\": null\n    },\n    {\n      \"ts\": 1783574023515,\n      \"kind\": \"event\",\n      \"method\": null,\n      \"event\": \"task\",\n      \"ok\": null,\n      \"data\": null\n    },\n    {\n      \"ts\": 1783574023555,\n      \"kind\": \"event\",\n      \"method\": null,\n      \"event\": \"agent\",\n      \"ok\": null,\n      \"data\": null\n    },\n    {\n      \"ts\": 1783574023566,\n      \"kind\": \"response\",\n      \"method\": \"tasks.list\",\n      \"event\": null,\n      \"ok\": true,\n      \"data\": {}\n    },\n    {\n      \"ts\": 1783574025822,\n      \"kind\": \"event\",\n      \"method\": null,\n      \"event\": \"agent\",\n      \"ok\": null,\n      \"data\": null\n    },\n    {\n      \"ts\": 1783574026983,\n      \"kind\": \"event\",\n      \"method\": null,\n      \"event\": \"health\",\n      \"ok\": null,\n      \"data\": null\n    },\n    {\n      \"ts\": 1783574026996,\n      \"kind\": \"event\",\n      \"method\": null,\n      \"event\": \"presence\",\n      \"ok\": null,\n      \"data\": null\n    },\n    {\n      \"ts\": 1783574027213,\n      \"kind\": \"event\",\n      \"method\": null,\n      \"event\": \"task\",\n      \"ok\": null,\n      \"data\": null\n    },\n    {\n      \"ts\": 1783574027213,\n      \"kind\": \"event\",\n      \"method\": null,\n      \"event\": \"task\",\n      \"ok\": null,\n      \"data\": null\n    },\n    {\n      \"ts\": 1783574027214,\n      \"kind\": \"event\",\n      \"method\": null,\n      \"event\": \"agent\",\n      \"ok\": null,\n      \"data\": null\n    },\n    {\n      \"ts\": 1783574027214,\n      \"kind\": \"event\",\n      \"method\": null,\n      \"event\": \"chat\",\n      \"ok\": null,\n      \"data\": null\n    },\n    {\n      \"ts\": 1783574027214,\n      \"kind\": \"event\",\n      \"method\": null,\n      \"event\": \"task\",\n      \"ok\": null,\n      \"data\": null\n    },\n    {\n      \"ts\": 1783574027215,\n      \"kind\": \"event\",\n      \"method\": null,\n      \"event\": \"task\",\n      \"ok\": null,\n      \"data\": null\n    },\n    {\n      \"ts\": 1783574027256,\n      \"kind\": \"event\",\n      \"method\": null,\n      \"event\": \"agent\",\n      \"ok\": null,\n      \"data\": null\n    },\n    {\n      \"ts\": 1783574027363,\n      \"kind\": \"event\",\n      \"method\": null,\n      \"event\": \"task\",\n      \"ok\": null,\n      \"data\": null\n    },\n    {\n      \"ts\": 1783574027363,\n      \"kind\": \"event\",\n      \"method\": null,\n      \"event\": \"task\",\n      \"ok\": null,\n      \"data\": null\n    },\n    {\n      \"ts\": 1783574027363,\n      \"kind\": \"event\",\n      \"method\": null,\n      \"event\": \"agent\",\n      \"ok\": null,\n      \"data\": null\n    },\n    {\n      \"ts\": 1783574027363,\n      \"kind\": \"event\",\n      \"method\": null,\n      \"event\": \"agent\",\n      \"ok\": null,\n      \"data\": null\n    },\n    {\n      \"ts\": 1783574027363,\n      \"kind\": \"event\",\n      \"method\": null,\n      \"event\": \"chat\",\n      \"ok\": null,\n      \"data\": null\n    },\n    {\n      \"ts\": 1783574027364,\n      \"kind\": \"event\",\n      \"method\": null,\n      \"event\": \"task\",\n      \"ok\": null,\n      \"data\": null\n    },\n    {\n      \"ts\": 1783574027364,\n      \"kind\": \"event\",\n      \"method\": null,\n      \"event\": \"task\",\n      \"ok\": null,\n      \"data\": null\n    },\n    {\n      \"ts\": 1783574027365,\n      \"kind\": \"event\",\n      \"method\": null,\n      \"event\": \"task\",\n      \"ok\": null,\n      \"data\": null\n    },\n    {\n      \"ts\": 1783574027365,\n      \"kind\": \"event\",\n      \"method\": null,\n      \"event\": \"task\",\n      \"ok\": null,\n      \"data\": null\n    },\n    {\n      \"ts\": 1783574027366,\n      \"kind\": \"event\",\n      \"method\": null,\n      \"event\": \"task\",\n      \"ok\": null,\n      \"data\": null\n    },\n    {\n      \"ts\": 1783574027366,\n      \"kind\": \"event\",\n      \"method\": null,\n      \"event\": \"task\",\n      \"ok\": null,\n      \"data\": null\n    },\n    {\n      \"ts\": 1783574027440,\n      \"kind\": \"event\",\n      \"method\": null,\n      \"event\": \"task\",\n      \"ok\": null,\n      \"data\": null\n    },\n    {\n      \"ts\": 1783574027440,\n      \"kind\": \"event\",\n      \"method\": null,\n      \"event\": \"task\",\n      \"ok\": null,\n      \"data\": null\n    },\n    {\n      \"ts\": 1783574027440,\n      \"kind\": \"event\",\n      \"method\": null,\n      \"event\": \"task\",\n      \"ok\": null,\n      \"data\": null\n    },\n    {\n      \"ts\": 1783574027441,\n      \"kind\": \"event\",\n      \"method\": null,\n      \"event\": \"task\",\n      \"ok\": null,\n      \"data\": null\n    },\n    {\n      \"ts\": 1783574027441,\n      \"kind\": \"event\",\n      \"method\": null,\n      \"event\": \"task\",\n      \"ok\": null,\n      \"data\": null\n    },\n    {\n      \"ts\": 1783574027441,\n      \"kind\": \"event\",\n      \"method\": null,\n      \"event\": \"task\",\n      \"ok\": null,\n      \"data\": null\n    },\n    {\n      \"ts\": 1783574027442,\n      \"kind\": \"event\",\n      \"method\": null,\n      \"event\": \"task\",\n      \"ok\": null,\n      \"data\": null\n    },\n    {\n      \"ts\": 1783574027442,\n      \"kind\": \"event\",\n      \"method\": null,\n      \"event\": \"task\",\n      \"ok\": null,\n      \"data\": null\n    },\n    {\n      \"ts\": 1783574027443,\n      \"kind\": \"event\",\n      \"method\": null,\n      \"event\": \"task\",\n      \"ok\": null,\n      \"data\": null\n    },\n    {\n      \"ts\": 1783574027443,\n      \"kind\": \"event\",\n      \"method\": null,\n      \"event\": \"task\",\n      \"ok\": null,\n      \"data\": null\n    },\n    {\n      \"ts\": 1783574027444,\n      \"kind\": \"event\",\n      \"method\": null,\n      \"event\": \"task\",\n      \"ok\": null,\n      \"data\": null\n    },\n    {\n      \"ts\": 1783574027444,\n      \"kind\": \"event\",\n      \"method\": null,\n      \"event\": \"task\",\n      \"ok\": null,\n      \"data\": null\n    },\n    {\n      \"ts\": 1783574027445,\n      \"kind\": \"event\",\n      \"method\": null,\n      \"event\": \"task\",\n      \"ok\": null,\n      \"data\": null\n    },\n    {\n      \"ts\": 1783574027445,\n      \"kind\": \"event\",\n      \"method\": null,\n      \"event\": \"task\",\n      \"ok\": null,\n      \"data\": null\n    },\n    {\n      \"ts\": 1783574027446,\n      \"kind\": \"event\",\n      \"method\": null,\n      \"event\": \"task\",\n      \"ok\": null,\n      \"data\": null\n    },\n    {\n      \"ts\": 1783574027446,\n      \"kind\": \"event\",\n      \"method\": null,\n      \"event\": \"task\",\n      \"ok\": null,\n      \"data\": null\n    },\n    {\n      \"ts\": 1783574027447,\n      \"kind\": \"event\",\n      \"method\": null,\n      \"event\": \"task\",\n      \"ok\": null,\n      \"data\": null\n    },\n    {\n      \"ts\": 1783574027447,\n      \"kind\": \"event\",\n      \"method\": null,\n      \"event\": \"task\",\n      \"ok\": null,\n      \"data\": null\n    },\n    {\n      \"ts\": 1783574027515,\n      \"kind\": \"event\",\n      \"method\": null,\n      \"event\": \"task\",\n      \"ok\": null,\n      \"data\": null\n    },\n    {\n      \"ts\": 1783574027515,\n      \"kind\": \"event\",\n      \"method\": null,\n      \"event\": \"task\",\n      \"ok\": null,\n      \"data\": null\n    },\n    {\n      \"ts\": 1783574027516,\n      \"kind\": \"event\",\n      \"method\": null,\n      \"event\": \"agent\",\n      \"ok\": null,\n      \"data\": null\n    },\n    {\n      \"ts\": 1783574027516,\n      \"kind\": \"event\",\n      \"method\": null,\n      \"event\": \"agent\",\n      \"ok\": null,\n      \"data\": null\n    },\n    {\n      \"ts\": 1783574027516,\n      \"kind\": \"event\",\n      \"method\": null,\n      \"event\": \"chat\",\n      \"ok\": null,\n      \"data\": null\n    },\n    {\n      \"ts\": 1783574027516,\n      \"kind\": \"event\",\n      \"method\": null,\n      \"event\": \"task\",\n      \"ok\": null,\n      \"data\": null\n    },\n    {\n      \"ts\": 1783574027516,\n      \"kind\": \"event\",\n      \"method\": null,\n      \"event\": \"task\",\n      \"ok\": null,\n      \"data\": null\n    },\n    {\n      \"ts\": 1783574027517,\n      \"kind\": \"event\",\n      \"method\": null,\n      \"event\": \"task\",\n      \"ok\": null,\n      \"data\": null\n    },\n    {\n      \"ts\": 1783574027518,\n      \"kind\": \"event\",\n      \"method\": null,\n      \"event\": \"task\",\n      \"ok\": null,\n      \"data\": null\n    },\n    {\n      \"ts\": 1783574027519,\n      \"kind\": \"event\",\n      \"method\": null,\n      \"event\": \"task\",\n      \"ok\": null,\n      \"data\": null\n    },\n    {\n      \"ts\": 1783574027519,\n      \"kind\": \"event\",\n      \"method\": null,\n      \"event\": \"task\",\n      \"ok\": null,\n      \"data\": null\n    },\n    {\n      \"ts\": 1783574027519,\n      \"kind\": \"event\",\n      \"method\": null,\n      \"event\": \"task\",\n      \"ok\": null,\n      \"data\": null\n    },\n    {\n      \"ts\": 1783574027519,\n      \"kind\": \"event\",\n      \"method\": null,\n      \"event\": \"task\",\n      \"ok\": null,\n      \"data\": null\n    },\n    {\n      \"ts\": 1783574027528,\n      \"kind\": \"event\",\n      \"method\": null,\n      \"event\": \"task\",\n      \"ok\": null,\n      \"data\": null\n    },\n    {\n      \"ts\": 1783574027528,\n      \"kind\": \"event\",\n      \"method\": null,\n      \"event\": \"task\",\n      \"ok\": null,\n      \"data\": null\n    },\n    {\n      \"ts\": 1783574027528,\n      \"kind\": \"event\",\n      \"method\": null,\n      \"event\": \"agent\",\n      \"ok\": null,\n      \"data\": null\n    },\n    {\n      \"ts\": 1783574027528,\n      \"kind\": \"event\",\n      \"method\": null,\n      \"event\": \"agent\",\n      \"ok\": null,\n      \"data\": null\n    },\n    {\n      \"ts\": 1783574027661,\n      \"kind\": \"event\",\n      \"method\": null,\n      \"event\": \"task\",\n      \"ok\": null,\n      \"data\": null\n    },\n    {\n      \"ts\": 1783574027661,\n      \"kind\": \"event\",\n      \"method\": null,\n      \"event\": \"task\",\n      \"ok\": null,\n      \"data\": null\n    },\n    {\n      \"ts\": 1783574027706,\n      \"kind\": \"event\",\n      \"method\": null,\n      \"event\": \"agent\",\n      \"ok\": null,\n      \"data\": null\n    },\n    {\n      \"ts\": 1783574027706,\n      \"kind\": \"event\",\n      \"method\": null,\n      \"event\": \"chat\",\n      \"ok\": null,\n      \"data\": null\n    },\n    {\n      \"ts\": 1783574027706,\n      \"kind\": \"event\",\n      \"method\": null,\n      \"event\": \"chat\",\n      \"ok\": null,\n      \"data\": null\n    },\n    {\n      \"ts\": 1783574027712,\n      \"kind\": \"event\",\n      \"method\": null,\n      \"event\": \"task\",\n      \"ok\": null,\n      \"data\": null\n    },\n    {\n      \"ts\": 1783574027754,\n      \"kind\": \"event\",\n      \"method\": null,\n      \"event\": \"presence\",\n      \"ok\": null,\n      \"data\": null\n    },\n    {\n      \"ts\": 1783574027874,\n      \"kind\": \"event\",\n      \"method\": null,\n      \"event\": \"health\",\n      \"ok\": null,\n      \"data\": null\n    },\n    {\n      \"ts\": 1783574027895,\n      \"kind\": \"event\",\n      \"method\": null,\n      \"event\": \"presence\",\n      \"ok\": null,\n      \"data\": null\n    },\n    {\n      \"ts\": 1783574027933,\n      \"kind\": \"event\",\n      \"method\": null,\n      \"event\": \"task\",\n      \"ok\": null,\n      \"data\": null\n    },\n    {\n      \"ts\": 1783574027961,\n      \"kind\": \"event\",\n      \"method\": null,\n      \"event\": \"task\",\n      \"ok\": null,\n      \"data\": null\n    },\n    {\n      \"ts\": 1783574028339,\n      \"kind\": \"event\",\n      \"method\": null,\n      \"event\": \"task\",\n      \"ok\": null,\n      \"data\": null\n    },\n    {\n      \"ts\": 1783574029656,\n      \"kind\": \"event\",\n      \"method\": null,\n      \"event\": \"tick\",\n      \"ok\": null,\n      \"data\": null\n    },\n    {\n      \"ts\": 1783574029975,\n      \"kind\": \"event\",\n      \"method\": null,\n      \"event\": \"agent\",\n      \"ok\": null,\n      \"data\": null\n    },\n    {\n      \"ts\": 1783574029975,\n      \"kind\": \"event\",\n      \"method\": null,\n      \"event\": \"chat\",\n      \"ok\": null,\n      \"data\": null\n    },\n    {\n      \"ts\": 1783574030346,\n      \"kind\": \"event\",\n      \"method\": null,\n      \"event\": \"agent\",\n      \"ok\": null,\n      \"data\": null\n    },\n    {\n      \"ts\": 1783574030389,\n      \"kind\": \"event\",\n      \"method\": null,\n      \"event\": \"session.message\",\n      \"ok\": null,\n      \"data\": null\n    },\n    {\n      \"ts\": 1783574030531,\n      \"kind\": \"event\",\n      \"method\": null,\n      \"event\": \"agent\",\n      \"ok\": null,\n      \"data\": null\n    },\n    {\n      \"ts\": 1783574034084,\n      \"kind\": \"event\",\n      \"method\": null,\n      \"event\": \"agent\",\n      \"ok\": null,\n      \"data\": null\n    },\n    {\n      \"ts\": 1783574034493,\n      \"kind\": \"event\",\n      \"method\": null,\n      \"event\": \"session.message\",\n      \"ok\": null,\n      \"data\": null\n    }\n  ],\n  \"ended\": \"2026-07-09T05:13:54.493Z\",\n  \"duration_ms\": 21285,\n  \"verdict\": \"PASS-candidate\"\n}" source=console
project81 k6 proof on cael	Run Project 81 k6 proof wrapper	2026-07-09T05:13:54.5034426Z time="2026-07-08T22:13:54-07:00" level=info msg="--- END EVIDENCE ---" source=console
project81 k6 proof on cael	Run Project 81 k6 proof wrapper	2026-07-09T05:13:54.5035027Z time="2026-07-08T22:13:54-07:00" level=info msg="\n[R-CD-3] VERDICT: PASS-candidate" source=console
project81 k6 proof on cael	Run Project 81 k6 proof wrapper	2026-07-09T05:13:54.5035400Z 
project81 k6 proof on cael	Run Project 81 k6 proof wrapper	2026-07-09T05:13:54.5035579Z running (0m21.3s), 0/1 VUs, 1 complete and 0 interrupted iterations
project81 k6 proof on cael	Run Project 81 k6 proof wrapper	2026-07-09T05:13:54.5036295Z r_cd_3_post_compaction ✓ [ 100% ] 1 VUs  0m21.3s/3m0s  1/1 shared iters
project81 k6 proof on cael	Run Project 81 k6 proof wrapper	2026-07-09T05:13:54.5912165Z ./r-cd-3-summary.json
project81 k6 proof on cael	Run Project 81 k6 proof wrapper	2026-07-09T05:13:54.6757881Z [R-CD-3] METRICS: /home/figs/actions-runner/_work/openclaw-bootstrap/openclaw-bootstrap/openclaw-bootstrap/PROOFS/f5ac94305a4f96703120b3d887808669c533e700/project81-k6/20260709T051305Z-cael-dgx-4071269/5292af40d0ad5303b85a678f6e629503a8725848/R-CD-3/cael/20260709T051333Z-r-cd-3/openclaw-proofs-k6.prom
project81 k6 proof on cael	Run Project 81 k6 proof wrapper	2026-07-09T05:13:54.6769627Z [R-CD-3] ARTIFACTS: /home/figs/actions-runner/_work/openclaw-bootstrap/openclaw-bootstrap/openclaw-bootstrap/PROOFS/f5ac94305a4f96703120b3d887808669c533e700/project81-k6/20260709T051305Z-cael-dgx-4071269/5292af40d0ad5303b85a678f6e629503a8725848/R-CD-3/cael/20260709T051333Z-r-cd-3
project81 k6 proof on cael	Run Project 81 k6 proof wrapper	2026-07-09T05:13:54.6770848Z [R-CD-3] COMPLETED.
project81 k6 proof on cael	Run Project 81 k6 proof wrapper	2026-07-09T05:13:54.6771253Z Observability check: query Grafana for run/nonce or review Tempo traces if trace ID was emitted.
project81 k6 proof on cael	Run Project 81 k6 proof wrapper	2026-07-09T05:13:54.6975908Z 
project81 k6 proof on cael	Run Project 81 k6 proof wrapper	2026-07-09T05:13:54.6977577Z ----------------------------------------
project81 k6 proof on cael	Run Project 81 k6 proof wrapper	2026-07-09T05:13:54.6977887Z Row: R-CD-4
project81 k6 proof on cael	Run Project 81 k6 proof wrapper	2026-07-09T05:13:54.6978515Z Manifest: /home/figs/actions-runner/_work/openclaw-bootstrap/openclaw-bootstrap/karmaterminal-openclaw-docs/tools/k6-proofs/manifests/r-cd-4.json
project81 k6 proof on cael	Run Project 81 k6 proof wrapper	2026-07-09T05:13:54.6979253Z Scenario: scenarios/r-cd-4-target-session-key.js
project81 k6 proof on cael	Run Project 81 k6 proof wrapper	2026-07-09T05:13:54.6979554Z Status: runnable
project81 k6 proof on cael	Run Project 81 k6 proof wrapper	2026-07-09T05:13:54.6980361Z Live Safety: k6-runnable
project81 k6 proof on cael	Run Project 81 k6 proof wrapper	2026-07-09T05:13:54.6980583Z [R-CD-4] RUNNING...
project81 k6 proof on cael	Run Project 81 k6 proof wrapper	2026-07-09T05:13:54.7181414Z 
project81 k6 proof on cael	Run Project 81 k6 proof wrapper	2026-07-09T05:13:54.7183296Z          /\      Grafana   /‾‾/  
project81 k6 proof on cael	Run Project 81 k6 proof wrapper	2026-07-09T05:13:54.7183597Z     /\  /  \     |\  __   /  /   
project81 k6 proof on cael	Run Project 81 k6 proof wrapper	2026-07-09T05:13:54.7183871Z    /  \/    \    | |/ /  /   ‾‾\ 
project81 k6 proof on cael	Run Project 81 k6 proof wrapper	2026-07-09T05:13:54.7184132Z   /          \   |   (  |  (‾)  |
project81 k6 proof on cael	Run Project 81 k6 proof wrapper	2026-07-09T05:13:54.7184355Z  / __________ \  |_|\_\  \_____/ 
project81 k6 proof on cael	Run Project 81 k6 proof wrapper	2026-07-09T05:13:54.7184509Z 
project81 k6 proof on cael	Run Project 81 k6 proof wrapper	2026-07-09T05:13:54.7184514Z 
project81 k6 proof on cael	Run Project 81 k6 proof wrapper	2026-07-09T05:13:54.7184592Z      execution: local
project81 k6 proof on cael	Run Project 81 k6 proof wrapper	2026-07-09T05:13:54.7184855Z         script: scenarios/r-cd-4-target-session-key.js
project81 k6 proof on cael	Run Project 81 k6 proof wrapper	2026-07-09T05:13:54.7185164Z         output: -
project81 k6 proof on cael	Run Project 81 k6 proof wrapper	2026-07-09T05:13:54.7185283Z 
project81 k6 proof on cael	Run Project 81 k6 proof wrapper	2026-07-09T05:13:54.7185508Z      scenarios: (100.00%) 1 scenario, 1 max VUs, 2m30s max duration (incl. graceful stop):
project81 k6 proof on cael	Run Project 81 k6 proof wrapper	2026-07-09T05:13:54.7186129Z               * r_cd_4_target_session: 1 iterations shared among 1 VUs (maxDuration: 2m0s, gracefulStop: 30s)
project81 k6 proof on cael	Run Project 81 k6 proof wrapper	2026-07-09T05:13:54.7186703Z 
project81 k6 proof on cael	Run Project 81 k6 proof wrapper	2026-07-09T05:13:55.0846797Z time="2026-07-08T22:13:55-07:00" level=info msg="✓ disposable parent session created: agent:main:r-cd-4-parent-r-cd-4-1783574034719-cmkj165v" source=console
project81 k6 proof on cael	Run Project 81 k6 proof wrapper	2026-07-09T05:13:55.7188086Z 
project81 k6 proof on cael	Run Project 81 k6 proof wrapper	2026-07-09T05:13:55.7188807Z running (0m01.0s), 1/1 VUs, 0 complete and 0 interrupted iterations
project81 k6 proof on cael	Run Project 81 k6 proof wrapper	2026-07-09T05:13:55.7189304Z r_cd_4_target_session   [   0% ] 1 VUs  0m01.0s/2m0s  0/1 shared iters
project81 k6 proof on cael	Run Project 81 k6 proof wrapper	2026-07-09T05:13:55.9241185Z time="2026-07-08T22:13:55-07:00" level=info msg="✓ disposable target session created: agent:main:r-cd-4-target-r-cd-4-1783574034719-cmkj165v" source=console
project81 k6 proof on cael	Run Project 81 k6 proof wrapper	2026-07-09T05:13:56.4565401Z time="2026-07-08T22:13:56-07:00" level=info msg="✓ sessions.send accepted — agent turn triggered for R-CD-4 (targetSessionKey)" source=console
project81 k6 proof on cael	Run Project 81 k6 proof wrapper	2026-07-09T05:13:56.7194992Z 
project81 k6 proof on cael	Run Project 81 k6 proof wrapper	2026-07-09T05:13:56.7196683Z running (0m02.0s), 1/1 VUs, 0 complete and 0 interrupted iterations
project81 k6 proof on cael	Run Project 81 k6 proof wrapper	2026-07-09T05:13:56.7197158Z r_cd_4_target_session   [   0% ] 1 VUs  0m02.0s/2m0s  0/1 shared iters
project81 k6 proof on cael	Run Project 81 k6 proof wrapper	2026-07-09T05:13:57.7207269Z 
project81 k6 proof on cael	Run Project 81 k6 proof wrapper	2026-07-09T05:13:57.7218557Z running (0m03.0s), 1/1 VUs, 0 complete and 0 interrupted iterations
project81 k6 proof on cael	Run Project 81 k6 proof wrapper	2026-07-09T05:13:57.7231228Z r_cd_4_target_session   [   0% ] 1 VUs  0m03.0s/2m0s  0/1 shared iters
project81 k6 proof on cael	Run Project 81 k6 proof wrapper	2026-07-09T05:13:58.7192547Z 
project81 k6 proof on cael	Run Project 81 k6 proof wrapper	2026-07-09T05:13:58.7197068Z running (0m04.0s), 1/1 VUs, 0 complete and 0 interrupted iterations
project81 k6 proof on cael	Run Project 81 k6 proof wrapper	2026-07-09T05:13:58.7198239Z r_cd_4_target_session   [   0% ] 1 VUs  0m04.0s/2m0s  0/1 shared iters
project81 k6 proof on cael	Run Project 81 k6 proof wrapper	2026-07-09T05:13:59.7219121Z 
project81 k6 proof on cael	Run Project 81 k6 proof wrapper	2026-07-09T05:13:59.7221675Z running (0m05.0s), 1/1 VUs, 0 complete and 0 interrupted iterations
project81 k6 proof on cael	Run Project 81 k6 proof wrapper	2026-07-09T05:13:59.7222230Z r_cd_4_target_session   [   0% ] 1 VUs  0m05.0s/2m0s  0/1 shared iters
project81 k6 proof on cael	Run Project 81 k6 proof wrapper	2026-07-09T05:14:00.7194073Z 
project81 k6 proof on cael	Run Project 81 k6 proof wrapper	2026-07-09T05:14:00.7195759Z running (0m06.0s), 1/1 VUs, 0 complete and 0 interrupted iterations
project81 k6 proof on cael	Run Project 81 k6 proof wrapper	2026-07-09T05:14:00.7196302Z r_cd_4_target_session   [   0% ] 1 VUs  0m06.0s/2m0s  0/1 shared iters
project81 k6 proof on cael	Run Project 81 k6 proof wrapper	2026-07-09T05:14:01.7192279Z 
project81 k6 proof on cael	Run Project 81 k6 proof wrapper	2026-07-09T05:14:01.7193992Z running (0m07.0s), 1/1 VUs, 0 complete and 0 interrupted iterations
project81 k6 proof on cael	Run Project 81 k6 proof wrapper	2026-07-09T05:14:01.7194579Z r_cd_4_target_session   [   0% ] 1 VUs  0m07.0s/2m0s  0/1 shared iters
project81 k6 proof on cael	Run Project 81 k6 proof wrapper	2026-07-09T05:14:02.7196045Z 
project81 k6 proof on cael	Run Project 81 k6 proof wrapper	2026-07-09T05:14:02.7197396Z running (0m08.0s), 1/1 VUs, 0 complete and 0 interrupted iterations
project81 k6 proof on cael	Run Project 81 k6 proof wrapper	2026-07-09T05:14:02.7198032Z r_cd_4_target_session   [   0% ] 1 VUs  0m08.0s/2m0s  0/1 shared iters
project81 k6 proof on cael	Run Project 81 k6 proof wrapper	2026-07-09T05:14:03.7192600Z 
project81 k6 proof on cael	Run Project 81 k6 proof wrapper	2026-07-09T05:14:03.7193108Z running (0m09.0s), 1/1 VUs, 0 complete and 0 interrupted iterations
project81 k6 proof on cael	Run Project 81 k6 proof wrapper	2026-07-09T05:14:03.7193580Z r_cd_4_target_session   [   0% ] 1 VUs  0m09.0s/2m0s  0/1 shared iters
project81 k6 proof on cael	Run Project 81 k6 proof wrapper	2026-07-09T05:14:04.6778350Z time="2026-07-08T22:14:04-07:00" level=info msg="✓ Delayed return/wake landed in TARGET session" source=console
project81 k6 proof on cael	Run Project 81 k6 proof wrapper	2026-07-09T05:14:04.7192899Z 
project81 k6 proof on cael	Run Project 81 k6 proof wrapper	2026-07-09T05:14:04.7193576Z running (0m10.0s), 1/1 VUs, 0 complete and 0 interrupted iterations
project81 k6 proof on cael	Run Project 81 k6 proof wrapper	2026-07-09T05:14:04.7194097Z r_cd_4_target_session   [   0% ] 1 VUs  0m10.0s/2m0s  0/1 shared iters
project81 k6 proof on cael	Run Project 81 k6 proof wrapper	2026-07-09T05:14:05.7220771Z 
project81 k6 proof on cael	Run Project 81 k6 proof wrapper	2026-07-09T05:14:05.7229012Z running (0m11.0s), 1/1 VUs, 0 complete and 0 interrupted iterations
project81 k6 proof on cael	Run Project 81 k6 proof wrapper	2026-07-09T05:14:05.7231453Z r_cd_4_target_session   [   0% ] 1 VUs  0m11.0s/2m0s  0/1 shared iters
project81 k6 proof on cael	Run Project 81 k6 proof wrapper	2026-07-09T05:14:06.6823107Z time="2026-07-08T22:14:06-07:00" level=info msg="R_CD_4_EVIDENCE {\"row\":\"R-CD-4\",\"manifest_loaded\":true,\"nonce\":\"R-CD-4-1783574034719-cmkj165v\",\"seat\":\"cael\",\"requestedSessionKey\":\"p81-5292-cael-live\",\"sessionKey\":\"agent:main:r-cd-4-parent-r-cd-4-1783574034719-cmkj165v\",\"targetSessionKey\":\"agent:main:r-cd-4-target-r-cd-4-1783574034719-cmkj165v\",\"parent_session_created\":true,\"target_session_created\":true,\"created_parent_session_key\":\"agent:main:r-cd-4-parent-r-cd-4-1783574034719-cmkj165v\",\"created_target_session_key\":\"agent:main:r-cd-4-target-r-cd-4-1783574034719-cmkj165v\",\"candidateSha\":\"5292af40d0ad5303b85a678f6e629503a8725848\",\"started\":\"2026-07-09T05:13:54.719Z\",\"tool_accepted\":true,\"agent_turn_observed\":true,\"child_completed\":true,\"return_in_target\":true,\"return_in_parent\":false,\"dispatch_accepted_at_ms\":1783574036455,\"wake_gate_ms\":5000,\"trace_id\":null,\"redacted_events\":[{\"ts\":1783574034722,\"kind\":\"event\",\"method\":null,\"event\":\"connect.challenge\",\"ok\":null,\"data\":null},{\"ts\":1783574034723,\"kind\":\"other\",\"method\":null,\"event\":null,\"ok\":null,\"data\":null},{\"ts\":1783574034767,\"kind\":\"event\",\"method\":null,\"event\":\"health\",\"ok\":null,\"data\":null},{\"ts\":1783574035083,\"kind\":\"response\",\"method\":\"sessions.create\",\"event\":null,\"ok\":true,\"data\":{\"ok\":true}},{\"ts\":1783574035646,\"kind\":\"event\",\"method\":null,\"event\":\"health\",\"ok\":null,\"data\":null},{\"ts\":1783574035691,\"kind\":\"event\",\"method\":null,\"event\":\"presence\",\"ok\":null,\"data\":null},{\"ts\":1783574035887,\"kind\":\"event\",\"method\":null,\"event\":\"agent\",\"ok\":null,\"data\":null},{\"ts\":1783574035923,\"kind\":\"response\",\"method\":\"sessions.create\",\"event\":null,\"ok\":true,\"data\":{\"ok\":true}},{\"ts\":1783574035950,\"kind\":\"response\",\"method\":\"sessions.messages.subscribe\",\"event\":null,\"ok\":true,\"data\":{}},{\"ts\":1783574035958,\"kind\":\"response\",\"method\":\"sessions.messages.subscribe\",\"event\":null,\"ok\":true,\"data\":{}},{\"ts\":1783574036455,\"kind\":\"response\",\"method\":\"sessions.send\",\"event\":null,\"ok\":true,\"data\":{\"runId\":\"R-CD-4-R-CD-4-1783574034719-cmkj165v\",\"status\":\"started\"}},{\"ts\":1783574037175,\"kind\":\"event\",\"method\":null,\"event\":\"agent\",\"ok\":null,\"data\":null},{\"ts\":1783574037175,\"kind\":\"event\",\"method\":null,\"event\":\"chat\",\"ok\":null,\"data\":null},{\"ts\":1783574037434,\"kind\":\"event\",\"method\":null,\"event\":\"task\",\"ok\":null,\"data\":null},{\"ts\":1783574037434,\"kind\":\"event\",\"method\":null,\"event\":\"task\",\"ok\":null,\"data\":null},{\"ts\":1783574037436,\"kind\":\"event\",\"method\":null,\"event\":\"agent\",\"ok\":null,\"data\":null},{\"ts\":1783574037525,\"kind\":\"event\",\"method\":null,\"event\":\"agent\",\"ok\":null,\"data\":null},{\"ts\":1783574038261,\"kind\":\"event\",\"method\":null,\"event\":\"agent\",\"ok\":null,\"data\":null},{\"ts\":1783574038275,\"kind\":\"event\",\"method\":null,\"event\":\"agent\",\"ok\":null,\"data\":null},{\"ts\":1783574040496,\"kind\":\"event\",\"method\":null,\"event\":\"agent\",\"ok\":null,\"data\":null},{\"ts\":1783574040642,\"kind\":\"event\",\"method\":null,\"event\":\"task\",\"ok\":null,\"data\":null},{\"ts\":1783574040642,\"kind\":\"event\",\"method\":null,\"event\":\"task\",\"ok\":null,\"data\":null},{\"ts\":1783574040643,\"kind\":\"event\",\"method\":null,\"event\":\"agent\",\"ok\":null,\"data\":null},{\"ts\":1783574040643,\"kind\":\"event\",\"method\":null,\"event\":\"chat\",\"ok\":null,\"data\":null},{\"ts\":1783574040644,\"kind\":\"event\",\"method\":null,\"event\":\"task\",\"ok\":null,\"data\":null},{\"ts\":1783574040644,\"kind\":\"event\",\"method\":null,\"event\":\"task\",\"ok\":null,\"data\":null},{\"ts\":1783574040645,\"kind\":\"event\",\"method\":null,\"event\":\"task\",\"ok\":null,\"data\":null},{\"ts\":1783574040645,\"kind\":\"event\",\"method\":null,\"event\":\"task\",\"ok\":null,\"data\":null},{\"ts\":1783574040646,\"kind\":\"event\",\"method\":null,\"event\":\"task\",\"ok\":null,\"data\":null},{\"ts\":1783574040647,\"kind\":\"event\",\"method\":null,\"event\":\"task\",\"ok\":null,\"data\":null},{\"ts\":1783574040648,\"kind\":\"event\",\"method\":null,\"event\":\"task\",\"ok\":null,\"data\":null},{\"ts\":1783574040648,\"kind\":\"event\",\"method\":null,\"event\":\"task\",\"ok\":null,\"data\":null},{\"ts\":1783574040649,\"kind\":\"event\",\"method\":null,\"event\":\"task\",\"ok\":null,\"data\":null},{\"ts\":1783574040649,\"kind\":\"event\",\"method\":null,\"event\":\"task\",\"ok\":null,\"data\":null},{\"ts\":1783574040650,\"kind\":\"event\",\"method\":null,\"event\":\"task\",\"ok\":null,\"data\":null},{\"ts\":1783574040651,\"kind\":\"event\",\"method\":null,\"event\":\"task\",\"ok\":null,\"data\":null},{\"ts\":1783574040651,\"kind\":\"event\",\"method\":null,\"event\":\"task\",\"ok\":null,\"data\":null},{\"ts\":1783574040652,\"kind\":\"event\",\"method\":null,\"event\":\"task\",\"ok\":null,\"data\":null},{\"ts\":1783574040653,\"kind\":\"event\",\"method\":null,\"event\":\"task\",\"ok\":null,\"data\":null},{\"ts\":1783574040653,\"kind\":\"event\",\"method\":null,\"event\":\"task\",\"ok\":null,\"data\":null},{\"ts\":1783574040654,\"kind\":\"event\",\"method\":null,\"event\":\"task\",\"ok\":null,\"data\":null},{\"ts\":1783574040654,\"kind\":\"event\",\"method\":null,\"event\":\"task\",\"ok\":null,\"data\":null},{\"ts\":1783574040655,\"kind\":\"event\",\"method\":null,\"event\":\"task\",\"ok\":null,\"data\":null},{\"ts\":1783574040656,\"kind\":\"event\",\"method\":null,\"event\":\"task\",\"ok\":null,\"data\":null},{\"ts\":1783574040657,\"kind\":\"event\",\"method\":null,\"event\":\"task\",\"ok\":null,\"data\":null},{\"ts\":1783574040657,\"kind\":\"event\",\"method\":null,\"event\":\"task\",\"ok\":null,\"data\":null},{\"ts\":1783574040658,\"kind\":\"event\",\"method\":null,\"event\":\"task\",\"ok\":null,\"data\":null},{\"ts\":1783574040659,\"kind\":\"event\",\"method\":null,\"event\":\"task\",\"ok\":null,\"data\":null},{\"ts\":1783574040660,\"kind\":\"event\",\"method\":null,\"event\":\"task\",\"ok\":null,\"data\":null},{\"ts\":1783574040660,\"kind\":\"event\",\"method\":null,\"event\":\"task\",\"ok\":null,\"data\":null},{\"ts\":1783574040661,\"kind\":\"event\",\"method\":null,\"event\":\"task\",\"ok\":null,\"data\":null},{\"ts\":1783574040661,\"kind\":\"event\",\"method\":null,\"event\":\"task\",\"ok\":null,\"data\":null},{\"ts\":1783574040665,\"kind\":\"event\",\"method\":null,\"event\":\"task\",\"ok\":null,\"data\":null},{\"ts\":1783574040665,\"kind\":\"event\",\"method\":null,\"event\":\"task\",\"ok\":null,\"data\":null},{\"ts\":1783574040674,\"kind\":\"event\",\"method\":null,\"event\":\"task\",\"ok\":null,\"data\":null},{\"ts\":1783574040674,\"kind\":\"event\",\"method\":null,\"event\":\"task\",\"ok\":null,\"data\":null},{\"ts\":1783574040674,\"kind\":\"event\",\"method\":null,\"event\":\"agent\",\"ok\":null,\"data\":null},{\"ts\":1783574040675,\"kind\":\"event\",\"method\":null,\"event\":\"agent\",\"ok\":null,\"data\":null},{\"ts\":1783574040845,\"kind\":\"event\",\"method\":null,\"event\":\"task\",\"ok\":null,\"data\":null},{\"ts\":1783574040845,\"kind\":\"event\",\"method\":null,\"event\":\"task\",\"ok\":null,\"data\":null},{\"ts\":1783574040881,\"kind\":\"event\",\"method\":null,\"event\":\"agent\",\"ok\":null,\"data\":null},{\"ts\":1783574040881,\"kind\":\"event\",\"method\":null,\"event\":\"chat\",\"ok\":null,\"data\":null},{\"ts\":1783574040881,\"kind\":\"event\",\"method\":null,\"event\":\"chat\",\"ok\":null,\"data\":null},{\"ts\":1783574040886,\"kind\":\"event\",\"method\":null,\"event\":\"task\",\"ok\":null,\"data\":null},{\"ts\":1783574040927,\"kind\":\"event\",\"method\":null,\"event\":\"presence\",\"ok\":null,\"data\":null},{\"ts\":1783574041043,\"kind\":\"event\",\"method\":null,\"event\":\"health\",\"ok\":null,\"data\":null},{\"ts\":1783574041070,\"kind\":\"event\",\"method\":null,\"event\":\"presence\",\"ok\":null,\"data\":null},{\"ts\":1783574041099,\"kind\":\"event\",\"method\":null,\"event\":\"task\",\"ok\":null,\"data\":null},{\"ts\":1783574041133,\"kind\":\"event\",\"method\":null,\"event\":\"task\",\"ok\":null,\"data\":null},{\"ts\":1783574041476,\"kind\":\"event\",\"method\":null,\"event\":\"task\",\"ok\":null,\"data\":null},{\"ts\":1783574042238,\"kind\":\"event\",\"method\":null,\"event\":\"health\",\"ok\":null,\"data\":null},{\"ts\":1783574042247,\"kind\":\"event\",\"method\":null,\"event\":\"presence\",\"ok\":null,\"data\":null},{\"ts\":1783574042282,\"kind\":\"event\",\"method\":null,\"event\":\"agent\",\"ok\":null,\"data\":null},{\"ts\":1783574042820,\"kind\":\"event\",\"method\":null,\"event\":\"agent\",\"ok\":null,\"data\":null},{\"ts\":1783574042820,\"kind\":\"event\",\"method\":null,\"event\":\"chat\",\"ok\":null,\"data\":null},{\"ts\":1783574042999,\"kind\":\"event\",\"method\":null,\"event\":\"agent\",\"ok\":null,\"data\":null},{\"ts\":1783574042999,\"kind\":\"event\",\"method\":null,\"event\":\"agent\",\"ok\":null,\"data\":null},{\"ts\":1783574043108,\"kind\":\"event\",\"method\":null,\"event\":\"agent\",\"ok\":null,\"data\":null},{\"ts\":1783574043108,\"kind\":\"event\",\"method\":null,\"event\":\"chat\",\"ok\":null,\"data\":null},{\"ts\":1783574043108,\"kind\":\"event\",\"method\":null,\"event\":\"chat\",\"ok\":null,\"data\":null},{\"ts\":1783574043932,\"kind\":\"response\",\"method\":\"tasks.list\",\"event\":null,\"ok\":true,\"data\":{}},{\"ts\":1783574044493,\"kind\":\"event\",\"method\":null,\"event\":\"agent\",\"ok\":null,\"data\":null},{\"ts\":1783574044493,\"kind\":\"event\",\"method\":null,\"event\":\"chat\",\"ok\":null,\"data\":null},{\"ts\":1783574044637,\"kind\":\"event\",\"method\":null,\"event\":\"agent\",\"ok\":null,\"data\":null},{\"ts\":1783574044677,\"kind\":\"event\",\"method\":null,\"event\":\"session.message\",\"ok\":null,\"data\":null}],\"ended\":\"2026-07-09T05:14:06.678Z\",\"duration_ms\":11959}" source=console
project81 k6 proof on cael	Run Project 81 k6 proof wrapper	2026-07-09T05:14:06.6853275Z time="2026-07-08T22:14:06-07:00" level=info msg="\n--- R-CD-4 EVIDENCE SUMMARY ---" source=console
project81 k6 proof on cael	Run Project 81 k6 proof wrapper	2026-07-09T05:14:06.6891660Z time="2026-07-08T22:14:06-07:00" level=info msg="{\n  \"row\": \"R-CD-4\",\n  \"manifest_loaded\": true,\n  \"nonce\": \"R-CD-4-1783574034719-cmkj165v\",\n  \"seat\": \"cael\",\n  \"requestedSessionKey\": \"p81-5292-cael-live\",\n  \"sessionKey\": \"agent:main:r-cd-4-parent-r-cd-4-1783574034719-cmkj165v\",\n  \"targetSessionKey\": \"agent:main:r-cd-4-target-r-cd-4-1783574034719-cmkj165v\",\n  \"parent_session_created\": true,\n  \"target_session_created\": true,\n  \"created_parent_session_key\": \"agent:main:r-cd-4-parent-r-cd-4-1783574034719-cmkj165v\",\n  \"created_target_session_key\": \"agent:main:r-cd-4-target-r-cd-4-1783574034719-cmkj165v\",\n  \"candidateSha\": \"5292af40d0ad5303b85a678f6e629503a8725848\",\n  \"started\": \"2026-07-09T05:13:54.719Z\",\n  \"tool_accepted\": true,\n  \"agent_turn_observed\": true,\n  \"child_completed\": true,\n  \"return_in_target\": true,\n  \"return_in_parent\": false,\n  \"dispatch_accepted_at_ms\": 1783574036455,\n  \"wake_gate_ms\": 5000,\n  \"trace_id\": null,\n  \"redacted_events\": [\n    {\n      \"ts\": 1783574034722,\n      \"kind\": \"event\",\n      \"method\": null,\n      \"event\": \"connect.challenge\",\n      \"ok\": null,\n      \"data\": null\n    },\n    {\n      \"ts\": 1783574034723,\n      \"kind\": \"other\",\n      \"method\": null,\n      \"event\": null,\n      \"ok\": null,\n      \"data\": null\n    },\n    {\n      \"ts\": 1783574034767,\n      \"kind\": \"event\",\n      \"method\": null,\n      \"event\": \"health\",\n      \"ok\": null,\n      \"data\": null\n    },\n    {\n      \"ts\": 1783574035083,\n      \"kind\": \"response\",\n      \"method\": \"sessions.create\",\n      \"event\": null,\n      \"ok\": true,\n      \"data\": {\n        \"ok\": true\n      }\n    },\n    {\n      \"ts\": 1783574035646,\n      \"kind\": \"event\",\n      \"method\": null,\n      \"event\": \"health\",\n      \"ok\": null,\n      \"data\": null\n    },\n    {\n      \"ts\": 1783574035691,\n      \"kind\": \"event\",\n      \"method\": null,\n      \"event\": \"presence\",\n      \"ok\": null,\n      \"data\": null\n    },\n    {\n      \"ts\": 1783574035887,\n      \"kind\": \"event\",\n      \"method\": null,\n      \"event\": \"agent\",\n      \"ok\": null,\n      \"data\": null\n    },\n    {\n      \"ts\": 1783574035923,\n      \"kind\": \"response\",\n      \"method\": \"sessions.create\",\n      \"event\": null,\n      \"ok\": true,\n      \"data\": {\n        \"ok\": true\n      }\n    },\n    {\n      \"ts\": 1783574035950,\n      \"kind\": \"response\",\n      \"method\": \"sessions.messages.subscribe\",\n      \"event\": null,\n      \"ok\": true,\n      \"data\": {}\n    },\n    {\n      \"ts\": 1783574035958,\n      \"kind\": \"response\",\n      \"method\": \"sessions.messages.subscribe\",\n      \"event\": null,\n      \"ok\": true,\n      \"data\": {}\n    },\n    {\n      \"ts\": 1783574036455,\n      \"kind\": \"response\",\n      \"method\": \"sessions.send\",\n      \"event\": null,\n      \"ok\": true,\n      \"data\": {\n        \"runId\": \"R-CD-4-R-CD-4-1783574034719-cmkj165v\",\n        \"status\": \"started\"\n      }\n    },\n    {\n      \"ts\": 1783574037175,\n      \"kind\": \"event\",\n      \"method\": null,\n      \"event\": \"agent\",\n      \"ok\": null,\n      \"data\": null\n    },\n    {\n      \"ts\": 1783574037175,\n      \"kind\": \"event\",\n      \"method\": null,\n      \"event\": \"chat\",\n      \"ok\": null,\n      \"data\": null\n    },\n    {\n      \"ts\": 1783574037434,\n      \"kind\": \"event\",\n      \"method\": null,\n      \"event\": \"task\",\n      \"ok\": null,\n      \"data\": null\n    },\n    {\n      \"ts\": 1783574037434,\n      \"kind\": \"event\",\n      \"method\": null,\n      \"event\": \"task\",\n      \"ok\": null,\n      \"data\": null\n    },\n    {\n      \"ts\": 1783574037436,\n      \"kind\": \"event\",\n      \"method\": null,\n      \"event\": \"agent\",\n      \"ok\": null,\n      \"data\": null\n    },\n    {\n      \"ts\": 1783574037525,\n      \"kind\": \"event\",\n      \"method\": null,\n      \"event\": \"agent\",\n      \"ok\": null,\n      \"data\": null\n    },\n    {\n      \"ts\": 1783574038261,\n      \"kind\": \"event\",\n      \"method\": null,\n      \"event\": \"agent\",\n      \"ok\": null,\n      \"data\": null\n    },\n    {\n      \"ts\": 1783574038275,\n      \"kind\": \"event\",\n      \"method\": null,\n      \"event\": \"agent\",\n      \"ok\": null,\n      \"data\": null\n    },\n    {\n      \"ts\": 1783574040496,\n      \"kind\": \"event\",\n      \"method\": null,\n      \"event\": \"agent\",\n      \"ok\": null,\n      \"data\": null\n    },\n    {\n      \"ts\": 1783574040642,\n      \"kind\": \"event\",\n      \"method\": null,\n      \"event\": \"task\",\n      \"ok\": null,\n      \"data\": null\n    },\n    {\n      \"ts\": 1783574040642,\n      \"kind\": \"event\",\n      \"method\": null,\n      \"event\": \"task\",\n      \"ok\": null,\n      \"data\": null\n    },\n    {\n      \"ts\": 1783574040643,\n      \"kind\": \"event\",\n      \"method\": null,\n      \"event\": \"agent\",\n      \"ok\": null,\n      \"data\": null\n    },\n    {\n      \"ts\": 1783574040643,\n      \"kind\": \"event\",\n      \"method\": null,\n      \"event\": \"chat\",\n      \"ok\": null,\n      \"data\": null\n    },\n    {\n      \"ts\": 1783574040644,\n      \"kind\": \"event\",\n      \"method\": null,\n      \"event\": \"task\",\n      \"ok\": null,\n      \"data\": null\n    },\n    {\n      \"ts\": 1783574040644,\n      \"kind\": \"event\",\n      \"method\": null,\n      \"event\": \"task\",\n      \"ok\": null,\n      \"data\": null\n    },\n    {\n      \"ts\": 1783574040645,\n      \"kind\": \"event\",\n      \"method\": null,\n      \"event\": \"task\",\n      \"ok\": null,\n      \"data\": null\n    },\n    {\n      \"ts\": 1783574040645,\n      \"kind\": \"event\",\n      \"method\": null,\n      \"event\": \"task\",\n      \"ok\": null,\n      \"data\": null\n    },\n    {\n      \"ts\": 1783574040646,\n      \"kind\": \"event\",\n      \"method\": null,\n      \"event\": \"task\",\n      \"ok\": null,\n      \"data\": null\n    },\n    {\n      \"ts\": 1783574040647,\n      \"kind\": \"event\",\n      \"method\": null,\n      \"event\": \"task\",\n      \"ok\": null,\n      \"data\": null\n    },\n    {\n      \"ts\": 1783574040648,\n      \"kind\": \"event\",\n      \"method\": null,\n      \"event\": \"task\",\n      \"ok\": null,\n      \"data\": null\n    },\n    {\n      \"ts\": 1783574040648,\n      \"kind\": \"event\",\n      \"method\": null,\n      \"event\": \"task\",\n      \"ok\": null,\n      \"data\": null\n    },\n    {\n      \"ts\": 1783574040649,\n      \"kind\": \"event\",\n      \"method\": null,\n      \"event\": \"task\",\n      \"ok\": null,\n      \"data\": null\n    },\n    {\n      \"ts\": 1783574040649,\n      \"kind\": \"event\",\n      \"method\": null,\n      \"event\": \"task\",\n      \"ok\": null,\n      \"data\": null\n    },\n    {\n      \"ts\": 1783574040650,\n      \"kind\": \"event\",\n      \"method\": null,\n      \"event\": \"task\",\n      \"ok\": null,\n      \"data\": null\n    },\n    {\n      \"ts\": 1783574040651,\n      \"kind\": \"event\",\n      \"method\": null,\n      \"event\": \"task\",\n      \"ok\": null,\n      \"data\": null\n    },\n    {\n      \"ts\": 1783574040651,\n      \"kind\": \"event\",\n      \"method\": null,\n      \"event\": \"task\",\n      \"ok\": null,\n      \"data\": null\n    },\n    {\n      \"ts\": 1783574040652,\n      \"kind\": \"event\",\n      \"method\": null,\n      \"event\": \"task\",\n      \"ok\": null,\n      \"data\": null\n    },\n    {\n      \"ts\": 1783574040653,\n      \"kind\": \"event\",\n      \"method\": null,\n      \"event\": \"task\",\n      \"ok\": null,\n      \"data\": null\n    },\n    {\n      \"ts\": 1783574040653,\n      \"kind\": \"event\",\n      \"method\": null,\n      \"event\": \"task\",\n      \"ok\": null,\n      \"data\": null\n    },\n    {\n      \"ts\": 1783574040654,\n      \"kind\": \"event\",\n      \"method\": null,\n      \"event\": \"task\",\n      \"ok\": null,\n      \"data\": null\n    },\n    {\n      \"ts\": 1783574040654,\n      \"kind\": \"event\",\n      \"method\": null,\n      \"event\": \"task\",\n      \"ok\": null,\n      \"data\": null\n    },\n    {\n      \"ts\": 1783574040655,\n      \"kind\": \"event\",\n      \"method\": null,\n      \"event\": \"task\",\n      \"ok\": null,\n      \"data\": null\n    },\n    {\n      \"ts\": 1783574040656,\n      \"kind\": \"event\",\n      \"method\": null,\n      \"event\": \"task\",\n      \"ok\": null,\n      \"data\": null\n    },\n    {\n      \"ts\": 1783574040657,\n      \"kind\": \"event\",\n      \"method\": null,\n      \"event\": \"task\",\n      \"ok\": null,\n      \"data\": null\n    },\n    {\n      \"ts\": 1783574040657,\n      \"kind\": \"event\",\n      \"method\": null,\n      \"event\": \"task\",\n      \"ok\": null,\n      \"data\": null\n    },\n    {\n      \"ts\": 1783574040658,\n      \"kind\": \"event\",\n      \"method\": null,\n      \"event\": \"task\",\n      \"ok\": null,\n      \"data\": null\n    },\n    {\n      \"ts\": 1783574040659,\n      \"kind\": \"event\",\n      \"method\": null,\n      \"event\": \"task\",\n      \"ok\": null,\n      \"data\": null\n    },\n    {\n      \"ts\": 1783574040660,\n      \"kind\": \"event\",\n      \"method\": null,\n      \"event\": \"task\",\n      \"ok\": null,\n      \"data\": null\n    },\n    {\n      \"ts\": 1783574040660,\n      \"kind\": \"event\",\n      \"method\": null,\n      \"event\": \"task\",\n      \"ok\": null,\n      \"data\": null\n    },\n    {\n      \"ts\": 1783574040661,\n      \"kind\": \"event\",\n      \"method\": null,\n      \"event\": \"task\",\n      \"ok\": null,\n      \"data\": null\n    },\n    {\n      \"ts\": 1783574040661,\n      \"kind\": \"event\",\n      \"method\": null,\n      \"event\": \"task\",\n      \"ok\": null,\n      \"data\": null\n    },\n    {\n      \"ts\": 1783574040665,\n      \"kind\": \"event\",\n      \"method\": null,\n      \"event\": \"task\",\n      \"ok\": null,\n      \"data\": null\n    },\n    {\n      \"ts\": 1783574040665,\n      \"kind\": \"event\",\n      \"method\": null,\n      \"event\": \"task\",\n      \"ok\": null,\n      \"data\": null\n    },\n    {\n      \"ts\": 1783574040674,\n      \"kind\": \"event\",\n      \"method\": null,\n      \"event\": \"task\",\n      \"ok\": null,\n      \"data\": null\n    },\n    {\n      \"ts\": 1783574040674,\n      \"kind\": \"event\",\n      \"method\": null,\n      \"event\": \"task\",\n      \"ok\": null,\n      \"data\": null\n    },\n    {\n      \"ts\": 1783574040674,\n      \"kind\": \"event\",\n      \"method\": null,\n      \"event\": \"agent\",\n      \"ok\": null,\n      \"data\": null\n    },\n    {\n      \"ts\": 1783574040675,\n      \"kind\": \"event\",\n      \"method\": null,\n      \"event\": \"agent\",\n      \"ok\": null,\n      \"data\": null\n    },\n    {\n      \"ts\": 1783574040845,\n      \"kind\": \"event\",\n      \"method\": null,\n      \"event\": \"task\",\n      \"ok\": null,\n      \"data\": null\n    },\n    {\n      \"ts\": 1783574040845,\n      \"kind\": \"event\",\n      \"method\": null,\n      \"event\": \"task\",\n      \"ok\": null,\n      \"data\": null\n    },\n    {\n      \"ts\": 1783574040881,\n      \"kind\": \"event\",\n      \"method\": null,\n      \"event\": \"agent\",\n      \"ok\": null,\n      \"data\": null\n    },\n    {\n      \"ts\": 1783574040881,\n      \"kind\": \"event\",\n      \"method\": null,\n      \"event\": \"chat\",\n      \"ok\": null,\n      \"data\": null\n    },\n    {\n      \"ts\": 1783574040881,\n      \"kind\": \"event\",\n      \"method\": null,\n      \"event\": \"chat\",\n      \"ok\": null,\n      \"data\": null\n    },\n    {\n      \"ts\": 1783574040886,\n      \"kind\": \"event\",\n      \"method\": null,\n      \"event\": \"task\",\n      \"ok\": null,\n      \"data\": null\n    },\n    {\n      \"ts\": 1783574040927,\n      \"kind\": \"event\",\n      \"method\": null,\n      \"event\": \"presence\",\n      \"ok\": null,\n      \"data\": null\n    },\n    {\n      \"ts\": 1783574041043,\n      \"kind\": \"event\",\n      \"method\": null,\n      \"event\": \"health\",\n      \"ok\": null,\n      \"data\": null\n    },\n    {\n      \"ts\": 1783574041070,\n      \"kind\": \"event\",\n      \"method\": null,\n      \"event\": \"presence\",\n      \"ok\": null,\n      \"data\": null\n    },\n    {\n      \"ts\": 1783574041099,\n      \"kind\": \"event\",\n      \"method\": null,\n      \"event\": \"task\",\n      \"ok\": null,\n      \"data\": null\n    },\n    {\n      \"ts\": 1783574041133,\n      \"kind\": \"event\",\n      \"method\": null,\n      \"event\": \"task\",\n      \"ok\": null,\n      \"data\": null\n    },\n    {\n      \"ts\": 1783574041476,\n      \"kind\": \"event\",\n      \"method\": null,\n      \"event\": \"task\",\n      \"ok\": null,\n      \"data\": null\n    },\n    {\n      \"ts\": 1783574042238,\n      \"kind\": \"event\",\n      \"method\": null,\n      \"event\": \"health\",\n      \"ok\": null,\n      \"data\": null\n    },\n    {\n      \"ts\": 1783574042247,\n      \"kind\": \"event\",\n      \"method\": null,\n      \"event\": \"presence\",\n      \"ok\": null,\n      \"data\": null\n    },\n    {\n      \"ts\": 1783574042282,\n      \"kind\": \"event\",\n      \"method\": null,\n      \"event\": \"agent\",\n      \"ok\": null,\n      \"data\": null\n    },\n    {\n      \"ts\": 1783574042820,\n      \"kind\": \"event\",\n      \"method\": null,\n      \"event\": \"agent\",\n      \"ok\": null,\n      \"data\": null\n    },\n    {\n      \"ts\": 1783574042820,\n      \"kind\": \"event\",\n      \"method\": null,\n      \"event\": \"chat\",\n      \"ok\": null,\n      \"data\": null\n    },\n    {\n      \"ts\": 1783574042999,\n      \"kind\": \"event\",\n      \"method\": null,\n      \"event\": \"agent\",\n      \"ok\": null,\n      \"data\": null\n    },\n    {\n      \"ts\": 1783574042999,\n      \"kind\": \"event\",\n      \"method\": null,\n      \"event\": \"agent\",\n      \"ok\": null,\n      \"data\": null\n    },\n    {\n      \"ts\": 1783574043108,\n      \"kind\": \"event\",\n      \"method\": null,\n      \"event\": \"agent\",\n      \"ok\": null,\n      \"data\": null\n    },\n    {\n      \"ts\": 1783574043108,\n      \"kind\": \"event\",\n      \"method\": null,\n      \"event\": \"chat\",\n      \"ok\": null,\n      \"data\": null\n    },\n    {\n      \"ts\": 1783574043108,\n      \"kind\": \"event\",\n      \"method\": null,\n      \"event\": \"chat\",\n      \"ok\": null,\n      \"data\": null\n    },\n    {\n      \"ts\": 1783574043932,\n      \"kind\": \"response\",\n      \"method\": \"tasks.list\",\n      \"event\": null,\n      \"ok\": true,\n      \"data\": {}\n    },\n    {\n      \"ts\": 1783574044493,\n      \"kind\": \"event\",\n      \"method\": null,\n      \"event\": \"agent\",\n      \"ok\": null,\n      \"data\": null\n    },\n    {\n      \"ts\": 1783574044493,\n      \"kind\": \"event\",\n      \"method\": null,\n      \"event\": \"chat\",\n      \"ok\": null,\n      \"data\": null\n    },\n    {\n      \"ts\": 1783574044637,\n      \"kind\": \"event\",\n      \"method\": null,\n      \"event\": \"agent\",\n      \"ok\": null,\n      \"data\": null\n    },\n    {\n      \"ts\": 1783574044677,\n      \"kind\": \"event\",\n      \"method\": null,\n      \"event\": \"session.message\",\n      \"ok\": null,\n      \"data\": null\n    }\n  ],\n  \"ended\": \"2026-07-09T05:14:06.678Z\",\n  \"duration_ms\": 11959\n}" source=console
project81 k6 proof on cael	Run Project 81 k6 proof wrapper	2026-07-09T05:14:06.6930493Z time="2026-07-08T22:14:06-07:00" level=info msg="--- END EVIDENCE ---" source=console
project81 k6 proof on cael	Run Project 81 k6 proof wrapper	2026-07-09T05:14:06.6931077Z time="2026-07-08T22:14:06-07:00" level=info msg="\n[R-CD-4] VERDICT: PASS-candidate" source=console
project81 k6 proof on cael	Run Project 81 k6 proof wrapper	2026-07-09T05:14:06.6931453Z 
project81 k6 proof on cael	Run Project 81 k6 proof wrapper	2026-07-09T05:14:06.6931715Z [R-CD-4] Summary: PASS-candidate | SHA: 5292af40d0ad5303b85a678f6e629503a8725848 | Seat: cael
project81 k6 proof on cael	Run Project 81 k6 proof wrapper	2026-07-09T05:14:06.6932080Z 
project81 k6 proof on cael	Run Project 81 k6 proof wrapper	2026-07-09T05:14:06.6932251Z running (0m12.0s), 0/1 VUs, 1 complete and 0 interrupted iterations
project81 k6 proof on cael	Run Project 81 k6 proof wrapper	2026-07-09T05:14:06.6932958Z r_cd_4_target_session ✓ [ 100% ] 1 VUs  0m12.0s/2m0s  1/1 shared iters
project81 k6 proof on cael	Run Project 81 k6 proof wrapper	2026-07-09T05:14:06.7717877Z ./r-cd-4-summary.json
project81 k6 proof on cael	Run Project 81 k6 proof wrapper	2026-07-09T05:14:06.8973014Z [R-CD-4] METRICS: /home/figs/actions-runner/_work/openclaw-bootstrap/openclaw-bootstrap/openclaw-bootstrap/PROOFS/f5ac94305a4f96703120b3d887808669c533e700/project81-k6/20260709T051305Z-cael-dgx-4071269/5292af40d0ad5303b85a678f6e629503a8725848/R-CD-4/cael/20260709T051354Z-r-cd-4/openclaw-proofs-k6.prom
project81 k6 proof on cael	Run Project 81 k6 proof wrapper	2026-07-09T05:14:06.8980797Z [R-CD-4] ARTIFACTS: /home/figs/actions-runner/_work/openclaw-bootstrap/openclaw-bootstrap/openclaw-bootstrap/PROOFS/f5ac94305a4f96703120b3d887808669c533e700/project81-k6/20260709T051305Z-cael-dgx-4071269/5292af40d0ad5303b85a678f6e629503a8725848/R-CD-4/cael/20260709T051354Z-r-cd-4
project81 k6 proof on cael	Run Project 81 k6 proof wrapper	2026-07-09T05:14:06.8982068Z [R-CD-4] COMPLETED.
project81 k6 proof on cael	Run Project 81 k6 proof wrapper	2026-07-09T05:14:06.8982478Z Observability check: query Grafana for run/nonce or review Tempo traces if trace ID was emitted.
project81 k6 proof on cael	Run Project 81 k6 proof wrapper	2026-07-09T05:14:06.9208441Z 
project81 k6 proof on cael	Run Project 81 k6 proof wrapper	2026-07-09T05:14:06.9208752Z ----------------------------------------
project81 k6 proof on cael	Run Project 81 k6 proof wrapper	2026-07-09T05:14:06.9209096Z Row: R-CD-CHAINED-DEPTH-2
project81 k6 proof on cael	Run Project 81 k6 proof wrapper	2026-07-09T05:14:06.9209855Z Manifest: /home/figs/actions-runner/_work/openclaw-bootstrap/openclaw-bootstrap/karmaterminal-openclaw-docs/tools/k6-proofs/manifests/r-cd-chained-depth-2.json
project81 k6 proof on cael	Run Project 81 k6 proof wrapper	2026-07-09T05:14:06.9210637Z Scenario: scenarios/r-cd-chained-depth-2.js
project81 k6 proof on cael	Run Project 81 k6 proof wrapper	2026-07-09T05:14:06.9210986Z Status: runnable
project81 k6 proof on cael	Run Project 81 k6 proof wrapper	2026-07-09T05:14:06.9211185Z Live Safety: k6-runnable
project81 k6 proof on cael	Run Project 81 k6 proof wrapper	2026-07-09T05:14:06.9211419Z [R-CD-CHAINED-DEPTH-2] RUNNING...
project81 k6 proof on cael	Run Project 81 k6 proof wrapper	2026-07-09T05:14:06.9407101Z 
project81 k6 proof on cael	Run Project 81 k6 proof wrapper	2026-07-09T05:14:06.9407738Z          /\      Grafana   /‾‾/  
project81 k6 proof on cael	Run Project 81 k6 proof wrapper	2026-07-09T05:14:06.9408065Z     /\  /  \     |\  __   /  /   
project81 k6 proof on cael	Run Project 81 k6 proof wrapper	2026-07-09T05:14:06.9408338Z    /  \/    \    | |/ /  /   ‾‾\ 
project81 k6 proof on cael	Run Project 81 k6 proof wrapper	2026-07-09T05:14:06.9408604Z   /          \   |   (  |  (‾)  |
project81 k6 proof on cael	Run Project 81 k6 proof wrapper	2026-07-09T05:14:06.9408826Z  / __________ \  |_|\_\  \_____/ 
project81 k6 proof on cael	Run Project 81 k6 proof wrapper	2026-07-09T05:14:06.9408976Z 
project81 k6 proof on cael	Run Project 81 k6 proof wrapper	2026-07-09T05:14:06.9408981Z 
project81 k6 proof on cael	Run Project 81 k6 proof wrapper	2026-07-09T05:14:06.9409062Z      execution: local
project81 k6 proof on cael	Run Project 81 k6 proof wrapper	2026-07-09T05:14:06.9409876Z         script: scenarios/r-cd-chained-depth-2.js
project81 k6 proof on cael	Run Project 81 k6 proof wrapper	2026-07-09T05:14:06.9410172Z         output: -
project81 k6 proof on cael	Run Project 81 k6 proof wrapper	2026-07-09T05:14:06.9410482Z 
project81 k6 proof on cael	Run Project 81 k6 proof wrapper	2026-07-09T05:14:06.9410719Z      scenarios: (100.00%) 1 scenario, 1 max VUs, 3m30s max duration (incl. graceful stop):
project81 k6 proof on cael	Run Project 81 k6 proof wrapper	2026-07-09T05:14:06.9411340Z               * r_cd_chained_depth_2: 1 iterations shared among 1 VUs (maxDuration: 3m0s, gracefulStop: 30s)
project81 k6 proof on cael	Run Project 81 k6 proof wrapper	2026-07-09T05:14:06.9411728Z 
project81 k6 proof on cael	Run Project 81 k6 proof wrapper	2026-07-09T05:14:07.2998291Z time="2026-07-08T22:14:07-07:00" level=info msg="✓ disposable session created: agent:main:r-cd-chain-r-cd-chain-1783574046942-lokmsfp4" source=console
project81 k6 proof on cael	Run Project 81 k6 proof wrapper	2026-07-09T05:14:07.8370959Z time="2026-07-08T22:14:07-07:00" level=info msg="✓ sessions.send accepted — agent turn triggered for depth-2 chain" source=console
project81 k6 proof on cael	Run Project 81 k6 proof wrapper	2026-07-09T05:14:07.9423661Z 
project81 k6 proof on cael	Run Project 81 k6 proof wrapper	2026-07-09T05:14:07.9425531Z running (0m01.0s), 1/1 VUs, 0 complete and 0 interrupted iterations
project81 k6 proof on cael	Run Project 81 k6 proof wrapper	2026-07-09T05:14:07.9426006Z r_cd_chained_depth_2   [   0% ] 1 VUs  0m01.0s/3m0s  0/1 shared iters
project81 k6 proof on cael	Run Project 81 k6 proof wrapper	2026-07-09T05:14:08.9418674Z 
project81 k6 proof on cael	Run Project 81 k6 proof wrapper	2026-07-09T05:14:08.9420507Z running (0m02.0s), 1/1 VUs, 0 complete and 0 interrupted iterations
project81 k6 proof on cael	Run Project 81 k6 proof wrapper	2026-07-09T05:14:08.9421016Z r_cd_chained_depth_2   [   0% ] 1 VUs  0m02.0s/3m0s  0/1 shared iters
project81 k6 proof on cael	Run Project 81 k6 proof wrapper	2026-07-09T05:14:09.9419449Z 
project81 k6 proof on cael	Run Project 81 k6 proof wrapper	2026-07-09T05:14:09.9421125Z running (0m03.0s), 1/1 VUs, 0 complete and 0 interrupted iterations
project81 k6 proof on cael	Run Project 81 k6 proof wrapper	2026-07-09T05:14:09.9421603Z r_cd_chained_depth_2   [   0% ] 1 VUs  0m03.0s/3m0s  0/1 shared iters
project81 k6 proof on cael	Run Project 81 k6 proof wrapper	2026-07-09T05:14:10.9420338Z 
project81 k6 proof on cael	Run Project 81 k6 proof wrapper	2026-07-09T05:14:10.9421817Z running (0m04.0s), 1/1 VUs, 0 complete and 0 interrupted iterations
project81 k6 proof on cael	Run Project 81 k6 proof wrapper	2026-07-09T05:14:10.9422290Z r_cd_chained_depth_2   [   0% ] 1 VUs  0m04.0s/3m0s  0/1 shared iters
project81 k6 proof on cael	Run Project 81 k6 proof wrapper	2026-07-09T05:14:11.6745795Z time="2026-07-08T22:14:11-07:00" level=info msg="ℹ Ignoring harness prompt echo event" source=console
project81 k6 proof on cael	Run Project 81 k6 proof wrapper	2026-07-09T05:14:11.9413950Z 
project81 k6 proof on cael	Run Project 81 k6 proof wrapper	2026-07-09T05:14:11.9415444Z running (0m05.0s), 1/1 VUs, 0 complete and 0 interrupted iterations
project81 k6 proof on cael	Run Project 81 k6 proof wrapper	2026-07-09T05:14:11.9415977Z r_cd_chained_depth_2   [   0% ] 1 VUs  0m05.0s/3m0s  0/1 shared iters
project81 k6 proof on cael	Run Project 81 k6 proof wrapper	2026-07-09T05:14:12.9417550Z 
project81 k6 proof on cael	Run Project 81 k6 proof wrapper	2026-07-09T05:14:12.9419125Z running (0m06.0s), 1/1 VUs, 0 complete and 0 interrupted iterations
project81 k6 proof on cael	Run Project 81 k6 proof wrapper	2026-07-09T05:14:12.9419644Z r_cd_chained_depth_2   [   0% ] 1 VUs  0m06.0s/3m0s  0/1 shared iters
project81 k6 proof on cael	Run Project 81 k6 proof wrapper	2026-07-09T05:14:13.1729983Z time="2026-07-08T22:14:13-07:00" level=info msg="ℹ Ignoring harness prompt echo event" source=console
project81 k6 proof on cael	Run Project 81 k6 proof wrapper	2026-07-09T05:14:13.9418778Z 
project81 k6 proof on cael	Run Project 81 k6 proof wrapper	2026-07-09T05:14:13.9420309Z running (0m07.0s), 1/1 VUs, 0 complete and 0 interrupted iterations
project81 k6 proof on cael	Run Project 81 k6 proof wrapper	2026-07-09T05:14:13.9420781Z r_cd_chained_depth_2   [   0% ] 1 VUs  0m07.0s/3m0s  0/1 shared iters
project81 k6 proof on cael	Run Project 81 k6 proof wrapper	2026-07-09T05:14:14.9429123Z 
project81 k6 proof on cael	Run Project 81 k6 proof wrapper	2026-07-09T05:14:14.9440779Z running (0m08.0s), 1/1 VUs, 0 complete and 0 interrupted iterations
project81 k6 proof on cael	Run Project 81 k6 proof wrapper	2026-07-09T05:14:14.9453196Z r_cd_chained_depth_2   [   0% ] 1 VUs  0m08.0s/3m0s  0/1 shared iters
project81 k6 proof on cael	Run Project 81 k6 proof wrapper	2026-07-09T05:14:15.9414414Z 
project81 k6 proof on cael	Run Project 81 k6 proof wrapper	2026-07-09T05:14:15.9414891Z running (0m09.0s), 1/1 VUs, 0 complete and 0 interrupted iterations
project81 k6 proof on cael	Run Project 81 k6 proof wrapper	2026-07-09T05:14:15.9415365Z r_cd_chained_depth_2   [   0% ] 1 VUs  0m09.0s/3m0s  0/1 shared iters
project81 k6 proof on cael	Run Project 81 k6 proof wrapper	2026-07-09T05:14:16.4323258Z time="2026-07-08T22:14:16-07:00" level=info msg="ℹ Ignoring harness prompt echo event" source=console
project81 k6 proof on cael	Run Project 81 k6 proof wrapper	2026-07-09T05:14:16.9424805Z 
project81 k6 proof on cael	Run Project 81 k6 proof wrapper	2026-07-09T05:14:16.9430165Z running (0m10.0s), 1/1 VUs, 0 complete and 0 interrupted iterations
project81 k6 proof on cael	Run Project 81 k6 proof wrapper	2026-07-09T05:14:16.9434920Z r_cd_chained_depth_2   [   0% ] 1 VUs  0m10.0s/3m0s  0/1 shared iters
project81 k6 proof on cael	Run Project 81 k6 proof wrapper	2026-07-09T05:14:17.9434929Z 
project81 k6 proof on cael	Run Project 81 k6 proof wrapper	2026-07-09T05:14:17.9447560Z running (0m11.0s), 1/1 VUs, 0 complete and 0 interrupted iterations
project81 k6 proof on cael	Run Project 81 k6 proof wrapper	2026-07-09T05:14:17.9457609Z r_cd_chained_depth_2   [   0% ] 1 VUs  0m11.0s/3m0s  0/1 shared iters
project81 k6 proof on cael	Run Project 81 k6 proof wrapper	2026-07-09T05:14:18.9431277Z 
project81 k6 proof on cael	Run Project 81 k6 proof wrapper	2026-07-09T05:14:18.9440527Z running (0m12.0s), 1/1 VUs, 0 complete and 0 interrupted iterations
project81 k6 proof on cael	Run Project 81 k6 proof wrapper	2026-07-09T05:14:18.9450715Z r_cd_chained_depth_2   [   0% ] 1 VUs  0m12.0s/3m0s  0/1 shared iters
project81 k6 proof on cael	Run Project 81 k6 proof wrapper	2026-07-09T05:14:19.9429744Z 
project81 k6 proof on cael	Run Project 81 k6 proof wrapper	2026-07-09T05:14:19.9436822Z running (0m13.0s), 1/1 VUs, 0 complete and 0 interrupted iterations
project81 k6 proof on cael	Run Project 81 k6 proof wrapper	2026-07-09T05:14:19.9437527Z r_cd_chained_depth_2   [   0% ] 1 VUs  0m13.0s/3m0s  0/1 shared iters
project81 k6 proof on cael	Run Project 81 k6 proof wrapper	2026-07-09T05:14:20.9437968Z 
project81 k6 proof on cael	Run Project 81 k6 proof wrapper	2026-07-09T05:14:20.9439631Z running (0m14.0s), 1/1 VUs, 0 complete and 0 interrupted iterations
project81 k6 proof on cael	Run Project 81 k6 proof wrapper	2026-07-09T05:14:20.9440858Z r_cd_chained_depth_2   [   0% ] 1 VUs  0m14.0s/3m0s  0/1 shared iters
project81 k6 proof on cael	Run Project 81 k6 proof wrapper	2026-07-09T05:14:21.4408561Z time="2026-07-08T22:14:21-07:00" level=info msg="✓ CHILD-DONE/CHILD-DELEGATE-SCHEDULED sentinel observed post-dispatch" source=console
project81 k6 proof on cael	Run Project 81 k6 proof wrapper	2026-07-09T05:14:21.4409784Z time="2026-07-08T22:14:21-07:00" level=info msg="✓ GRANDCHILD-DONE sentinel observed post-dispatch" source=console
project81 k6 proof on cael	Run Project 81 k6 proof wrapper	2026-07-09T05:14:21.4410201Z time="2026-07-08T22:14:21-07:00" level=info msg="Full chain evidence gathered, closing early" source=console
project81 k6 proof on cael	Run Project 81 k6 proof wrapper	2026-07-09T05:14:21.4410579Z time="2026-07-08T22:14:21-07:00" level=info msg="\n--- R-CD-CHAINED-DEPTH-2 EVIDENCE SUMMARY ---" source=console
project81 k6 proof on cael	Run Project 81 k6 proof wrapper	2026-07-09T05:14:21.4421335Z time="2026-07-08T22:14:21-07:00" level=info msg="{\n  \"row\": \"R-CD-CHAINED-DEPTH-2\",\n  \"manifest_loaded\": true,\n  \"nonce\": \"R-CD-CHAIN-1783574046942-lokmsfp4\",\n  \"seat\": \"cael\",\n  \"requestedSessionKey\": \"p81-5292-cael-live\",\n  \"sessionKey\": \"agent:main:r-cd-chain-r-cd-chain-1783574046942-lokmsfp4\",\n  \"session_created\": true,\n  \"created_session_key\": \"agent:main:r-cd-chain-r-cd-chain-1783574046942-lokmsfp4\",\n  \"candidateSha\": \"5292af40d0ad5303b85a678f6e629503a8725848\",\n  \"started\": \"2026-07-09T05:14:06.942Z\",\n  \"parent_dispatch_accepted\": true,\n  \"child_spawned\": true,\n  \"grandchild_spawned\": true,\n  \"child_done_sentinel\": true,\n  \"grandchild_done_sentinel\": true,\n  \"chain_return_received\": true,\n  \"dispatch_accepted_at_ms\": 1783574047836,\n  \"max_depth_observed\": 2,\n  \"child_session\": null,\n  \"grandchild_session\": null,\n  \"trace_id\": null,\n  \"redacted_events\": [\n    {\n      \"ts\": 1783574046944,\n      \"kind\": \"event\",\n      \"method\": null,\n      \"event\": \"connect.challenge\",\n      \"ok\": null,\n      \"data\": null\n    },\n    {\n      \"ts\": 1783574046945,\n      \"kind\": \"other\",\n      \"method\": null,\n      \"event\": null,\n      \"ok\": null,\n      \"data\": null\n    },\n    {\n      \"ts\": 1783574047018,\n      \"kind\": \"event\",\n      \"method\": null,\n      \"event\": \"health\",\n      \"ok\": null,\n      \"data\": null\n    },\n    {\n      \"ts\": 1783574047298,\n      \"kind\": \"response\",\n      \"method\": \"sessions.create\",\n      \"event\": null,\n      \"ok\": true,\n      \"data\": {\n        \"ok\": true\n      }\n    },\n    {\n      \"ts\": 1783574047341,\n      \"kind\": \"response\",\n      \"method\": \"sessions.messages.subscribe\",\n      \"event\": null,\n      \"ok\": true,\n      \"data\": {}\n    },\n    {\n      \"ts\": 1783574047836,\n      \"kind\": \"response\",\n      \"method\": \"sessions.send\",\n      \"event\": null,\n      \"ok\": true,\n      \"data\": {\n        \"runId\": \"R-CD-CHAIN-R-CD-CHAIN-1783574046942-lokmsfp4\",\n        \"status\": \"started\"\n      }\n    },\n    {\n      \"ts\": 1783574048557,\n      \"kind\": \"event\",\n      \"method\": null,\n      \"event\": \"agent\",\n      \"ok\": null,\n      \"data\": null\n    },\n    {\n      \"ts\": 1783574049433,\n      \"kind\": \"event\",\n      \"method\": null,\n      \"event\": \"agent\",\n      \"ok\": null,\n      \"data\": null\n    },\n    {\n      \"ts\": 1783574049469,\n      \"kind\": \"event\",\n      \"method\": null,\n      \"event\": \"agent\",\n      \"ok\": null,\n      \"data\": null\n    },\n    {\n      \"ts\": 1783574051673,\n      \"kind\": \"event\",\n      \"method\": null,\n      \"event\": \"agent\",\n      \"ok\": null,\n      \"data\": null\n    },\n    {\n      \"ts\": 1783574053120,\n      \"kind\": \"event\",\n      \"method\": null,\n      \"event\": \"health\",\n      \"ok\": null,\n      \"data\": null\n    },\n    {\n      \"ts\": 1783574053137,\n      \"kind\": \"event\",\n      \"method\": null,\n      \"event\": \"presence\",\n      \"ok\": null,\n      \"data\": null\n    },\n    {\n      \"ts\": 1783574053171,\n      \"kind\": \"event\",\n      \"method\": null,\n      \"event\": \"agent\",\n      \"ok\": null,\n      \"data\": null\n    },\n    {\n      \"ts\": 1783574055192,\n      \"kind\": \"event\",\n      \"method\": null,\n      \"event\": \"agent\",\n      \"ok\": null,\n      \"data\": null\n    },\n    {\n      \"ts\": 1783574055209,\n      \"kind\": \"event\",\n      \"method\": null,\n      \"event\": \"agent\",\n      \"ok\": null,\n      \"data\": null\n    },\n    {\n      \"ts\": 1783574055308,\n      \"kind\": \"response\",\n      \"method\": \"tasks.list\",\n      \"event\": null,\n      \"ok\": true,\n      \"data\": {}\n    },\n    {\n      \"ts\": 1783574056242,\n      \"kind\": \"event\",\n      \"method\": null,\n      \"event\": \"agent\",\n      \"ok\": null,\n      \"data\": null\n    },\n    {\n      \"ts\": 1783574056242,\n      \"kind\": \"event\",\n      \"method\": null,\n      \"event\": \"chat\",\n      \"ok\": null,\n      \"data\": null\n    },\n    {\n      \"ts\": 1783574056387,\n      \"kind\": \"event\",\n      \"method\": null,\n      \"event\": \"agent\",\n      \"ok\": null,\n      \"data\": null\n    },\n    {\n      \"ts\": 1783574056431,\n      \"kind\": \"event\",\n      \"method\": null,\n      \"event\": \"session.message\",\n      \"ok\": null,\n      \"data\": null\n    },\n    {\n      \"ts\": 1783574059328,\n      \"kind\": \"event\",\n      \"method\": null,\n      \"event\": \"health\",\n      \"ok\": null,\n      \"data\": null\n    },\n    {\n      \"ts\": 1783574059656,\n      \"kind\": \"event\",\n      \"method\": null,\n      \"event\": \"tick\",\n      \"ok\": null,\n      \"data\": null\n    },\n    {\n      \"ts\": 1783574059849,\n      \"kind\": \"event\",\n      \"method\": null,\n      \"event\": \"agent\",\n      \"ok\": null,\n      \"data\": null\n    },\n    {\n      \"ts\": 1783574059871,\n      \"kind\": \"event\",\n      \"method\": null,\n      \"event\": \"agent\",\n      \"ok\": null,\n      \"data\": null\n    },\n    {\n      \"ts\": 1783574061440,\n      \"kind\": \"event\",\n      \"method\": null,\n      \"event\": \"session.message\",\n      \"ok\": null,\n      \"data\": null\n    }\n  ],\n  \"ended\": \"2026-07-09T05:14:21.440Z\",\n  \"duration_ms\": 14498\n}" source=console
project81 k6 proof on cael	Run Project 81 k6 proof wrapper	2026-07-09T05:14:21.4429447Z time="2026-07-08T22:14:21-07:00" level=info msg="--- END EVIDENCE ---" source=console
project81 k6 proof on cael	Run Project 81 k6 proof wrapper	2026-07-09T05:14:21.4429775Z time="2026-07-08T22:14:21-07:00" level=info msg="\n[R-CD-CHAINED-DEPTH-2] VERDICT: PASS-candidate" source=console
project81 k6 proof on cael	Run Project 81 k6 proof wrapper	2026-07-09T05:14:21.4430098Z time="2026-07-08T22:14:21-07:00" level=info msg="  Max depth observed: 2" source=console
project81 k6 proof on cael	Run Project 81 k6 proof wrapper	2026-07-09T05:14:21.4443388Z 
project81 k6 proof on cael	Run Project 81 k6 proof wrapper	2026-07-09T05:14:21.4445032Z [R-CD-CHAINED-DEPTH-2] Summary: PASS-candidate | SHA: 5292af40d0ad5303b85a678f6e629503a8725848 | Seat: cael
project81 k6 proof on cael	Run Project 81 k6 proof wrapper	2026-07-09T05:14:21.4445296Z 
project81 k6 proof on cael	Run Project 81 k6 proof wrapper	2026-07-09T05:14:21.4445390Z running (0m14.5s), 0/1 VUs, 1 complete and 0 interrupted iterations
project81 k6 proof on cael	Run Project 81 k6 proof wrapper	2026-07-09T05:14:21.4445807Z r_cd_chained_depth_2 ✓ [ 100% ] 1 VUs  0m14.5s/3m0s  1/1 shared iters
project81 k6 proof on cael	Run Project 81 k6 proof wrapper	2026-07-09T05:14:21.5343456Z ./r-cd-chained-depth-2-summary.json
project81 k6 proof on cael	Run Project 81 k6 proof wrapper	2026-07-09T05:14:21.6535367Z [R-CD-CHAINED-DEPTH-2] METRICS: /home/figs/actions-runner/_work/openclaw-bootstrap/openclaw-bootstrap/openclaw-bootstrap/PROOFS/f5ac94305a4f96703120b3d887808669c533e700/project81-k6/20260709T051305Z-cael-dgx-4071269/5292af40d0ad5303b85a678f6e629503a8725848/R-CD-CHAINED-DEPTH-2/cael/20260709T051406Z-r-cd-chained-depth-2/openclaw-proofs-k6.prom
project81 k6 proof on cael	Run Project 81 k6 proof wrapper	2026-07-09T05:14:21.6545389Z [R-CD-CHAINED-DEPTH-2] ARTIFACTS: /home/figs/actions-runner/_work/openclaw-bootstrap/openclaw-bootstrap/openclaw-bootstrap/PROOFS/f5ac94305a4f96703120b3d887808669c533e700/project81-k6/20260709T051305Z-cael-dgx-4071269/5292af40d0ad5303b85a678f6e629503a8725848/R-CD-CHAINED-DEPTH-2/cael/20260709T051406Z-r-cd-chained-depth-2
project81 k6 proof on cael	Run Project 81 k6 proof wrapper	2026-07-09T05:14:21.6547002Z [R-CD-CHAINED-DEPTH-2] COMPLETED.
project81 k6 proof on cael	Run Project 81 k6 proof wrapper	2026-07-09T05:14:21.6547459Z Observability check: query Grafana for run/nonce or review Tempo traces if trace ID was emitted.
project81 k6 proof on cael	Run Project 81 k6 proof wrapper	2026-07-09T05:14:21.6818403Z 
project81 k6 proof on cael	Run Project 81 k6 proof wrapper	2026-07-09T05:14:21.6819192Z ----------------------------------------
project81 k6 proof on cael	Run Project 81 k6 proof wrapper	2026-07-09T05:14:21.6819527Z Row: R-CD-MODEL-CHAINED-ALT
project81 k6 proof on cael	Run Project 81 k6 proof wrapper	2026-07-09T05:14:21.6820272Z Manifest: /home/figs/actions-runner/_work/openclaw-bootstrap/openclaw-bootstrap/karmaterminal-openclaw-docs/tools/k6-proofs/manifests/r-cd-model-chained-alt.json
project81 k6 proof on cael	Run Project 81 k6 proof wrapper	2026-07-09T05:14:21.6821284Z Scenario: scenarios/r-cd-model-chained-alt.js
project81 k6 proof on cael	Run Project 81 k6 proof wrapper	2026-07-09T05:14:21.6821581Z Status: runnable
project81 k6 proof on cael	Run Project 81 k6 proof wrapper	2026-07-09T05:14:21.6821774Z Live Safety: k6-runnable
project81 k6 proof on cael	Run Project 81 k6 proof wrapper	2026-07-09T05:14:21.6822005Z [R-CD-MODEL-CHAINED-ALT] RUNNING...
project81 k6 proof on cael	Run Project 81 k6 proof wrapper	2026-07-09T05:14:21.7086625Z 
project81 k6 proof on cael	Run Project 81 k6 proof wrapper	2026-07-09T05:14:21.7088195Z          /\      Grafana   /‾‾/  
project81 k6 proof on cael	Run Project 81 k6 proof wrapper	2026-07-09T05:14:21.7088614Z     /\  /  \     |\  __   /  /   
project81 k6 proof on cael	Run Project 81 k6 proof wrapper	2026-07-09T05:14:21.7090104Z    /  \/    \    | |/ /  /   ‾‾\ 
project81 k6 proof on cael	Run Project 81 k6 proof wrapper	2026-07-09T05:14:21.7090459Z   /          \   |   (  |  (‾)  |
project81 k6 proof on cael	Run Project 81 k6 proof wrapper	2026-07-09T05:14:21.7090689Z  / __________ \  |_|\_\  \_____/ 
project81 k6 proof on cael	Run Project 81 k6 proof wrapper	2026-07-09T05:14:21.7090844Z 
project81 k6 proof on cael	Run Project 81 k6 proof wrapper	2026-07-09T05:14:21.7090849Z 
project81 k6 proof on cael	Run Project 81 k6 proof wrapper	2026-07-09T05:14:21.7090926Z      execution: local
project81 k6 proof on cael	Run Project 81 k6 proof wrapper	2026-07-09T05:14:21.7091179Z         script: scenarios/r-cd-model-chained-alt.js
project81 k6 proof on cael	Run Project 81 k6 proof wrapper	2026-07-09T05:14:21.7091522Z         output: -
project81 k6 proof on cael	Run Project 81 k6 proof wrapper	2026-07-09T05:14:21.7091644Z 
project81 k6 proof on cael	Run Project 81 k6 proof wrapper	2026-07-09T05:14:21.7091885Z      scenarios: (100.00%) 1 scenario, 1 max VUs, 4m30s max duration (incl. graceful stop):
project81 k6 proof on cael	Run Project 81 k6 proof wrapper	2026-07-09T05:14:21.7092515Z               * r_cd_model_chained_alt: 1 iterations shared among 1 VUs (maxDuration: 4m0s, gracefulStop: 30s)
project81 k6 proof on cael	Run Project 81 k6 proof wrapper	2026-07-09T05:14:21.7092913Z 
project81 k6 proof on cael	Run Project 81 k6 proof wrapper	2026-07-09T05:14:22.0811643Z time="2026-07-08T22:14:22-07:00" level=info msg="✓ disposable session created: agent:main:r-cd-model-chain-r-cd-model-chained-alt-1783574061709-19t5gu5a" source=console
project81 k6 proof on cael	Run Project 81 k6 proof wrapper	2026-07-09T05:14:22.6123346Z time="2026-07-08T22:14:22-07:00" level=info msg="✓ sessions.send accepted — chained model parent turn triggered" source=console
project81 k6 proof on cael	Run Project 81 k6 proof wrapper	2026-07-09T05:14:22.7099762Z 
project81 k6 proof on cael	Run Project 81 k6 proof wrapper	2026-07-09T05:14:22.7101370Z running (0m01.0s), 1/1 VUs, 0 complete and 0 interrupted iterations
project81 k6 proof on cael	Run Project 81 k6 proof wrapper	2026-07-09T05:14:22.7101854Z r_cd_model_chained_alt   [   0% ] 1 VUs  0m01.0s/4m0s  0/1 shared iters
project81 k6 proof on cael	Run Project 81 k6 proof wrapper	2026-07-09T05:14:23.7097108Z 
project81 k6 proof on cael	Run Project 81 k6 proof wrapper	2026-07-09T05:14:23.7102350Z running (0m02.0s), 1/1 VUs, 0 complete and 0 interrupted iterations
project81 k6 proof on cael	Run Project 81 k6 proof wrapper	2026-07-09T05:14:23.7107447Z r_cd_model_chained_alt   [   0% ] 1 VUs  0m02.0s/4m0s  0/1 shared iters
project81 k6 proof on cael	Run Project 81 k6 proof wrapper	2026-07-09T05:14:24.7099894Z 
project81 k6 proof on cael	Run Project 81 k6 proof wrapper	2026-07-09T05:14:24.7101673Z running (0m03.0s), 1/1 VUs, 0 complete and 0 interrupted iterations
project81 k6 proof on cael	Run Project 81 k6 proof wrapper	2026-07-09T05:14:24.7102155Z r_cd_model_chained_alt   [   0% ] 1 VUs  0m03.0s/4m0s  0/1 shared iters
project81 k6 proof on cael	Run Project 81 k6 proof wrapper	2026-07-09T05:14:25.7099701Z 
project81 k6 proof on cael	Run Project 81 k6 proof wrapper	2026-07-09T05:14:25.7101365Z running (0m04.0s), 1/1 VUs, 0 complete and 0 interrupted iterations
project81 k6 proof on cael	Run Project 81 k6 proof wrapper	2026-07-09T05:14:25.7101847Z r_cd_model_chained_alt   [   0% ] 1 VUs  0m04.0s/4m0s  0/1 shared iters
project81 k6 proof on cael	Run Project 81 k6 proof wrapper	2026-07-09T05:14:26.7102433Z 
project81 k6 proof on cael	Run Project 81 k6 proof wrapper	2026-07-09T05:14:26.7108037Z running (0m05.0s), 1/1 VUs, 0 complete and 0 interrupted iterations
project81 k6 proof on cael	Run Project 81 k6 proof wrapper	2026-07-09T05:14:26.7109343Z r_cd_model_chained_alt   [   0% ] 1 VUs  0m05.0s/4m0s  0/1 shared iters
project81 k6 proof on cael	Run Project 81 k6 proof wrapper	2026-07-09T05:14:27.7106639Z 
project81 k6 proof on cael	Run Project 81 k6 proof wrapper	2026-07-09T05:14:27.7108158Z running (0m06.0s), 1/1 VUs, 0 complete and 0 interrupted iterations
project81 k6 proof on cael	Run Project 81 k6 proof wrapper	2026-07-09T05:14:27.7108817Z r_cd_model_chained_alt   [   0% ] 1 VUs  0m06.0s/4m0s  0/1 shared iters
project81 k6 proof on cael	Run Project 81 k6 proof wrapper	2026-07-09T05:14:28.7105509Z 
project81 k6 proof on cael	Run Project 81 k6 proof wrapper	2026-07-09T05:14:28.7110110Z running (0m07.0s), 1/1 VUs, 0 complete and 0 interrupted iterations
project81 k6 proof on cael	Run Project 81 k6 proof wrapper	2026-07-09T05:14:28.7111036Z r_cd_model_chained_alt   [   0% ] 1 VUs  0m07.0s/4m0s  0/1 shared iters
project81 k6 proof on cael	Run Project 81 k6 proof wrapper	2026-07-09T05:14:29.7105500Z 
project81 k6 proof on cael	Run Project 81 k6 proof wrapper	2026-07-09T05:14:29.7113213Z running (0m08.0s), 1/1 VUs, 0 complete and 0 interrupted iterations
project81 k6 proof on cael	Run Project 81 k6 proof wrapper	2026-07-09T05:14:29.7114577Z r_cd_model_chained_alt   [   0% ] 1 VUs  0m08.0s/4m0s  0/1 shared iters
project81 k6 proof on cael	Run Project 81 k6 proof wrapper	2026-07-09T05:14:30.7097374Z 
project81 k6 proof on cael	Run Project 81 k6 proof wrapper	2026-07-09T05:14:30.7097829Z running (0m09.0s), 1/1 VUs, 0 complete and 0 interrupted iterations
project81 k6 proof on cael	Run Project 81 k6 proof wrapper	2026-07-09T05:14:30.7098308Z r_cd_model_chained_alt   [   0% ] 1 VUs  0m09.0s/4m0s  0/1 shared iters
project81 k6 proof on cael	Run Project 81 k6 proof wrapper	2026-07-09T05:14:31.7098588Z 
project81 k6 proof on cael	Run Project 81 k6 proof wrapper	2026-07-09T05:14:31.7100359Z running (0m10.0s), 1/1 VUs, 0 complete and 0 interrupted iterations
project81 k6 proof on cael	Run Project 81 k6 proof wrapper	2026-07-09T05:14:31.7100837Z r_cd_model_chained_alt   [   0% ] 1 VUs  0m10.0s/4m0s  0/1 shared iters
project81 k6 proof on cael	Run Project 81 k6 proof wrapper	2026-07-09T05:14:32.7105459Z 
project81 k6 proof on cael	Run Project 81 k6 proof wrapper	2026-07-09T05:14:32.7107905Z running (0m11.0s), 1/1 VUs, 0 complete and 0 interrupted iterations
project81 k6 proof on cael	Run Project 81 k6 proof wrapper	2026-07-09T05:14:32.7108437Z r_cd_model_chained_alt   [   0% ] 1 VUs  0m11.0s/4m0s  0/1 shared iters
project81 k6 proof on cael	Run Project 81 k6 proof wrapper	2026-07-09T05:14:33.7092996Z 
project81 k6 proof on cael	Run Project 81 k6 proof wrapper	2026-07-09T05:14:33.7094525Z running (0m12.0s), 1/1 VUs, 0 complete and 0 interrupted iterations
project81 k6 proof on cael	Run Project 81 k6 proof wrapper	2026-07-09T05:14:33.7095011Z r_cd_model_chained_alt   [   0% ] 1 VUs  0m12.0s/4m0s  0/1 shared iters
project81 k6 proof on cael	Run Project 81 k6 proof wrapper	2026-07-09T05:14:34.7101035Z 
project81 k6 proof on cael	Run Project 81 k6 proof wrapper	2026-07-09T05:14:34.7102543Z running (0m13.0s), 1/1 VUs, 0 complete and 0 interrupted iterations
project81 k6 proof on cael	Run Project 81 k6 proof wrapper	2026-07-09T05:14:34.7103024Z r_cd_model_chained_alt   [   0% ] 1 VUs  0m13.0s/4m0s  0/1 shared iters
project81 k6 proof on cael	Run Project 81 k6 proof wrapper	2026-07-09T05:14:35.7106204Z 
project81 k6 proof on cael	Run Project 81 k6 proof wrapper	2026-07-09T05:14:35.7107701Z running (0m14.0s), 1/1 VUs, 0 complete and 0 interrupted iterations
project81 k6 proof on cael	Run Project 81 k6 proof wrapper	2026-07-09T05:14:35.7108238Z r_cd_model_chained_alt   [   0% ] 1 VUs  0m14.0s/4m0s  0/1 shared iters
project81 k6 proof on cael	Run Project 81 k6 proof wrapper	2026-07-09T05:14:35.8602786Z time="2026-07-08T22:14:35-07:00" level=info msg="✓ depth-1 scheduled depth-2 sentinel observed" source=console
project81 k6 proof on cael	Run Project 81 k6 proof wrapper	2026-07-09T05:14:35.8603986Z time="2026-07-08T22:14:35-07:00" level=info msg="✓ depth-2 model return observed" source=console
project81 k6 proof on cael	Run Project 81 k6 proof wrapper	2026-07-09T05:14:35.8604804Z time="2026-07-08T22:14:35-07:00" level=info msg="All required R-CD-MODEL-CHAINED-ALT evidence gathered, closing early" source=console
project81 k6 proof on cael	Run Project 81 k6 proof wrapper	2026-07-09T05:14:35.8605638Z time="2026-07-08T22:14:35-07:00" level=info msg="\n--- R-CD-MODEL-CHAINED-ALT EVIDENCE SUMMARY ---" source=console
project81 k6 proof on cael	Run Project 81 k6 proof wrapper	2026-07-09T05:14:35.8625685Z time="2026-07-08T22:14:35-07:00" level=info msg="{\n  \"row\": \"R-CD-MODEL-CHAINED-ALT\",\n  \"manifest_loaded\": true,\n  \"nonce\": \"R-CD-MODEL-CHAINED-ALT-1783574061709-19t5gu5a\",\n  \"seat\": \"cael\",\n  \"requestedSessionKey\": \"p81-5292-cael-live\",\n  \"sessionKey\": \"agent:main:r-cd-model-chain-r-cd-model-chained-alt-1783574061709-19t5gu5a\",\n  \"session_created\": true,\n  \"created_session_key\": \"agent:main:r-cd-model-chain-r-cd-model-chained-alt-1783574061709-19t5gu5a\",\n  \"candidateSha\": \"5292af40d0ad5303b85a678f6e629503a8725848\",\n  \"started\": \"2026-07-09T05:14:21.709Z\",\n  \"requested_model_byte\": \"gpt\",\n  \"dispatch_accepted\": true,\n  \"dispatch_accepted_at_ms\": 1783574062611,\n  \"depth_1_child_observed\": true,\n  \"depth_2_child_observed\": true,\n  \"depth_1_scheduled_inner\": true,\n  \"depth_2_model_byte\": \"gpt.\",\n  \"model_matches\": true,\n  \"return_payload\": true,\n  \"trace_id\": null,\n  \"redacted_events\": [\n    {\n      \"ts\": 1783574061710,\n      \"kind\": \"event\",\n      \"method\": null,\n      \"event\": \"connect.challenge\",\n      \"ok\": null,\n      \"data\": null\n    },\n    {\n      \"ts\": 1783574061712,\n      \"kind\": \"other\",\n      \"method\": null,\n      \"event\": null,\n      \"ok\": null,\n      \"data\": null\n    },\n    {\n      \"ts\": 1783574061759,\n      \"kind\": \"event\",\n      \"method\": null,\n      \"event\": \"health\",\n      \"ok\": null,\n      \"data\": null\n    },\n    {\n      \"ts\": 1783574062080,\n      \"kind\": \"response\",\n      \"method\": \"sessions.create\",\n      \"event\": null,\n      \"ok\": true,\n      \"data\": {\n        \"ok\": true\n      }\n    },\n    {\n      \"ts\": 1783574062107,\n      \"kind\": \"response\",\n      \"method\": \"sessions.messages.subscribe\",\n      \"event\": null,\n      \"ok\": true,\n      \"data\": {}\n    },\n    {\n      \"ts\": 1783574062610,\n      \"kind\": \"response\",\n      \"method\": \"sessions.send\",\n      \"event\": null,\n      \"ok\": true,\n      \"data\": {\n        \"runId\": \"R-CD-MODEL-CHAINED-ALT-DISPATCH-R-CD-MODEL-CHAINED-ALT-1783574061709-19t5gu5a\",\n        \"status\": \"started\"\n      }\n    },\n    {\n      \"ts\": 1783574063283,\n      \"kind\": \"event\",\n      \"method\": null,\n      \"event\": \"agent\",\n      \"ok\": null,\n      \"data\": null\n    },\n    {\n      \"ts\": 1783574064848,\n      \"kind\": \"event\",\n      \"method\": null,\n      \"event\": \"agent\",\n      \"ok\": null,\n      \"data\": null\n    },\n    {\n      \"ts\": 1783574064869,\n      \"kind\": \"event\",\n      \"method\": null,\n      \"event\": \"agent\",\n      \"ok\": null,\n      \"data\": null\n    },\n    {\n      \"ts\": 1783574064879,\n      \"kind\": \"event\",\n      \"method\": null,\n      \"event\": \"agent\",\n      \"ok\": null,\n      \"data\": null\n    },\n    {\n      \"ts\": 1783574064879,\n      \"kind\": \"event\",\n      \"method\": null,\n      \"event\": \"chat\",\n      \"ok\": null,\n      \"data\": null\n    },\n    {\n      \"ts\": 1783574064885,\n      \"kind\": \"event\",\n      \"method\": null,\n      \"event\": \"agent\",\n      \"ok\": null,\n      \"data\": null\n    },\n    {\n      \"ts\": 1783574064999,\n      \"kind\": \"event\",\n      \"method\": null,\n      \"event\": \"agent\",\n      \"ok\": null,\n      \"data\": null\n    },\n    {\n      \"ts\": 1783574065184,\n      \"kind\": \"event\",\n      \"method\": null,\n      \"event\": \"chat\",\n      \"ok\": null,\n      \"data\": null\n    },\n    {\n      \"ts\": 1783574066244,\n      \"kind\": \"event\",\n      \"method\": null,\n      \"event\": \"agent\",\n      \"ok\": null,\n      \"data\": null\n    },\n    {\n      \"ts\": 1783574067811,\n      \"kind\": \"event\",\n      \"method\": null,\n      \"event\": \"health\",\n      \"ok\": null,\n      \"data\": null\n    },\n    {\n      \"ts\": 1783574067827,\n      \"kind\": \"event\",\n      \"method\": null,\n      \"event\": \"agent\",\n      \"ok\": null,\n      \"data\": null\n    },\n    {\n      \"ts\": 1783574067838,\n      \"kind\": \"event\",\n      \"method\": null,\n      \"event\": \"presence\",\n      \"ok\": null,\n      \"data\": null\n    },\n    {\n      \"ts\": 1783574067877,\n      \"kind\": \"event\",\n      \"method\": null,\n      \"event\": \"agent\",\n      \"ok\": null,\n      \"data\": null\n    },\n    {\n      \"ts\": 1783574067894,\n      \"kind\": \"event\",\n      \"method\": null,\n      \"event\": \"agent\",\n      \"ok\": null,\n      \"data\": null\n    },\n    {\n      \"ts\": 1783574070480,\n      \"kind\": \"event\",\n      \"method\": null,\n      \"event\": \"agent\",\n      \"ok\": null,\n      \"data\": null\n    },\n    {\n      \"ts\": 1783574070480,\n      \"kind\": \"event\",\n      \"method\": null,\n      \"event\": \"chat\",\n      \"ok\": null,\n      \"data\": null\n    },\n    {\n      \"ts\": 1783574070647,\n      \"kind\": \"event\",\n      \"method\": null,\n      \"event\": \"agent\",\n      \"ok\": null,\n      \"data\": null\n    },\n    {\n      \"ts\": 1783574070698,\n      \"kind\": \"event\",\n      \"method\": null,\n      \"event\": \"session.message\",\n      \"ok\": null,\n      \"data\": null\n    },\n    {\n      \"ts\": 1783574071650,\n      \"kind\": \"event\",\n      \"method\": null,\n      \"event\": \"agent\",\n      \"ok\": null,\n      \"data\": null\n    },\n    {\n      \"ts\": 1783574071651,\n      \"kind\": \"event\",\n      \"method\": null,\n      \"event\": \"chat\",\n      \"ok\": null,\n      \"data\": null\n    },\n    {\n      \"ts\": 1783574071800,\n      \"kind\": \"event\",\n      \"method\": null,\n      \"event\": \"agent\",\n      \"ok\": null,\n      \"data\": null\n    },\n    {\n      \"ts\": 1783574071800,\n      \"kind\": \"event\",\n      \"method\": null,\n      \"event\": \"agent\",\n      \"ok\": null,\n      \"data\": null\n    },\n    {\n      \"ts\": 1783574071906,\n      \"kind\": \"event\",\n      \"method\": null,\n      \"event\": \"agent\",\n      \"ok\": null,\n      \"data\": null\n    },\n    {\n      \"ts\": 1783574071906,\n      \"kind\": \"event\",\n      \"method\": null,\n      \"event\": \"chat\",\n      \"ok\": null,\n      \"data\": null\n    },\n    {\n      \"ts\": 1783574071906,\n      \"kind\": \"event\",\n      \"method\": null,\n      \"event\": \"chat\",\n      \"ok\": null,\n      \"data\": null\n    },\n    {\n      \"ts\": 1783574073355,\n      \"kind\": \"event\",\n      \"method\": null,\n      \"event\": \"task\",\n      \"ok\": null,\n      \"data\": null\n    },\n    {\n      \"ts\": 1783574073356,\n      \"kind\": \"event\",\n      \"method\": null,\n      \"event\": \"task\",\n      \"ok\": null,\n      \"data\": null\n    },\n    {\n      \"ts\": 1783574073395,\n      \"kind\": \"event\",\n      \"method\": null,\n      \"event\": \"task\",\n      \"ok\": null,\n      \"data\": null\n    },\n    {\n      \"ts\": 1783574073579,\n      \"kind\": \"event\",\n      \"method\": null,\n      \"event\": \"health\",\n      \"ok\": null,\n      \"data\": null\n    },\n    {\n      \"ts\": 1783574074250,\n      \"kind\": \"event\",\n      \"method\": null,\n      \"event\": \"agent\",\n      \"ok\": null,\n      \"data\": null\n    },\n    {\n      \"ts\": 1783574075859,\n      \"kind\": \"event\",\n      \"method\": null,\n      \"event\": \"session.message\",\n      \"ok\": null,\n      \"data\": null\n    }\n  ],\n  \"ended\": \"2026-07-09T05:14:35.859Z\",\n  \"duration_ms\": 14150\n}" source=console
project81 k6 proof on cael	Run Project 81 k6 proof wrapper	2026-07-09T05:14:35.8646571Z time="2026-07-08T22:14:35-07:00" level=info msg="--- END EVIDENCE ---" source=console
project81 k6 proof on cael	Run Project 81 k6 proof wrapper	2026-07-09T05:14:35.8647235Z time="2026-07-08T22:14:35-07:00" level=info msg="\n[R-CD-MODEL-CHAINED-ALT] VERDICT: PASS-candidate" source=console
project81 k6 proof on cael	Run Project 81 k6 proof wrapper	2026-07-09T05:14:35.8652891Z 
project81 k6 proof on cael	Run Project 81 k6 proof wrapper	2026-07-09T05:14:35.8653483Z [R-CD-MODEL-CHAINED-ALT] Summary: PASS-candidate | SHA: 5292af40d0ad5303b85a678f6e629503a8725848 | Seat: cael
project81 k6 proof on cael	Run Project 81 k6 proof wrapper	2026-07-09T05:14:35.8653948Z 
project81 k6 proof on cael	Run Project 81 k6 proof wrapper	2026-07-09T05:14:35.8654126Z running (0m14.2s), 0/1 VUs, 1 complete and 0 interrupted iterations
project81 k6 proof on cael	Run Project 81 k6 proof wrapper	2026-07-09T05:14:35.8654782Z r_cd_model_chained_alt ✓ [ 100% ] 1 VUs  0m14.2s/4m0s  1/1 shared iters
project81 k6 proof on cael	Run Project 81 k6 proof wrapper	2026-07-09T05:14:35.9530162Z ./r-cd-model-chained-alt-summary.json
project81 k6 proof on cael	Run Project 81 k6 proof wrapper	2026-07-09T05:14:36.0511010Z [R-CD-MODEL-CHAINED-ALT] METRICS: /home/figs/actions-runner/_work/openclaw-bootstrap/openclaw-bootstrap/openclaw-bootstrap/PROOFS/f5ac94305a4f96703120b3d887808669c533e700/project81-k6/20260709T051305Z-cael-dgx-4071269/5292af40d0ad5303b85a678f6e629503a8725848/R-CD-MODEL-CHAINED-ALT/cael/20260709T051421Z-r-cd-model-chained-alt/openclaw-proofs-k6.prom
project81 k6 proof on cael	Run Project 81 k6 proof wrapper	2026-07-09T05:14:36.0523455Z [R-CD-MODEL-CHAINED-ALT] ARTIFACTS: /home/figs/actions-runner/_work/openclaw-bootstrap/openclaw-bootstrap/openclaw-bootstrap/PROOFS/f5ac94305a4f96703120b3d887808669c533e700/project81-k6/20260709T051305Z-cael-dgx-4071269/5292af40d0ad5303b85a678f6e629503a8725848/R-CD-MODEL-CHAINED-ALT/cael/20260709T051421Z-r-cd-model-chained-alt
project81 k6 proof on cael	Run Project 81 k6 proof wrapper	2026-07-09T05:14:36.0524996Z [R-CD-MODEL-CHAINED-ALT] COMPLETED.
project81 k6 proof on cael	Run Project 81 k6 proof wrapper	2026-07-09T05:14:36.0525458Z Observability check: query Grafana for run/nonce or review Tempo traces if trace ID was emitted.
project81 k6 proof on cael	Run Project 81 k6 proof wrapper	2026-07-09T05:14:36.0779109Z 
project81 k6 proof on cael	Run Project 81 k6 proof wrapper	2026-07-09T05:14:36.0779668Z ----------------------------------------
project81 k6 proof on cael	Run Project 81 k6 proof wrapper	2026-07-09T05:14:36.0780020Z Row: R-CD-MODEL-DEFAULT
project81 k6 proof on cael	Run Project 81 k6 proof wrapper	2026-07-09T05:14:36.0780742Z Manifest: /home/figs/actions-runner/_work/openclaw-bootstrap/openclaw-bootstrap/karmaterminal-openclaw-docs/tools/k6-proofs/manifests/r-cd-model-default.json
project81 k6 proof on cael	Run Project 81 k6 proof wrapper	2026-07-09T05:14:36.0781518Z Scenario: scenarios/r-cd-model-default.js
project81 k6 proof on cael	Run Project 81 k6 proof wrapper	2026-07-09T05:14:36.0781788Z Status: runnable
project81 k6 proof on cael	Run Project 81 k6 proof wrapper	2026-07-09T05:14:36.0781982Z Live Safety: k6-runnable
project81 k6 proof on cael	Run Project 81 k6 proof wrapper	2026-07-09T05:14:36.0782242Z [R-CD-MODEL-DEFAULT] RUNNING...
project81 k6 proof on cael	Run Project 81 k6 proof wrapper	2026-07-09T05:14:36.1051169Z 
project81 k6 proof on cael	Run Project 81 k6 proof wrapper	2026-07-09T05:14:36.1051676Z          /\      Grafana   /‾‾/  
project81 k6 proof on cael	Run Project 81 k6 proof wrapper	2026-07-09T05:14:36.1051991Z     /\  /  \     |\  __   /  /   
project81 k6 proof on cael	Run Project 81 k6 proof wrapper	2026-07-09T05:14:36.1052262Z    /  \/    \    | |/ /  /   ‾‾\ 
project81 k6 proof on cael	Run Project 81 k6 proof wrapper	2026-07-09T05:14:36.1052524Z   /          \   |   (  |  (‾)  |
project81 k6 proof on cael	Run Project 81 k6 proof wrapper	2026-07-09T05:14:36.1052745Z  / __________ \  |_|\_\  \_____/ 
project81 k6 proof on cael	Run Project 81 k6 proof wrapper	2026-07-09T05:14:36.1052895Z 
project81 k6 proof on cael	Run Project 81 k6 proof wrapper	2026-07-09T05:14:36.1052912Z 
project81 k6 proof on cael	Run Project 81 k6 proof wrapper	2026-07-09T05:14:36.1052993Z      execution: local
project81 k6 proof on cael	Run Project 81 k6 proof wrapper	2026-07-09T05:14:36.1053231Z         script: scenarios/r-cd-model-default.js
project81 k6 proof on cael	Run Project 81 k6 proof wrapper	2026-07-09T05:14:36.1053515Z         output: -
project81 k6 proof on cael	Run Project 81 k6 proof wrapper	2026-07-09T05:14:36.1053630Z 
project81 k6 proof on cael	Run Project 81 k6 proof wrapper	2026-07-09T05:14:36.1053865Z      scenarios: (100.00%) 1 scenario, 1 max VUs, 3m30s max duration (incl. graceful stop):
project81 k6 proof on cael	Run Project 81 k6 proof wrapper	2026-07-09T05:14:36.1054475Z               * r_cd_model_default: 1 iterations shared among 1 VUs (maxDuration: 3m0s, gracefulStop: 30s)
project81 k6 proof on cael	Run Project 81 k6 proof wrapper	2026-07-09T05:14:36.1054859Z 
project81 k6 proof on cael	Run Project 81 k6 proof wrapper	2026-07-09T05:14:36.4674627Z time="2026-07-08T22:14:36-07:00" level=info msg="✓ disposable session created: agent:main:r-cd-model-default-r-cd-model-default-1783574076106-ppoyhwyl" source=console
project81 k6 proof on cael	Run Project 81 k6 proof wrapper	2026-07-09T05:14:37.0002739Z time="2026-07-08T22:14:36-07:00" level=info msg="✓ sessions.send accepted — default model delegate turn triggered" source=console
project81 k6 proof on cael	Run Project 81 k6 proof wrapper	2026-07-09T05:14:37.1066490Z 
project81 k6 proof on cael	Run Project 81 k6 proof wrapper	2026-07-09T05:14:37.1068209Z running (0m01.0s), 1/1 VUs, 0 complete and 0 interrupted iterations
project81 k6 proof on cael	Run Project 81 k6 proof wrapper	2026-07-09T05:14:37.1068672Z r_cd_model_default   [   0% ] 1 VUs  0m01.0s/3m0s  0/1 shared iters
project81 k6 proof on cael	Run Project 81 k6 proof wrapper	2026-07-09T05:14:38.1068302Z 
project81 k6 proof on cael	Run Project 81 k6 proof wrapper	2026-07-09T05:14:38.1070373Z running (0m02.0s), 1/1 VUs, 0 complete and 0 interrupted iterations
project81 k6 proof on cael	Run Project 81 k6 proof wrapper	2026-07-09T05:14:38.1070902Z r_cd_model_default   [   0% ] 1 VUs  0m02.0s/3m0s  0/1 shared iters
project81 k6 proof on cael	Run Project 81 k6 proof wrapper	2026-07-09T05:14:39.1066183Z 
project81 k6 proof on cael	Run Project 81 k6 proof wrapper	2026-07-09T05:14:39.1067771Z running (0m03.0s), 1/1 VUs, 0 complete and 0 interrupted iterations
project81 k6 proof on cael	Run Project 81 k6 proof wrapper	2026-07-09T05:14:39.1068284Z r_cd_model_default   [   0% ] 1 VUs  0m03.0s/3m0s  0/1 shared iters
project81 k6 proof on cael	Run Project 81 k6 proof wrapper	2026-07-09T05:14:40.1067190Z 
project81 k6 proof on cael	Run Project 81 k6 proof wrapper	2026-07-09T05:14:40.1069069Z running (0m04.0s), 1/1 VUs, 0 complete and 0 interrupted iterations
project81 k6 proof on cael	Run Project 81 k6 proof wrapper	2026-07-09T05:14:40.1069652Z r_cd_model_default   [   0% ] 1 VUs  0m04.0s/3m0s  0/1 shared iters
project81 k6 proof on cael	Run Project 81 k6 proof wrapper	2026-07-09T05:14:41.1065692Z 
project81 k6 proof on cael	Run Project 81 k6 proof wrapper	2026-07-09T05:14:41.1066213Z running (0m05.0s), 1/1 VUs, 0 complete and 0 interrupted iterations
project81 k6 proof on cael	Run Project 81 k6 proof wrapper	2026-07-09T05:14:41.1066870Z r_cd_model_default   [   0% ] 1 VUs  0m05.0s/3m0s  0/1 shared iters
project81 k6 proof on cael	Run Project 81 k6 proof wrapper	2026-07-09T05:14:42.1067034Z 
project81 k6 proof on cael	Run Project 81 k6 proof wrapper	2026-07-09T05:14:42.1069150Z running (0m06.0s), 1/1 VUs, 0 complete and 0 interrupted iterations
project81 k6 proof on cael	Run Project 81 k6 proof wrapper	2026-07-09T05:14:42.1069684Z r_cd_model_default   [   0% ] 1 VUs  0m06.0s/3m0s  0/1 shared iters
project81 k6 proof on cael	Run Project 81 k6 proof wrapper	2026-07-09T05:14:43.1066671Z 
project81 k6 proof on cael	Run Project 81 k6 proof wrapper	2026-07-09T05:14:43.1068366Z running (0m07.0s), 1/1 VUs, 0 complete and 0 interrupted iterations
project81 k6 proof on cael	Run Project 81 k6 proof wrapper	2026-07-09T05:14:43.1068887Z r_cd_model_default   [   0% ] 1 VUs  0m07.0s/3m0s  0/1 shared iters
project81 k6 proof on cael	Run Project 81 k6 proof wrapper	2026-07-09T05:14:44.1084946Z 
project81 k6 proof on cael	Run Project 81 k6 proof wrapper	2026-07-09T05:14:44.1086833Z running (0m08.0s), 1/1 VUs, 0 complete and 0 interrupted iterations
project81 k6 proof on cael	Run Project 81 k6 proof wrapper	2026-07-09T05:14:44.1087318Z r_cd_model_default   [   0% ] 1 VUs  0m08.0s/3m0s  0/1 shared iters
project81 k6 proof on cael	Run Project 81 k6 proof wrapper	2026-07-09T05:14:45.1060726Z 
project81 k6 proof on cael	Run Project 81 k6 proof wrapper	2026-07-09T05:14:45.1062162Z running (0m09.0s), 1/1 VUs, 0 complete and 0 interrupted iterations
project81 k6 proof on cael	Run Project 81 k6 proof wrapper	2026-07-09T05:14:45.1062669Z r_cd_model_default   [   0% ] 1 VUs  0m09.0s/3m0s  0/1 shared iters
project81 k6 proof on cael	Run Project 81 k6 proof wrapper	2026-07-09T05:14:46.1060115Z 
project81 k6 proof on cael	Run Project 81 k6 proof wrapper	2026-07-09T05:14:46.1060559Z running (0m10.0s), 1/1 VUs, 0 complete and 0 interrupted iterations
project81 k6 proof on cael	Run Project 81 k6 proof wrapper	2026-07-09T05:14:46.1061023Z r_cd_model_default   [   0% ] 1 VUs  0m10.0s/3m0s  0/1 shared iters
project81 k6 proof on cael	Run Project 81 k6 proof wrapper	2026-07-09T05:14:47.1065305Z 
project81 k6 proof on cael	Run Project 81 k6 proof wrapper	2026-07-09T05:14:47.1067106Z running (0m11.0s), 1/1 VUs, 0 complete and 0 interrupted iterations
project81 k6 proof on cael	Run Project 81 k6 proof wrapper	2026-07-09T05:14:47.1067578Z r_cd_model_default   [   0% ] 1 VUs  0m11.0s/3m0s  0/1 shared iters
project81 k6 proof on cael	Run Project 81 k6 proof wrapper	2026-07-09T05:14:48.1068226Z 
project81 k6 proof on cael	Run Project 81 k6 proof wrapper	2026-07-09T05:14:48.1069834Z running (0m12.0s), 1/1 VUs, 0 complete and 0 interrupted iterations
project81 k6 proof on cael	Run Project 81 k6 proof wrapper	2026-07-09T05:14:48.1070305Z r_cd_model_default   [   0% ] 1 VUs  0m12.0s/3m0s  0/1 shared iters
project81 k6 proof on cael	Run Project 81 k6 proof wrapper	2026-07-09T05:14:49.1062350Z 
project81 k6 proof on cael	Run Project 81 k6 proof wrapper	2026-07-09T05:14:49.1063889Z running (0m13.0s), 1/1 VUs, 0 complete and 0 interrupted iterations
project81 k6 proof on cael	Run Project 81 k6 proof wrapper	2026-07-09T05:14:49.1064448Z r_cd_model_default   [   0% ] 1 VUs  0m13.0s/3m0s  0/1 shared iters
project81 k6 proof on cael	Run Project 81 k6 proof wrapper	2026-07-09T05:14:50.1059843Z 
project81 k6 proof on cael	Run Project 81 k6 proof wrapper	2026-07-09T05:14:50.1060323Z running (0m14.0s), 1/1 VUs, 0 complete and 0 interrupted iterations
project81 k6 proof on cael	Run Project 81 k6 proof wrapper	2026-07-09T05:14:50.1060785Z r_cd_model_default   [   0% ] 1 VUs  0m14.0s/3m0s  0/1 shared iters
project81 k6 proof on cael	Run Project 81 k6 proof wrapper	2026-07-09T05:14:51.1069539Z 
project81 k6 proof on cael	Run Project 81 k6 proof wrapper	2026-07-09T05:14:51.1074859Z running (0m15.0s), 1/1 VUs, 0 complete and 0 interrupted iterations
project81 k6 proof on cael	Run Project 81 k6 proof wrapper	2026-07-09T05:14:51.1076747Z r_cd_model_default   [   0% ] 1 VUs  0m15.0s/3m0s  0/1 shared iters
project81 k6 proof on cael	Run Project 81 k6 proof wrapper	2026-07-09T05:14:52.1063855Z 
project81 k6 proof on cael	Run Project 81 k6 proof wrapper	2026-07-09T05:14:52.1064359Z running (0m16.0s), 1/1 VUs, 0 complete and 0 interrupted iterations
project81 k6 proof on cael	Run Project 81 k6 proof wrapper	2026-07-09T05:14:52.1064826Z r_cd_model_default   [   0% ] 1 VUs  0m16.0s/3m0s  0/1 shared iters
project81 k6 proof on cael	Run Project 81 k6 proof wrapper	2026-07-09T05:14:53.1062559Z 
project81 k6 proof on cael	Run Project 81 k6 proof wrapper	2026-07-09T05:14:53.1062987Z running (0m17.0s), 1/1 VUs, 0 complete and 0 interrupted iterations
project81 k6 proof on cael	Run Project 81 k6 proof wrapper	2026-07-09T05:14:53.1063258Z r_cd_model_default   [   0% ] 1 VUs  0m17.0s/3m0s  0/1 shared iters
project81 k6 proof on cael	Run Project 81 k6 proof wrapper	2026-07-09T05:14:54.1071433Z 
project81 k6 proof on cael	Run Project 81 k6 proof wrapper	2026-07-09T05:14:54.1072139Z running (0m18.0s), 1/1 VUs, 0 complete and 0 interrupted iterations
project81 k6 proof on cael	Run Project 81 k6 proof wrapper	2026-07-09T05:14:54.1073778Z r_cd_model_default   [   0% ] 1 VUs  0m18.0s/3m0s  0/1 shared iters
project81 k6 proof on cael	Run Project 81 k6 proof wrapper	2026-07-09T05:14:55.1073890Z 
project81 k6 proof on cael	Run Project 81 k6 proof wrapper	2026-07-09T05:14:55.1075413Z running (0m19.0s), 1/1 VUs, 0 complete and 0 interrupted iterations
project81 k6 proof on cael	Run Project 81 k6 proof wrapper	2026-07-09T05:14:55.1075947Z r_cd_model_default   [   0% ] 1 VUs  0m19.0s/3m0s  0/1 shared iters
project81 k6 proof on cael	Run Project 81 k6 proof wrapper	2026-07-09T05:14:56.1062291Z 
project81 k6 proof on cael	Run Project 81 k6 proof wrapper	2026-07-09T05:14:56.1062762Z running (0m20.0s), 1/1 VUs, 0 complete and 0 interrupted iterations
project81 k6 proof on cael	Run Project 81 k6 proof wrapper	2026-07-09T05:14:56.1063225Z r_cd_model_default   [   0% ] 1 VUs  0m20.0s/3m0s  0/1 shared iters
project81 k6 proof on cael	Run Project 81 k6 proof wrapper	2026-07-09T05:14:57.1071401Z 
project81 k6 proof on cael	Run Project 81 k6 proof wrapper	2026-07-09T05:14:57.1077134Z running (0m21.0s), 1/1 VUs, 0 complete and 0 interrupted iterations
project81 k6 proof on cael	Run Project 81 k6 proof wrapper	2026-07-09T05:14:57.1077792Z r_cd_model_default   [   0% ] 1 VUs  0m21.0s/3m0s  0/1 shared iters
project81 k6 proof on cael	Run Project 81 k6 proof wrapper	2026-07-09T05:14:58.1064070Z 
project81 k6 proof on cael	Run Project 81 k6 proof wrapper	2026-07-09T05:14:58.1065656Z running (0m22.0s), 1/1 VUs, 0 complete and 0 interrupted iterations
project81 k6 proof on cael	Run Project 81 k6 proof wrapper	2026-07-09T05:14:58.1066232Z r_cd_model_default   [   0% ] 1 VUs  0m22.0s/3m0s  0/1 shared iters
project81 k6 proof on cael	Run Project 81 k6 proof wrapper	2026-07-09T05:14:58.9870521Z time="2026-07-08T22:14:58-07:00" level=info msg="✓ MODEL-DEFAULT-CHILD return payload observed" source=console
project81 k6 proof on cael	Run Project 81 k6 proof wrapper	2026-07-09T05:14:58.9871612Z time="2026-07-08T22:14:58-07:00" level=info msg="All required R-CD-MODEL-DEFAULT evidence gathered, closing early" source=console
project81 k6 proof on cael	Run Project 81 k6 proof wrapper	2026-07-09T05:14:58.9872433Z time="2026-07-08T22:14:58-07:00" level=info msg="\n--- R-CD-MODEL-DEFAULT EVIDENCE SUMMARY ---" source=console
project81 k6 proof on cael	Run Project 81 k6 proof wrapper	2026-07-09T05:14:58.9930776Z time="2026-07-08T22:14:58-07:00" level=info msg="{\n  \"row\": \"R-CD-MODEL-DEFAULT\",\n  \"manifest_loaded\": true,\n  \"nonce\": \"R-CD-MODEL-DEFAULT-1783574076106-ppoyhwyl\",\n  \"seat\": \"cael\",\n  \"requestedSessionKey\": \"p81-5292-cael-live\",\n  \"sessionKey\": \"agent:main:r-cd-model-default-r-cd-model-default-1783574076106-ppoyhwyl\",\n  \"session_created\": true,\n  \"created_session_key\": \"agent:main:r-cd-model-default-r-cd-model-default-1783574076106-ppoyhwyl\",\n  \"candidateSha\": \"5292af40d0ad5303b85a678f6e629503a8725848\",\n  \"started\": \"2026-07-09T05:14:36.106Z\",\n  \"parent_model_byte\": \"github-copilot/gpt-5.5\",\n  \"dispatch_accepted\": true,\n  \"child_session_observed\": true,\n  \"child_model_byte\": \"github-copilot/gpt-5.5\",\n  \"model_matches\": true,\n  \"return_payload\": true,\n  \"trace_id\": null,\n  \"redacted_events\": [\n    {\n      \"ts\": 1783574076108,\n      \"kind\": \"event\",\n      \"method\": null,\n      \"event\": \"connect.challenge\",\n      \"ok\": null,\n      \"data\": null\n    },\n    {\n      \"ts\": 1783574076110,\n      \"kind\": \"other\",\n      \"method\": null,\n      \"event\": null,\n      \"ok\": null,\n      \"data\": null\n    },\n    {\n      \"ts\": 1783574076178,\n      \"kind\": \"event\",\n      \"method\": null,\n      \"event\": \"health\",\n      \"ok\": null,\n      \"data\": null\n    },\n    {\n      \"ts\": 1783574076466,\n      \"kind\": \"response\",\n      \"method\": \"sessions.create\",\n      \"event\": null,\n      \"ok\": true,\n      \"data\": {\n        \"ok\": true\n      }\n    },\n    {\n      \"ts\": 1783574076493,\n      \"kind\": \"response\",\n      \"method\": \"sessions.messages.subscribe\",\n      \"event\": null,\n      \"ok\": true,\n      \"data\": {}\n    },\n    {\n      \"ts\": 1783574076864,\n      \"kind\": \"event\",\n      \"method\": null,\n      \"event\": \"agent\",\n      \"ok\": null,\n      \"data\": null\n    },\n    {\n      \"ts\": 1783574076999,\n      \"kind\": \"response\",\n      \"method\": \"sessions.send\",\n      \"event\": null,\n      \"ok\": true,\n      \"data\": {\n        \"runId\": \"R-CD-MODEL-DEFAULT-DISPATCH-R-CD-MODEL-DEFAULT-1783574076106-ppoyhwyl\",\n        \"status\": \"started\"\n      }\n    },\n    {\n      \"ts\": 1783574077963,\n      \"kind\": \"event\",\n      \"method\": null,\n      \"event\": \"health\",\n      \"ok\": null,\n      \"data\": null\n    },\n    {\n      \"ts\": 1783574077967,\n      \"kind\": \"event\",\n      \"method\": null,\n      \"event\": \"presence\",\n      \"ok\": null,\n      \"data\": null\n    },\n    {\n      \"ts\": 1783574078001,\n      \"kind\": \"event\",\n      \"method\": null,\n      \"event\": \"agent\",\n      \"ok\": null,\n      \"data\": null\n    },\n    {\n      \"ts\": 1783574080001,\n      \"kind\": \"event\",\n      \"method\": null,\n      \"event\": \"chat\",\n      \"ok\": null,\n      \"data\": null\n    },\n    {\n      \"ts\": 1783574083054,\n      \"kind\": \"event\",\n      \"method\": null,\n      \"event\": \"agent\",\n      \"ok\": null,\n      \"data\": null\n    },\n    {\n      \"ts\": 1783574083069,\n      \"kind\": \"event\",\n      \"method\": null,\n      \"event\": \"agent\",\n      \"ok\": null,\n      \"data\": null\n    },\n    {\n      \"ts\": 1783574086145,\n      \"kind\": \"event\",\n      \"method\": null,\n      \"event\": \"agent\",\n      \"ok\": null,\n      \"data\": null\n    },\n    {\n      \"ts\": 1783574086145,\n      \"kind\": \"event\",\n      \"method\": null,\n      \"event\": \"chat\",\n      \"ok\": null,\n      \"data\": null\n    },\n    {\n      \"ts\": 1783574086223,\n      \"kind\": \"event\",\n      \"method\": null,\n      \"event\": \"agent\",\n      \"ok\": null,\n      \"data\": null\n    },\n    {\n      \"ts\": 1783574086223,\n      \"kind\": \"event\",\n      \"method\": null,\n      \"event\": \"agent\",\n      \"ok\": null,\n      \"data\": null\n    },\n    {\n      \"ts\": 1783574086315,\n      \"kind\": \"event\",\n      \"method\": null,\n      \"event\": \"agent\",\n      \"ok\": null,\n      \"data\": null\n    },\n    {\n      \"ts\": 1783574086315,\n      \"kind\": \"event\",\n      \"method\": null,\n      \"event\": \"chat\",\n      \"ok\": null,\n      \"data\": null\n    },\n    {\n      \"ts\": 1783574086316,\n      \"kind\": \"event\",\n      \"method\": null,\n      \"event\": \"chat\",\n      \"ok\": null,\n      \"data\": null\n    },\n    {\n      \"ts\": 1783574087808,\n      \"kind\": \"event\",\n      \"method\": null,\n      \"event\": \"agent\",\n      \"ok\": null,\n      \"data\": null\n    },\n    {\n      \"ts\": 1783574087808,\n      \"kind\": \"event\",\n      \"method\": null,\n      \"event\": \"chat\",\n      \"ok\": null,\n      \"data\": null\n    },\n    {\n      \"ts\": 1783574088058,\n      \"kind\": \"event\",\n      \"method\": null,\n      \"event\": \"task\",\n      \"ok\": null,\n      \"data\": null\n    },\n    {\n      \"ts\": 1783574088058,\n      \"kind\": \"event\",\n      \"method\": null,\n      \"event\": \"task\",\n      \"ok\": null,\n      \"data\": null\n    },\n    {\n      \"ts\": 1783574088060,\n      \"kind\": \"event\",\n      \"method\": null,\n      \"event\": \"agent\",\n      \"ok\": null,\n      \"data\": null\n    },\n    {\n      \"ts\": 1783574088200,\n      \"kind\": \"event\",\n      \"method\": null,\n      \"event\": \"agent\",\n      \"ok\": null,\n      \"data\": null\n    },\n    {\n      \"ts\": 1783574088664,\n      \"kind\": \"event\",\n      \"method\": null,\n      \"event\": \"task\",\n      \"ok\": null,\n      \"data\": null\n    },\n    {\n      \"ts\": 1783574088665,\n      \"kind\": \"event\",\n      \"method\": null,\n      \"event\": \"task\",\n      \"ok\": null,\n      \"data\": null\n    },\n    {\n      \"ts\": 1783574088704,\n      \"kind\": \"event\",\n      \"method\": null,\n      \"event\": \"task\",\n      \"ok\": null,\n      \"data\": null\n    },\n    {\n      \"ts\": 1783574088881,\n      \"kind\": \"event\",\n      \"method\": null,\n      \"event\": \"health\",\n      \"ok\": null,\n      \"data\": null\n    },\n    {\n      \"ts\": 1783574089656,\n      \"kind\": \"event\",\n      \"method\": null,\n      \"event\": \"tick\",\n      \"ok\": null,\n      \"data\": null\n    },\n    {\n      \"ts\": 1783574091280,\n      \"kind\": \"event\",\n      \"method\": null,\n      \"event\": \"agent\",\n      \"ok\": null,\n      \"data\": null\n    },\n    {\n      \"ts\": 1783574092536,\n      \"kind\": \"event\",\n      \"method\": null,\n      \"event\": \"health\",\n      \"ok\": null,\n      \"data\": null\n    },\n    {\n      \"ts\": 1783574092538,\n      \"kind\": \"event\",\n      \"method\": null,\n      \"event\": \"task\",\n      \"ok\": null,\n      \"data\": null\n    },\n    {\n      \"ts\": 1783574092538,\n      \"kind\": \"event\",\n      \"method\": null,\n      \"event\": \"task\",\n      \"ok\": null,\n      \"data\": null\n    },\n    {\n      \"ts\": 1783574092539,\n      \"kind\": \"event\",\n      \"method\": null,\n      \"event\": \"task\",\n      \"ok\": null,\n      \"data\": null\n    },\n    {\n      \"ts\": 1783574092539,\n      \"kind\": \"event\",\n      \"method\": null,\n      \"event\": \"task\",\n      \"ok\": null,\n      \"data\": null\n    },\n    {\n      \"ts\": 1783574092552,\n      \"kind\": \"event\",\n      \"method\": null,\n      \"event\": \"agent\",\n      \"ok\": null,\n      \"data\": null\n    },\n    {\n      \"ts\": 1783574092566,\n      \"kind\": \"event\",\n      \"method\": null,\n      \"event\": \"presence\",\n      \"ok\": null,\n      \"data\": null\n    },\n    {\n      \"ts\": 1783574092810,\n      \"kind\": \"event\",\n      \"method\": null,\n      \"event\": \"agent\",\n      \"ok\": null,\n      \"data\": null\n    },\n    {\n      \"ts\": 1783574092814,\n      \"kind\": \"event\",\n      \"method\": null,\n      \"event\": \"task\",\n      \"ok\": null,\n      \"data\": null\n    },\n    {\n      \"ts\": 1783574092814,\n      \"kind\": \"event\",\n      \"method\": null,\n      \"event\": \"task\",\n      \"ok\": null,\n      \"data\": null\n    },\n    {\n      \"ts\": 1783574092815,\n      \"kind\": \"event\",\n      \"method\": null,\n      \"event\": \"task\",\n      \"ok\": null,\n      \"data\": null\n    },\n    {\n      \"ts\": 1783574092815,\n      \"kind\": \"event\",\n      \"method\": null,\n      \"event\": \"task\",\n      \"ok\": null,\n      \"data\": null\n    },\n    {\n      \"ts\": 1783574092827,\n      \"kind\": \"event\",\n      \"method\": null,\n      \"event\": \"agent\",\n      \"ok\": null,\n      \"data\": null\n    },\n    {\n      \"ts\": 1783574094279,\n      \"kind\": \"event\",\n      \"method\": null,\n      \"event\": \"agent\",\n      \"ok\": null,\n      \"data\": null\n    },\n    {\n      \"ts\": 1783574094280,\n      \"kind\": \"event\",\n      \"method\": null,\n      \"event\": \"chat\",\n      \"ok\": null,\n      \"data\": null\n    },\n    {\n      \"ts\": 1783574094623,\n      \"kind\": \"event\",\n      \"method\": null,\n      \"event\": \"agent\",\n      \"ok\": null,\n      \"data\": null\n    },\n    {\n      \"ts\": 1783574094652,\n      \"kind\": \"event\",\n      \"method\": null,\n      \"event\": \"agent\",\n      \"ok\": null,\n      \"data\": null\n    },\n    {\n      \"ts\": 1783574094696,\n      \"kind\": \"event\",\n      \"method\": null,\n      \"event\": \"session.message\",\n      \"ok\": null,\n      \"data\": null\n    },\n    {\n      \"ts\": 1783574095438,\n      \"kind\": \"event\",\n      \"method\": null,\n      \"event\": \"task\",\n      \"ok\": null,\n      \"data\": null\n    },\n    {\n      \"ts\": 1783574095438,\n      \"kind\": \"event\",\n      \"method\": null,\n      \"event\": \"task\",\n      \"ok\": null,\n      \"data\": null\n    },\n    {\n      \"ts\": 1783574095438,\n      \"kind\": \"event\",\n      \"method\": null,\n      \"event\": \"agent\",\n      \"ok\": null,\n      \"data\": null\n    },\n    {\n      \"ts\": 1783574095438,\n      \"kind\": \"event\",\n      \"method\": null,\n      \"event\": \"chat\",\n      \"ok\": null,\n      \"data\": null\n    },\n    {\n      \"ts\": 1783574095439,\n      \"kind\": \"event\",\n      \"method\": null,\n      \"event\": \"task\",\n      \"ok\": null,\n      \"data\": null\n    },\n    {\n      \"ts\": 1783574095439,\n      \"kind\": \"event\",\n      \"method\": null,\n      \"event\": \"task\",\n      \"ok\": null,\n      \"data\": null\n    },\n    {\n      \"ts\": 1783574095440,\n      \"kind\": \"event\",\n      \"method\": null,\n      \"event\": \"task\",\n      \"ok\": null,\n      \"data\": null\n    },\n    {\n      \"ts\": 1783574095440,\n      \"kind\": \"event\",\n      \"method\": null,\n      \"event\": \"task\",\n      \"ok\": null,\n      \"data\": null\n    },\n    {\n      \"ts\": 1783574095441,\n      \"kind\": \"event\",\n      \"method\": null,\n      \"event\": \"task\",\n      \"ok\": null,\n      \"data\": null\n    },\n    {\n      \"ts\": 1783574095441,\n      \"kind\": \"event\",\n      \"method\": null,\n      \"event\": \"task\",\n      \"ok\": null,\n      \"data\": null\n    },\n    {\n      \"ts\": 1783574095442,\n      \"kind\": \"event\",\n      \"method\": null,\n      \"event\": \"task\",\n      \"ok\": null,\n      \"data\": null\n    },\n    {\n      \"ts\": 1783574095442,\n      \"kind\": \"event\",\n      \"method\": null,\n      \"event\": \"task\",\n      \"ok\": null,\n      \"data\": null\n    },\n    {\n      \"ts\": 1783574095442,\n      \"kind\": \"event\",\n      \"method\": null,\n      \"event\": \"task\",\n      \"ok\": null,\n      \"data\": null\n    },\n    {\n      \"ts\": 1783574095443,\n      \"kind\": \"event\",\n      \"method\": null,\n      \"event\": \"task\",\n      \"ok\": null,\n      \"data\": null\n    },\n    {\n      \"ts\": 1783574095443,\n      \"kind\": \"event\",\n      \"method\": null,\n      \"event\": \"task\",\n      \"ok\": null,\n      \"data\": null\n    },\n    {\n      \"ts\": 1783574095443,\n      \"kind\": \"event\",\n      \"method\": null,\n      \"event\": \"task\",\n      \"ok\": null,\n      \"data\": null\n    },\n    {\n      \"ts\": 1783574095444,\n      \"kind\": \"event\",\n      \"method\": null,\n      \"event\": \"task\",\n      \"ok\": null,\n      \"data\": null\n    },\n    {\n      \"ts\": 1783574095444,\n      \"kind\": \"event\",\n      \"method\": null,\n      \"event\": \"task\",\n      \"ok\": null,\n      \"data\": null\n    },\n    {\n      \"ts\": 1783574095445,\n      \"kind\": \"event\",\n      \"method\": null,\n      \"event\": \"task\",\n      \"ok\": null,\n      \"data\": null\n    },\n    {\n      \"ts\": 1783574095445,\n      \"kind\": \"event\",\n      \"method\": null,\n      \"event\": \"task\",\n      \"ok\": null,\n      \"data\": null\n    },\n    {\n      \"ts\": 1783574095445,\n      \"kind\": \"event\",\n      \"method\": null,\n      \"event\": \"task\",\n      \"ok\": null,\n      \"data\": null\n    },\n    {\n      \"ts\": 1783574095446,\n      \"kind\": \"event\",\n      \"method\": null,\n      \"event\": \"task\",\n      \"ok\": null,\n      \"data\": null\n    },\n    {\n      \"ts\": 1783574095446,\n      \"kind\": \"event\",\n      \"method\": null,\n      \"event\": \"task\",\n      \"ok\": null,\n      \"data\": null\n    },\n    {\n      \"ts\": 1783574095447,\n      \"kind\": \"event\",\n      \"method\": null,\n      \"event\": \"task\",\n      \"ok\": null,\n      \"data\": null\n    },\n    {\n      \"ts\": 1783574095447,\n      \"kind\": \"event\",\n      \"method\": null,\n      \"event\": \"task\",\n      \"ok\": null,\n      \"data\": null\n    },\n    {\n      \"ts\": 1783574095447,\n      \"kind\": \"event\",\n      \"method\": null,\n      \"event\": \"task\",\n      \"ok\": null,\n      \"data\": null\n    },\n    {\n      \"ts\": 1783574095448,\n      \"kind\": \"event\",\n      \"method\": null,\n      \"event\": \"task\",\n      \"ok\": null,\n      \"data\": null\n    },\n    {\n      \"ts\": 1783574095448,\n      \"kind\": \"event\",\n      \"method\": null,\n      \"event\": \"task\",\n      \"ok\": null,\n      \"data\": null\n    },\n    {\n      \"ts\": 1783574095449,\n      \"kind\": \"event\",\n      \"method\": null,\n      \"event\": \"task\",\n      \"ok\": null,\n      \"data\": null\n    },\n    {\n      \"ts\": 1783574095449,\n      \"kind\": \"event\",\n      \"method\": null,\n      \"event\": \"task\",\n      \"ok\": null,\n      \"data\": null\n    },\n    {\n      \"ts\": 1783574095469,\n      \"kind\": \"event\",\n      \"method\": null,\n      \"event\": \"task\",\n      \"ok\": null,\n      \"data\": null\n    },\n    {\n      \"ts\": 1783574095473,\n      \"kind\": \"event\",\n      \"method\": null,\n      \"event\": \"task\",\n      \"ok\": null,\n      \"data\": null\n    },\n    {\n      \"ts\": 1783574095474,\n      \"kind\": \"event\",\n      \"method\": null,\n      \"event\": \"task\",\n      \"ok\": null,\n      \"data\": null\n    },\n    {\n      \"ts\": 1783574095475,\n      \"kind\": \"event\",\n      \"method\": null,\n      \"event\": \"task\",\n      \"ok\": null,\n      \"data\": null\n    },\n    {\n      \"ts\": 1783574095475,\n      \"kind\": \"event\",\n      \"method\": null,\n      \"event\": \"task\",\n      \"ok\": null,\n      \"data\": null\n    },\n    {\n      \"ts\": 1783574095476,\n      \"kind\": \"event\",\n      \"method\": null,\n      \"event\": \"task\",\n      \"ok\": null,\n      \"data\": null\n    },\n    {\n      \"ts\": 1783574095476,\n      \"kind\": \"event\",\n      \"method\": null,\n      \"event\": \"task\",\n      \"ok\": null,\n      \"data\": null\n    },\n    {\n      \"ts\": 1783574095477,\n      \"kind\": \"event\",\n      \"method\": null,\n      \"event\": \"task\",\n      \"ok\": null,\n      \"data\": null\n    },\n    {\n      \"ts\": 1783574095477,\n      \"kind\": \"event\",\n      \"method\": null,\n      \"event\": \"task\",\n      \"ok\": null,\n      \"data\": null\n    },\n    {\n      \"ts\": 1783574095477,\n      \"kind\": \"event\",\n      \"method\": null,\n      \"event\": \"task\",\n      \"ok\": null,\n      \"data\": null\n    },\n    {\n      \"ts\": 1783574095478,\n      \"kind\": \"event\",\n      \"method\": null,\n      \"event\": \"task\",\n      \"ok\": null,\n      \"data\": null\n    },\n    {\n      \"ts\": 1783574095478,\n      \"kind\": \"event\",\n      \"method\": null,\n      \"event\": \"task\",\n      \"ok\": null,\n      \"data\": null\n    },\n    {\n      \"ts\": 1783574095479,\n      \"kind\": \"event\",\n      \"method\": null,\n      \"event\": \"task\",\n      \"ok\": null,\n      \"data\": null\n    },\n    {\n      \"ts\": 1783574095479,\n      \"kind\": \"event\",\n      \"method\": null,\n      \"event\": \"task\",\n      \"ok\": null,\n      \"data\": null\n    },\n    {\n      \"ts\": 1783574095480,\n      \"kind\": \"event\",\n      \"method\": null,\n      \"event\": \"task\",\n      \"ok\": null,\n      \"data\": null\n    },\n    {\n      \"ts\": 1783574095480,\n      \"kind\": \"event\",\n      \"method\": null,\n      \"event\": \"task\",\n      \"ok\": null,\n      \"data\": null\n    },\n    {\n      \"ts\": 1783574095481,\n      \"kind\": \"event\",\n      \"method\": null,\n      \"event\": \"task\",\n      \"ok\": null,\n      \"data\": null\n    },\n    {\n      \"ts\": 1783574095481,\n      \"kind\": \"event\",\n      \"method\": null,\n      \"event\": \"task\",\n      \"ok\": null,\n      \"data\": null\n    },\n    {\n      \"ts\": 1783574095481,\n      \"kind\": \"event\",\n      \"method\": null,\n      \"event\": \"task\",\n      \"ok\": null,\n      \"data\": null\n    },\n    {\n      \"ts\": 1783574095482,\n      \"kind\": \"event\",\n      \"method\": null,\n      \"event\": \"task\",\n      \"ok\": null,\n      \"data\": null\n    },\n    {\n      \"ts\": 1783574095482,\n      \"kind\": \"event\",\n      \"method\": null,\n      \"event\": \"task\",\n      \"ok\": null,\n      \"data\": null\n    },\n    {\n      \"ts\": 1783574095483,\n      \"kind\": \"event\",\n      \"method\": null,\n      \"event\": \"task\",\n      \"ok\": null,\n      \"data\": null\n    },\n    {\n      \"ts\": 1783574095491,\n      \"kind\": \"event\",\n      \"method\": null,\n      \"event\": \"task\",\n      \"ok\": null,\n      \"data\": null\n    },\n    {\n      \"ts\": 1783574095492,\n      \"kind\": \"event\",\n      \"method\": null,\n      \"event\": \"task\",\n      \"ok\": null,\n      \"data\": null\n    },\n    {\n      \"ts\": 1783574095500,\n      \"kind\": \"event\",\n      \"method\": null,\n      \"event\": \"task\",\n      \"ok\": null,\n      \"data\": null\n    },\n    {\n      \"ts\": 1783574095500,\n      \"kind\": \"event\",\n      \"method\": null,\n      \"event\": \"task\",\n      \"ok\": null,\n      \"data\": null\n    },\n    {\n      \"ts\": 1783574095501,\n      \"kind\": \"event\",\n      \"method\": null,\n      \"event\": \"agent\",\n      \"ok\": null,\n      \"data\": null\n    },\n    {\n      \"ts\": 1783574095501,\n      \"kind\": \"event\",\n      \"method\": null,\n      \"event\": \"agent\",\n      \"ok\": null,\n      \"data\": null\n    },\n    {\n      \"ts\": 1783574095616,\n      \"kind\": \"event\",\n      \"method\": null,\n      \"event\": \"task\",\n      \"ok\": null,\n      \"data\": null\n    },\n    {\n      \"ts\": 1783574095617,\n      \"kind\": \"event\",\n      \"method\": null,\n      \"event\": \"task\",\n      \"ok\": null,\n      \"data\": null\n    },\n    {\n      \"ts\": 1783574095654,\n      \"kind\": \"event\",\n      \"method\": null,\n      \"event\": \"agent\",\n      \"ok\": null,\n      \"data\": null\n    },\n    {\n      \"ts\": 1783574095654,\n      \"kind\": \"event\",\n      \"method\": null,\n      \"event\": \"chat\",\n      \"ok\": null,\n      \"data\": null\n    },\n    {\n      \"ts\": 1783574095654,\n      \"kind\": \"event\",\n      \"method\": null,\n      \"event\": \"chat\",\n      \"ok\": null,\n      \"data\": null\n    },\n    {\n      \"ts\": 1783574095660,\n      \"kind\": \"event\",\n      \"method\": null,\n      \"event\": \"task\",\n      \"ok\": null,\n      \"data\": null\n    },\n    {\n      \"ts\": 1783574095700,\n      \"kind\": \"event\",\n      \"method\": null,\n      \"event\": \"presence\",\n      \"ok\": null,\n      \"data\": null\n    },\n    {\n      \"ts\": 1783574095827,\n      \"kind\": \"event\",\n      \"method\": null,\n      \"event\": \"health\",\n      \"ok\": null,\n      \"data\": null\n    },\n    {\n      \"ts\": 1783574095845,\n      \"kind\": \"event\",\n      \"method\": null,\n      \"event\": \"presence\",\n      \"ok\": null,\n      \"data\": null\n    },\n    {\n      \"ts\": 1783574095874,\n      \"kind\": \"event\",\n      \"method\": null,\n      \"event\": \"task\",\n      \"ok\": null,\n      \"data\": null\n    },\n    {\n      \"ts\": 1783574095908,\n      \"kind\": \"event\",\n      \"method\": null,\n      \"event\": \"task\",\n      \"ok\": null,\n      \"data\": null\n    },\n    {\n      \"ts\": 1783574096250,\n      \"kind\": \"event\",\n      \"method\": null,\n      \"event\": \"task\",\n      \"ok\": null,\n      \"data\": null\n    },\n    {\n      \"ts\": 1783574097636,\n      \"kind\": \"event\",\n      \"method\": null,\n      \"event\": \"agent\",\n      \"ok\": null,\n      \"data\": null\n    },\n    {\n      \"ts\": 1783574098236,\n      \"kind\": \"event\",\n      \"method\": null,\n      \"event\": \"task\",\n      \"ok\": null,\n      \"data\": null\n    },\n    {\n      \"ts\": 1783574098236,\n      \"kind\": \"event\",\n      \"method\": null,\n      \"event\": \"task\",\n      \"ok\": null,\n      \"data\": null\n    },\n    {\n      \"ts\": 1783574098275,\n      \"kind\": \"event\",\n      \"method\": null,\n      \"event\": \"task\",\n      \"ok\": null,\n      \"data\": null\n    },\n    {\n      \"ts\": 1783574098465,\n      \"kind\": \"event\",\n      \"method\": null,\n      \"event\": \"health\",\n      \"ok\": null,\n      \"data\": null\n    },\n    {\n      \"ts\": 1783574098986,\n      \"kind\": \"event\",\n      \"method\": null,\n      \"event\": \"session.message\",\n      \"ok\": null,\n      \"data\": null\n    }\n  ],\n  \"ended\": \"2026-07-09T05:14:58.986Z\",\n  \"duration_ms\": 22880\n}" source=console
project81 k6 proof on cael	Run Project 81 k6 proof wrapper	2026-07-09T05:14:58.9985595Z time="2026-07-08T22:14:58-07:00" level=info msg="--- END EVIDENCE ---" source=console
project81 k6 proof on cael	Run Project 81 k6 proof wrapper	2026-07-09T05:14:58.9986233Z time="2026-07-08T22:14:58-07:00" level=info msg="\n[R-CD-MODEL-DEFAULT] VERDICT: PASS-candidate" source=console
project81 k6 proof on cael	Run Project 81 k6 proof wrapper	2026-07-09T05:14:58.9986695Z 
project81 k6 proof on cael	Run Project 81 k6 proof wrapper	2026-07-09T05:14:58.9987013Z [R-CD-MODEL-DEFAULT] Summary: PASS-candidate | SHA: 5292af40d0ad5303b85a678f6e629503a8725848 | Seat: cael
project81 k6 proof on cael	Run Project 81 k6 proof wrapper	2026-07-09T05:14:58.9987584Z 
project81 k6 proof on cael	Run Project 81 k6 proof wrapper	2026-07-09T05:14:58.9987757Z running (0m22.9s), 0/1 VUs, 1 complete and 0 interrupted iterations
project81 k6 proof on cael	Run Project 81 k6 proof wrapper	2026-07-09T05:14:58.9988454Z r_cd_model_default ✓ [ 100% ] 1 VUs  0m22.9s/3m0s  1/1 shared iters
project81 k6 proof on cael	Run Project 81 k6 proof wrapper	2026-07-09T05:14:59.0786563Z ./r-cd-model-default-summary.json
project81 k6 proof on cael	Run Project 81 k6 proof wrapper	2026-07-09T05:14:59.1864266Z [R-CD-MODEL-DEFAULT] METRICS: /home/figs/actions-runner/_work/openclaw-bootstrap/openclaw-bootstrap/openclaw-bootstrap/PROOFS/f5ac94305a4f96703120b3d887808669c533e700/project81-k6/20260709T051305Z-cael-dgx-4071269/5292af40d0ad5303b85a678f6e629503a8725848/R-CD-MODEL-DEFAULT/cael/20260709T051436Z-r-cd-model-default/openclaw-proofs-k6.prom
project81 k6 proof on cael	Run Project 81 k6 proof wrapper	2026-07-09T05:14:59.1875275Z [R-CD-MODEL-DEFAULT] ARTIFACTS: /home/figs/actions-runner/_work/openclaw-bootstrap/openclaw-bootstrap/openclaw-bootstrap/PROOFS/f5ac94305a4f96703120b3d887808669c533e700/project81-k6/20260709T051305Z-cael-dgx-4071269/5292af40d0ad5303b85a678f6e629503a8725848/R-CD-MODEL-DEFAULT/cael/20260709T051436Z-r-cd-model-default
project81 k6 proof on cael	Run Project 81 k6 proof wrapper	2026-07-09T05:14:59.1876803Z [R-CD-MODEL-DEFAULT] COMPLETED.
project81 k6 proof on cael	Run Project 81 k6 proof wrapper	2026-07-09T05:14:59.1877289Z Observability check: query Grafana for run/nonce or review Tempo traces if trace ID was emitted.
project81 k6 proof on cael	Run Project 81 k6 proof wrapper	2026-07-09T05:14:59.2158320Z 
project81 k6 proof on cael	Run Project 81 k6 proof wrapper	2026-07-09T05:14:59.2158719Z ----------------------------------------
project81 k6 proof on cael	Run Project 81 k6 proof wrapper	2026-07-09T05:14:59.2159058Z Row: R-CD-MODEL-TOKEN
project81 k6 proof on cael	Run Project 81 k6 proof wrapper	2026-07-09T05:14:59.2159752Z Manifest: /home/figs/actions-runner/_work/openclaw-bootstrap/openclaw-bootstrap/karmaterminal-openclaw-docs/tools/k6-proofs/manifests/r-cd-model-token.json
project81 k6 proof on cael	Run Project 81 k6 proof wrapper	2026-07-09T05:14:59.2160509Z Scenario: scenarios/r-cd-model-token.js
project81 k6 proof on cael	Run Project 81 k6 proof wrapper	2026-07-09T05:14:59.2160774Z Status: runnable
project81 k6 proof on cael	Run Project 81 k6 proof wrapper	2026-07-09T05:14:59.2160971Z Live Safety: k6-runnable
project81 k6 proof on cael	Run Project 81 k6 proof wrapper	2026-07-09T05:14:59.2161198Z [R-CD-MODEL-TOKEN] RUNNING...
project81 k6 proof on cael	Run Project 81 k6 proof wrapper	2026-07-09T05:14:59.2428986Z 
project81 k6 proof on cael	Run Project 81 k6 proof wrapper	2026-07-09T05:14:59.2429553Z          /\      Grafana   /‾‾/  
project81 k6 proof on cael	Run Project 81 k6 proof wrapper	2026-07-09T05:14:59.2429850Z     /\  /  \     |\  __   /  /   
project81 k6 proof on cael	Run Project 81 k6 proof wrapper	2026-07-09T05:14:59.2430124Z    /  \/    \    | |/ /  /   ‾‾\ 
project81 k6 proof on cael	Run Project 81 k6 proof wrapper	2026-07-09T05:14:59.2430387Z   /          \   |   (  |  (‾)  |
project81 k6 proof on cael	Run Project 81 k6 proof wrapper	2026-07-09T05:14:59.2430659Z  / __________ \  |_|\_\  \_____/ 
project81 k6 proof on cael	Run Project 81 k6 proof wrapper	2026-07-09T05:14:59.2430814Z 
project81 k6 proof on cael	Run Project 81 k6 proof wrapper	2026-07-09T05:14:59.2430819Z 
project81 k6 proof on cael	Run Project 81 k6 proof wrapper	2026-07-09T05:14:59.2430896Z      execution: local
project81 k6 proof on cael	Run Project 81 k6 proof wrapper	2026-07-09T05:14:59.2431148Z         script: scenarios/r-cd-model-token.js
project81 k6 proof on cael	Run Project 81 k6 proof wrapper	2026-07-09T05:14:59.2431435Z         output: -
project81 k6 proof on cael	Run Project 81 k6 proof wrapper	2026-07-09T05:14:59.2431551Z 
project81 k6 proof on cael	Run Project 81 k6 proof wrapper	2026-07-09T05:14:59.2431784Z      scenarios: (100.00%) 1 scenario, 1 max VUs, 4m0s max duration (incl. graceful stop):
project81 k6 proof on cael	Run Project 81 k6 proof wrapper	2026-07-09T05:14:59.2432388Z               * r_cd_model_token: 1 iterations shared among 1 VUs (maxDuration: 3m30s, gracefulStop: 30s)
project81 k6 proof on cael	Run Project 81 k6 proof wrapper	2026-07-09T05:14:59.2432768Z 
project81 k6 proof on cael	Run Project 81 k6 proof wrapper	2026-07-09T05:14:59.8407853Z time="2026-07-08T22:14:59-07:00" level=info msg="✓ disposable session created: agent:main:r-cd-model-token-r-cd-model-token-1783574099244-0u21skx7" source=console
project81 k6 proof on cael	Run Project 81 k6 proof wrapper	2026-07-09T05:15:00.2441179Z 
project81 k6 proof on cael	Run Project 81 k6 proof wrapper	2026-07-09T05:15:00.2441611Z running (0m01.0s), 1/1 VUs, 0 complete and 0 interrupted iterations
project81 k6 proof on cael	Run Project 81 k6 proof wrapper	2026-07-09T05:15:00.2442081Z r_cd_model_token   [   0% ] 1 VUs  0m01.0s/3m30s  0/1 shared iters
project81 k6 proof on cael	Run Project 81 k6 proof wrapper	2026-07-09T05:15:00.3773199Z time="2026-07-08T22:15:00-07:00" level=info msg="✓ sessions.send accepted — parent agent turn triggered" source=console
project81 k6 proof on cael	Run Project 81 k6 proof wrapper	2026-07-09T05:15:01.2434849Z 
project81 k6 proof on cael	Run Project 81 k6 proof wrapper	2026-07-09T05:15:01.2435312Z running (0m02.0s), 1/1 VUs, 0 complete and 0 interrupted iterations
project81 k6 proof on cael	Run Project 81 k6 proof wrapper	2026-07-09T05:15:01.2435775Z r_cd_model_token   [   0% ] 1 VUs  0m02.0s/3m30s  0/1 shared iters
project81 k6 proof on cael	Run Project 81 k6 proof wrapper	2026-07-09T05:15:02.2455718Z 
project81 k6 proof on cael	Run Project 81 k6 proof wrapper	2026-07-09T05:15:02.2466212Z running (0m03.0s), 1/1 VUs, 0 complete and 0 interrupted iterations
project81 k6 proof on cael	Run Project 81 k6 proof wrapper	2026-07-09T05:15:02.2476263Z r_cd_model_token   [   0% ] 1 VUs  0m03.0s/3m30s  0/1 shared iters
project81 k6 proof on cael	Run Project 81 k6 proof wrapper	2026-07-09T05:15:03.2450800Z 
project81 k6 proof on cael	Run Project 81 k6 proof wrapper	2026-07-09T05:15:03.2456816Z running (0m04.0s), 1/1 VUs, 0 complete and 0 interrupted iterations
project81 k6 proof on cael	Run Project 81 k6 proof wrapper	2026-07-09T05:15:03.2457286Z r_cd_model_token   [   0% ] 1 VUs  0m04.0s/3m30s  0/1 shared iters
project81 k6 proof on cael	Run Project 81 k6 proof wrapper	2026-07-09T05:15:04.2441864Z 
project81 k6 proof on cael	Run Project 81 k6 proof wrapper	2026-07-09T05:15:04.2446821Z running (0m05.0s), 1/1 VUs, 0 complete and 0 interrupted iterations
project81 k6 proof on cael	Run Project 81 k6 proof wrapper	2026-07-09T05:15:04.2450841Z r_cd_model_token   [   0% ] 1 VUs  0m05.0s/3m30s  0/1 shared iters
project81 k6 proof on cael	Run Project 81 k6 proof wrapper	2026-07-09T05:15:05.2440797Z 
project81 k6 proof on cael	Run Project 81 k6 proof wrapper	2026-07-09T05:15:05.2442354Z running (0m06.0s), 1/1 VUs, 0 complete and 0 interrupted iterations
project81 k6 proof on cael	Run Project 81 k6 proof wrapper	2026-07-09T05:15:05.2443505Z r_cd_model_token   [   0% ] 1 VUs  0m06.0s/3m30s  0/1 shared iters
project81 k6 proof on cael	Run Project 81 k6 proof wrapper	2026-07-09T05:15:06.2440703Z 
project81 k6 proof on cael	Run Project 81 k6 proof wrapper	2026-07-09T05:15:06.2441217Z running (0m07.0s), 1/1 VUs, 0 complete and 0 interrupted iterations
project81 k6 proof on cael	Run Project 81 k6 proof wrapper	2026-07-09T05:15:06.2441678Z r_cd_model_token   [   0% ] 1 VUs  0m07.0s/3m30s  0/1 shared iters
project81 k6 proof on cael	Run Project 81 k6 proof wrapper	2026-07-09T05:15:07.2444304Z 
project81 k6 proof on cael	Run Project 81 k6 proof wrapper	2026-07-09T05:15:07.2445852Z running (0m08.0s), 1/1 VUs, 0 complete and 0 interrupted iterations
project81 k6 proof on cael	Run Project 81 k6 proof wrapper	2026-07-09T05:15:07.2446129Z r_cd_model_token   [   0% ] 1 VUs  0m08.0s/3m30s  0/1 shared iters
project81 k6 proof on cael	Run Project 81 k6 proof wrapper	2026-07-09T05:15:08.2449682Z 
project81 k6 proof on cael	Run Project 81 k6 proof wrapper	2026-07-09T05:15:08.2455418Z running (0m09.0s), 1/1 VUs, 0 complete and 0 interrupted iterations
project81 k6 proof on cael	Run Project 81 k6 proof wrapper	2026-07-09T05:15:08.2456682Z r_cd_model_token   [   0% ] 1 VUs  0m09.0s/3m30s  0/1 shared iters
project81 k6 proof on cael	Run Project 81 k6 proof wrapper	2026-07-09T05:15:09.2457819Z 
project81 k6 proof on cael	Run Project 81 k6 proof wrapper	2026-07-09T05:15:09.2461793Z running (0m10.0s), 1/1 VUs, 0 complete and 0 interrupted iterations
project81 k6 proof on cael	Run Project 81 k6 proof wrapper	2026-07-09T05:15:09.2462231Z r_cd_model_token   [   0% ] 1 VUs  0m10.0s/3m30s  0/1 shared iters
project81 k6 proof on cael	Run Project 81 k6 proof wrapper	2026-07-09T05:15:10.2446690Z 
project81 k6 proof on cael	Run Project 81 k6 proof wrapper	2026-07-09T05:15:10.2448372Z running (0m11.0s), 1/1 VUs, 0 complete and 0 interrupted iterations
project81 k6 proof on cael	Run Project 81 k6 proof wrapper	2026-07-09T05:15:10.2448874Z r_cd_model_token   [   0% ] 1 VUs  0m11.0s/3m30s  0/1 shared iters
project81 k6 proof on cael	Run Project 81 k6 proof wrapper	2026-07-09T05:15:11.2434292Z 
project81 k6 proof on cael	Run Project 81 k6 proof wrapper	2026-07-09T05:15:11.2434843Z running (0m12.0s), 1/1 VUs, 0 complete and 0 interrupted iterations
project81 k6 proof on cael	Run Project 81 k6 proof wrapper	2026-07-09T05:15:11.2435314Z r_cd_model_token   [   0% ] 1 VUs  0m12.0s/3m30s  0/1 shared iters
project81 k6 proof on cael	Run Project 81 k6 proof wrapper	2026-07-09T05:15:12.2446900Z 
project81 k6 proof on cael	Run Project 81 k6 proof wrapper	2026-07-09T05:15:12.2454317Z running (0m13.0s), 1/1 VUs, 0 complete and 0 interrupted iterations
project81 k6 proof on cael	Run Project 81 k6 proof wrapper	2026-07-09T05:15:12.2462115Z r_cd_model_token   [   0% ] 1 VUs  0m13.0s/3m30s  0/1 shared iters
project81 k6 proof on cael	Run Project 81 k6 proof wrapper	2026-07-09T05:15:13.2446571Z 
project81 k6 proof on cael	Run Project 81 k6 proof wrapper	2026-07-09T05:15:13.2447854Z running (0m14.0s), 1/1 VUs, 0 complete and 0 interrupted iterations
project81 k6 proof on cael	Run Project 81 k6 proof wrapper	2026-07-09T05:15:13.2448320Z r_cd_model_token   [   0% ] 1 VUs  0m14.0s/3m30s  0/1 shared iters
project81 k6 proof on cael	Run Project 81 k6 proof wrapper	2026-07-09T05:15:14.2436323Z 
project81 k6 proof on cael	Run Project 81 k6 proof wrapper	2026-07-09T05:15:14.2437888Z running (0m15.0s), 1/1 VUs, 0 complete and 0 interrupted iterations
project81 k6 proof on cael	Run Project 81 k6 proof wrapper	2026-07-09T05:15:14.2438357Z r_cd_model_token   [   0% ] 1 VUs  0m15.0s/3m30s  0/1 shared iters
project81 k6 proof on cael	Run Project 81 k6 proof wrapper	2026-07-09T05:15:15.2441589Z 
project81 k6 proof on cael	Run Project 81 k6 proof wrapper	2026-07-09T05:15:15.2443012Z running (0m16.0s), 1/1 VUs, 0 complete and 0 interrupted iterations
project81 k6 proof on cael	Run Project 81 k6 proof wrapper	2026-07-09T05:15:15.2443289Z r_cd_model_token   [   0% ] 1 VUs  0m16.0s/3m30s  0/1 shared iters
project81 k6 proof on cael	Run Project 81 k6 proof wrapper	2026-07-09T05:15:16.2445183Z 
project81 k6 proof on cael	Run Project 81 k6 proof wrapper	2026-07-09T05:15:16.2451083Z running (0m17.0s), 1/1 VUs, 0 complete and 0 interrupted iterations
project81 k6 proof on cael	Run Project 81 k6 proof wrapper	2026-07-09T05:15:16.2456580Z r_cd_model_token   [   0% ] 1 VUs  0m17.0s/3m30s  0/1 shared iters
project81 k6 proof on cael	Run Project 81 k6 proof wrapper	2026-07-09T05:15:17.2446313Z 
project81 k6 proof on cael	Run Project 81 k6 proof wrapper	2026-07-09T05:15:17.2447855Z running (0m18.0s), 1/1 VUs, 0 complete and 0 interrupted iterations
project81 k6 proof on cael	Run Project 81 k6 proof wrapper	2026-07-09T05:15:17.2448317Z r_cd_model_token   [   0% ] 1 VUs  0m18.0s/3m30s  0/1 shared iters
project81 k6 proof on cael	Run Project 81 k6 proof wrapper	2026-07-09T05:15:18.2438322Z 
project81 k6 proof on cael	Run Project 81 k6 proof wrapper	2026-07-09T05:15:18.2438884Z running (0m19.0s), 1/1 VUs, 0 complete and 0 interrupted iterations
project81 k6 proof on cael	Run Project 81 k6 proof wrapper	2026-07-09T05:15:18.2439165Z r_cd_model_token   [   0% ] 1 VUs  0m19.0s/3m30s  0/1 shared iters
project81 k6 proof on cael	Run Project 81 k6 proof wrapper	2026-07-09T05:15:18.7458758Z time="2026-07-08T22:15:18-07:00" level=info msg="ℹ Ignoring harness prompt echo event" source=console
project81 k6 proof on cael	Run Project 81 k6 proof wrapper	2026-07-09T05:15:19.2456975Z 
project81 k6 proof on cael	Run Project 81 k6 proof wrapper	2026-07-09T05:15:19.2462677Z running (0m20.0s), 1/1 VUs, 0 complete and 0 interrupted iterations
project81 k6 proof on cael	Run Project 81 k6 proof wrapper	2026-07-09T05:15:19.2462990Z r_cd_model_token   [   0% ] 1 VUs  0m20.0s/3m30s  0/1 shared iters
project81 k6 proof on cael	Run Project 81 k6 proof wrapper	2026-07-09T05:15:20.2448849Z 
project81 k6 proof on cael	Run Project 81 k6 proof wrapper	2026-07-09T05:15:20.2454565Z running (0m21.0s), 1/1 VUs, 0 complete and 0 interrupted iterations
project81 k6 proof on cael	Run Project 81 k6 proof wrapper	2026-07-09T05:15:20.2459629Z r_cd_model_token   [   0% ] 1 VUs  0m21.0s/3m30s  0/1 shared iters
project81 k6 proof on cael	Run Project 81 k6 proof wrapper	2026-07-09T05:15:21.2443835Z 
project81 k6 proof on cael	Run Project 81 k6 proof wrapper	2026-07-09T05:15:21.2445231Z running (0m22.0s), 1/1 VUs, 0 complete and 0 interrupted iterations
project81 k6 proof on cael	Run Project 81 k6 proof wrapper	2026-07-09T05:15:21.2445503Z r_cd_model_token   [   0% ] 1 VUs  0m22.0s/3m30s  0/1 shared iters
project81 k6 proof on cael	Run Project 81 k6 proof wrapper	2026-07-09T05:15:22.2452337Z 
project81 k6 proof on cael	Run Project 81 k6 proof wrapper	2026-07-09T05:15:22.2459714Z running (0m23.0s), 1/1 VUs, 0 complete and 0 interrupted iterations
project81 k6 proof on cael	Run Project 81 k6 proof wrapper	2026-07-09T05:15:22.2467368Z r_cd_model_token   [   0% ] 1 VUs  0m23.0s/3m30s  0/1 shared iters
project81 k6 proof on cael	Run Project 81 k6 proof wrapper	2026-07-09T05:15:23.2441918Z 
project81 k6 proof on cael	Run Project 81 k6 proof wrapper	2026-07-09T05:15:23.2442529Z running (0m24.0s), 1/1 VUs, 0 complete and 0 interrupted iterations
project81 k6 proof on cael	Run Project 81 k6 proof wrapper	2026-07-09T05:15:23.2447678Z r_cd_model_token   [   0% ] 1 VUs  0m24.0s/3m30s  0/1 shared iters
project81 k6 proof on cael	Run Project 81 k6 proof wrapper	2026-07-09T05:15:24.2439430Z 
project81 k6 proof on cael	Run Project 81 k6 proof wrapper	2026-07-09T05:15:24.2440936Z running (0m25.0s), 1/1 VUs, 0 complete and 0 interrupted iterations
project81 k6 proof on cael	Run Project 81 k6 proof wrapper	2026-07-09T05:15:24.2441214Z r_cd_model_token   [   0% ] 1 VUs  0m25.0s/3m30s  0/1 shared iters
project81 k6 proof on cael	Run Project 81 k6 proof wrapper	2026-07-09T05:15:25.2437709Z 
project81 k6 proof on cael	Run Project 81 k6 proof wrapper	2026-07-09T05:15:25.2439146Z running (0m26.0s), 1/1 VUs, 0 complete and 0 interrupted iterations
project81 k6 proof on cael	Run Project 81 k6 proof wrapper	2026-07-09T05:15:25.2439417Z r_cd_model_token   [   0% ] 1 VUs  0m26.0s/3m30s  0/1 shared iters
project81 k6 proof on cael	Run Project 81 k6 proof wrapper	2026-07-09T05:15:25.6197359Z time="2026-07-08T22:15:25-07:00" level=info msg="✓ parent sessions_spawn acceptance signal observed" source=console
project81 k6 proof on cael	Run Project 81 k6 proof wrapper	2026-07-09T05:15:25.6197851Z time="2026-07-08T22:15:25-07:00" level=info msg="✓ bracket-token child turn observed" source=console
project81 k6 proof on cael	Run Project 81 k6 proof wrapper	2026-07-09T05:15:25.6198224Z time="2026-07-08T22:15:25-07:00" level=info msg="✓ bracket model modifier observed" source=console
project81 k6 proof on cael	Run Project 81 k6 proof wrapper	2026-07-09T05:15:25.6198664Z time="2026-07-08T22:15:25-07:00" level=info msg="✓ MODEL-TOKEN-DELEGATE-DONE return sentinel observed" source=console
project81 k6 proof on cael	Run Project 81 k6 proof wrapper	2026-07-09T05:15:25.6199091Z time="2026-07-08T22:15:25-07:00" level=info msg="All required R-CD-MODEL-TOKEN evidence gathered, closing early" source=console
project81 k6 proof on cael	Run Project 81 k6 proof wrapper	2026-07-09T05:15:25.6199528Z time="2026-07-08T22:15:25-07:00" level=info msg="\n--- R-CD-MODEL-TOKEN EVIDENCE SUMMARY ---" source=console
project81 k6 proof on cael	Run Project 81 k6 proof wrapper	2026-07-09T05:15:25.6248675Z time="2026-07-08T22:15:25-07:00" level=info msg="{\n  \"row\": \"R-CD-MODEL-TOKEN\",\n  \"manifest_loaded\": true,\n  \"nonce\": \"R-CD-MODEL-TOKEN-1783574099244-0u21skx7\",\n  \"seat\": \"cael\",\n  \"requestedSessionKey\": \"p81-5292-cael-live\",\n  \"sessionKey\": \"agent:main:r-cd-model-token-r-cd-model-token-1783574099244-0u21skx7\",\n  \"session_created\": true,\n  \"created_session_key\": \"agent:main:r-cd-model-token-r-cd-model-token-1783574099244-0u21skx7\",\n  \"candidateSha\": \"5292af40d0ad5303b85a678f6e629503a8725848\",\n  \"started\": \"2026-07-09T05:14:59.244Z\",\n  \"requested_model_byte\": \"gpt\",\n  \"prompt_injected\": true,\n  \"subagent_spawn_requested\": true,\n  \"subagent_spawn_accepted\": true,\n  \"bracket_token_observed\": true,\n  \"bracket_model_modifier_observed\": true,\n  \"child_session_observed\": true,\n  \"child_model_byte\": \"gpt\",\n  \"model_matches\": true,\n  \"return_payload\": true,\n  \"dispatch_accepted_at_ms\": 1783574100376,\n  \"child_session_key\": null,\n  \"trace_id\": null,\n  \"redacted_events\": [\n    {\n      \"ts\": 1783574099262,\n      \"kind\": \"event\",\n      \"method\": null,\n      \"event\": \"connect.challenge\",\n      \"ok\": null,\n      \"data\": null\n    },\n    {\n      \"ts\": 1783574099274,\n      \"kind\": \"other\",\n      \"method\": null,\n      \"event\": null,\n      \"ok\": null,\n      \"data\": null\n    },\n    {\n      \"ts\": 1783574099375,\n      \"kind\": \"event\",\n      \"method\": null,\n      \"event\": \"health\",\n      \"ok\": null,\n      \"data\": null\n    },\n    {\n      \"ts\": 1783574099840,\n      \"kind\": \"response\",\n      \"method\": \"sessions.create\",\n      \"event\": null,\n      \"ok\": true,\n      \"data\": {\n        \"ok\": true\n      }\n    },\n    {\n      \"ts\": 1783574099868,\n      \"kind\": \"response\",\n      \"method\": \"sessions.messages.subscribe\",\n      \"event\": null,\n      \"ok\": true,\n      \"data\": {}\n    },\n    {\n      \"ts\": 1783574100376,\n      \"kind\": \"response\",\n      \"method\": \"sessions.send\",\n      \"event\": null,\n      \"ok\": true,\n      \"data\": {\n        \"runId\": \"R-CD-MODEL-TOKEN-DISPATCH-R-CD-MODEL-TOKEN-1783574099244-0u21skx7\",\n        \"status\": \"started\"\n      }\n    },\n    {\n      \"ts\": 1783574100585,\n      \"kind\": \"event\",\n      \"method\": null,\n      \"event\": \"agent\",\n      \"ok\": null,\n      \"data\": null\n    },\n    {\n      \"ts\": 1783574100586,\n      \"kind\": \"event\",\n      \"method\": null,\n      \"event\": \"chat\",\n      \"ok\": null,\n      \"data\": null\n    },\n    {\n      \"ts\": 1783574101068,\n      \"kind\": \"event\",\n      \"method\": null,\n      \"event\": \"agent\",\n      \"ok\": null,\n      \"data\": null\n    },\n    {\n      \"ts\": 1783574101131,\n      \"kind\": \"event\",\n      \"method\": null,\n      \"event\": \"task\",\n      \"ok\": null,\n      \"data\": null\n    },\n    {\n      \"ts\": 1783574101132,\n      \"kind\": \"event\",\n      \"method\": null,\n      \"event\": \"task\",\n      \"ok\": null,\n      \"data\": null\n    },\n    {\n      \"ts\": 1783574101169,\n      \"kind\": \"event\",\n      \"method\": null,\n      \"event\": \"agent\",\n      \"ok\": null,\n      \"data\": null\n    },\n    {\n      \"ts\": 1783574102135,\n      \"kind\": \"event\",\n      \"method\": null,\n      \"event\": \"agent\",\n      \"ok\": null,\n      \"data\": null\n    },\n    {\n      \"ts\": 1783574102135,\n      \"kind\": \"event\",\n      \"method\": null,\n      \"event\": \"chat\",\n      \"ok\": null,\n      \"data\": null\n    },\n    {\n      \"ts\": 1783574102303,\n      \"kind\": \"event\",\n      \"method\": null,\n      \"event\": \"agent\",\n      \"ok\": null,\n      \"data\": null\n    },\n    {\n      \"ts\": 1783574102303,\n      \"kind\": \"event\",\n      \"method\": null,\n      \"event\": \"agent\",\n      \"ok\": null,\n      \"data\": null\n    },\n    {\n      \"ts\": 1783574102403,\n      \"kind\": \"event\",\n      \"method\": null,\n      \"event\": \"agent\",\n      \"ok\": null,\n      \"data\": null\n    },\n    {\n      \"ts\": 1783574102403,\n      \"kind\": \"event\",\n      \"method\": null,\n      \"event\": \"chat\",\n      \"ok\": null,\n      \"data\": null\n    },\n    {\n      \"ts\": 1783574102403,\n      \"kind\": \"event\",\n      \"method\": null,\n      \"event\": \"chat\",\n      \"ok\": null,\n      \"data\": null\n    },\n    {\n      \"ts\": 1783574103406,\n      \"kind\": \"event\",\n      \"method\": null,\n      \"event\": \"agent\",\n      \"ok\": null,\n      \"data\": null\n    },\n    {\n      \"ts\": 1783574104904,\n      \"kind\": \"event\",\n      \"method\": null,\n      \"event\": \"health\",\n      \"ok\": null,\n      \"data\": null\n    },\n    {\n      \"ts\": 1783574104976,\n      \"kind\": \"event\",\n      \"method\": null,\n      \"event\": \"task\",\n      \"ok\": null,\n      \"data\": null\n    },\n    {\n      \"ts\": 1783574104977,\n      \"kind\": \"event\",\n      \"method\": null,\n      \"event\": \"task\",\n      \"ok\": null,\n      \"data\": null\n    },\n    {\n      \"ts\": 1783574104977,\n      \"kind\": \"event\",\n      \"method\": null,\n      \"event\": \"task\",\n      \"ok\": null,\n      \"data\": null\n    },\n    {\n      \"ts\": 1783574104978,\n      \"kind\": \"event\",\n      \"method\": null,\n      \"event\": \"task\",\n      \"ok\": null,\n      \"data\": null\n    },\n    {\n      \"ts\": 1783574104989,\n      \"kind\": \"event\",\n      \"method\": null,\n      \"event\": \"agent\",\n      \"ok\": null,\n      \"data\": null\n    },\n    {\n      \"ts\": 1783574104992,\n      \"kind\": \"event\",\n      \"method\": null,\n      \"event\": \"presence\",\n      \"ok\": null,\n      \"data\": null\n    },\n    {\n      \"ts\": 1783574105038,\n      \"kind\": \"event\",\n      \"method\": null,\n      \"event\": \"agent\",\n      \"ok\": null,\n      \"data\": null\n    },\n    {\n      \"ts\": 1783574105062,\n      \"kind\": \"event\",\n      \"method\": null,\n      \"event\": \"task\",\n      \"ok\": null,\n      \"data\": null\n    },\n    {\n      \"ts\": 1783574105062,\n      \"kind\": \"event\",\n      \"method\": null,\n      \"event\": \"task\",\n      \"ok\": null,\n      \"data\": null\n    },\n    {\n      \"ts\": 1783574105063,\n      \"kind\": \"event\",\n      \"method\": null,\n      \"event\": \"task\",\n      \"ok\": null,\n      \"data\": null\n    },\n    {\n      \"ts\": 1783574105063,\n      \"kind\": \"event\",\n      \"method\": null,\n      \"event\": \"task\",\n      \"ok\": null,\n      \"data\": null\n    },\n    {\n      \"ts\": 1783574105075,\n      \"kind\": \"event\",\n      \"method\": null,\n      \"event\": \"agent\",\n      \"ok\": null,\n      \"data\": null\n    },\n    {\n      \"ts\": 1783574105123,\n      \"kind\": \"event\",\n      \"method\": null,\n      \"event\": \"task\",\n      \"ok\": null,\n      \"data\": null\n    },\n    {\n      \"ts\": 1783574105124,\n      \"kind\": \"event\",\n      \"method\": null,\n      \"event\": \"task\",\n      \"ok\": null,\n      \"data\": null\n    },\n    {\n      \"ts\": 1783574105163,\n      \"kind\": \"event\",\n      \"method\": null,\n      \"event\": \"task\",\n      \"ok\": null,\n      \"data\": null\n    },\n    {\n      \"ts\": 1783574105352,\n      \"kind\": \"event\",\n      \"method\": null,\n      \"event\": \"health\",\n      \"ok\": null,\n      \"data\": null\n    },\n    {\n      \"ts\": 1783574110185,\n      \"kind\": \"event\",\n      \"method\": null,\n      \"event\": \"agent\",\n      \"ok\": null,\n      \"data\": null\n    },\n    {\n      \"ts\": 1783574110185,\n      \"kind\": \"event\",\n      \"method\": null,\n      \"event\": \"chat\",\n      \"ok\": null,\n      \"data\": null\n    },\n    {\n      \"ts\": 1783574110533,\n      \"kind\": \"event\",\n      \"method\": null,\n      \"event\": \"agent\",\n      \"ok\": null,\n      \"data\": null\n    },\n    {\n      \"ts\": 1783574110589,\n      \"kind\": \"event\",\n      \"method\": null,\n      \"event\": \"task\",\n      \"ok\": null,\n      \"data\": null\n    },\n    {\n      \"ts\": 1783574110589,\n      \"kind\": \"event\",\n      \"method\": null,\n      \"event\": \"task\",\n      \"ok\": null,\n      \"data\": null\n    },\n    {\n      \"ts\": 1783574110590,\n      \"kind\": \"event\",\n      \"method\": null,\n      \"event\": \"agent\",\n      \"ok\": null,\n      \"data\": null\n    },\n    {\n      \"ts\": 1783574113335,\n      \"kind\": \"event\",\n      \"method\": null,\n      \"event\": \"task\",\n      \"ok\": null,\n      \"data\": null\n    },\n    {\n      \"ts\": 1783574113336,\n      \"kind\": \"event\",\n      \"method\": null,\n      \"event\": \"task\",\n      \"ok\": null,\n      \"data\": null\n    },\n    {\n      \"ts\": 1783574113336,\n      \"kind\": \"event\",\n      \"method\": null,\n      \"event\": \"agent\",\n      \"ok\": null,\n      \"data\": null\n    },\n    {\n      \"ts\": 1783574113336,\n      \"kind\": \"event\",\n      \"method\": null,\n      \"event\": \"chat\",\n      \"ok\": null,\n      \"data\": null\n    },\n    {\n      \"ts\": 1783574113336,\n      \"kind\": \"event\",\n      \"method\": null,\n      \"event\": \"task\",\n      \"ok\": null,\n      \"data\": null\n    },\n    {\n      \"ts\": 1783574113337,\n      \"kind\": \"event\",\n      \"method\": null,\n      \"event\": \"task\",\n      \"ok\": null,\n      \"data\": null\n    },\n    {\n      \"ts\": 1783574113338,\n      \"kind\": \"event\",\n      \"method\": null,\n      \"event\": \"task\",\n      \"ok\": null,\n      \"data\": null\n    },\n    {\n      \"ts\": 1783574113338,\n      \"kind\": \"event\",\n      \"method\": null,\n      \"event\": \"task\",\n      \"ok\": null,\n      \"data\": null\n    },\n    {\n      \"ts\": 1783574113339,\n      \"kind\": \"event\",\n      \"method\": null,\n      \"event\": \"task\",\n      \"ok\": null,\n      \"data\": null\n    },\n    {\n      \"ts\": 1783574113339,\n      \"kind\": \"event\",\n      \"method\": null,\n      \"event\": \"task\",\n      \"ok\": null,\n      \"data\": null\n    },\n    {\n      \"ts\": 1783574113340,\n      \"kind\": \"event\",\n      \"method\": null,\n      \"event\": \"task\",\n      \"ok\": null,\n      \"data\": null\n    },\n    {\n      \"ts\": 1783574113340,\n      \"kind\": \"event\",\n      \"method\": null,\n      \"event\": \"task\",\n      \"ok\": null,\n      \"data\": null\n    },\n    {\n      \"ts\": 1783574113340,\n      \"kind\": \"event\",\n      \"method\": null,\n      \"event\": \"task\",\n      \"ok\": null,\n      \"data\": null\n    },\n    {\n      \"ts\": 1783574113341,\n      \"kind\": \"event\",\n      \"method\": null,\n      \"event\": \"task\",\n      \"ok\": null,\n      \"data\": null\n    },\n    {\n      \"ts\": 1783574113341,\n      \"kind\": \"event\",\n      \"method\": null,\n      \"event\": \"task\",\n      \"ok\": null,\n      \"data\": null\n    },\n    {\n      \"ts\": 1783574113342,\n      \"kind\": \"event\",\n      \"method\": null,\n      \"event\": \"task\",\n      \"ok\": null,\n      \"data\": null\n    },\n    {\n      \"ts\": 1783574113342,\n      \"kind\": \"event\",\n      \"method\": null,\n      \"event\": \"task\",\n      \"ok\": null,\n      \"data\": null\n    },\n    {\n      \"ts\": 1783574113342,\n      \"kind\": \"event\",\n      \"method\": null,\n      \"event\": \"task\",\n      \"ok\": null,\n      \"data\": null\n    },\n    {\n      \"ts\": 1783574113343,\n      \"kind\": \"event\",\n      \"method\": null,\n      \"event\": \"task\",\n      \"ok\": null,\n      \"data\": null\n    },\n    {\n      \"ts\": 1783574113343,\n      \"kind\": \"event\",\n      \"method\": null,\n      \"event\": \"task\",\n      \"ok\": null,\n      \"data\": null\n    },\n    {\n      \"ts\": 1783574113344,\n      \"kind\": \"event\",\n      \"method\": null,\n      \"event\": \"task\",\n      \"ok\": null,\n      \"data\": null\n    },\n    {\n      \"ts\": 1783574113344,\n      \"kind\": \"event\",\n      \"method\": null,\n      \"event\": \"task\",\n      \"ok\": null,\n      \"data\": null\n    },\n    {\n      \"ts\": 1783574113345,\n      \"kind\": \"event\",\n      \"method\": null,\n      \"event\": \"task\",\n      \"ok\": null,\n      \"data\": null\n    },\n    {\n      \"ts\": 1783574113345,\n      \"kind\": \"event\",\n      \"method\": null,\n      \"event\": \"task\",\n      \"ok\": null,\n      \"data\": null\n    },\n    {\n      \"ts\": 1783574113346,\n      \"kind\": \"event\",\n      \"method\": null,\n      \"event\": \"task\",\n      \"ok\": null,\n      \"data\": null\n    },\n    {\n      \"ts\": 1783574113346,\n      \"kind\": \"event\",\n      \"method\": null,\n      \"event\": \"task\",\n      \"ok\": null,\n      \"data\": null\n    },\n    {\n      \"ts\": 1783574113346,\n      \"kind\": \"event\",\n      \"method\": null,\n      \"event\": \"task\",\n      \"ok\": null,\n      \"data\": null\n    },\n    {\n      \"ts\": 1783574113347,\n      \"kind\": \"event\",\n      \"method\": null,\n      \"event\": \"task\",\n      \"ok\": null,\n      \"data\": null\n    },\n    {\n      \"ts\": 1783574113348,\n      \"kind\": \"event\",\n      \"method\": null,\n      \"event\": \"task\",\n      \"ok\": null,\n      \"data\": null\n    },\n    {\n      \"ts\": 1783574113349,\n      \"kind\": \"event\",\n      \"method\": null,\n      \"event\": \"task\",\n      \"ok\": null,\n      \"data\": null\n    },\n    {\n      \"ts\": 1783574113349,\n      \"kind\": \"event\",\n      \"method\": null,\n      \"event\": \"task\",\n      \"ok\": null,\n      \"data\": null\n    },\n    {\n      \"ts\": 1783574113349,\n      \"kind\": \"event\",\n      \"method\": null,\n      \"event\": \"task\",\n      \"ok\": null,\n      \"data\": null\n    },\n    {\n      \"ts\": 1783574113350,\n      \"kind\": \"event\",\n      \"method\": null,\n      \"event\": \"task\",\n      \"ok\": null,\n      \"data\": null\n    },\n    {\n      \"ts\": 1783574113350,\n      \"kind\": \"event\",\n      \"method\": null,\n      \"event\": \"task\",\n      \"ok\": null,\n      \"data\": null\n    },\n    {\n      \"ts\": 1783574113351,\n      \"kind\": \"event\",\n      \"method\": null,\n      \"event\": \"task\",\n      \"ok\": null,\n      \"data\": null\n    },\n    {\n      \"ts\": 1783574113351,\n      \"kind\": \"event\",\n      \"method\": null,\n      \"event\": \"task\",\n      \"ok\": null,\n      \"data\": null\n    },\n    {\n      \"ts\": 1783574113352,\n      \"kind\": \"event\",\n      \"method\": null,\n      \"event\": \"task\",\n      \"ok\": null,\n      \"data\": null\n    },\n    {\n      \"ts\": 1783574113352,\n      \"kind\": \"event\",\n      \"method\": null,\n      \"event\": \"task\",\n      \"ok\": null,\n      \"data\": null\n    },\n    {\n      \"ts\": 1783574113352,\n      \"kind\": \"event\",\n      \"method\": null,\n      \"event\": \"task\",\n      \"ok\": null,\n      \"data\": null\n    },\n    {\n      \"ts\": 1783574113353,\n      \"kind\": \"event\",\n      \"method\": null,\n      \"event\": \"task\",\n      \"ok\": null,\n      \"data\": null\n    },\n    {\n      \"ts\": 1783574113353,\n      \"kind\": \"event\",\n      \"method\": null,\n      \"event\": \"task\",\n      \"ok\": null,\n      \"data\": null\n    },\n    {\n      \"ts\": 1783574113353,\n      \"kind\": \"event\",\n      \"method\": null,\n      \"event\": \"task\",\n      \"ok\": null,\n      \"data\": null\n    },\n    {\n      \"ts\": 1783574113354,\n      \"kind\": \"event\",\n      \"method\": null,\n      \"event\": \"task\",\n      \"ok\": null,\n      \"data\": null\n    },\n    {\n      \"ts\": 1783574113355,\n      \"kind\": \"event\",\n      \"method\": null,\n      \"event\": \"task\",\n      \"ok\": null,\n      \"data\": null\n    },\n    {\n      \"ts\": 1783574113384,\n      \"kind\": \"event\",\n      \"method\": null,\n      \"event\": \"task\",\n      \"ok\": null,\n      \"data\": null\n    },\n    {\n      \"ts\": 1783574113384,\n      \"kind\": \"event\",\n      \"method\": null,\n      \"event\": \"task\",\n      \"ok\": null,\n      \"data\": null\n    },\n    {\n      \"ts\": 1783574113384,\n      \"kind\": \"event\",\n      \"method\": null,\n      \"event\": \"agent\",\n      \"ok\": null,\n      \"data\": null\n    },\n    {\n      \"ts\": 1783574113384,\n      \"kind\": \"event\",\n      \"method\": null,\n      \"event\": \"agent\",\n      \"ok\": null,\n      \"data\": null\n    },\n    {\n      \"ts\": 1783574113500,\n      \"kind\": \"event\",\n      \"method\": null,\n      \"event\": \"task\",\n      \"ok\": null,\n      \"data\": null\n    },\n    {\n      \"ts\": 1783574113500,\n      \"kind\": \"event\",\n      \"method\": null,\n      \"event\": \"task\",\n      \"ok\": null,\n      \"data\": null\n    },\n    {\n      \"ts\": 1783574113538,\n      \"kind\": \"event\",\n      \"method\": null,\n      \"event\": \"agent\",\n      \"ok\": null,\n      \"data\": null\n    },\n    {\n      \"ts\": 1783574113538,\n      \"kind\": \"event\",\n      \"method\": null,\n      \"event\": \"chat\",\n      \"ok\": null,\n      \"data\": null\n    },\n    {\n      \"ts\": 1783574113538,\n      \"kind\": \"event\",\n      \"method\": null,\n      \"event\": \"chat\",\n      \"ok\": null,\n      \"data\": null\n    },\n    {\n      \"ts\": 1783574113542,\n      \"kind\": \"event\",\n      \"method\": null,\n      \"event\": \"task\",\n      \"ok\": null,\n      \"data\": null\n    },\n    {\n      \"ts\": 1783574113593,\n      \"kind\": \"event\",\n      \"method\": null,\n      \"event\": \"presence\",\n      \"ok\": null,\n      \"data\": null\n    },\n    {\n      \"ts\": 1783574113708,\n      \"kind\": \"event\",\n      \"method\": null,\n      \"event\": \"health\",\n      \"ok\": null,\n      \"data\": null\n    },\n    {\n      \"ts\": 1783574113737,\n      \"kind\": \"event\",\n      \"method\": null,\n      \"event\": \"agent\",\n      \"ok\": null,\n      \"data\": null\n    },\n    {\n      \"ts\": 1783574113740,\n      \"kind\": \"event\",\n      \"method\": null,\n      \"event\": \"presence\",\n      \"ok\": null,\n      \"data\": null\n    },\n    {\n      \"ts\": 1783574113778,\n      \"kind\": \"event\",\n      \"method\": null,\n      \"event\": \"task\",\n      \"ok\": null,\n      \"data\": null\n    },\n    {\n      \"ts\": 1783574113806,\n      \"kind\": \"event\",\n      \"method\": null,\n      \"event\": \"task\",\n      \"ok\": null,\n      \"data\": null\n    },\n    {\n      \"ts\": 1783574114117,\n      \"kind\": \"event\",\n      \"method\": null,\n      \"event\": \"task\",\n      \"ok\": null,\n      \"data\": null\n    },\n    {\n      \"ts\": 1783574115576,\n      \"kind\": \"event\",\n      \"method\": null,\n      \"event\": \"health\",\n      \"ok\": null,\n      \"data\": null\n    },\n    {\n      \"ts\": 1783574115587,\n      \"kind\": \"event\",\n      \"method\": null,\n      \"event\": \"presence\",\n      \"ok\": null,\n      \"data\": null\n    },\n    {\n      \"ts\": 1783574115623,\n      \"kind\": \"event\",\n      \"method\": null,\n      \"event\": \"agent\",\n      \"ok\": null,\n      \"data\": null\n    },\n    {\n      \"ts\": 1783574115942,\n      \"kind\": \"event\",\n      \"method\": null,\n      \"event\": \"task\",\n      \"ok\": null,\n      \"data\": null\n    },\n    {\n      \"ts\": 1783574115943,\n      \"kind\": \"event\",\n      \"method\": null,\n      \"event\": \"task\",\n      \"ok\": null,\n      \"data\": null\n    },\n    {\n      \"ts\": 1783574115943,\n      \"kind\": \"event\",\n      \"method\": null,\n      \"event\": \"task\",\n      \"ok\": null,\n      \"data\": null\n    },\n    {\n      \"ts\": 1783574115943,\n      \"kind\": \"event\",\n      \"method\": null,\n      \"event\": \"task\",\n      \"ok\": null,\n      \"data\": null\n    },\n    {\n      \"ts\": 1783574115955,\n      \"kind\": \"event\",\n      \"method\": null,\n      \"event\": \"agent\",\n      \"ok\": null,\n      \"data\": null\n    },\n    {\n      \"ts\": 1783574115963,\n      \"kind\": \"event\",\n      \"method\": null,\n      \"event\": \"task\",\n      \"ok\": null,\n      \"data\": null\n    },\n    {\n      \"ts\": 1783574115963,\n      \"kind\": \"event\",\n      \"method\": null,\n      \"event\": \"task\",\n      \"ok\": null,\n      \"data\": null\n    },\n    {\n      \"ts\": 1783574115964,\n      \"kind\": \"event\",\n      \"method\": null,\n      \"event\": \"task\",\n      \"ok\": null,\n      \"data\": null\n    },\n    {\n      \"ts\": 1783574115964,\n      \"kind\": \"event\",\n      \"method\": null,\n      \"event\": \"task\",\n      \"ok\": null,\n      \"data\": null\n    },\n    {\n      \"ts\": 1783574115976,\n      \"kind\": \"event\",\n      \"method\": null,\n      \"event\": \"agent\",\n      \"ok\": null,\n      \"data\": null\n    },\n    {\n      \"ts\": 1783574115980,\n      \"kind\": \"event\",\n      \"method\": null,\n      \"event\": \"task\",\n      \"ok\": null,\n      \"data\": null\n    },\n    {\n      \"ts\": 1783574115980,\n      \"kind\": \"event\",\n      \"method\": null,\n      \"event\": \"task\",\n      \"ok\": null,\n      \"data\": null\n    },\n    {\n      \"ts\": 1783574115982,\n      \"kind\": \"event\",\n      \"method\": null,\n      \"event\": \"agent\",\n      \"ok\": null,\n      \"data\": null\n    },\n    {\n      \"ts\": 1783574115982,\n      \"kind\": \"event\",\n      \"method\": null,\n      \"event\": \"chat\",\n      \"ok\": null,\n      \"data\": null\n    },\n    {\n      \"ts\": 1783574115987,\n      \"kind\": \"event\",\n      \"method\": null,\n      \"event\": \"task\",\n      \"ok\": null,\n      \"data\": null\n    },\n    {\n      \"ts\": 1783574115988,\n      \"kind\": \"event\",\n      \"method\": null,\n      \"event\": \"task\",\n      \"ok\": null,\n      \"data\": null\n    },\n    {\n      \"ts\": 1783574115988,\n      \"kind\": \"event\",\n      \"method\": null,\n      \"event\": \"agent\",\n      \"ok\": null,\n      \"data\": null\n    },\n    {\n      \"ts\": 1783574116115,\n      \"kind\": \"event\",\n      \"method\": null,\n      \"event\": \"task\",\n      \"ok\": null,\n      \"data\": null\n    },\n    {\n      \"ts\": 1783574116116,\n      \"kind\": \"event\",\n      \"method\": null,\n      \"event\": \"task\",\n      \"ok\": null,\n      \"data\": null\n    },\n    {\n      \"ts\": 1783574116153,\n      \"kind\": \"event\",\n      \"method\": null,\n      \"event\": \"agent\",\n      \"ok\": null,\n      \"data\": null\n    },\n    {\n      \"ts\": 1783574116157,\n      \"kind\": \"event\",\n      \"method\": null,\n      \"event\": \"presence\",\n      \"ok\": null,\n      \"data\": null\n    },\n    {\n      \"ts\": 1783574116206,\n      \"kind\": \"event\",\n      \"method\": null,\n      \"event\": \"task\",\n      \"ok\": null,\n      \"data\": null\n    },\n    {\n      \"ts\": 1783574116386,\n      \"kind\": \"event\",\n      \"method\": null,\n      \"event\": \"health\",\n      \"ok\": null,\n      \"data\": null\n    },\n    {\n      \"ts\": 1783574116401,\n      \"kind\": \"event\",\n      \"method\": null,\n      \"event\": \"presence\",\n      \"ok\": null,\n      \"data\": null\n    },\n    {\n      \"ts\": 1783574116600,\n      \"kind\": \"event\",\n      \"method\": null,\n      \"event\": \"task\",\n      \"ok\": null,\n      \"data\": null\n    },\n    {\n      \"ts\": 1783574118236,\n      \"kind\": \"event\",\n      \"method\": null,\n      \"event\": \"agent\",\n      \"ok\": null,\n      \"data\": null\n    },\n    {\n      \"ts\": 1783574118236,\n      \"kind\": \"event\",\n      \"method\": null,\n      \"event\": \"chat\",\n      \"ok\": null,\n      \"data\": null\n    },\n    {\n      \"ts\": 1783574118687,\n      \"kind\": \"event\",\n      \"method\": null,\n      \"event\": \"agent\",\n      \"ok\": null,\n      \"data\": null\n    },\n    {\n      \"ts\": 1783574118704,\n      \"kind\": \"event\",\n      \"method\": null,\n      \"event\": \"agent\",\n      \"ok\": null,\n      \"data\": null\n    },\n    {\n      \"ts\": 1783574118745,\n      \"kind\": \"event\",\n      \"method\": null,\n      \"event\": \"session.message\",\n      \"ok\": null,\n      \"data\": null\n    },\n    {\n      \"ts\": 1783574119323,\n      \"kind\": \"event\",\n      \"method\": null,\n      \"event\": \"health\",\n      \"ok\": null,\n      \"data\": null\n    },\n    {\n      \"ts\": 1783574119657,\n      \"kind\": \"event\",\n      \"method\": null,\n      \"event\": \"tick\",\n      \"ok\": null,\n      \"data\": null\n    },\n    {\n      \"ts\": 1783574121300,\n      \"kind\": \"event\",\n      \"method\": null,\n      \"event\": \"agent\",\n      \"ok\": null,\n      \"data\": null\n    },\n    {\n      \"ts\": 1783574122374,\n      \"kind\": \"event\",\n      \"method\": null,\n      \"event\": \"health\",\n      \"ok\": null,\n      \"data\": null\n    },\n    {\n      \"ts\": 1783574122388,\n      \"kind\": \"event\",\n      \"method\": null,\n      \"event\": \"presence\",\n      \"ok\": null,\n      \"data\": null\n    },\n    {\n      \"ts\": 1783574122633,\n      \"kind\": \"event\",\n      \"method\": null,\n      \"event\": \"agent\",\n      \"ok\": null,\n      \"data\": null\n    },\n    {\n      \"ts\": 1783574125385,\n      \"kind\": \"event\",\n      \"method\": null,\n      \"event\": \"agent\",\n      \"ok\": null,\n      \"data\": null\n    },\n    {\n      \"ts\": 1783574125385,\n      \"kind\": \"event\",\n      \"method\": null,\n      \"event\": \"chat\",\n      \"ok\": null,\n      \"data\": null\n    },\n    {\n      \"ts\": 1783574125560,\n      \"kind\": \"event\",\n      \"method\": null,\n      \"event\": \"task\",\n      \"ok\": null,\n      \"data\": null\n    },\n    {\n      \"ts\": 1783574125561,\n      \"kind\": \"event\",\n      \"method\": null,\n      \"event\": \"task\",\n      \"ok\": null,\n      \"data\": null\n    },\n    {\n      \"ts\": 1783574125562,\n      \"kind\": \"event\",\n      \"method\": null,\n      \"event\": \"agent\",\n      \"ok\": null,\n      \"data\": null\n    },\n    {\n      \"ts\": 1783574125618,\n      \"kind\": \"event\",\n      \"method\": null,\n      \"event\": \"session.message\",\n      \"ok\": null,\n      \"data\": null\n    }\n  ],\n  \"ended\": \"2026-07-09T05:15:25.619Z\",\n  \"duration_ms\": 26375\n}" source=console
project81 k6 proof on cael	Run Project 81 k6 proof wrapper	2026-07-09T05:15:25.6282129Z time="2026-07-08T22:15:25-07:00" level=info msg="--- END EVIDENCE ---" source=console
project81 k6 proof on cael	Run Project 81 k6 proof wrapper	2026-07-09T05:15:25.6282453Z time="2026-07-08T22:15:25-07:00" level=info msg="\n[R-CD-MODEL-TOKEN] VERDICT: PASS-candidate" source=console
project81 k6 proof on cael	Run Project 81 k6 proof wrapper	2026-07-09T05:15:25.6282658Z 
project81 k6 proof on cael	Run Project 81 k6 proof wrapper	2026-07-09T05:15:25.6282825Z [R-CD-MODEL-TOKEN] Summary: PASS-candidate | SHA: 5292af40d0ad5303b85a678f6e629503a8725848 | Seat: cael
project81 k6 proof on cael	Run Project 81 k6 proof wrapper	2026-07-09T05:15:25.6283101Z 
project81 k6 proof on cael	Run Project 81 k6 proof wrapper	2026-07-09T05:15:25.6283190Z running (0m26.4s), 0/1 VUs, 1 complete and 0 interrupted iterations
project81 k6 proof on cael	Run Project 81 k6 proof wrapper	2026-07-09T05:15:25.6283580Z r_cd_model_token ✓ [ 100% ] 1 VUs  0m26.4s/3m30s  1/1 shared iters
project81 k6 proof on cael	Run Project 81 k6 proof wrapper	2026-07-09T05:15:25.7139924Z ./r-cd-model-token-summary.json
project81 k6 proof on cael	Run Project 81 k6 proof wrapper	2026-07-09T05:15:25.8127154Z [R-CD-MODEL-TOKEN] METRICS: /home/figs/actions-runner/_work/openclaw-bootstrap/openclaw-bootstrap/openclaw-bootstrap/PROOFS/f5ac94305a4f96703120b3d887808669c533e700/project81-k6/20260709T051305Z-cael-dgx-4071269/5292af40d0ad5303b85a678f6e629503a8725848/R-CD-MODEL-TOKEN/cael/20260709T051459Z-r-cd-model-token/openclaw-proofs-k6.prom
project81 k6 proof on cael	Run Project 81 k6 proof wrapper	2026-07-09T05:15:25.8138073Z [R-CD-MODEL-TOKEN] ARTIFACTS: /home/figs/actions-runner/_work/openclaw-bootstrap/openclaw-bootstrap/openclaw-bootstrap/PROOFS/f5ac94305a4f96703120b3d887808669c533e700/project81-k6/20260709T051305Z-cael-dgx-4071269/5292af40d0ad5303b85a678f6e629503a8725848/R-CD-MODEL-TOKEN/cael/20260709T051459Z-r-cd-model-token
project81 k6 proof on cael	Run Project 81 k6 proof wrapper	2026-07-09T05:15:25.8138771Z [R-CD-MODEL-TOKEN] COMPLETED.
project81 k6 proof on cael	Run Project 81 k6 proof wrapper	2026-07-09T05:15:25.8139035Z Observability check: query Grafana for run/nonce or review Tempo traces if trace ID was emitted.
project81 k6 proof on cael	Run Project 81 k6 proof wrapper	2026-07-09T05:15:25.8428763Z 
project81 k6 proof on cael	Run Project 81 k6 proof wrapper	2026-07-09T05:15:25.8429194Z ----------------------------------------
project81 k6 proof on cael	Run Project 81 k6 proof wrapper	2026-07-09T05:15:25.8429491Z Row: R-CD-MODEL-TOOL
project81 k6 proof on cael	Run Project 81 k6 proof wrapper	2026-07-09T05:15:25.8429917Z Manifest: /home/figs/actions-runner/_work/openclaw-bootstrap/openclaw-bootstrap/karmaterminal-openclaw-docs/tools/k6-proofs/manifests/r-cd-model-tool.json
project81 k6 proof on cael	Run Project 81 k6 proof wrapper	2026-07-09T05:15:25.8430325Z Scenario: scenarios/r-cd-model-tool.js
project81 k6 proof on cael	Run Project 81 k6 proof wrapper	2026-07-09T05:15:25.8430464Z Status: runnable
project81 k6 proof on cael	Run Project 81 k6 proof wrapper	2026-07-09T05:15:25.8430567Z Live Safety: k6-runnable
project81 k6 proof on cael	Run Project 81 k6 proof wrapper	2026-07-09T05:15:25.8430690Z [R-CD-MODEL-TOOL] RUNNING...
project81 k6 proof on cael	Run Project 81 k6 proof wrapper	2026-07-09T05:15:25.8637524Z 
project81 k6 proof on cael	Run Project 81 k6 proof wrapper	2026-07-09T05:15:25.8638110Z          /\      Grafana   /‾‾/  
project81 k6 proof on cael	Run Project 81 k6 proof wrapper	2026-07-09T05:15:25.8638304Z     /\  /  \     |\  __   /  /   
project81 k6 proof on cael	Run Project 81 k6 proof wrapper	2026-07-09T05:15:25.8638451Z    /  \/    \    | |/ /  /   ‾‾\ 
project81 k6 proof on cael	Run Project 81 k6 proof wrapper	2026-07-09T05:15:25.8638589Z   /          \   |   (  |  (‾)  |
project81 k6 proof on cael	Run Project 81 k6 proof wrapper	2026-07-09T05:15:25.8638705Z  / __________ \  |_|\_\  \_____/ 
project81 k6 proof on cael	Run Project 81 k6 proof wrapper	2026-07-09T05:15:25.8638806Z 
project81 k6 proof on cael	Run Project 81 k6 proof wrapper	2026-07-09T05:15:25.8639453Z 
project81 k6 proof on cael	Run Project 81 k6 proof wrapper	2026-07-09T05:15:25.8639499Z      execution: local
project81 k6 proof on cael	Run Project 81 k6 proof wrapper	2026-07-09T05:15:25.8639637Z         script: scenarios/r-cd-model-tool.js
project81 k6 proof on cael	Run Project 81 k6 proof wrapper	2026-07-09T05:15:25.8639788Z         output: -
project81 k6 proof on cael	Run Project 81 k6 proof wrapper	2026-07-09T05:15:25.8639850Z 
project81 k6 proof on cael	Run Project 81 k6 proof wrapper	2026-07-09T05:15:25.8639982Z      scenarios: (100.00%) 1 scenario, 1 max VUs, 4m0s max duration (incl. graceful stop):
project81 k6 proof on cael	Run Project 81 k6 proof wrapper	2026-07-09T05:15:25.8640307Z               * r_cd_model_tool: 1 iterations shared among 1 VUs (maxDuration: 3m30s, gracefulStop: 30s)
project81 k6 proof on cael	Run Project 81 k6 proof wrapper	2026-07-09T05:15:25.8640505Z 
project81 k6 proof on cael	Run Project 81 k6 proof wrapper	2026-07-09T05:15:26.6198094Z time="2026-07-08T22:15:26-07:00" level=info msg="✓ disposable session created: agent:main:r-cd-model-tool-r-cd-model-tool-1783574125865-qfdeskzl" source=console
project81 k6 proof on cael	Run Project 81 k6 proof wrapper	2026-07-09T05:15:26.8652923Z 
project81 k6 proof on cael	Run Project 81 k6 proof wrapper	2026-07-09T05:15:26.8654299Z running (0m01.0s), 1/1 VUs, 0 complete and 0 interrupted iterations
project81 k6 proof on cael	Run Project 81 k6 proof wrapper	2026-07-09T05:15:26.8654588Z r_cd_model_tool   [   0% ] 1 VUs  0m01.0s/3m30s  0/1 shared iters
project81 k6 proof on cael	Run Project 81 k6 proof wrapper	2026-07-09T05:15:27.2592329Z time="2026-07-08T22:15:27-07:00" level=info msg="✓ sessions.send accepted — explicit model delegate turn triggered" source=console
project81 k6 proof on cael	Run Project 81 k6 proof wrapper	2026-07-09T05:15:27.8657203Z 
project81 k6 proof on cael	Run Project 81 k6 proof wrapper	2026-07-09T05:15:27.8663118Z running (0m02.0s), 1/1 VUs, 0 complete and 0 interrupted iterations
project81 k6 proof on cael	Run Project 81 k6 proof wrapper	2026-07-09T05:15:27.8663435Z r_cd_model_tool   [   0% ] 1 VUs  0m02.0s/3m30s  0/1 shared iters
project81 k6 proof on cael	Run Project 81 k6 proof wrapper	2026-07-09T05:15:28.8652361Z 
project81 k6 proof on cael	Run Project 81 k6 proof wrapper	2026-07-09T05:15:28.8653838Z running (0m03.0s), 1/1 VUs, 0 complete and 0 interrupted iterations
project81 k6 proof on cael	Run Project 81 k6 proof wrapper	2026-07-09T05:15:28.8654115Z r_cd_model_tool   [   0% ] 1 VUs  0m03.0s/3m30s  0/1 shared iters
project81 k6 proof on cael	Run Project 81 k6 proof wrapper	2026-07-09T05:15:29.8648965Z 
project81 k6 proof on cael	Run Project 81 k6 proof wrapper	2026-07-09T05:15:29.8650477Z running (0m04.0s), 1/1 VUs, 0 complete and 0 interrupted iterations
project81 k6 proof on cael	Run Project 81 k6 proof wrapper	2026-07-09T05:15:29.8650752Z r_cd_model_tool   [   0% ] 1 VUs  0m04.0s/3m30s  0/1 shared iters
project81 k6 proof on cael	Run Project 81 k6 proof wrapper	2026-07-09T05:15:30.8650522Z 
project81 k6 proof on cael	Run Project 81 k6 proof wrapper	2026-07-09T05:15:30.8651859Z running (0m05.0s), 1/1 VUs, 0 complete and 0 interrupted iterations
project81 k6 proof on cael	Run Project 81 k6 proof wrapper	2026-07-09T05:15:30.8652134Z r_cd_model_tool   [   0% ] 1 VUs  0m05.0s/3m30s  0/1 shared iters
project81 k6 proof on cael	Run Project 81 k6 proof wrapper	2026-07-09T05:15:31.8645514Z 
project81 k6 proof on cael	Run Project 81 k6 proof wrapper	2026-07-09T05:15:31.8645964Z running (0m06.0s), 1/1 VUs, 0 complete and 0 interrupted iterations
project81 k6 proof on cael	Run Project 81 k6 proof wrapper	2026-07-09T05:15:31.8646685Z r_cd_model_tool   [   0% ] 1 VUs  0m06.0s/3m30s  0/1 shared iters
project81 k6 proof on cael	Run Project 81 k6 proof wrapper	2026-07-09T05:15:32.8654356Z 
project81 k6 proof on cael	Run Project 81 k6 proof wrapper	2026-07-09T05:15:32.8655864Z running (0m07.0s), 1/1 VUs, 0 complete and 0 interrupted iterations
project81 k6 proof on cael	Run Project 81 k6 proof wrapper	2026-07-09T05:15:32.8656324Z r_cd_model_tool   [   0% ] 1 VUs  0m07.0s/3m30s  0/1 shared iters
project81 k6 proof on cael	Run Project 81 k6 proof wrapper	2026-07-09T05:15:33.8648830Z 
project81 k6 proof on cael	Run Project 81 k6 proof wrapper	2026-07-09T05:15:33.8650352Z running (0m08.0s), 1/1 VUs, 0 complete and 0 interrupted iterations
project81 k6 proof on cael	Run Project 81 k6 proof wrapper	2026-07-09T05:15:33.8650811Z r_cd_model_tool   [   0% ] 1 VUs  0m08.0s/3m30s  0/1 shared iters
project81 k6 proof on cael	Run Project 81 k6 proof wrapper	2026-07-09T05:15:34.8649954Z 
project81 k6 proof on cael	Run Project 81 k6 proof wrapper	2026-07-09T05:15:34.8651574Z running (0m09.0s), 1/1 VUs, 0 complete and 0 interrupted iterations
project81 k6 proof on cael	Run Project 81 k6 proof wrapper	2026-07-09T05:15:34.8652088Z r_cd_model_tool   [   0% ] 1 VUs  0m09.0s/3m30s  0/1 shared iters
project81 k6 proof on cael	Run Project 81 k6 proof wrapper	2026-07-09T05:15:35.8653860Z 
project81 k6 proof on cael	Run Project 81 k6 proof wrapper	2026-07-09T05:15:35.8655493Z running (0m10.0s), 1/1 VUs, 0 complete and 0 interrupted iterations
project81 k6 proof on cael	Run Project 81 k6 proof wrapper	2026-07-09T05:15:35.8655954Z r_cd_model_tool   [   0% ] 1 VUs  0m10.0s/3m30s  0/1 shared iters
project81 k6 proof on cael	Run Project 81 k6 proof wrapper	2026-07-09T05:15:36.8652277Z 
project81 k6 proof on cael	Run Project 81 k6 proof wrapper	2026-07-09T05:15:36.8653755Z running (0m11.0s), 1/1 VUs, 0 complete and 0 interrupted iterations
project81 k6 proof on cael	Run Project 81 k6 proof wrapper	2026-07-09T05:15:36.8654254Z r_cd_model_tool   [   0% ] 1 VUs  0m11.0s/3m30s  0/1 shared iters
project81 k6 proof on cael	Run Project 81 k6 proof wrapper	2026-07-09T05:15:37.8645946Z 
project81 k6 proof on cael	Run Project 81 k6 proof wrapper	2026-07-09T05:15:37.8646868Z running (0m12.0s), 1/1 VUs, 0 complete and 0 interrupted iterations
project81 k6 proof on cael	Run Project 81 k6 proof wrapper	2026-07-09T05:15:37.8647351Z r_cd_model_tool   [   0% ] 1 VUs  0m12.0s/3m30s  0/1 shared iters
project81 k6 proof on cael	Run Project 81 k6 proof wrapper	2026-07-09T05:15:38.8651923Z 
project81 k6 proof on cael	Run Project 81 k6 proof wrapper	2026-07-09T05:15:38.8653376Z running (0m13.0s), 1/1 VUs, 0 complete and 0 interrupted iterations
project81 k6 proof on cael	Run Project 81 k6 proof wrapper	2026-07-09T05:15:38.8653835Z r_cd_model_tool   [   0% ] 1 VUs  0m13.0s/3m30s  0/1 shared iters
project81 k6 proof on cael	Run Project 81 k6 proof wrapper	2026-07-09T05:15:39.8652130Z 
project81 k6 proof on cael	Run Project 81 k6 proof wrapper	2026-07-09T05:15:39.8653644Z running (0m14.0s), 1/1 VUs, 0 complete and 0 interrupted iterations
project81 k6 proof on cael	Run Project 81 k6 proof wrapper	2026-07-09T05:15:39.8654101Z r_cd_model_tool   [   0% ] 1 VUs  0m14.0s/3m30s  0/1 shared iters
project81 k6 proof on cael	Run Project 81 k6 proof wrapper	2026-07-09T05:15:40.8662567Z 
project81 k6 proof on cael	Run Project 81 k6 proof wrapper	2026-07-09T05:15:40.8664077Z running (0m15.0s), 1/1 VUs, 0 complete and 0 interrupted iterations
project81 k6 proof on cael	Run Project 81 k6 proof wrapper	2026-07-09T05:15:40.8664578Z r_cd_model_tool   [   0% ] 1 VUs  0m15.0s/3m30s  0/1 shared iters
project81 k6 proof on cael	Run Project 81 k6 proof wrapper	2026-07-09T05:15:41.8662743Z 
project81 k6 proof on cael	Run Project 81 k6 proof wrapper	2026-07-09T05:15:41.8664359Z running (0m16.0s), 1/1 VUs, 0 complete and 0 interrupted iterations
project81 k6 proof on cael	Run Project 81 k6 proof wrapper	2026-07-09T05:15:41.8664819Z r_cd_model_tool   [   0% ] 1 VUs  0m16.0s/3m30s  0/1 shared iters
project81 k6 proof on cael	Run Project 81 k6 proof wrapper	2026-07-09T05:15:42.8656003Z 
project81 k6 proof on cael	Run Project 81 k6 proof wrapper	2026-07-09T05:15:42.8657450Z running (0m17.0s), 1/1 VUs, 0 complete and 0 interrupted iterations
project81 k6 proof on cael	Run Project 81 k6 proof wrapper	2026-07-09T05:15:42.8657908Z r_cd_model_tool   [   0% ] 1 VUs  0m17.0s/3m30s  0/1 shared iters
project81 k6 proof on cael	Run Project 81 k6 proof wrapper	2026-07-09T05:15:43.8651093Z 
project81 k6 proof on cael	Run Project 81 k6 proof wrapper	2026-07-09T05:15:43.8651851Z running (0m18.0s), 1/1 VUs, 0 complete and 0 interrupted iterations
project81 k6 proof on cael	Run Project 81 k6 proof wrapper	2026-07-09T05:15:43.8652384Z r_cd_model_tool   [   0% ] 1 VUs  0m18.0s/3m30s  0/1 shared iters
project81 k6 proof on cael	Run Project 81 k6 proof wrapper	2026-07-09T05:15:44.8645695Z 
project81 k6 proof on cael	Run Project 81 k6 proof wrapper	2026-07-09T05:15:44.8646138Z running (0m19.0s), 1/1 VUs, 0 complete and 0 interrupted iterations
project81 k6 proof on cael	Run Project 81 k6 proof wrapper	2026-07-09T05:15:44.8646717Z r_cd_model_tool   [   0% ] 1 VUs  0m19.0s/3m30s  0/1 shared iters
project81 k6 proof on cael	Run Project 81 k6 proof wrapper	2026-07-09T05:15:45.8654657Z 
project81 k6 proof on cael	Run Project 81 k6 proof wrapper	2026-07-09T05:15:45.8660527Z running (0m20.0s), 1/1 VUs, 0 complete and 0 interrupted iterations
project81 k6 proof on cael	Run Project 81 k6 proof wrapper	2026-07-09T05:15:45.8661060Z r_cd_model_tool   [   0% ] 1 VUs  0m20.0s/3m30s  0/1 shared iters
project81 k6 proof on cael	Run Project 81 k6 proof wrapper	2026-07-09T05:15:46.8655974Z 
project81 k6 proof on cael	Run Project 81 k6 proof wrapper	2026-07-09T05:15:46.8656665Z running (0m21.0s), 1/1 VUs, 0 complete and 0 interrupted iterations
project81 k6 proof on cael	Run Project 81 k6 proof wrapper	2026-07-09T05:15:46.8657134Z r_cd_model_tool   [   0% ] 1 VUs  0m21.0s/3m30s  0/1 shared iters
project81 k6 proof on cael	Run Project 81 k6 proof wrapper	2026-07-09T05:15:47.8651986Z 
project81 k6 proof on cael	Run Project 81 k6 proof wrapper	2026-07-09T05:15:47.8656279Z running (0m22.0s), 1/1 VUs, 0 complete and 0 interrupted iterations
project81 k6 proof on cael	Run Project 81 k6 proof wrapper	2026-07-09T05:15:47.8656947Z r_cd_model_tool   [   0% ] 1 VUs  0m22.0s/3m30s  0/1 shared iters
project81 k6 proof on cael	Run Project 81 k6 proof wrapper	2026-07-09T05:15:48.8664511Z 
project81 k6 proof on cael	Run Project 81 k6 proof wrapper	2026-07-09T05:15:48.8670229Z running (0m23.0s), 1/1 VUs, 0 complete and 0 interrupted iterations
project81 k6 proof on cael	Run Project 81 k6 proof wrapper	2026-07-09T05:15:48.8683484Z r_cd_model_tool   [   0% ] 1 VUs  0m23.0s/3m30s  0/1 shared iters
project81 k6 proof on cael	Run Project 81 k6 proof wrapper	2026-07-09T05:15:49.8650119Z 
project81 k6 proof on cael	Run Project 81 k6 proof wrapper	2026-07-09T05:15:49.8651853Z running (0m24.0s), 1/1 VUs, 0 complete and 0 interrupted iterations
project81 k6 proof on cael	Run Project 81 k6 proof wrapper	2026-07-09T05:15:49.8653230Z r_cd_model_tool   [   0% ] 1 VUs  0m24.0s/3m30s  0/1 shared iters
project81 k6 proof on cael	Run Project 81 k6 proof wrapper	2026-07-09T05:15:50.8649968Z 
project81 k6 proof on cael	Run Project 81 k6 proof wrapper	2026-07-09T05:15:50.8651705Z running (0m25.0s), 1/1 VUs, 0 complete and 0 interrupted iterations
project81 k6 proof on cael	Run Project 81 k6 proof wrapper	2026-07-09T05:15:50.8652022Z r_cd_model_tool   [   0% ] 1 VUs  0m25.0s/3m30s  0/1 shared iters
project81 k6 proof on cael	Run Project 81 k6 proof wrapper	2026-07-09T05:15:51.8643010Z 
project81 k6 proof on cael	Run Project 81 k6 proof wrapper	2026-07-09T05:15:51.8643485Z running (0m26.0s), 1/1 VUs, 0 complete and 0 interrupted iterations
project81 k6 proof on cael	Run Project 81 k6 proof wrapper	2026-07-09T05:15:51.8643942Z r_cd_model_tool   [   0% ] 1 VUs  0m26.0s/3m30s  0/1 shared iters
project81 k6 proof on cael	Run Project 81 k6 proof wrapper	2026-07-09T05:15:52.5432305Z time="2026-07-08T22:15:52-07:00" level=info msg="✓ parent scheduled sentinel observed" source=console
project81 k6 proof on cael	Run Project 81 k6 proof wrapper	2026-07-09T05:15:52.5433125Z time="2026-07-08T22:15:52-07:00" level=info msg="✓ parent scheduled sentinel observed" source=console
project81 k6 proof on cael	Run Project 81 k6 proof wrapper	2026-07-09T05:15:52.5433854Z time="2026-07-08T22:15:52-07:00" level=info msg="✓ parent scheduled sentinel observed" source=console
project81 k6 proof on cael	Run Project 81 k6 proof wrapper	2026-07-09T05:15:52.6039250Z time="2026-07-08T22:15:52-07:00" level=info msg="✓ parent scheduled sentinel observed" source=console
project81 k6 proof on cael	Run Project 81 k6 proof wrapper	2026-07-09T05:15:52.6097438Z time="2026-07-08T22:15:52-07:00" level=info msg="✓ parent scheduled sentinel observed" source=console
project81 k6 proof on cael	Run Project 81 k6 proof wrapper	2026-07-09T05:15:52.7146249Z time="2026-07-08T22:15:52-07:00" level=info msg="✓ parent scheduled sentinel observed" source=console
project81 k6 proof on cael	Run Project 81 k6 proof wrapper	2026-07-09T05:15:52.7147176Z time="2026-07-08T22:15:52-07:00" level=info msg="✓ parent scheduled sentinel observed" source=console
project81 k6 proof on cael	Run Project 81 k6 proof wrapper	2026-07-09T05:15:52.8662188Z 
project81 k6 proof on cael	Run Project 81 k6 proof wrapper	2026-07-09T05:15:52.8664244Z running (0m27.0s), 1/1 VUs, 0 complete and 0 interrupted iterations
project81 k6 proof on cael	Run Project 81 k6 proof wrapper	2026-07-09T05:15:52.8664785Z r_cd_model_tool   [   0% ] 1 VUs  0m27.0s/3m30s  0/1 shared iters
project81 k6 proof on cael	Run Project 81 k6 proof wrapper	2026-07-09T05:15:53.8655976Z 
project81 k6 proof on cael	Run Project 81 k6 proof wrapper	2026-07-09T05:15:53.8657569Z running (0m28.0s), 1/1 VUs, 0 complete and 0 interrupted iterations
project81 k6 proof on cael	Run Project 81 k6 proof wrapper	2026-07-09T05:15:53.8658025Z r_cd_model_tool   [   0% ] 1 VUs  0m28.0s/3m30s  0/1 shared iters
project81 k6 proof on cael	Run Project 81 k6 proof wrapper	2026-07-09T05:15:54.8654301Z 
project81 k6 proof on cael	Run Project 81 k6 proof wrapper	2026-07-09T05:15:54.8656228Z running (0m29.0s), 1/1 VUs, 0 complete and 0 interrupted iterations
project81 k6 proof on cael	Run Project 81 k6 proof wrapper	2026-07-09T05:15:54.8656905Z r_cd_model_tool   [   0% ] 1 VUs  0m29.0s/3m30s  0/1 shared iters
project81 k6 proof on cael	Run Project 81 k6 proof wrapper	2026-07-09T05:15:55.8656064Z 
project81 k6 proof on cael	Run Project 81 k6 proof wrapper	2026-07-09T05:15:55.8657817Z running (0m30.0s), 1/1 VUs, 0 complete and 0 interrupted iterations
project81 k6 proof on cael	Run Project 81 k6 proof wrapper	2026-07-09T05:15:55.8658401Z r_cd_model_tool   [   0% ] 1 VUs  0m30.0s/3m30s  0/1 shared iters
project81 k6 proof on cael	Run Project 81 k6 proof wrapper	2026-07-09T05:15:56.8654460Z 
project81 k6 proof on cael	Run Project 81 k6 proof wrapper	2026-07-09T05:15:56.8656227Z running (0m31.0s), 1/1 VUs, 0 complete and 0 interrupted iterations
project81 k6 proof on cael	Run Project 81 k6 proof wrapper	2026-07-09T05:15:56.8656893Z r_cd_model_tool   [   0% ] 1 VUs  0m31.0s/3m30s  0/1 shared iters
project81 k6 proof on cael	Run Project 81 k6 proof wrapper	2026-07-09T05:15:57.8651193Z 
project81 k6 proof on cael	Run Project 81 k6 proof wrapper	2026-07-09T05:15:57.8652923Z running (0m32.0s), 1/1 VUs, 0 complete and 0 interrupted iterations
project81 k6 proof on cael	Run Project 81 k6 proof wrapper	2026-07-09T05:15:57.8653459Z r_cd_model_tool   [   0% ] 1 VUs  0m32.0s/3m30s  0/1 shared iters
project81 k6 proof on cael	Run Project 81 k6 proof wrapper	2026-07-09T05:15:58.8648417Z 
project81 k6 proof on cael	Run Project 81 k6 proof wrapper	2026-07-09T05:15:58.8650125Z running (0m33.0s), 1/1 VUs, 0 complete and 0 interrupted iterations
project81 k6 proof on cael	Run Project 81 k6 proof wrapper	2026-07-09T05:15:58.8650588Z r_cd_model_tool   [   0% ] 1 VUs  0m33.0s/3m30s  0/1 shared iters
project81 k6 proof on cael	Run Project 81 k6 proof wrapper	2026-07-09T05:15:59.8652642Z 
project81 k6 proof on cael	Run Project 81 k6 proof wrapper	2026-07-09T05:15:59.8655195Z running (0m34.0s), 1/1 VUs, 0 complete and 0 interrupted iterations
project81 k6 proof on cael	Run Project 81 k6 proof wrapper	2026-07-09T05:15:59.8661527Z r_cd_model_tool   [   0% ] 1 VUs  0m34.0s/3m30s  0/1 shared iters
project81 k6 proof on cael	Run Project 81 k6 proof wrapper	2026-07-09T05:16:00.8650544Z 
project81 k6 proof on cael	Run Project 81 k6 proof wrapper	2026-07-09T05:16:00.8652369Z running (0m35.0s), 1/1 VUs, 0 complete and 0 interrupted iterations
project81 k6 proof on cael	Run Project 81 k6 proof wrapper	2026-07-09T05:16:00.8652901Z r_cd_model_tool   [   0% ] 1 VUs  0m35.0s/3m30s  0/1 shared iters
project81 k6 proof on cael	Run Project 81 k6 proof wrapper	2026-07-09T05:16:01.8644969Z 
project81 k6 proof on cael	Run Project 81 k6 proof wrapper	2026-07-09T05:16:01.8645556Z running (0m36.0s), 1/1 VUs, 0 complete and 0 interrupted iterations
project81 k6 proof on cael	Run Project 81 k6 proof wrapper	2026-07-09T05:16:01.8646031Z r_cd_model_tool   [   0% ] 1 VUs  0m36.0s/3m30s  0/1 shared iters
project81 k6 proof on cael	Run Project 81 k6 proof wrapper	2026-07-09T05:16:02.8650752Z 
project81 k6 proof on cael	Run Project 81 k6 proof wrapper	2026-07-09T05:16:02.8652696Z running (0m37.0s), 1/1 VUs, 0 complete and 0 interrupted iterations
project81 k6 proof on cael	Run Project 81 k6 proof wrapper	2026-07-09T05:16:02.8653226Z r_cd_model_tool   [   0% ] 1 VUs  0m37.0s/3m30s  0/1 shared iters
project81 k6 proof on cael	Run Project 81 k6 proof wrapper	2026-07-09T05:16:03.8652195Z 
project81 k6 proof on cael	Run Project 81 k6 proof wrapper	2026-07-09T05:16:03.8652668Z running (0m38.0s), 1/1 VUs, 0 complete and 0 interrupted iterations
project81 k6 proof on cael	Run Project 81 k6 proof wrapper	2026-07-09T05:16:03.8653129Z r_cd_model_tool   [   0% ] 1 VUs  0m38.0s/3m30s  0/1 shared iters
project81 k6 proof on cael	Run Project 81 k6 proof wrapper	2026-07-09T05:16:04.8655146Z 
project81 k6 proof on cael	Run Project 81 k6 proof wrapper	2026-07-09T05:16:04.8656905Z running (0m39.0s), 1/1 VUs, 0 complete and 0 interrupted iterations
project81 k6 proof on cael	Run Project 81 k6 proof wrapper	2026-07-09T05:16:04.8657938Z r_cd_model_tool   [   0% ] 1 VUs  0m39.0s/3m30s  0/1 shared iters
project81 k6 proof on cael	Run Project 81 k6 proof wrapper	2026-07-09T05:16:05.8657505Z 
project81 k6 proof on cael	Run Project 81 k6 proof wrapper	2026-07-09T05:16:05.8659196Z running (0m40.0s), 1/1 VUs, 0 complete and 0 interrupted iterations
project81 k6 proof on cael	Run Project 81 k6 proof wrapper	2026-07-09T05:16:05.8659726Z r_cd_model_tool   [   0% ] 1 VUs  0m40.0s/3m30s  0/1 shared iters
project81 k6 proof on cael	Run Project 81 k6 proof wrapper	2026-07-09T05:16:06.8646983Z 
project81 k6 proof on cael	Run Project 81 k6 proof wrapper	2026-07-09T05:16:06.8647703Z running (0m41.0s), 1/1 VUs, 0 complete and 0 interrupted iterations
project81 k6 proof on cael	Run Project 81 k6 proof wrapper	2026-07-09T05:16:06.8648168Z r_cd_model_tool   [   0% ] 1 VUs  0m41.0s/3m30s  0/1 shared iters
project81 k6 proof on cael	Run Project 81 k6 proof wrapper	2026-07-09T05:16:07.8643780Z 
project81 k6 proof on cael	Run Project 81 k6 proof wrapper	2026-07-09T05:16:07.8644315Z running (0m42.0s), 1/1 VUs, 0 complete and 0 interrupted iterations
project81 k6 proof on cael	Run Project 81 k6 proof wrapper	2026-07-09T05:16:07.8644781Z r_cd_model_tool   [   0% ] 1 VUs  0m42.0s/3m30s  0/1 shared iters
project81 k6 proof on cael	Run Project 81 k6 proof wrapper	2026-07-09T05:16:08.8658064Z 
project81 k6 proof on cael	Run Project 81 k6 proof wrapper	2026-07-09T05:16:08.8663129Z running (0m43.0s), 1/1 VUs, 0 complete and 0 interrupted iterations
project81 k6 proof on cael	Run Project 81 k6 proof wrapper	2026-07-09T05:16:08.8668404Z r_cd_model_tool   [   0% ] 1 VUs  0m43.0s/3m30s  0/1 shared iters
project81 k6 proof on cael	Run Project 81 k6 proof wrapper	2026-07-09T05:16:09.8650168Z 
project81 k6 proof on cael	Run Project 81 k6 proof wrapper	2026-07-09T05:16:09.8655392Z running (0m44.0s), 1/1 VUs, 0 complete and 0 interrupted iterations
project81 k6 proof on cael	Run Project 81 k6 proof wrapper	2026-07-09T05:16:09.8659897Z r_cd_model_tool   [   0% ] 1 VUs  0m44.0s/3m30s  0/1 shared iters
project81 k6 proof on cael	Run Project 81 k6 proof wrapper	2026-07-09T05:16:10.8648038Z 
project81 k6 proof on cael	Run Project 81 k6 proof wrapper	2026-07-09T05:16:10.8648641Z running (0m45.0s), 1/1 VUs, 0 complete and 0 interrupted iterations
project81 k6 proof on cael	Run Project 81 k6 proof wrapper	2026-07-09T05:16:10.8654816Z r_cd_model_tool   [   0% ] 1 VUs  0m45.0s/3m30s  0/1 shared iters
project81 k6 proof on cael	Run Project 81 k6 proof wrapper	2026-07-09T05:16:11.8658720Z 
project81 k6 proof on cael	Run Project 81 k6 proof wrapper	2026-07-09T05:16:11.8664744Z running (0m46.0s), 1/1 VUs, 0 complete and 0 interrupted iterations
project81 k6 proof on cael	Run Project 81 k6 proof wrapper	2026-07-09T05:16:11.8670417Z r_cd_model_tool   [   0% ] 1 VUs  0m46.0s/3m30s  0/1 shared iters
project81 k6 proof on cael	Run Project 81 k6 proof wrapper	2026-07-09T05:16:12.8647958Z 
project81 k6 proof on cael	Run Project 81 k6 proof wrapper	2026-07-09T05:16:12.8649353Z running (0m47.0s), 1/1 VUs, 0 complete and 0 interrupted iterations
project81 k6 proof on cael	Run Project 81 k6 proof wrapper	2026-07-09T05:16:12.8649862Z r_cd_model_tool   [   0% ] 1 VUs  0m47.0s/3m30s  0/1 shared iters
project81 k6 proof on cael	Run Project 81 k6 proof wrapper	2026-07-09T05:16:13.8658197Z 
project81 k6 proof on cael	Run Project 81 k6 proof wrapper	2026-07-09T05:16:13.8659750Z running (0m48.0s), 1/1 VUs, 0 complete and 0 interrupted iterations
project81 k6 proof on cael	Run Project 81 k6 proof wrapper	2026-07-09T05:16:13.8660220Z r_cd_model_tool   [   0% ] 1 VUs  0m48.0s/3m30s  0/1 shared iters
project81 k6 proof on cael	Run Project 81 k6 proof wrapper	2026-07-09T05:16:14.8648679Z 
project81 k6 proof on cael	Run Project 81 k6 proof wrapper	2026-07-09T05:16:14.8649124Z running (0m49.0s), 1/1 VUs, 0 complete and 0 interrupted iterations
project81 k6 proof on cael	Run Project 81 k6 proof wrapper	2026-07-09T05:16:14.8649582Z r_cd_model_tool   [   0% ] 1 VUs  0m49.0s/3m30s  0/1 shared iters
project81 k6 proof on cael	Run Project 81 k6 proof wrapper	2026-07-09T05:16:15.8655775Z 
project81 k6 proof on cael	Run Project 81 k6 proof wrapper	2026-07-09T05:16:15.8657889Z running (0m50.0s), 1/1 VUs, 0 complete and 0 interrupted iterations
project81 k6 proof on cael	Run Project 81 k6 proof wrapper	2026-07-09T05:16:15.8658482Z r_cd_model_tool   [   0% ] 1 VUs  0m50.0s/3m30s  0/1 shared iters
project81 k6 proof on cael	Run Project 81 k6 proof wrapper	2026-07-09T05:16:16.8654033Z 
project81 k6 proof on cael	Run Project 81 k6 proof wrapper	2026-07-09T05:16:16.8655343Z running (0m51.0s), 1/1 VUs, 0 complete and 0 interrupted iterations
project81 k6 proof on cael	Run Project 81 k6 proof wrapper	2026-07-09T05:16:16.8655801Z r_cd_model_tool   [   0% ] 1 VUs  0m51.0s/3m30s  0/1 shared iters
project81 k6 proof on cael	Run Project 81 k6 proof wrapper	2026-07-09T05:16:17.8648191Z 
project81 k6 proof on cael	Run Project 81 k6 proof wrapper	2026-07-09T05:16:17.8653981Z running (0m52.0s), 1/1 VUs, 0 complete and 0 interrupted iterations
project81 k6 proof on cael	Run Project 81 k6 proof wrapper	2026-07-09T05:16:17.8654672Z r_cd_model_tool   [   0% ] 1 VUs  0m52.0s/3m30s  0/1 shared iters
project81 k6 proof on cael	Run Project 81 k6 proof wrapper	2026-07-09T05:16:18.8646379Z 
project81 k6 proof on cael	Run Project 81 k6 proof wrapper	2026-07-09T05:16:18.8647948Z running (0m53.0s), 1/1 VUs, 0 complete and 0 interrupted iterations
project81 k6 proof on cael	Run Project 81 k6 proof wrapper	2026-07-09T05:16:18.8648251Z r_cd_model_tool   [   0% ] 1 VUs  0m53.0s/3m30s  0/1 shared iters
project81 k6 proof on cael	Run Project 81 k6 proof wrapper	2026-07-09T05:16:19.8662435Z 
project81 k6 proof on cael	Run Project 81 k6 proof wrapper	2026-07-09T05:16:19.8667942Z running (0m54.0s), 1/1 VUs, 0 complete and 0 interrupted iterations
project81 k6 proof on cael	Run Project 81 k6 proof wrapper	2026-07-09T05:16:19.8673163Z r_cd_model_tool   [   0% ] 1 VUs  0m54.0s/3m30s  0/1 shared iters
project81 k6 proof on cael	Run Project 81 k6 proof wrapper	2026-07-09T05:16:20.8648339Z 
project81 k6 proof on cael	Run Project 81 k6 proof wrapper	2026-07-09T05:16:20.8649886Z running (0m55.0s), 1/1 VUs, 0 complete and 0 interrupted iterations
project81 k6 proof on cael	Run Project 81 k6 proof wrapper	2026-07-09T05:16:20.8650178Z r_cd_model_tool   [   0% ] 1 VUs  0m55.0s/3m30s  0/1 shared iters
project81 k6 proof on cael	Run Project 81 k6 proof wrapper	2026-07-09T05:16:21.8659487Z 
project81 k6 proof on cael	Run Project 81 k6 proof wrapper	2026-07-09T05:16:21.8667144Z running (0m56.0s), 1/1 VUs, 0 complete and 0 interrupted iterations
project81 k6 proof on cael	Run Project 81 k6 proof wrapper	2026-07-09T05:16:21.8674116Z r_cd_model_tool   [   0% ] 1 VUs  0m56.0s/3m30s  0/1 shared iters
project81 k6 proof on cael	Run Project 81 k6 proof wrapper	2026-07-09T05:16:22.8645523Z 
project81 k6 proof on cael	Run Project 81 k6 proof wrapper	2026-07-09T05:16:22.8646771Z running (0m57.0s), 1/1 VUs, 0 complete and 0 interrupted iterations
project81 k6 proof on cael	Run Project 81 k6 proof wrapper	2026-07-09T05:16:22.8647454Z r_cd_model_tool   [   0% ] 1 VUs  0m57.0s/3m30s  0/1 shared iters
project81 k6 proof on cael	Run Project 81 k6 proof wrapper	2026-07-09T05:16:23.8654558Z 
project81 k6 proof on cael	Run Project 81 k6 proof wrapper	2026-07-09T05:16:23.8659391Z running (0m58.0s), 1/1 VUs, 0 complete and 0 interrupted iterations
project81 k6 proof on cael	Run Project 81 k6 proof wrapper	2026-07-09T05:16:23.8662466Z r_cd_model_tool   [   0% ] 1 VUs  0m58.0s/3m30s  0/1 shared iters
project81 k6 proof on cael	Run Project 81 k6 proof wrapper	2026-07-09T05:16:24.8652503Z 
project81 k6 proof on cael	Run Project 81 k6 proof wrapper	2026-07-09T05:16:24.8654275Z running (0m59.0s), 1/1 VUs, 0 complete and 0 interrupted iterations
project81 k6 proof on cael	Run Project 81 k6 proof wrapper	2026-07-09T05:16:24.8654547Z r_cd_model_tool   [   0% ] 1 VUs  0m59.0s/3m30s  0/1 shared iters
project81 k6 proof on cael	Run Project 81 k6 proof wrapper	2026-07-09T05:16:25.8650208Z 
project81 k6 proof on cael	Run Project 81 k6 proof wrapper	2026-07-09T05:16:25.8650751Z running (1m00.0s), 1/1 VUs, 0 complete and 0 interrupted iterations
project81 k6 proof on cael	Run Project 81 k6 proof wrapper	2026-07-09T05:16:25.8651022Z r_cd_model_tool   [   0% ] 1 VUs  1m00.0s/3m30s  0/1 shared iters
project81 k6 proof on cael	Run Project 81 k6 proof wrapper	2026-07-09T05:16:26.8645681Z 
project81 k6 proof on cael	Run Project 81 k6 proof wrapper	2026-07-09T05:16:26.8646216Z running (1m01.0s), 1/1 VUs, 0 complete and 0 interrupted iterations
project81 k6 proof on cael	Run Project 81 k6 proof wrapper	2026-07-09T05:16:26.8646540Z r_cd_model_tool   [   0% ] 1 VUs  1m01.0s/3m30s  0/1 shared iters
project81 k6 proof on cael	Run Project 81 k6 proof wrapper	2026-07-09T05:16:27.8649275Z 
project81 k6 proof on cael	Run Project 81 k6 proof wrapper	2026-07-09T05:16:27.8660307Z running (1m02.0s), 1/1 VUs, 0 complete and 0 interrupted iterations
project81 k6 proof on cael	Run Project 81 k6 proof wrapper	2026-07-09T05:16:27.8668277Z r_cd_model_tool   [   0% ] 1 VUs  1m02.0s/3m30s  0/1 shared iters
project81 k6 proof on cael	Run Project 81 k6 proof wrapper	2026-07-09T05:16:28.8659750Z 
project81 k6 proof on cael	Run Project 81 k6 proof wrapper	2026-07-09T05:16:28.8667496Z running (1m03.0s), 1/1 VUs, 0 complete and 0 interrupted iterations
project81 k6 proof on cael	Run Project 81 k6 proof wrapper	2026-07-09T05:16:28.8671136Z r_cd_model_tool   [   0% ] 1 VUs  1m03.0s/3m30s  0/1 shared iters
project81 k6 proof on cael	Run Project 81 k6 proof wrapper	2026-07-09T05:16:29.8649541Z 
project81 k6 proof on cael	Run Project 81 k6 proof wrapper	2026-07-09T05:16:29.8654648Z running (1m04.0s), 1/1 VUs, 0 complete and 0 interrupted iterations
project81 k6 proof on cael	Run Project 81 k6 proof wrapper	2026-07-09T05:16:29.8662266Z r_cd_model_tool   [   0% ] 1 VUs  1m04.0s/3m30s  0/1 shared iters
project81 k6 proof on cael	Run Project 81 k6 proof wrapper	2026-07-09T05:16:30.8658611Z 
project81 k6 proof on cael	Run Project 81 k6 proof wrapper	2026-07-09T05:16:30.8661571Z running (1m05.0s), 1/1 VUs, 0 complete and 0 interrupted iterations
project81 k6 proof on cael	Run Project 81 k6 proof wrapper	2026-07-09T05:16:30.8661954Z r_cd_model_tool   [   0% ] 1 VUs  1m05.0s/3m30s  0/1 shared iters
project81 k6 proof on cael	Run Project 81 k6 proof wrapper	2026-07-09T05:16:31.8673346Z 
project81 k6 proof on cael	Run Project 81 k6 proof wrapper	2026-07-09T05:16:31.8677287Z running (1m06.0s), 1/1 VUs, 0 complete and 0 interrupted iterations
project81 k6 proof on cael	Run Project 81 k6 proof wrapper	2026-07-09T05:16:32.8665493Z r_cd_model_tool   [   0% ] 1 VUs  1m06.0s/3m30s  0/1 shared iters
project81 k6 proof on cael	Run Project 81 k6 proof wrapper	2026-07-09T05:16:32.8665712Z 
project81 k6 proof on cael	Run Project 81 k6 proof wrapper	2026-07-09T05:16:32.8665837Z running (1m07.0s), 1/1 VUs, 0 complete and 0 interrupted iterations
project81 k6 proof on cael	Run Project 81 k6 proof wrapper	2026-07-09T05:16:32.8666064Z r_cd_model_tool   [   0% ] 1 VUs  1m07.0s/3m30s  0/1 shared iters
project81 k6 proof on cael	Run Project 81 k6 proof wrapper	2026-07-09T05:16:33.8659439Z 
project81 k6 proof on cael	Run Project 81 k6 proof wrapper	2026-07-09T05:16:33.8660525Z running (1m08.0s), 1/1 VUs, 0 complete and 0 interrupted iterations
project81 k6 proof on cael	Run Project 81 k6 proof wrapper	2026-07-09T05:16:33.8661076Z r_cd_model_tool   [   0% ] 1 VUs  1m08.0s/3m30s  0/1 shared iters
project81 k6 proof on cael	Run Project 81 k6 proof wrapper	2026-07-09T05:16:34.8661936Z 
project81 k6 proof on cael	Run Project 81 k6 proof wrapper	2026-07-09T05:16:34.8662543Z running (1m09.0s), 1/1 VUs, 0 complete and 0 interrupted iterations
project81 k6 proof on cael	Run Project 81 k6 proof wrapper	2026-07-09T05:16:34.8662815Z r_cd_model_tool   [   0% ] 1 VUs  1m09.0s/3m30s  0/1 shared iters
project81 k6 proof on cael	Run Project 81 k6 proof wrapper	2026-07-09T05:16:35.8665086Z 
project81 k6 proof on cael	Run Project 81 k6 proof wrapper	2026-07-09T05:16:35.8678215Z running (1m10.0s), 1/1 VUs, 0 complete and 0 interrupted iterations
project81 k6 proof on cael	Run Project 81 k6 proof wrapper	2026-07-09T05:16:35.8687987Z r_cd_model_tool   [   0% ] 1 VUs  1m10.0s/3m30s  0/1 shared iters
project81 k6 proof on cael	Run Project 81 k6 proof wrapper	2026-07-09T05:16:36.8666122Z 
project81 k6 proof on cael	Run Project 81 k6 proof wrapper	2026-07-09T05:16:36.8670114Z running (1m11.0s), 1/1 VUs, 0 complete and 0 interrupted iterations
project81 k6 proof on cael	Run Project 81 k6 proof wrapper	2026-07-09T05:16:36.8670418Z r_cd_model_tool   [   0% ] 1 VUs  1m11.0s/3m30s  0/1 shared iters
project81 k6 proof on cael	Run Project 81 k6 proof wrapper	2026-07-09T05:16:37.8650181Z 
project81 k6 proof on cael	Run Project 81 k6 proof wrapper	2026-07-09T05:16:37.8650763Z running (1m12.0s), 1/1 VUs, 0 complete and 0 interrupted iterations
project81 k6 proof on cael	Run Project 81 k6 proof wrapper	2026-07-09T05:16:37.8651042Z r_cd_model_tool   [   0% ] 1 VUs  1m12.0s/3m30s  0/1 shared iters
project81 k6 proof on cael	Run Project 81 k6 proof wrapper	2026-07-09T05:16:38.8657873Z 
project81 k6 proof on cael	Run Project 81 k6 proof wrapper	2026-07-09T05:16:38.8659481Z running (1m13.0s), 1/1 VUs, 0 complete and 0 interrupted iterations
project81 k6 proof on cael	Run Project 81 k6 proof wrapper	2026-07-09T05:16:38.8659749Z r_cd_model_tool   [   0% ] 1 VUs  1m13.0s/3m30s  0/1 shared iters
project81 k6 proof on cael	Run Project 81 k6 proof wrapper	2026-07-09T05:16:39.8657867Z 
project81 k6 proof on cael	Run Project 81 k6 proof wrapper	2026-07-09T05:16:39.8663235Z running (1m14.0s), 1/1 VUs, 0 complete and 0 interrupted iterations
project81 k6 proof on cael	Run Project 81 k6 proof wrapper	2026-07-09T05:16:39.8663542Z r_cd_model_tool   [   0% ] 1 VUs  1m14.0s/3m30s  0/1 shared iters
project81 k6 proof on cael	Run Project 81 k6 proof wrapper	2026-07-09T05:16:40.8661524Z 
project81 k6 proof on cael	Run Project 81 k6 proof wrapper	2026-07-09T05:16:40.8670963Z running (1m15.0s), 1/1 VUs, 0 complete and 0 interrupted iterations
project81 k6 proof on cael	Run Project 81 k6 proof wrapper	2026-07-09T05:16:40.8677748Z r_cd_model_tool   [   0% ] 1 VUs  1m15.0s/3m30s  0/1 shared iters
project81 k6 proof on cael	Run Project 81 k6 proof wrapper	2026-07-09T05:16:41.8649643Z 
project81 k6 proof on cael	Run Project 81 k6 proof wrapper	2026-07-09T05:16:41.8651087Z running (1m16.0s), 1/1 VUs, 0 complete and 0 interrupted iterations
project81 k6 proof on cael	Run Project 81 k6 proof wrapper	2026-07-09T05:16:41.8651803Z r_cd_model_tool   [   0% ] 1 VUs  1m16.0s/3m30s  0/1 shared iters
project81 k6 proof on cael	Run Project 81 k6 proof wrapper	2026-07-09T05:16:42.8645751Z 
project81 k6 proof on cael	Run Project 81 k6 proof wrapper	2026-07-09T05:16:42.8646281Z running (1m17.0s), 1/1 VUs, 0 complete and 0 interrupted iterations
project81 k6 proof on cael	Run Project 81 k6 proof wrapper	2026-07-09T05:16:42.8646716Z r_cd_model_tool   [   0% ] 1 VUs  1m17.0s/3m30s  0/1 shared iters
project81 k6 proof on cael	Run Project 81 k6 proof wrapper	2026-07-09T05:16:43.8649664Z 
project81 k6 proof on cael	Run Project 81 k6 proof wrapper	2026-07-09T05:16:43.8650243Z running (1m18.0s), 1/1 VUs, 0 complete and 0 interrupted iterations
project81 k6 proof on cael	Run Project 81 k6 proof wrapper	2026-07-09T05:16:43.8650534Z r_cd_model_tool   [   0% ] 1 VUs  1m18.0s/3m30s  0/1 shared iters
project81 k6 proof on cael	Run Project 81 k6 proof wrapper	2026-07-09T05:16:44.8648443Z 
project81 k6 proof on cael	Run Project 81 k6 proof wrapper	2026-07-09T05:16:44.8654263Z running (1m19.0s), 1/1 VUs, 0 complete and 0 interrupted iterations
project81 k6 proof on cael	Run Project 81 k6 proof wrapper	2026-07-09T05:16:44.8659626Z r_cd_model_tool   [   0% ] 1 VUs  1m19.0s/3m30s  0/1 shared iters
project81 k6 proof on cael	Run Project 81 k6 proof wrapper	2026-07-09T05:16:45.8643485Z 
project81 k6 proof on cael	Run Project 81 k6 proof wrapper	2026-07-09T05:16:45.8643977Z running (1m20.0s), 1/1 VUs, 0 complete and 0 interrupted iterations
project81 k6 proof on cael	Run Project 81 k6 proof wrapper	2026-07-09T05:16:45.8644268Z r_cd_model_tool   [   0% ] 1 VUs  1m20.0s/3m30s  0/1 shared iters
project81 k6 proof on cael	Run Project 81 k6 proof wrapper	2026-07-09T05:16:46.8650022Z 
project81 k6 proof on cael	Run Project 81 k6 proof wrapper	2026-07-09T05:16:46.8651548Z running (1m21.0s), 1/1 VUs, 0 complete and 0 interrupted iterations
project81 k6 proof on cael	Run Project 81 k6 proof wrapper	2026-07-09T05:16:46.8651816Z r_cd_model_tool   [   0% ] 1 VUs  1m21.0s/3m30s  0/1 shared iters
project81 k6 proof on cael	Run Project 81 k6 proof wrapper	2026-07-09T05:16:47.8649808Z 
project81 k6 proof on cael	Run Project 81 k6 proof wrapper	2026-07-09T05:16:47.8651383Z running (1m22.0s), 1/1 VUs, 0 complete and 0 interrupted iterations
project81 k6 proof on cael	Run Project 81 k6 proof wrapper	2026-07-09T05:16:47.8651658Z r_cd_model_tool   [   0% ] 1 VUs  1m22.0s/3m30s  0/1 shared iters
project81 k6 proof on cael	Run Project 81 k6 proof wrapper	2026-07-09T05:16:48.8649947Z 
project81 k6 proof on cael	Run Project 81 k6 proof wrapper	2026-07-09T05:16:48.8651638Z running (1m23.0s), 1/1 VUs, 0 complete and 0 interrupted iterations
project81 k6 proof on cael	Run Project 81 k6 proof wrapper	2026-07-09T05:16:48.8651903Z r_cd_model_tool   [   0% ] 1 VUs  1m23.0s/3m30s  0/1 shared iters
project81 k6 proof on cael	Run Project 81 k6 proof wrapper	2026-07-09T05:16:49.8643796Z 
project81 k6 proof on cael	Run Project 81 k6 proof wrapper	2026-07-09T05:16:49.8644435Z running (1m24.0s), 1/1 VUs, 0 complete and 0 interrupted iterations
project81 k6 proof on cael	Run Project 81 k6 proof wrapper	2026-07-09T05:16:49.8644729Z r_cd_model_tool   [   0% ] 1 VUs  1m24.0s/3m30s  0/1 shared iters
project81 k6 proof on cael	Run Project 81 k6 proof wrapper	2026-07-09T05:16:50.8647953Z 
project81 k6 proof on cael	Run Project 81 k6 proof wrapper	2026-07-09T05:16:50.8648521Z running (1m25.0s), 1/1 VUs, 0 complete and 0 interrupted iterations
project81 k6 proof on cael	Run Project 81 k6 proof wrapper	2026-07-09T05:16:50.8648829Z r_cd_model_tool   [   0% ] 1 VUs  1m25.0s/3m30s  0/1 shared iters
project81 k6 proof on cael	Run Project 81 k6 proof wrapper	2026-07-09T05:16:51.8648274Z 
project81 k6 proof on cael	Run Project 81 k6 proof wrapper	2026-07-09T05:16:51.8649792Z running (1m26.0s), 1/1 VUs, 0 complete and 0 interrupted iterations
project81 k6 proof on cael	Run Project 81 k6 proof wrapper	2026-07-09T05:16:51.8650070Z r_cd_model_tool   [   0% ] 1 VUs  1m26.0s/3m30s  0/1 shared iters
project81 k6 proof on cael	Run Project 81 k6 proof wrapper	2026-07-09T05:16:52.8653201Z 
project81 k6 proof on cael	Run Project 81 k6 proof wrapper	2026-07-09T05:16:52.8654601Z running (1m27.0s), 1/1 VUs, 0 complete and 0 interrupted iterations
project81 k6 proof on cael	Run Project 81 k6 proof wrapper	2026-07-09T05:16:52.8655082Z r_cd_model_tool   [   0% ] 1 VUs  1m27.0s/3m30s  0/1 shared iters
project81 k6 proof on cael	Run Project 81 k6 proof wrapper	2026-07-09T05:16:53.8651191Z 
project81 k6 proof on cael	Run Project 81 k6 proof wrapper	2026-07-09T05:16:53.8652788Z running (1m28.0s), 1/1 VUs, 0 complete and 0 interrupted iterations
project81 k6 proof on cael	Run Project 81 k6 proof wrapper	2026-07-09T05:16:53.8653050Z r_cd_model_tool   [   0% ] 1 VUs  1m28.0s/3m30s  0/1 shared iters
project81 k6 proof on cael	Run Project 81 k6 proof wrapper	2026-07-09T05:16:54.8650807Z 
project81 k6 proof on cael	Run Project 81 k6 proof wrapper	2026-07-09T05:16:54.8652384Z running (1m29.0s), 1/1 VUs, 0 complete and 0 interrupted iterations
project81 k6 proof on cael	Run Project 81 k6 proof wrapper	2026-07-09T05:16:54.8652945Z r_cd_model_tool   [   0% ] 1 VUs  1m29.0s/3m30s  0/1 shared iters
project81 k6 proof on cael	Run Project 81 k6 proof wrapper	2026-07-09T05:16:55.8653071Z 
project81 k6 proof on cael	Run Project 81 k6 proof wrapper	2026-07-09T05:16:55.8653515Z running (1m30.0s), 1/1 VUs, 0 complete and 0 interrupted iterations
project81 k6 proof on cael	Run Project 81 k6 proof wrapper	2026-07-09T05:16:56.8655563Z r_cd_model_tool   [   0% ] 1 VUs  1m30.0s/3m30s  0/1 shared iters
project81 k6 proof on cael	Run Project 81 k6 proof wrapper	2026-07-09T05:16:56.8655792Z 
project81 k6 proof on cael	Run Project 81 k6 proof wrapper	2026-07-09T05:16:56.8656330Z running (1m31.0s), 1/1 VUs, 0 complete and 0 interrupted iterations
project81 k6 proof on cael	Run Project 81 k6 proof wrapper	2026-07-09T05:16:56.8656688Z r_cd_model_tool   [   0% ] 1 VUs  1m31.0s/3m30s  0/1 shared iters
project81 k6 proof on cael	Run Project 81 k6 proof wrapper	2026-07-09T05:16:57.8651948Z 
project81 k6 proof on cael	Run Project 81 k6 proof wrapper	2026-07-09T05:16:57.8659835Z running (1m32.0s), 1/1 VUs, 0 complete and 0 interrupted iterations
project81 k6 proof on cael	Run Project 81 k6 proof wrapper	2026-07-09T05:16:57.8660549Z r_cd_model_tool   [   0% ] 1 VUs  1m32.0s/3m30s  0/1 shared iters
project81 k6 proof on cael	Run Project 81 k6 proof wrapper	2026-07-09T05:16:58.8653614Z 
project81 k6 proof on cael	Run Project 81 k6 proof wrapper	2026-07-09T05:16:58.8663483Z running (1m33.0s), 1/1 VUs, 0 complete and 0 interrupted iterations
project81 k6 proof on cael	Run Project 81 k6 proof wrapper	2026-07-09T05:16:58.8676001Z r_cd_model_tool   [   0% ] 1 VUs  1m33.0s/3m30s  0/1 shared iters
project81 k6 proof on cael	Run Project 81 k6 proof wrapper	2026-07-09T05:16:59.8651232Z 
project81 k6 proof on cael	Run Project 81 k6 proof wrapper	2026-07-09T05:16:59.8653057Z running (1m34.0s), 1/1 VUs, 0 complete and 0 interrupted iterations
project81 k6 proof on cael	Run Project 81 k6 proof wrapper	2026-07-09T05:16:59.8653336Z r_cd_model_tool   [   0% ] 1 VUs  1m34.0s/3m30s  0/1 shared iters
project81 k6 proof on cael	Run Project 81 k6 proof wrapper	2026-07-09T05:17:00.8649685Z 
project81 k6 proof on cael	Run Project 81 k6 proof wrapper	2026-07-09T05:17:00.8655298Z running (1m35.0s), 1/1 VUs, 0 complete and 0 interrupted iterations
project81 k6 proof on cael	Run Project 81 k6 proof wrapper	2026-07-09T05:17:00.8661961Z r_cd_model_tool   [   0% ] 1 VUs  1m35.0s/3m30s  0/1 shared iters
project81 k6 proof on cael	Run Project 81 k6 proof wrapper	2026-07-09T05:17:01.8644873Z 
project81 k6 proof on cael	Run Project 81 k6 proof wrapper	2026-07-09T05:17:01.8645460Z running (1m36.0s), 1/1 VUs, 0 complete and 0 interrupted iterations
project81 k6 proof on cael	Run Project 81 k6 proof wrapper	2026-07-09T05:17:01.8645742Z r_cd_model_tool   [   0% ] 1 VUs  1m36.0s/3m30s  0/1 shared iters
project81 k6 proof on cael	Run Project 81 k6 proof wrapper	2026-07-09T05:17:02.8656805Z 
project81 k6 proof on cael	Run Project 81 k6 proof wrapper	2026-07-09T05:17:02.8658618Z running (1m37.0s), 1/1 VUs, 0 complete and 0 interrupted iterations
project81 k6 proof on cael	Run Project 81 k6 proof wrapper	2026-07-09T05:17:02.8659087Z r_cd_model_tool   [   0% ] 1 VUs  1m37.0s/3m30s  0/1 shared iters
project81 k6 proof on cael	Run Project 81 k6 proof wrapper	2026-07-09T05:17:03.8649212Z 
project81 k6 proof on cael	Run Project 81 k6 proof wrapper	2026-07-09T05:17:03.8659278Z running (1m38.0s), 1/1 VUs, 0 complete and 0 interrupted iterations
project81 k6 proof on cael	Run Project 81 k6 proof wrapper	2026-07-09T05:17:03.8662684Z r_cd_model_tool   [   0% ] 1 VUs  1m38.0s/3m30s  0/1 shared iters
project81 k6 proof on cael	Run Project 81 k6 proof wrapper	2026-07-09T05:17:04.8648508Z 
project81 k6 proof on cael	Run Project 81 k6 proof wrapper	2026-07-09T05:17:04.8650026Z running (1m39.0s), 1/1 VUs, 0 complete and 0 interrupted iterations
project81 k6 proof on cael	Run Project 81 k6 proof wrapper	2026-07-09T05:17:04.8650333Z r_cd_model_tool   [   0% ] 1 VUs  1m39.0s/3m30s  0/1 shared iters
project81 k6 proof on cael	Run Project 81 k6 proof wrapper	2026-07-09T05:17:05.8643518Z 
project81 k6 proof on cael	Run Project 81 k6 proof wrapper	2026-07-09T05:17:05.8644117Z running (1m40.0s), 1/1 VUs, 0 complete and 0 interrupted iterations
project81 k6 proof on cael	Run Project 81 k6 proof wrapper	2026-07-09T05:17:05.8644424Z r_cd_model_tool   [   0% ] 1 VUs  1m40.0s/3m30s  0/1 shared iters
project81 k6 proof on cael	Run Project 81 k6 proof wrapper	2026-07-09T05:17:06.8651636Z 
project81 k6 proof on cael	Run Project 81 k6 proof wrapper	2026-07-09T05:17:06.8653175Z running (1m41.0s), 1/1 VUs, 0 complete and 0 interrupted iterations
project81 k6 proof on cael	Run Project 81 k6 proof wrapper	2026-07-09T05:17:06.8653635Z r_cd_model_tool   [   0% ] 1 VUs  1m41.0s/3m30s  0/1 shared iters
project81 k6 proof on cael	Run Project 81 k6 proof wrapper	2026-07-09T05:17:07.8659044Z 
project81 k6 proof on cael	Run Project 81 k6 proof wrapper	2026-07-09T05:17:07.8665130Z running (1m42.0s), 1/1 VUs, 0 complete and 0 interrupted iterations
project81 k6 proof on cael	Run Project 81 k6 proof wrapper	2026-07-09T05:17:07.8674006Z r_cd_model_tool   [   0% ] 1 VUs  1m42.0s/3m30s  0/1 shared iters
project81 k6 proof on cael	Run Project 81 k6 proof wrapper	2026-07-09T05:17:08.8649789Z 
project81 k6 proof on cael	Run Project 81 k6 proof wrapper	2026-07-09T05:17:08.8651306Z running (1m43.0s), 1/1 VUs, 0 complete and 0 interrupted iterations
project81 k6 proof on cael	Run Project 81 k6 proof wrapper	2026-07-09T05:17:08.8651821Z r_cd_model_tool   [   0% ] 1 VUs  1m43.0s/3m30s  0/1 shared iters
project81 k6 proof on cael	Run Project 81 k6 proof wrapper	2026-07-09T05:17:09.8649330Z 
project81 k6 proof on cael	Run Project 81 k6 proof wrapper	2026-07-09T05:17:09.8650998Z running (1m44.0s), 1/1 VUs, 0 complete and 0 interrupted iterations
project81 k6 proof on cael	Run Project 81 k6 proof wrapper	2026-07-09T05:17:09.8651511Z r_cd_model_tool   [   0% ] 1 VUs  1m44.0s/3m30s  0/1 shared iters
project81 k6 proof on cael	Run Project 81 k6 proof wrapper	2026-07-09T05:17:10.8650037Z 
project81 k6 proof on cael	Run Project 81 k6 proof wrapper	2026-07-09T05:17:10.8651769Z running (1m45.0s), 1/1 VUs, 0 complete and 0 interrupted iterations
project81 k6 proof on cael	Run Project 81 k6 proof wrapper	2026-07-09T05:17:10.8652290Z r_cd_model_tool   [   0% ] 1 VUs  1m45.0s/3m30s  0/1 shared iters
project81 k6 proof on cael	Run Project 81 k6 proof wrapper	2026-07-09T05:17:11.8650980Z 
project81 k6 proof on cael	Run Project 81 k6 proof wrapper	2026-07-09T05:17:11.8653572Z running (1m46.0s), 1/1 VUs, 0 complete and 0 interrupted iterations
project81 k6 proof on cael	Run Project 81 k6 proof wrapper	2026-07-09T05:17:11.8653888Z r_cd_model_tool   [   0% ] 1 VUs  1m46.0s/3m30s  0/1 shared iters
project81 k6 proof on cael	Run Project 81 k6 proof wrapper	2026-07-09T05:17:12.8648461Z 
project81 k6 proof on cael	Run Project 81 k6 proof wrapper	2026-07-09T05:17:12.8649877Z running (1m47.0s), 1/1 VUs, 0 complete and 0 interrupted iterations
project81 k6 proof on cael	Run Project 81 k6 proof wrapper	2026-07-09T05:17:12.8650386Z r_cd_model_tool   [   0% ] 1 VUs  1m47.0s/3m30s  0/1 shared iters
project81 k6 proof on cael	Run Project 81 k6 proof wrapper	2026-07-09T05:17:13.8652013Z 
project81 k6 proof on cael	Run Project 81 k6 proof wrapper	2026-07-09T05:17:13.8653578Z running (1m48.0s), 1/1 VUs, 0 complete and 0 interrupted iterations
project81 k6 proof on cael	Run Project 81 k6 proof wrapper	2026-07-09T05:17:13.8653854Z r_cd_model_tool   [   0% ] 1 VUs  1m48.0s/3m30s  0/1 shared iters
project81 k6 proof on cael	Run Project 81 k6 proof wrapper	2026-07-09T05:17:14.8653999Z 
project81 k6 proof on cael	Run Project 81 k6 proof wrapper	2026-07-09T05:17:14.8662969Z running (1m49.0s), 1/1 VUs, 0 complete and 0 interrupted iterations
project81 k6 proof on cael	Run Project 81 k6 proof wrapper	2026-07-09T05:17:14.8671744Z r_cd_model_tool   [   0% ] 1 VUs  1m49.0s/3m30s  0/1 shared iters
project81 k6 proof on cael	Run Project 81 k6 proof wrapper	2026-07-09T05:17:15.8652745Z 
project81 k6 proof on cael	Run Project 81 k6 proof wrapper	2026-07-09T05:17:15.8653392Z running (1m50.0s), 1/1 VUs, 0 complete and 0 interrupted iterations
project81 k6 proof on cael	Run Project 81 k6 proof wrapper	2026-07-09T05:17:15.8653670Z r_cd_model_tool   [   0% ] 1 VUs  1m50.0s/3m30s  0/1 shared iters
project81 k6 proof on cael	Run Project 81 k6 proof wrapper	2026-07-09T05:17:16.8650879Z 
project81 k6 proof on cael	Run Project 81 k6 proof wrapper	2026-07-09T05:17:16.8652629Z running (1m51.0s), 1/1 VUs, 0 complete and 0 interrupted iterations
project81 k6 proof on cael	Run Project 81 k6 proof wrapper	2026-07-09T05:17:16.8652902Z r_cd_model_tool   [   0% ] 1 VUs  1m51.0s/3m30s  0/1 shared iters
project81 k6 proof on cael	Run Project 81 k6 proof wrapper	2026-07-09T05:17:17.8648869Z 
project81 k6 proof on cael	Run Project 81 k6 proof wrapper	2026-07-09T05:17:17.8660739Z running (1m52.0s), 1/1 VUs, 0 complete and 0 interrupted iterations
project81 k6 proof on cael	Run Project 81 k6 proof wrapper	2026-07-09T05:17:17.8670215Z r_cd_model_tool   [   0% ] 1 VUs  1m52.0s/3m30s  0/1 shared iters
project81 k6 proof on cael	Run Project 81 k6 proof wrapper	2026-07-09T05:17:18.8650132Z 
project81 k6 proof on cael	Run Project 81 k6 proof wrapper	2026-07-09T05:17:18.8651736Z running (1m53.0s), 1/1 VUs, 0 complete and 0 interrupted iterations
project81 k6 proof on cael	Run Project 81 k6 proof wrapper	2026-07-09T05:17:19.8652741Z r_cd_model_tool   [   0% ] 1 VUs  1m53.0s/3m30s  0/1 shared iters
project81 k6 proof on cael	Run Project 81 k6 proof wrapper	2026-07-09T05:17:19.8652960Z 
project81 k6 proof on cael	Run Project 81 k6 proof wrapper	2026-07-09T05:17:19.8653809Z running (1m54.0s), 1/1 VUs, 0 complete and 0 interrupted iterations
project81 k6 proof on cael	Run Project 81 k6 proof wrapper	2026-07-09T05:17:19.8654292Z r_cd_model_tool   [   0% ] 1 VUs  1m54.0s/3m30s  0/1 shared iters
project81 k6 proof on cael	Run Project 81 k6 proof wrapper	2026-07-09T05:17:20.8654975Z 
project81 k6 proof on cael	Run Project 81 k6 proof wrapper	2026-07-09T05:17:20.8656653Z running (1m55.0s), 1/1 VUs, 0 complete and 0 interrupted iterations
project81 k6 proof on cael	Run Project 81 k6 proof wrapper	2026-07-09T05:17:20.8656938Z r_cd_model_tool   [   0% ] 1 VUs  1m55.0s/3m30s  0/1 shared iters
project81 k6 proof on cael	Run Project 81 k6 proof wrapper	2026-07-09T05:17:21.8644791Z 
project81 k6 proof on cael	Run Project 81 k6 proof wrapper	2026-07-09T05:17:21.8645273Z running (1m56.0s), 1/1 VUs, 0 complete and 0 interrupted iterations
project81 k6 proof on cael	Run Project 81 k6 proof wrapper	2026-07-09T05:17:21.8645571Z r_cd_model_tool   [   0% ] 1 VUs  1m56.0s/3m30s  0/1 shared iters
project81 k6 proof on cael	Run Project 81 k6 proof wrapper	2026-07-09T05:17:22.8652346Z 
project81 k6 proof on cael	Run Project 81 k6 proof wrapper	2026-07-09T05:17:22.8660215Z running (1m57.0s), 1/1 VUs, 0 complete and 0 interrupted iterations
project81 k6 proof on cael	Run Project 81 k6 proof wrapper	2026-07-09T05:17:22.8663303Z r_cd_model_tool   [   0% ] 1 VUs  1m57.0s/3m30s  0/1 shared iters
project81 k6 proof on cael	Run Project 81 k6 proof wrapper	2026-07-09T05:17:23.8665028Z 
project81 k6 proof on cael	Run Project 81 k6 proof wrapper	2026-07-09T05:17:23.8673788Z running (1m58.0s), 1/1 VUs, 0 complete and 0 interrupted iterations
project81 k6 proof on cael	Run Project 81 k6 proof wrapper	2026-07-09T05:17:23.8681291Z r_cd_model_tool   [   0% ] 1 VUs  1m58.0s/3m30s  0/1 shared iters
project81 k6 proof on cael	Run Project 81 k6 proof wrapper	2026-07-09T05:17:24.8651797Z 
project81 k6 proof on cael	Run Project 81 k6 proof wrapper	2026-07-09T05:17:24.8653261Z running (1m59.0s), 1/1 VUs, 0 complete and 0 interrupted iterations
project81 k6 proof on cael	Run Project 81 k6 proof wrapper	2026-07-09T05:17:24.8653788Z r_cd_model_tool   [   0% ] 1 VUs  1m59.0s/3m30s  0/1 shared iters
project81 k6 proof on cael	Run Project 81 k6 proof wrapper	2026-07-09T05:17:25.8649383Z 
project81 k6 proof on cael	Run Project 81 k6 proof wrapper	2026-07-09T05:17:25.8652003Z running (2m00.0s), 1/1 VUs, 0 complete and 0 interrupted iterations
project81 k6 proof on cael	Run Project 81 k6 proof wrapper	2026-07-09T05:17:25.8652563Z r_cd_model_tool   [   0% ] 1 VUs  2m00.0s/3m30s  0/1 shared iters
project81 k6 proof on cael	Run Project 81 k6 proof wrapper	2026-07-09T05:17:26.8650732Z 
project81 k6 proof on cael	Run Project 81 k6 proof wrapper	2026-07-09T05:17:26.8661524Z running (2m01.0s), 1/1 VUs, 0 complete and 0 interrupted iterations
project81 k6 proof on cael	Run Project 81 k6 proof wrapper	2026-07-09T05:17:26.8672190Z r_cd_model_tool   [   0% ] 1 VUs  2m01.0s/3m30s  0/1 shared iters
project81 k6 proof on cael	Run Project 81 k6 proof wrapper	2026-07-09T05:17:27.8653635Z 
project81 k6 proof on cael	Run Project 81 k6 proof wrapper	2026-07-09T05:17:27.8661071Z running (2m02.0s), 1/1 VUs, 0 complete and 0 interrupted iterations
project81 k6 proof on cael	Run Project 81 k6 proof wrapper	2026-07-09T05:17:27.8669473Z r_cd_model_tool   [   0% ] 1 VUs  2m02.0s/3m30s  0/1 shared iters
project81 k6 proof on cael	Run Project 81 k6 proof wrapper	2026-07-09T05:17:28.8646051Z 
project81 k6 proof on cael	Run Project 81 k6 proof wrapper	2026-07-09T05:17:28.8647663Z running (2m03.0s), 1/1 VUs, 0 complete and 0 interrupted iterations
project81 k6 proof on cael	Run Project 81 k6 proof wrapper	2026-07-09T05:17:28.8648189Z r_cd_model_tool   [   0% ] 1 VUs  2m03.0s/3m30s  0/1 shared iters
project81 k6 proof on cael	Run Project 81 k6 proof wrapper	2026-07-09T05:17:29.8662034Z 
project81 k6 proof on cael	Run Project 81 k6 proof wrapper	2026-07-09T05:17:29.8677154Z running (2m04.0s), 1/1 VUs, 0 complete and 0 interrupted iterations
project81 k6 proof on cael	Run Project 81 k6 proof wrapper	2026-07-09T05:17:29.8687653Z r_cd_model_tool   [   0% ] 1 VUs  2m04.0s/3m30s  0/1 shared iters
project81 k6 proof on cael	Run Project 81 k6 proof wrapper	2026-07-09T05:17:30.8644505Z 
project81 k6 proof on cael	Run Project 81 k6 proof wrapper	2026-07-09T05:17:30.8645105Z running (2m05.0s), 1/1 VUs, 0 complete and 0 interrupted iterations
project81 k6 proof on cael	Run Project 81 k6 proof wrapper	2026-07-09T05:17:30.8646215Z r_cd_model_tool   [   0% ] 1 VUs  2m05.0s/3m30s  0/1 shared iters
project81 k6 proof on cael	Run Project 81 k6 proof wrapper	2026-07-09T05:17:31.8660408Z 
project81 k6 proof on cael	Run Project 81 k6 proof wrapper	2026-07-09T05:17:31.8666021Z running (2m06.0s), 1/1 VUs, 0 complete and 0 interrupted iterations
project81 k6 proof on cael	Run Project 81 k6 proof wrapper	2026-07-09T05:17:31.8667163Z r_cd_model_tool   [   0% ] 1 VUs  2m06.0s/3m30s  0/1 shared iters
project81 k6 proof on cael	Run Project 81 k6 proof wrapper	2026-07-09T05:17:32.8654289Z 
project81 k6 proof on cael	Run Project 81 k6 proof wrapper	2026-07-09T05:17:32.8658416Z running (2m07.0s), 1/1 VUs, 0 complete and 0 interrupted iterations
project81 k6 proof on cael	Run Project 81 k6 proof wrapper	2026-07-09T05:17:32.8659373Z r_cd_model_tool   [   0% ] 1 VUs  2m07.0s/3m30s  0/1 shared iters
project81 k6 proof on cael	Run Project 81 k6 proof wrapper	2026-07-09T05:17:33.8664746Z 
project81 k6 proof on cael	Run Project 81 k6 proof wrapper	2026-07-09T05:17:33.8674364Z running (2m08.0s), 1/1 VUs, 0 complete and 0 interrupted iterations
project81 k6 proof on cael	Run Project 81 k6 proof wrapper	2026-07-09T05:17:33.8685099Z r_cd_model_tool   [   0% ] 1 VUs  2m08.0s/3m30s  0/1 shared iters
project81 k6 proof on cael	Run Project 81 k6 proof wrapper	2026-07-09T05:17:34.8653674Z 
project81 k6 proof on cael	Run Project 81 k6 proof wrapper	2026-07-09T05:17:34.8664849Z running (2m09.0s), 1/1 VUs, 0 complete and 0 interrupted iterations
project81 k6 proof on cael	Run Project 81 k6 proof wrapper	2026-07-09T05:17:34.8675451Z r_cd_model_tool   [   0% ] 1 VUs  2m09.0s/3m30s  0/1 shared iters
project81 k6 proof on cael	Run Project 81 k6 proof wrapper	2026-07-09T05:17:35.8658121Z 
project81 k6 proof on cael	Run Project 81 k6 proof wrapper	2026-07-09T05:17:35.8659588Z running (2m10.0s), 1/1 VUs, 0 complete and 0 interrupted iterations
project81 k6 proof on cael	Run Project 81 k6 proof wrapper	2026-07-09T05:17:35.8660058Z r_cd_model_tool   [   0% ] 1 VUs  2m10.0s/3m30s  0/1 shared iters
project81 k6 proof on cael	Run Project 81 k6 proof wrapper	2026-07-09T05:17:36.8647132Z 
project81 k6 proof on cael	Run Project 81 k6 proof wrapper	2026-07-09T05:17:36.8648726Z running (2m11.0s), 1/1 VUs, 0 complete and 0 interrupted iterations
project81 k6 proof on cael	Run Project 81 k6 proof wrapper	2026-07-09T05:17:36.8649191Z r_cd_model_tool   [   0% ] 1 VUs  2m11.0s/3m30s  0/1 shared iters
project81 k6 proof on cael	Run Project 81 k6 proof wrapper	2026-07-09T05:17:37.8649383Z 
project81 k6 proof on cael	Run Project 81 k6 proof wrapper	2026-07-09T05:17:37.8651144Z running (2m12.0s), 1/1 VUs, 0 complete and 0 interrupted iterations
project81 k6 proof on cael	Run Project 81 k6 proof wrapper	2026-07-09T05:17:37.8651602Z r_cd_model_tool   [   0% ] 1 VUs  2m12.0s/3m30s  0/1 shared iters
project81 k6 proof on cael	Run Project 81 k6 proof wrapper	2026-07-09T05:17:38.8647872Z 
project81 k6 proof on cael	Run Project 81 k6 proof wrapper	2026-07-09T05:17:38.8649386Z running (2m13.0s), 1/1 VUs, 0 complete and 0 interrupted iterations
project81 k6 proof on cael	Run Project 81 k6 proof wrapper	2026-07-09T05:17:38.8649853Z r_cd_model_tool   [   0% ] 1 VUs  2m13.0s/3m30s  0/1 shared iters
project81 k6 proof on cael	Run Project 81 k6 proof wrapper	2026-07-09T05:17:39.8661250Z 
project81 k6 proof on cael	Run Project 81 k6 proof wrapper	2026-07-09T05:17:39.8663233Z running (2m14.0s), 1/1 VUs, 0 complete and 0 interrupted iterations
project81 k6 proof on cael	Run Project 81 k6 proof wrapper	2026-07-09T05:17:39.8663767Z r_cd_model_tool   [   0% ] 1 VUs  2m14.0s/3m30s  0/1 shared iters
project81 k6 proof on cael	Run Project 81 k6 proof wrapper	2026-07-09T05:17:40.8668636Z 
project81 k6 proof on cael	Run Project 81 k6 proof wrapper	2026-07-09T05:17:40.8670186Z running (2m15.0s), 1/1 VUs, 0 complete and 0 interrupted iterations
project81 k6 proof on cael	Run Project 81 k6 proof wrapper	2026-07-09T05:17:40.8670651Z r_cd_model_tool   [   0% ] 1 VUs  2m15.0s/3m30s  0/1 shared iters
project81 k6 proof on cael	Run Project 81 k6 proof wrapper	2026-07-09T05:17:41.8654872Z 
project81 k6 proof on cael	Run Project 81 k6 proof wrapper	2026-07-09T05:17:41.8656702Z running (2m16.0s), 1/1 VUs, 0 complete and 0 interrupted iterations
project81 k6 proof on cael	Run Project 81 k6 proof wrapper	2026-07-09T05:17:41.8657215Z r_cd_model_tool   [   0% ] 1 VUs  2m16.0s/3m30s  0/1 shared iters
project81 k6 proof on cael	Run Project 81 k6 proof wrapper	2026-07-09T05:17:42.8666875Z 
project81 k6 proof on cael	Run Project 81 k6 proof wrapper	2026-07-09T05:17:42.8667309Z running (2m17.0s), 1/1 VUs, 0 complete and 0 interrupted iterations
project81 k6 proof on cael	Run Project 81 k6 proof wrapper	2026-07-09T05:17:42.8667788Z r_cd_model_tool   [   0% ] 1 VUs  2m17.0s/3m30s  0/1 shared iters
project81 k6 proof on cael	Run Project 81 k6 proof wrapper	2026-07-09T05:17:43.8673835Z 
project81 k6 proof on cael	Run Project 81 k6 proof wrapper	2026-07-09T05:17:43.8675490Z running (2m18.0s), 1/1 VUs, 0 complete and 0 interrupted iterations
project81 k6 proof on cael	Run Project 81 k6 proof wrapper	2026-07-09T05:17:43.8675952Z r_cd_model_tool   [   0% ] 1 VUs  2m18.0s/3m30s  0/1 shared iters
project81 k6 proof on cael	Run Project 81 k6 proof wrapper	2026-07-09T05:17:44.8673026Z 
project81 k6 proof on cael	Run Project 81 k6 proof wrapper	2026-07-09T05:17:44.8673466Z running (2m19.0s), 1/1 VUs, 0 complete and 0 interrupted iterations
project81 k6 proof on cael	Run Project 81 k6 proof wrapper	2026-07-09T05:17:44.8673922Z r_cd_model_tool   [   0% ] 1 VUs  2m19.0s/3m30s  0/1 shared iters
project81 k6 proof on cael	Run Project 81 k6 proof wrapper	2026-07-09T05:17:45.8647734Z 
project81 k6 proof on cael	Run Project 81 k6 proof wrapper	2026-07-09T05:17:45.8650423Z running (2m20.0s), 1/1 VUs, 0 complete and 0 interrupted iterations
project81 k6 proof on cael	Run Project 81 k6 proof wrapper	2026-07-09T05:17:45.8650992Z r_cd_model_tool   [   0% ] 1 VUs  2m20.0s/3m30s  0/1 shared iters
project81 k6 proof on cael	Run Project 81 k6 proof wrapper	2026-07-09T05:17:46.8666348Z 
project81 k6 proof on cael	Run Project 81 k6 proof wrapper	2026-07-09T05:17:46.8668489Z running (2m21.0s), 1/1 VUs, 0 complete and 0 interrupted iterations
project81 k6 proof on cael	Run Project 81 k6 proof wrapper	2026-07-09T05:17:46.8669016Z r_cd_model_tool   [   0% ] 1 VUs  2m21.0s/3m30s  0/1 shared iters
project81 k6 proof on cael	Run Project 81 k6 proof wrapper	2026-07-09T05:17:47.8672229Z 
project81 k6 proof on cael	Run Project 81 k6 proof wrapper	2026-07-09T05:17:47.8683287Z running (2m22.0s), 1/1 VUs, 0 complete and 0 interrupted iterations
project81 k6 proof on cael	Run Project 81 k6 proof wrapper	2026-07-09T05:17:47.8688405Z r_cd_model_tool   [   0% ] 1 VUs  2m22.0s/3m30s  0/1 shared iters
project81 k6 proof on cael	Run Project 81 k6 proof wrapper	2026-07-09T05:17:48.8671614Z 
project81 k6 proof on cael	Run Project 81 k6 proof wrapper	2026-07-09T05:17:48.8677037Z running (2m23.0s), 1/1 VUs, 0 complete and 0 interrupted iterations
project81 k6 proof on cael	Run Project 81 k6 proof wrapper	2026-07-09T05:17:48.8677827Z r_cd_model_tool   [   0% ] 1 VUs  2m23.0s/3m30s  0/1 shared iters
project81 k6 proof on cael	Run Project 81 k6 proof wrapper	2026-07-09T05:17:49.8671680Z 
project81 k6 proof on cael	Run Project 81 k6 proof wrapper	2026-07-09T05:17:49.8675005Z running (2m24.0s), 1/1 VUs, 0 complete and 0 interrupted iterations
project81 k6 proof on cael	Run Project 81 k6 proof wrapper	2026-07-09T05:17:49.8675583Z r_cd_model_tool   [   0% ] 1 VUs  2m24.0s/3m30s  0/1 shared iters
project81 k6 proof on cael	Run Project 81 k6 proof wrapper	2026-07-09T05:17:50.8668186Z 
project81 k6 proof on cael	Run Project 81 k6 proof wrapper	2026-07-09T05:17:50.8669903Z running (2m25.0s), 1/1 VUs, 0 complete and 0 interrupted iterations
project81 k6 proof on cael	Run Project 81 k6 proof wrapper	2026-07-09T05:17:50.8670405Z r_cd_model_tool   [   0% ] 1 VUs  2m25.0s/3m30s  0/1 shared iters
project81 k6 proof on cael	Run Project 81 k6 proof wrapper	2026-07-09T05:17:51.8653441Z 
project81 k6 proof on cael	Run Project 81 k6 proof wrapper	2026-07-09T05:17:51.8654984Z running (2m26.0s), 1/1 VUs, 0 complete and 0 interrupted iterations
project81 k6 proof on cael	Run Project 81 k6 proof wrapper	2026-07-09T05:17:51.8655450Z r_cd_model_tool   [   0% ] 1 VUs  2m26.0s/3m30s  0/1 shared iters
project81 k6 proof on cael	Run Project 81 k6 proof wrapper	2026-07-09T05:17:52.8650287Z 
project81 k6 proof on cael	Run Project 81 k6 proof wrapper	2026-07-09T05:17:52.8651683Z running (2m27.0s), 1/1 VUs, 0 complete and 0 interrupted iterations
project81 k6 proof on cael	Run Project 81 k6 proof wrapper	2026-07-09T05:17:52.8652138Z r_cd_model_tool   [   0% ] 1 VUs  2m27.0s/3m30s  0/1 shared iters
project81 k6 proof on cael	Run Project 81 k6 proof wrapper	2026-07-09T05:17:53.8678967Z 
project81 k6 proof on cael	Run Project 81 k6 proof wrapper	2026-07-09T05:17:53.8680581Z running (2m28.0s), 1/1 VUs, 0 complete and 0 interrupted iterations
project81 k6 proof on cael	Run Project 81 k6 proof wrapper	2026-07-09T05:17:53.8681040Z r_cd_model_tool   [   0% ] 1 VUs  2m28.0s/3m30s  0/1 shared iters
project81 k6 proof on cael	Run Project 81 k6 proof wrapper	2026-07-09T05:17:54.8647752Z 
project81 k6 proof on cael	Run Project 81 k6 proof wrapper	2026-07-09T05:17:54.8649305Z running (2m29.0s), 1/1 VUs, 0 complete and 0 interrupted iterations
project81 k6 proof on cael	Run Project 81 k6 proof wrapper	2026-07-09T05:17:54.8650303Z r_cd_model_tool   [   0% ] 1 VUs  2m29.0s/3m30s  0/1 shared iters
project81 k6 proof on cael	Run Project 81 k6 proof wrapper	2026-07-09T05:17:55.8655060Z 
project81 k6 proof on cael	Run Project 81 k6 proof wrapper	2026-07-09T05:17:55.8663322Z running (2m30.0s), 1/1 VUs, 0 complete and 0 interrupted iterations
project81 k6 proof on cael	Run Project 81 k6 proof wrapper	2026-07-09T05:17:55.8664190Z r_cd_model_tool   [   0% ] 1 VUs  2m30.0s/3m30s  0/1 shared iters
project81 k6 proof on cael	Run Project 81 k6 proof wrapper	2026-07-09T05:17:56.8665980Z 
project81 k6 proof on cael	Run Project 81 k6 proof wrapper	2026-07-09T05:17:56.8667480Z running (2m31.0s), 1/1 VUs, 0 complete and 0 interrupted iterations
project81 k6 proof on cael	Run Project 81 k6 proof wrapper	2026-07-09T05:17:56.8668013Z r_cd_model_tool   [   0% ] 1 VUs  2m31.0s/3m30s  0/1 shared iters
project81 k6 proof on cael	Run Project 81 k6 proof wrapper	2026-07-09T05:17:57.8670128Z 
project81 k6 proof on cael	Run Project 81 k6 proof wrapper	2026-07-09T05:17:57.8674511Z running (2m32.0s), 1/1 VUs, 0 complete and 0 interrupted iterations
project81 k6 proof on cael	Run Project 81 k6 proof wrapper	2026-07-09T05:17:57.8675062Z r_cd_model_tool   [   0% ] 1 VUs  2m32.0s/3m30s  0/1 shared iters
project81 k6 proof on cael	Run Project 81 k6 proof wrapper	2026-07-09T05:17:58.8673183Z 
project81 k6 proof on cael	Run Project 81 k6 proof wrapper	2026-07-09T05:17:58.8679423Z running (2m33.0s), 1/1 VUs, 0 complete and 0 interrupted iterations
project81 k6 proof on cael	Run Project 81 k6 proof wrapper	2026-07-09T05:17:58.8679990Z r_cd_model_tool   [   0% ] 1 VUs  2m33.0s/3m30s  0/1 shared iters
project81 k6 proof on cael	Run Project 81 k6 proof wrapper	2026-07-09T05:17:59.8669802Z 
project81 k6 proof on cael	Run Project 81 k6 proof wrapper	2026-07-09T05:17:59.8672228Z running (2m34.0s), 1/1 VUs, 0 complete and 0 interrupted iterations
project81 k6 proof on cael	Run Project 81 k6 proof wrapper	2026-07-09T05:17:59.8672714Z r_cd_model_tool   [   0% ] 1 VUs  2m34.0s/3m30s  0/1 shared iters
project81 k6 proof on cael	Run Project 81 k6 proof wrapper	2026-07-09T05:18:00.8681475Z 
project81 k6 proof on cael	Run Project 81 k6 proof wrapper	2026-07-09T05:18:00.8683031Z running (2m35.0s), 1/1 VUs, 0 complete and 0 interrupted iterations
project81 k6 proof on cael	Run Project 81 k6 proof wrapper	2026-07-09T05:18:00.8683493Z r_cd_model_tool   [   0% ] 1 VUs  2m35.0s/3m30s  0/1 shared iters
project81 k6 proof on cael	Run Project 81 k6 proof wrapper	2026-07-09T05:18:01.8657069Z 
project81 k6 proof on cael	Run Project 81 k6 proof wrapper	2026-07-09T05:18:01.8659515Z running (2m36.0s), 1/1 VUs, 0 complete and 0 interrupted iterations
project81 k6 proof on cael	Run Project 81 k6 proof wrapper	2026-07-09T05:18:01.8660151Z r_cd_model_tool   [   0% ] 1 VUs  2m36.0s/3m30s  0/1 shared iters
project81 k6 proof on cael	Run Project 81 k6 proof wrapper	2026-07-09T05:18:02.8648544Z 
project81 k6 proof on cael	Run Project 81 k6 proof wrapper	2026-07-09T05:18:02.8650575Z running (2m37.0s), 1/1 VUs, 0 complete and 0 interrupted iterations
project81 k6 proof on cael	Run Project 81 k6 proof wrapper	2026-07-09T05:18:02.8651095Z r_cd_model_tool   [   0% ] 1 VUs  2m37.0s/3m30s  0/1 shared iters
project81 k6 proof on cael	Run Project 81 k6 proof wrapper	2026-07-09T05:18:03.8657627Z 
project81 k6 proof on cael	Run Project 81 k6 proof wrapper	2026-07-09T05:18:03.8665397Z running (2m38.0s), 1/1 VUs, 0 complete and 0 interrupted iterations
project81 k6 proof on cael	Run Project 81 k6 proof wrapper	2026-07-09T05:18:03.8665953Z r_cd_model_tool   [   0% ] 1 VUs  2m38.0s/3m30s  0/1 shared iters
project81 k6 proof on cael	Run Project 81 k6 proof wrapper	2026-07-09T05:18:04.8656872Z 
project81 k6 proof on cael	Run Project 81 k6 proof wrapper	2026-07-09T05:18:04.8665645Z running (2m39.0s), 1/1 VUs, 0 complete and 0 interrupted iterations
project81 k6 proof on cael	Run Project 81 k6 proof wrapper	2026-07-09T05:18:04.8673903Z r_cd_model_tool   [   0% ] 1 VUs  2m39.0s/3m30s  0/1 shared iters
project81 k6 proof on cael	Run Project 81 k6 proof wrapper	2026-07-09T05:18:05.8664394Z 
project81 k6 proof on cael	Run Project 81 k6 proof wrapper	2026-07-09T05:18:05.8666072Z running (2m40.0s), 1/1 VUs, 0 complete and 0 interrupted iterations
project81 k6 proof on cael	Run Project 81 k6 proof wrapper	2026-07-09T05:18:05.8666669Z r_cd_model_tool   [   0% ] 1 VUs  2m40.0s/3m30s  0/1 shared iters
project81 k6 proof on cael	Run Project 81 k6 proof wrapper	2026-07-09T05:18:06.8659108Z 
project81 k6 proof on cael	Run Project 81 k6 proof wrapper	2026-07-09T05:18:06.8660889Z running (2m41.0s), 1/1 VUs, 0 complete and 0 interrupted iterations
project81 k6 proof on cael	Run Project 81 k6 proof wrapper	2026-07-09T05:18:06.8661411Z r_cd_model_tool   [   0% ] 1 VUs  2m41.0s/3m30s  0/1 shared iters
project81 k6 proof on cael	Run Project 81 k6 proof wrapper	2026-07-09T05:18:07.8649023Z 
project81 k6 proof on cael	Run Project 81 k6 proof wrapper	2026-07-09T05:18:07.8651051Z running (2m42.0s), 1/1 VUs, 0 complete and 0 interrupted iterations
project81 k6 proof on cael	Run Project 81 k6 proof wrapper	2026-07-09T05:18:07.8651556Z r_cd_model_tool   [   0% ] 1 VUs  2m42.0s/3m30s  0/1 shared iters
project81 k6 proof on cael	Run Project 81 k6 proof wrapper	2026-07-09T05:18:08.8646730Z 
project81 k6 proof on cael	Run Project 81 k6 proof wrapper	2026-07-09T05:18:08.8647951Z running (2m43.0s), 1/1 VUs, 0 complete and 0 interrupted iterations
project81 k6 proof on cael	Run Project 81 k6 proof wrapper	2026-07-09T05:18:08.8648512Z r_cd_model_tool   [   0% ] 1 VUs  2m43.0s/3m30s  0/1 shared iters
project81 k6 proof on cael	Run Project 81 k6 proof wrapper	2026-07-09T05:18:09.8651501Z 
project81 k6 proof on cael	Run Project 81 k6 proof wrapper	2026-07-09T05:18:09.8653126Z running (2m44.0s), 1/1 VUs, 0 complete and 0 interrupted iterations
project81 k6 proof on cael	Run Project 81 k6 proof wrapper	2026-07-09T05:18:09.8653660Z r_cd_model_tool   [   0% ] 1 VUs  2m44.0s/3m30s  0/1 shared iters
project81 k6 proof on cael	Run Project 81 k6 proof wrapper	2026-07-09T05:18:10.8663933Z 
project81 k6 proof on cael	Run Project 81 k6 proof wrapper	2026-07-09T05:18:10.8664556Z running (2m45.0s), 1/1 VUs, 0 complete and 0 interrupted iterations
project81 k6 proof on cael	Run Project 81 k6 proof wrapper	2026-07-09T05:18:10.8664929Z r_cd_model_tool   [   0% ] 1 VUs  2m45.0s/3m30s  0/1 shared iters
project81 k6 proof on cael	Run Project 81 k6 proof wrapper	2026-07-09T05:18:11.8657162Z 
project81 k6 proof on cael	Run Project 81 k6 proof wrapper	2026-07-09T05:18:11.8659155Z running (2m46.0s), 1/1 VUs, 0 complete and 0 interrupted iterations
project81 k6 proof on cael	Run Project 81 k6 proof wrapper	2026-07-09T05:18:11.8659741Z r_cd_model_tool   [   0% ] 1 VUs  2m46.0s/3m30s  0/1 shared iters
project81 k6 proof on cael	Run Project 81 k6 proof wrapper	2026-07-09T05:18:12.8651252Z 
project81 k6 proof on cael	Run Project 81 k6 proof wrapper	2026-07-09T05:18:12.8654403Z running (2m47.0s), 1/1 VUs, 0 complete and 0 interrupted iterations
project81 k6 proof on cael	Run Project 81 k6 proof wrapper	2026-07-09T05:18:12.8655124Z r_cd_model_tool   [   0% ] 1 VUs  2m47.0s/3m30s  0/1 shared iters
project81 k6 proof on cael	Run Project 81 k6 proof wrapper	2026-07-09T05:18:13.8668427Z 
project81 k6 proof on cael	Run Project 81 k6 proof wrapper	2026-07-09T05:18:13.8670122Z running (2m48.0s), 1/1 VUs, 0 complete and 0 interrupted iterations
project81 k6 proof on cael	Run Project 81 k6 proof wrapper	2026-07-09T05:18:13.8671253Z r_cd_model_tool   [   0% ] 1 VUs  2m48.0s/3m30s  0/1 shared iters
project81 k6 proof on cael	Run Project 81 k6 proof wrapper	2026-07-09T05:18:14.8657566Z 
project81 k6 proof on cael	Run Project 81 k6 proof wrapper	2026-07-09T05:18:14.8659076Z running (2m49.0s), 1/1 VUs, 0 complete and 0 interrupted iterations
project81 k6 proof on cael	Run Project 81 k6 proof wrapper	2026-07-09T05:18:14.8659540Z r_cd_model_tool   [   0% ] 1 VUs  2m49.0s/3m30s  0/1 shared iters
project81 k6 proof on cael	Run Project 81 k6 proof wrapper	2026-07-09T05:18:15.8653777Z 
project81 k6 proof on cael	Run Project 81 k6 proof wrapper	2026-07-09T05:18:15.8655167Z running (2m50.0s), 1/1 VUs, 0 complete and 0 interrupted iterations
project81 k6 proof on cael	Run Project 81 k6 proof wrapper	2026-07-09T05:18:15.8655626Z r_cd_model_tool   [   0% ] 1 VUs  2m50.0s/3m30s  0/1 shared iters
project81 k6 proof on cael	Run Project 81 k6 proof wrapper	2026-07-09T05:18:16.8650357Z 
project81 k6 proof on cael	Run Project 81 k6 proof wrapper	2026-07-09T05:18:16.8651790Z running (2m51.0s), 1/1 VUs, 0 complete and 0 interrupted iterations
project81 k6 proof on cael	Run Project 81 k6 proof wrapper	2026-07-09T05:18:16.8652256Z r_cd_model_tool   [   0% ] 1 VUs  2m51.0s/3m30s  0/1 shared iters
project81 k6 proof on cael	Run Project 81 k6 proof wrapper	2026-07-09T05:18:17.8648625Z 
project81 k6 proof on cael	Run Project 81 k6 proof wrapper	2026-07-09T05:18:17.8650136Z running (2m52.0s), 1/1 VUs, 0 complete and 0 interrupted iterations
project81 k6 proof on cael	Run Project 81 k6 proof wrapper	2026-07-09T05:18:17.8650636Z r_cd_model_tool   [   0% ] 1 VUs  2m52.0s/3m30s  0/1 shared iters
project81 k6 proof on cael	Run Project 81 k6 proof wrapper	2026-07-09T05:18:18.8652503Z 
project81 k6 proof on cael	Run Project 81 k6 proof wrapper	2026-07-09T05:18:18.8653923Z running (2m53.0s), 1/1 VUs, 0 complete and 0 interrupted iterations
project81 k6 proof on cael	Run Project 81 k6 proof wrapper	2026-07-09T05:18:18.8654261Z r_cd_model_tool   [   0% ] 1 VUs  2m53.0s/3m30s  0/1 shared iters
project81 k6 proof on cael	Run Project 81 k6 proof wrapper	2026-07-09T05:18:19.8652441Z 
project81 k6 proof on cael	Run Project 81 k6 proof wrapper	2026-07-09T05:18:19.8653991Z running (2m54.0s), 1/1 VUs, 0 complete and 0 interrupted iterations
project81 k6 proof on cael	Run Project 81 k6 proof wrapper	2026-07-09T05:18:19.8654522Z r_cd_model_tool   [   0% ] 1 VUs  2m54.0s/3m30s  0/1 shared iters
project81 k6 proof on cael	Run Project 81 k6 proof wrapper	2026-07-09T05:18:20.8648536Z 
project81 k6 proof on cael	Run Project 81 k6 proof wrapper	2026-07-09T05:18:20.8650100Z running (2m55.0s), 1/1 VUs, 0 complete and 0 interrupted iterations
project81 k6 proof on cael	Run Project 81 k6 proof wrapper	2026-07-09T05:18:20.8650617Z r_cd_model_tool   [   0% ] 1 VUs  2m55.0s/3m30s  0/1 shared iters
project81 k6 proof on cael	Run Project 81 k6 proof wrapper	2026-07-09T05:18:21.8653736Z 
project81 k6 proof on cael	Run Project 81 k6 proof wrapper	2026-07-09T05:18:21.8654259Z running (2m56.0s), 1/1 VUs, 0 complete and 0 interrupted iterations
project81 k6 proof on cael	Run Project 81 k6 proof wrapper	2026-07-09T05:18:21.8654720Z r_cd_model_tool   [   0% ] 1 VUs  2m56.0s/3m30s  0/1 shared iters
project81 k6 proof on cael	Run Project 81 k6 proof wrapper	2026-07-09T05:18:22.8649572Z 
project81 k6 proof on cael	Run Project 81 k6 proof wrapper	2026-07-09T05:18:22.8651001Z running (2m57.0s), 1/1 VUs, 0 complete and 0 interrupted iterations
project81 k6 proof on cael	Run Project 81 k6 proof wrapper	2026-07-09T05:18:22.8651520Z r_cd_model_tool   [   0% ] 1 VUs  2m57.0s/3m30s  0/1 shared iters
project81 k6 proof on cael	Run Project 81 k6 proof wrapper	2026-07-09T05:18:23.8676077Z 
project81 k6 proof on cael	Run Project 81 k6 proof wrapper	2026-07-09T05:18:23.8677646Z running (2m58.0s), 1/1 VUs, 0 complete and 0 interrupted iterations
project81 k6 proof on cael	Run Project 81 k6 proof wrapper	2026-07-09T05:18:23.8678113Z r_cd_model_tool   [   0% ] 1 VUs  2m58.0s/3m30s  0/1 shared iters
project81 k6 proof on cael	Run Project 81 k6 proof wrapper	2026-07-09T05:18:24.8650638Z 
project81 k6 proof on cael	Run Project 81 k6 proof wrapper	2026-07-09T05:18:24.8652217Z running (2m59.0s), 1/1 VUs, 0 complete and 0 interrupted iterations
project81 k6 proof on cael	Run Project 81 k6 proof wrapper	2026-07-09T05:18:24.8652687Z r_cd_model_tool   [   0% ] 1 VUs  2m59.0s/3m30s  0/1 shared iters
project81 k6 proof on cael	Run Project 81 k6 proof wrapper	2026-07-09T05:18:25.8645310Z 
project81 k6 proof on cael	Run Project 81 k6 proof wrapper	2026-07-09T05:18:25.8645831Z running (3m00.0s), 1/1 VUs, 0 complete and 0 interrupted iterations
project81 k6 proof on cael	Run Project 81 k6 proof wrapper	2026-07-09T05:18:25.8646293Z r_cd_model_tool   [   0% ] 1 VUs  3m00.0s/3m30s  0/1 shared iters
project81 k6 proof on cael	Run Project 81 k6 proof wrapper	2026-07-09T05:18:26.6208846Z time="2026-07-08T22:18:26-07:00" level=info msg="\n--- R-CD-MODEL-TOOL EVIDENCE SUMMARY ---" source=console
project81 k6 proof on cael	Post Checkout proof catalog	﻿2026-07-09T05:18:26.8129838Z Node 20 is being deprecated. This workflow is running with Node 24 by default. If you need to temporarily use Node 20, you can set the ACTIONS_ALLOW_USE_UNSECURE_NODE_VERSION=true environment variable. For more information see: https://github.blog/changelog/2025-09-19-deprecation-of-node-20-on-github-actions-runners/
project81 k6 proof on cael	Post Checkout proof catalog	2026-07-09T05:18:26.8131221Z Post job cleanup.
project81 k6 proof on cael	Post Checkout proof catalog	2026-07-09T05:18:26.8623257Z [command]/usr/bin/git version
project81 k6 proof on cael	Post Checkout proof catalog	2026-07-09T05:18:26.8654127Z git version 2.43.0
project81 k6 proof on cael	Post Checkout proof catalog	2026-07-09T05:18:26.8668902Z Copying '/home/figs/.gitconfig' to '/home/figs/actions-runner/_work/_temp/e23f1509-3ed1-488b-bcdb-35cee469b14c/.gitconfig'
project81 k6 proof on cael	Post Checkout proof catalog	2026-07-09T05:18:26.8679005Z Temporarily overriding HOME='/home/figs/actions-runner/_work/_temp/e23f1509-3ed1-488b-bcdb-35cee469b14c' before making global git config changes
project81 k6 proof on cael	Post Checkout proof catalog	2026-07-09T05:18:26.8679868Z Adding repository directory to the temporary git global config as a safe directory
project81 k6 proof on cael	Post Checkout proof catalog	2026-07-09T05:18:26.8680757Z [command]/usr/bin/git config --global --add safe.directory /home/figs/actions-runner/_work/openclaw-bootstrap/openclaw-bootstrap/karmaterminal-openclaw-docs
project81 k6 proof on cael	Post Checkout proof catalog	2026-07-09T05:18:26.8783936Z [command]/usr/bin/git config --local --name-only --get-regexp core\.sshCommand
project81 k6 proof on cael	Post Checkout proof catalog	2026-07-09T05:18:26.8808647Z [command]/usr/bin/git submodule foreach --recursive sh -c "git config --local --name-only --get-regexp 'core\.sshCommand' && git config --local --unset-all 'core.sshCommand' || :"
project81 k6 proof on cael	Post Checkout proof catalog	2026-07-09T05:18:26.9045233Z [command]/usr/bin/git config --local --name-only --get-regexp http\.https\:\/\/github\.com\/\.extraheader
project81 k6 proof on cael	Post Checkout proof catalog	2026-07-09T05:18:26.9061887Z http.https://github.com/.extraheader
project81 k6 proof on cael	Post Checkout proof catalog	2026-07-09T05:18:26.9068541Z [command]/usr/bin/git config --local --unset-all http.https://github.com/.extraheader
project81 k6 proof on cael	Post Checkout proof catalog	2026-07-09T05:18:26.9088986Z [command]/usr/bin/git submodule foreach --recursive sh -c "git config --local --name-only --get-regexp 'http\.https\:\/\/github\.com\/\.extraheader' && git config --local --unset-all 'http.https://github.com/.extraheader' || :"
project81 k6 proof on cael	Post Checkout proof catalog	2026-07-09T05:18:26.9316605Z [command]/usr/bin/git config --local --name-only --get-regexp ^includeIf\.gitdir:
project81 k6 proof on cael	Post Checkout proof catalog	2026-07-09T05:18:26.9337972Z [command]/usr/bin/git submodule foreach --recursive git config --local --show-origin --name-only --get-regexp remote.origin.url
project81 k6 proof on cael	Post Checkout bootstrap	﻿2026-07-09T05:18:26.9703380Z Node 20 is being deprecated. This workflow is running with Node 24 by default. If you need to temporarily use Node 20, you can set the ACTIONS_ALLOW_USE_UNSECURE_NODE_VERSION=true environment variable. For more information see: https://github.blog/changelog/2025-09-19-deprecation-of-node-20-on-github-actions-runners/
project81 k6 proof on cael	Post Checkout bootstrap	2026-07-09T05:18:26.9704081Z Post job cleanup.
project81 k6 proof on cael	Post Checkout bootstrap	2026-07-09T05:18:27.0187409Z [command]/usr/bin/git version
project81 k6 proof on cael	Post Checkout bootstrap	2026-07-09T05:18:27.0220917Z git version 2.43.0
project81 k6 proof on cael	Post Checkout bootstrap	2026-07-09T05:18:27.0237174Z Copying '/home/figs/.gitconfig' to '/home/figs/actions-runner/_work/_temp/accae617-bce0-4741-b5b7-8de0c8c5ad20/.gitconfig'
project81 k6 proof on cael	Post Checkout bootstrap	2026-07-09T05:18:27.0243658Z Temporarily overriding HOME='/home/figs/actions-runner/_work/_temp/accae617-bce0-4741-b5b7-8de0c8c5ad20' before making global git config changes
project81 k6 proof on cael	Post Checkout bootstrap	2026-07-09T05:18:27.0244562Z Adding repository directory to the temporary git global config as a safe directory
project81 k6 proof on cael	Post Checkout bootstrap	2026-07-09T05:18:27.0245403Z [command]/usr/bin/git config --global --add safe.directory /home/figs/actions-runner/_work/openclaw-bootstrap/openclaw-bootstrap/openclaw-bootstrap
project81 k6 proof on cael	Post Checkout bootstrap	2026-07-09T05:18:27.0345547Z [command]/usr/bin/git config --local --name-only --get-regexp core\.sshCommand
project81 k6 proof on cael	Post Checkout bootstrap	2026-07-09T05:18:27.0371903Z [command]/usr/bin/git submodule foreach --recursive sh -c "git config --local --name-only --get-regexp 'core\.sshCommand' && git config --local --unset-all 'core.sshCommand' || :"
project81 k6 proof on cael	Post Checkout bootstrap	2026-07-09T05:18:27.0553387Z [command]/usr/bin/git config --local --name-only --get-regexp http\.https\:\/\/github\.com\/\.extraheader
project81 k6 proof on cael	Post Checkout bootstrap	2026-07-09T05:18:27.0579328Z http.https://github.com/.extraheader
project81 k6 proof on cael	Post Checkout bootstrap	2026-07-09T05:18:27.0587780Z [command]/usr/bin/git config --local --unset-all http.https://github.com/.extraheader
project81 k6 proof on cael	Post Checkout bootstrap	2026-07-09T05:18:27.0624023Z [command]/usr/bin/git submodule foreach --recursive sh -c "git config --local --name-only --get-regexp 'http\.https\:\/\/github\.com\/\.extraheader' && git config --local --unset-all 'http.https://github.com/.extraheader' || :"
project81 k6 proof on cael	Post Checkout bootstrap	2026-07-09T05:18:27.0842649Z [command]/usr/bin/git config --local --name-only --get-regexp ^includeIf\.gitdir:
project81 k6 proof on cael	Post Checkout bootstrap	2026-07-09T05:18:27.0882649Z [command]/usr/bin/git submodule foreach --recursive git config --local --show-origin --name-only --get-regexp remote.origin.url
project81 k6 proof on cael	Complete job	﻿2026-07-09T05:18:27.1198755Z Cleaning up orphan processes
project81 k6 proof on cael	Complete job	2026-07-09T05:18:27.1754210Z ##[warning]Node.js 20 is deprecated. The following actions target Node.js 20 but are being forced to run on Node.js 24: actions/checkout@v4. For more information see: https://github.blog/changelog/2025-09-19-deprecation-of-node-20-on-github-actions-runners/
