source_role	source_sha	source_relative_path	target_relative_path	source_sha256	target_sha256	disposition
frozen-warm-basis-corpus	25051f3b77409c45f5ce71c3b3b05aae85b0f8f9	ARTIFACTS.md	ARTIFACTS.md	fc6632e5899632f24aa2ebe1d5dcf70ed08b268686b51f1b84f5bdbc95ff24ce	5e521cd9058fb9baf42fbc89553eefeb98efca4f21f2bd5286365eedd62ae9f0	target-rebound
frozen-warm-basis-corpus	25051f3b77409c45f5ce71c3b3b05aae85b0f8f9	CLAWSSWEEPER.md	CLAWSSWEEPER.md	b29172559a4749f6019cdcd8b97d55880b6f969f0e46575537ccf81b5bf41313	a1a48411042303e8f2994180ebcb10fcf38ee278ea875f0ef8a943d09550401e	target-rebound
frozen-warm-basis-corpus	25051f3b77409c45f5ce71c3b3b05aae85b0f8f9	METHOD.md	METHOD.md	d48d4d51f6b60a6680e1f7b563308738515e6c59889dab435fa9d63213eb6cc3	51e649ee58ac0e01ea474da82b7975317081276609da04cf01e4374d8c7d0438	target-rebound
frozen-warm-basis-corpus	25051f3b77409c45f5ce71c3b3b05aae85b0f8f9	R-CD-1/EVIDENCE.md	R-CD-1/EVIDENCE.md	5e46f4993030448e4e251bd81281e1532b14623cbc5375560463afac3bbb8ca9	41f9c4b924d2785032b629465988cabbc9b7ba0c767a3f619cce88d0777e9fe5	target-rebound
frozen-warm-basis-corpus	25051f3b77409c45f5ce71c3b3b05aae85b0f8f9	R-CD-1/catalog/live-cd-d-20260825T101841Z-r-cd-1-340f2c74-candidate-run-result.json	R-CD-1/catalog/live-cd-d-20260825T101841Z-r-cd-1-340f2c74-candidate-run-result.json	f6c5193120b35fab4df930e6aac53b1afbe1ed311a6d1460c9293427f836582e	197037ba7c658c6985ad0e71d47724b2edb83c7168775605818c8b8e529366da	target-rebound
frozen-warm-basis-corpus	25051f3b77409c45f5ce71c3b3b05aae85b0f8f9	R-CD-1/catalog/live-cd-d-20260825T101841Z-r-cd-1-340f2c74-continuation-trace-correlation.json	R-CD-1/catalog/live-cd-d-20260825T101841Z-r-cd-1-340f2c74-continuation-trace-correlation.json	13d0e9df912c0bd583a85fa714d339b3d85fef1340f3bb3bc693a63db37f993b	a0a86257b95d293611d3c31ca08b8e8a216d6f7fa2ba1a8b62436b54e879dda7	target-rebound
frozen-warm-basis-corpus	25051f3b77409c45f5ce71c3b3b05aae85b0f8f9	R-CD-1/catalog/live-cd-d-20260825T101841Z-r-cd-1-340f2c74-evidence.jsonl	R-CD-1/catalog/live-cd-d-20260825T101841Z-r-cd-1-340f2c74-evidence.jsonl	3a19850872dcb72d6f30ae27748669c14f5cd61513be3925e10ddf048944b6d9	453bb18a4c10479daf3994237278e98c6ff6c0843427af3a1a34d63b6d41f78c	target-rebound
frozen-warm-basis-corpus	25051f3b77409c45f5ce71c3b3b05aae85b0f8f9	R-CD-1/catalog/live-cd-d-20260825T101841Z-r-cd-1-340f2c74-r-cd-1-typed-delegate-summary.json	R-CD-1/catalog/live-cd-d-20260825T101841Z-r-cd-1-340f2c74-r-cd-1-typed-delegate-summary.json	7deb3b5ffa1a2bb52cc36a932df21805793876fd0ee2b537b74bbd472d768a9a	9ee44568200a99feb38fd54fbc9a8b1976d22bc33c8605b7da8d0ec78d32684e	target-rebound
frozen-warm-basis-corpus	25051f3b77409c45f5ce71c3b3b05aae85b0f8f9	R-CD-1/catalog/live-cd-d-20260825T101841Z-r-cd-1-340f2c74-run-result.json	R-CD-1/catalog/live-cd-d-20260825T101841Z-r-cd-1-340f2c74-run-result.json	afb0c4f37a94fb7f2b23a62c5c6284434ca2837fe2d5c3fa70e63aff3f48adec	fbae42c320a634a821b10a54a8e9399b8861f41860b1bfc3823f203d8a2aa330	target-rebound
frozen-warm-basis-corpus	25051f3b77409c45f5ce71c3b3b05aae85b0f8f9	R-CD-2/EVIDENCE.md	R-CD-2/EVIDENCE.md	179a0d5311f9717fa249e385ff38f869ec3d5a24356d9d0b3cc70c92eb0109b5	039232a2513becea30ab005631a028ea092b7e8f1ff2b16c1f73c01bcac524a5	target-rebound
frozen-warm-basis-corpus	25051f3b77409c45f5ce71c3b3b05aae85b0f8f9	R-CD-2/catalog/live-cd-d-20260825T101915Z-r-cd-2-340f2c74-candidate-run-result.json	R-CD-2/catalog/live-cd-d-20260825T101915Z-r-cd-2-340f2c74-candidate-run-result.json	5ff606475c7a88f8c4ffe6ce96d3272c697b76ae5ea7b206c5522d2afa8a5eb4	f3489fc0a5ee5a9a312247485f2b2ea7424b546bb62d4899bd916c5c7a453271	target-rebound
frozen-warm-basis-corpus	25051f3b77409c45f5ce71c3b3b05aae85b0f8f9	R-CD-2/catalog/live-cd-d-20260825T101915Z-r-cd-2-340f2c74-evidence.jsonl	R-CD-2/catalog/live-cd-d-20260825T101915Z-r-cd-2-340f2c74-evidence.jsonl	2ca88e5b3856103b79b49af7bd57a0a7e33a20478abd579212227d4a7de43a97	06200486eacbc41a3f8e26b2977036e42ad0c4e190ab6f9ebf684d1c50807e83	target-rebound
frozen-warm-basis-corpus	25051f3b77409c45f5ce71c3b3b05aae85b0f8f9	R-CD-2/catalog/live-cd-d-20260825T101915Z-r-cd-2-340f2c74-r-cd-2-authoritative-receipt.json	R-CD-2/catalog/live-cd-d-20260825T101915Z-r-cd-2-340f2c74-r-cd-2-authoritative-receipt.json	e09fac4f9a69abb939be16c74d09d67e52ab101534d760896ca89eabcd1d70b3	c2c5d315570202d8b55150739c30af3f7e05b85d856f03d16f8284ff2eca0fea	target-rebound
frozen-warm-basis-corpus	25051f3b77409c45f5ce71c3b3b05aae85b0f8f9	R-CD-2/catalog/live-cd-d-20260825T101915Z-r-cd-2-340f2c74-r-cd-2-summary.json	R-CD-2/catalog/live-cd-d-20260825T101915Z-r-cd-2-340f2c74-r-cd-2-summary.json	c85e6778e934945bcc1eceea437d28560308d809e53b876361eb404d88de500d	ad70e01a6953c2ff98908193f55e8c91fb03bc35d42ab26ceaca3afc842b18fd	target-rebound
frozen-warm-basis-corpus	25051f3b77409c45f5ce71c3b3b05aae85b0f8f9	R-CD-2/catalog/live-cd-d-20260825T101915Z-r-cd-2-340f2c74-run-result.json	R-CD-2/catalog/live-cd-d-20260825T101915Z-r-cd-2-340f2c74-run-result.json	6a435aebf6bd51bc804ebee2affcbdcef7974981a7b85822946505cadb0beb51	eeb6c2cf9afa2696fe0d1e3de94d64f37e9c2857bbb0a71183a3b0ae546a037f	target-rebound
frozen-warm-basis-corpus	25051f3b77409c45f5ce71c3b3b05aae85b0f8f9	R-CD-2/catalog/live-cd2-isolated-20260825T102352Z-r-cd-2-fe886c8b-candidate-run-result.json	R-CD-2/catalog/live-cd2-isolated-20260825T102352Z-r-cd-2-fe886c8b-candidate-run-result.json	c6cf2412481f11a84752806667d9c7b0343a84d520461a52527ba54edeaad753	414af46a924a0a8832115eef7eff77c178c6a865140bde092bfd5e2b6c3edb03	target-rebound
frozen-warm-basis-corpus	25051f3b77409c45f5ce71c3b3b05aae85b0f8f9	R-CD-2/catalog/live-cd2-isolated-20260825T102352Z-r-cd-2-fe886c8b-evidence.jsonl	R-CD-2/catalog/live-cd2-isolated-20260825T102352Z-r-cd-2-fe886c8b-evidence.jsonl	2ca88e5b3856103b79b49af7bd57a0a7e33a20478abd579212227d4a7de43a97	06200486eacbc41a3f8e26b2977036e42ad0c4e190ab6f9ebf684d1c50807e83	target-rebound
frozen-warm-basis-corpus	25051f3b77409c45f5ce71c3b3b05aae85b0f8f9	R-CD-2/catalog/live-cd2-isolated-20260825T102352Z-r-cd-2-fe886c8b-r-cd-2-authoritative-receipt.json	R-CD-2/catalog/live-cd2-isolated-20260825T102352Z-r-cd-2-fe886c8b-r-cd-2-authoritative-receipt.json	b0d39f8b77d821c6eaca111e2f9d4be512207a5ceb5a40737343b24d900031eb	395e68904100a21d5f5f29382d88267c8352ad3a7bad38c9182024ee0b9f9c15	target-rebound
frozen-warm-basis-corpus	25051f3b77409c45f5ce71c3b3b05aae85b0f8f9	R-CD-2/catalog/live-cd2-isolated-20260825T102352Z-r-cd-2-fe886c8b-r-cd-2-summary.json	R-CD-2/catalog/live-cd2-isolated-20260825T102352Z-r-cd-2-fe886c8b-r-cd-2-summary.json	6dab7b2234df2942acae3ee4dd09de0847340ed000d48f9a704f9fbcacaa0337	f7599c24e3459a16b86f3e736c0cb52f3b28dd18a4b2776daaa7d1c57b41093d	target-rebound
frozen-warm-basis-corpus	25051f3b77409c45f5ce71c3b3b05aae85b0f8f9	R-CD-2/catalog/live-cd2-isolated-20260825T102352Z-r-cd-2-fe886c8b-run-result.json	R-CD-2/catalog/live-cd2-isolated-20260825T102352Z-r-cd-2-fe886c8b-run-result.json	c355ec97b99c2a85aba6c4ff71ef43e665f56f52dd8b03f0757138fa4b3f7833	0b15be70df9b78ea4990642dfb9727d7c1225e8d7bd1fa35cb288712bedce605	target-rebound
frozen-warm-basis-corpus	25051f3b77409c45f5ce71c3b3b05aae85b0f8f9	R-CD-3/EVIDENCE.md	R-CD-3/EVIDENCE.md	8e377a06fe126f004f4aede35d6fab3a269fdbc118c4dfb807912bd1b89d7b29	9fee02bc1da7efa5bab1d3401f0a977a74e33c8e82dbbcbc406873f6f88b6618	target-rebound
frozen-warm-basis-corpus	25051f3b77409c45f5ce71c3b3b05aae85b0f8f9	R-CD-3/catalog/live-cd-d-20260825T101948Z-r-cd-3-340f2c74-candidate-run-result.json	R-CD-3/catalog/live-cd-d-20260825T101948Z-r-cd-3-340f2c74-candidate-run-result.json	a5b9a7924c9bc01bb249c27dbc1fbb5dbac12161a361ef2efd8ad4f38913ead7	cb94ceb8c9248b40d117cd3c6e8ec29cc7d9d481bd79471314580bcd25d24bf4	target-rebound
frozen-warm-basis-corpus	25051f3b77409c45f5ce71c3b3b05aae85b0f8f9	R-CD-3/catalog/live-cd-d-20260825T101948Z-r-cd-3-340f2c74-evidence.jsonl	R-CD-3/catalog/live-cd-d-20260825T101948Z-r-cd-3-340f2c74-evidence.jsonl	609e2c55c2d6b3fcaaca75d5501ea946482c42984aeffad75c17633947686c60	c1bb07940a0e25541d89634d8e54fff235c0dd9c9709b9355b1981dd6adf8f29	target-rebound
frozen-warm-basis-corpus	25051f3b77409c45f5ce71c3b3b05aae85b0f8f9	R-CD-3/catalog/live-cd-d-20260825T101948Z-r-cd-3-340f2c74-r-cd-3-summary.json	R-CD-3/catalog/live-cd-d-20260825T101948Z-r-cd-3-340f2c74-r-cd-3-summary.json	060e505e3ced58b9c763da5da3db92bbf1ded1c63793c89a2b40b2d93bb33218	c35091bc99d1bd116e995638ba6adade29638901b88043268c572f229beff9c7	target-rebound
frozen-warm-basis-corpus	25051f3b77409c45f5ce71c3b3b05aae85b0f8f9	R-CD-3/catalog/live-cd-d-20260825T101948Z-r-cd-3-340f2c74-run-result.json	R-CD-3/catalog/live-cd-d-20260825T101948Z-r-cd-3-340f2c74-run-result.json	9b384a25ac936ab637a3b00eb496ac3b55c455da41d2584f39edcbdf2ea0d739	d97bd592d40bb0a334315cb9b242cb77eec487b7484ddc706e2a9f6999fa307a	target-rebound
frozen-warm-basis-corpus	25051f3b77409c45f5ce71c3b3b05aae85b0f8f9	R-CD-4/EVIDENCE.md	R-CD-4/EVIDENCE.md	e37f54d825fa76993de1c10954a29aa9168bd17281ccb9e60a91bf0a0f764c54	1c38aa339bd7a6e11576b93c4a9d2cdd72d906b5b46b136774bff07cb2772fda	target-rebound
frozen-warm-basis-corpus	25051f3b77409c45f5ce71c3b3b05aae85b0f8f9	R-CD-4/catalog/live-cd-d-20260825T102010Z-r-cd-4-340f2c74-candidate-run-result.json	R-CD-4/catalog/live-cd-d-20260825T102010Z-r-cd-4-340f2c74-candidate-run-result.json	0c04381a66ea818090b9820fb543372eb2c395e2455f0a1622fd76144175259e	42fcb3c2dd3d35e57674ad759492d5350efa731b8a3c5743cfcb2eef85286f61	target-rebound
frozen-warm-basis-corpus	25051f3b77409c45f5ce71c3b3b05aae85b0f8f9	R-CD-4/catalog/live-cd-d-20260825T102010Z-r-cd-4-340f2c74-continuation-trace-correlation.json	R-CD-4/catalog/live-cd-d-20260825T102010Z-r-cd-4-340f2c74-continuation-trace-correlation.json	69a3b9278a9c33ed47862d22962006322818a89dbfb4a146faf1f8f6ce9bf7a8	9e269536e7f8b071ef2fa26716ffbc0acdd0cebb9b842ba1d2736f92c45b6e4e	target-rebound
frozen-warm-basis-corpus	25051f3b77409c45f5ce71c3b3b05aae85b0f8f9	R-CD-4/catalog/live-cd-d-20260825T102010Z-r-cd-4-340f2c74-evidence.jsonl	R-CD-4/catalog/live-cd-d-20260825T102010Z-r-cd-4-340f2c74-evidence.jsonl	f971f5769199dc1235a0253f6916c1e53dd9d7ad9aded4c67b1bb29387e6995b	e58d7a1719f839cf70638e6dab18ad11ece7fc5a13a1e8c2c5a779419b1e46dd	target-rebound
frozen-warm-basis-corpus	25051f3b77409c45f5ce71c3b3b05aae85b0f8f9	R-CD-4/catalog/live-cd-d-20260825T102010Z-r-cd-4-340f2c74-r-cd-4-summary.json	R-CD-4/catalog/live-cd-d-20260825T102010Z-r-cd-4-340f2c74-r-cd-4-summary.json	b4610ff6301f0bb986f067c1df8c8a7bcf5dac35f0c3d85001b5cf89c400df37	55e81ab0e046184f6f465b6c644d51b5024e266241a14f4ea8d227adfa7791b2	target-rebound
frozen-warm-basis-corpus	25051f3b77409c45f5ce71c3b3b05aae85b0f8f9	R-CD-4/catalog/live-cd-d-20260825T102010Z-r-cd-4-340f2c74-run-result.json	R-CD-4/catalog/live-cd-d-20260825T102010Z-r-cd-4-340f2c74-run-result.json	630cd9bf1e4dbaf81106192aa36f084bcb456d23f70014e3797dcae69ea7329c	0b81b3d652ecd3643a5831fd129de9bae3d3df96ebf9e55af167c21ec3487a86	target-rebound
frozen-warm-basis-corpus	25051f3b77409c45f5ce71c3b3b05aae85b0f8f9	R-CD-CHAINED-DEPTH-2/EVIDENCE.md	R-CD-CHAINED-DEPTH-2/EVIDENCE.md	1287e448f7baa83f433ee75986dad148868375c9dce4c501ecaec8d245be5d6d	acbe7563b4d0692837cdcd6d093e2ba49c7caf527b84f2bd8c6154d5ab9f8364	target-rebound
frozen-warm-basis-corpus	25051f3b77409c45f5ce71c3b3b05aae85b0f8f9	R-CD-CHAINED-DEPTH-2/catalog/live-cd-special-f-20260825T103049Z-r-cd-chained-depth-2-0b421668-continuation-trace-correlation.json	R-CD-CHAINED-DEPTH-2/catalog/live-cd-special-f-20260825T103049Z-r-cd-chained-depth-2-0b421668-continuation-trace-correlation.json	e542035fddca0f3edfaa40c4237b12821166b10c1876c7b0c2bda185647440f4	b806de6415ad9ecf0d54074a0e871be1e73b74f378a715770a239e447d186cbe	target-rebound
frozen-warm-basis-corpus	25051f3b77409c45f5ce71c3b3b05aae85b0f8f9	R-CD-CHAINED-DEPTH-2/catalog/live-cd-special-f-20260825T103049Z-r-cd-chained-depth-2-0b421668-evidence.jsonl	R-CD-CHAINED-DEPTH-2/catalog/live-cd-special-f-20260825T103049Z-r-cd-chained-depth-2-0b421668-evidence.jsonl	c9e4c1f1f6624cb3b81c18a088aab920f89acb3a79de6f397cd73a02aaa3a588	b59757a0c2960b739dcd3523848b8523c1bd4df296ef4e7546397f83404ff465	target-rebound
frozen-warm-basis-corpus	25051f3b77409c45f5ce71c3b3b05aae85b0f8f9	R-CD-CHAINED-DEPTH-2/catalog/live-cd-special-f-20260825T103049Z-r-cd-chained-depth-2-0b421668-r-cd-chained-depth-2-summary.json	R-CD-CHAINED-DEPTH-2/catalog/live-cd-special-f-20260825T103049Z-r-cd-chained-depth-2-0b421668-r-cd-chained-depth-2-summary.json	3ee2eb40e66b1c9d525b8e3f8014237fcfe96c5bdcdc0f263612e0ef695a8fbc	620f1e7105c81682ab9c3e1ee78920030e5371078d913307fd32b35872f89958	target-rebound
frozen-warm-basis-corpus	25051f3b77409c45f5ce71c3b3b05aae85b0f8f9	R-CD-CHAINED-DEPTH-2/catalog/live-cd-special-f-20260825T103049Z-r-cd-chained-depth-2-0b421668-run-result.json	R-CD-CHAINED-DEPTH-2/catalog/live-cd-special-f-20260825T103049Z-r-cd-chained-depth-2-0b421668-run-result.json	05cc89a4279a1e8cdbd938ee4a4d90e68829697026161b3e80443131c60e2824	6e4fede699ead1aa97f0f0b69b6d6ca5306b301159726d83682296359615dc35	target-rebound
frozen-warm-basis-corpus	25051f3b77409c45f5ce71c3b3b05aae85b0f8f9	R-CD-COLLECTION-ON-COLLAPSE/EVIDENCE.md	R-CD-COLLECTION-ON-COLLAPSE/EVIDENCE.md	07f105141f518ce4d526e29330cc8d3e98c289aa52f82cd2795ea83e349d2681	a2773d9afd8a8535d61e316791092f9d9ec50ab1f2a046b80bce34900a2e426b	target-rebound
frozen-warm-basis-corpus	25051f3b77409c45f5ce71c3b3b05aae85b0f8f9	R-CD-COLLECTION-ON-COLLAPSE/catalog/static-a-20260825T100411Z-r-cd-collection-on-collapse-f2ab9803-candidate-run-result.json	R-CD-COLLECTION-ON-COLLAPSE/catalog/static-a-20260825T100411Z-r-cd-collection-on-collapse-f2ab9803-candidate-run-result.json	c0ac53a719a187dcce224b727d230eca01b6f1a66646d2843e977f27f725e426	ab19df25f427d1c6be360eb553091ebe849f8335dbb57b740d427ff946d1484f	target-rebound
frozen-warm-basis-corpus	25051f3b77409c45f5ce71c3b3b05aae85b0f8f9	R-CD-COLLECTION-ON-COLLAPSE/catalog/static-a-20260825T100411Z-r-cd-collection-on-collapse-f2ab9803-evidence.jsonl	R-CD-COLLECTION-ON-COLLAPSE/catalog/static-a-20260825T100411Z-r-cd-collection-on-collapse-f2ab9803-evidence.jsonl	cadcb4efaf713f0cd7c9b9f9937ae0713b450fa6557989cc6f1ed7b1fed8616f	c5b2c3a197e7a2988a48c16db43914056641092c047cc6bbab267dcef445f66e	target-rebound
frozen-warm-basis-corpus	25051f3b77409c45f5ce71c3b3b05aae85b0f8f9	R-CD-COLLECTION-ON-COLLAPSE/catalog/static-a-20260825T100411Z-r-cd-collection-on-collapse-f2ab9803-run-result.json	R-CD-COLLECTION-ON-COLLAPSE/catalog/static-a-20260825T100411Z-r-cd-collection-on-collapse-f2ab9803-run-result.json	45d887fb1f2a274fdcdb72d682bc4ae65bc4d184a6d1c6fcd0f1df1fcd9e177e	d219000a55f85cbb60c5f0b0cb8c710ad661a7100613c38cd0ea0cc8ce240610	target-rebound
frozen-warm-basis-corpus	25051f3b77409c45f5ce71c3b3b05aae85b0f8f9	R-CD-COLLECTION-ON-COLLAPSE/catalog/static-a-20260825T100411Z-r-cd-collection-on-collapse-f2ab9803-static-corpus-row-summary.json	R-CD-COLLECTION-ON-COLLAPSE/catalog/static-a-20260825T100411Z-r-cd-collection-on-collapse-f2ab9803-static-corpus-row-summary.json	2e794e9aba7fd9a553801160b90f0f4663ed2ca1dbad03f8a2f9ec596574eeab	4b060b0ee3752c0f2342d42e43e276dd8857561ae28914d95803818faab730b4	target-rebound
frozen-warm-basis-corpus	25051f3b77409c45f5ce71c3b3b05aae85b0f8f9	R-CD-COLLECTION-ON-COLLAPSE/source-evidence/1cc8f4e3d617ef6f173283ef83d7b739a4995734/R-CD-COLLECTION-ON-COLLAPSE/cael-dgx/EVIDENCE.md	R-CD-COLLECTION-ON-COLLAPSE/source-evidence/1cc8f4e3d617ef6f173283ef83d7b739a4995734/R-CD-COLLECTION-ON-COLLAPSE/cael-dgx/EVIDENCE.md	c505b8bda36d001102a3e8a97ef10acfe745db8ddf0552ab69ec3cdf536a8b57	c505b8bda36d001102a3e8a97ef10acfe745db8ddf0552ab69ec3cdf536a8b57	byte-identical
frozen-warm-basis-corpus	25051f3b77409c45f5ce71c3b3b05aae85b0f8f9	R-CD-COLLECTION-ON-COLLAPSE/source-evidence/1cc8f4e3d617ef6f173283ef83d7b739a4995734/R-CD-COLLECTION-ON-COLLAPSE/cael-dgx/comment-4883680115.json	R-CD-COLLECTION-ON-COLLAPSE/source-evidence/1cc8f4e3d617ef6f173283ef83d7b739a4995734/R-CD-COLLECTION-ON-COLLAPSE/cael-dgx/comment-4883680115.json	291d56e5b2494c38f6251dce158dafb56d45885d4830ca26a2d998a381539eaf	291d56e5b2494c38f6251dce158dafb56d45885d4830ca26a2d998a381539eaf	byte-identical
frozen-warm-basis-corpus	25051f3b77409c45f5ce71c3b3b05aae85b0f8f9	R-CD-COLLECTION-ON-COLLAPSE/source-evidence/1cc8f4e3d617ef6f173283ef83d7b739a4995734/R-CD-COLLECTION-ON-COLLAPSE/cael-dgx/db/flow-rows-concise.json	R-CD-COLLECTION-ON-COLLAPSE/source-evidence/1cc8f4e3d617ef6f173283ef83d7b739a4995734/R-CD-COLLECTION-ON-COLLAPSE/cael-dgx/db/flow-rows-concise.json	6d571637ac8edad2a23fe9de817063d006fcd931b76063d7502ec701524b5a4d	6d571637ac8edad2a23fe9de817063d006fcd931b76063d7502ec701524b5a4d	byte-identical
frozen-warm-basis-corpus	25051f3b77409c45f5ce71c3b3b05aae85b0f8f9	R-CD-COLLECTION-ON-COLLAPSE/source-evidence/1cc8f4e3d617ef6f173283ef83d7b739a4995734/R-CD-COLLECTION-ON-COLLAPSE/cael-dgx/db/flow-rows.json	R-CD-COLLECTION-ON-COLLAPSE/source-evidence/1cc8f4e3d617ef6f173283ef83d7b739a4995734/R-CD-COLLECTION-ON-COLLAPSE/cael-dgx/db/flow-rows.json	9cb99eb3d37ba54c52993030f2cc8a9a1d07690ef0edb40fcf6cd6f2f80a2dc7	9cb99eb3d37ba54c52993030f2cc8a9a1d07690ef0edb40fcf6cd6f2f80a2dc7	byte-identical
frozen-warm-basis-corpus	25051f3b77409c45f5ce71c3b3b05aae85b0f8f9	R-CD-COLLECTION-ON-COLLAPSE/source-evidence/1cc8f4e3d617ef6f173283ef83d7b739a4995734/R-CD-COLLECTION-ON-COLLAPSE/cael-dgx/db/flow-rows.pretty.json	R-CD-COLLECTION-ON-COLLAPSE/source-evidence/1cc8f4e3d617ef6f173283ef83d7b739a4995734/R-CD-COLLECTION-ON-COLLAPSE/cael-dgx/db/flow-rows.pretty.json	4388f73e4cd05b30c2f2bd700ccad80dffd34f400bbd5eb685689ec1e2d1f4bb	4388f73e4cd05b30c2f2bd700ccad80dffd34f400bbd5eb685689ec1e2d1f4bb	byte-identical
frozen-warm-basis-corpus	25051f3b77409c45f5ce71c3b3b05aae85b0f8f9	R-CD-COLLECTION-ON-COLLAPSE/source-evidence/1cc8f4e3d617ef6f173283ef83d7b739a4995734/R-CD-COLLECTION-ON-COLLAPSE/cael-dgx/db/flow-runs-schema.sql	R-CD-COLLECTION-ON-COLLAPSE/source-evidence/1cc8f4e3d617ef6f173283ef83d7b739a4995734/R-CD-COLLECTION-ON-COLLAPSE/cael-dgx/db/flow-runs-schema.sql	01331d7cf0223726e15388373f2c4f8074f41d8b784c5506b517dc4bb6931c99	01331d7cf0223726e15388373f2c4f8074f41d8b784c5506b517dc4bb6931c99	byte-identical
frozen-warm-basis-corpus	25051f3b77409c45f5ce71c3b3b05aae85b0f8f9	R-CD-COLLECTION-ON-COLLAPSE/source-evidence/1cc8f4e3d617ef6f173283ef83d7b739a4995734/R-CD-COLLECTION-ON-COLLAPSE/cael-dgx/db/task-rows-concise.json	R-CD-COLLECTION-ON-COLLAPSE/source-evidence/1cc8f4e3d617ef6f173283ef83d7b739a4995734/R-CD-COLLECTION-ON-COLLAPSE/cael-dgx/db/task-rows-concise.json	796186a22ea8cadf7695083b2680dfb70e4428d4040f8cb468e48e5ed95c864f	796186a22ea8cadf7695083b2680dfb70e4428d4040f8cb468e48e5ed95c864f	byte-identical
frozen-warm-basis-corpus	25051f3b77409c45f5ce71c3b3b05aae85b0f8f9	R-CD-COLLECTION-ON-COLLAPSE/source-evidence/1cc8f4e3d617ef6f173283ef83d7b739a4995734/R-CD-COLLECTION-ON-COLLAPSE/cael-dgx/db/task-rows.json	R-CD-COLLECTION-ON-COLLAPSE/source-evidence/1cc8f4e3d617ef6f173283ef83d7b739a4995734/R-CD-COLLECTION-ON-COLLAPSE/cael-dgx/db/task-rows.json	9eab5f042c59cbdb3e1bd0dcfb351c0e24de08cd1532f49e12f567875c43ceef	9eab5f042c59cbdb3e1bd0dcfb351c0e24de08cd1532f49e12f567875c43ceef	byte-identical
frozen-warm-basis-corpus	25051f3b77409c45f5ce71c3b3b05aae85b0f8f9	R-CD-COLLECTION-ON-COLLAPSE/source-evidence/1cc8f4e3d617ef6f173283ef83d7b739a4995734/R-CD-COLLECTION-ON-COLLAPSE/cael-dgx/db/task-runs-schema.sql	R-CD-COLLECTION-ON-COLLAPSE/source-evidence/1cc8f4e3d617ef6f173283ef83d7b739a4995734/R-CD-COLLECTION-ON-COLLAPSE/cael-dgx/db/task-runs-schema.sql	a9b2a24d106933f09bc0f5070cb1a0eca01817f79f1370b271177a146840496e	a9b2a24d106933f09bc0f5070cb1a0eca01817f79f1370b271177a146840496e	byte-identical
frozen-warm-basis-corpus	25051f3b77409c45f5ce71c3b3b05aae85b0f8f9	R-CD-COLLECTION-ON-COLLAPSE/source-evidence/1cc8f4e3d617ef6f173283ef83d7b739a4995734/R-CD-COLLECTION-ON-COLLAPSE/cael-dgx/evaluation.json	R-CD-COLLECTION-ON-COLLAPSE/source-evidence/1cc8f4e3d617ef6f173283ef83d7b739a4995734/R-CD-COLLECTION-ON-COLLAPSE/cael-dgx/evaluation.json	b473185653f964135945cf9fd104c6d4f100ad42cdaed03e54a5863982badbb6	b473185653f964135945cf9fd104c6d4f100ad42cdaed03e54a5863982badbb6	byte-identical
frozen-warm-basis-corpus	25051f3b77409c45f5ce71c3b3b05aae85b0f8f9	R-CD-COLLECTION-ON-COLLAPSE/source-evidence/1cc8f4e3d617ef6f173283ef83d7b739a4995734/R-CD-COLLECTION-ON-COLLAPSE/cael-dgx/file-list.txt	R-CD-COLLECTION-ON-COLLAPSE/source-evidence/1cc8f4e3d617ef6f173283ef83d7b739a4995734/R-CD-COLLECTION-ON-COLLAPSE/cael-dgx/file-list.txt	1f57aa2e6234eb7ddae3747373c032cf6a756694dcc7c262dba187f5d4dddb6a	1f57aa2e6234eb7ddae3747373c032cf6a756694dcc7c262dba187f5d4dddb6a	byte-identical
frozen-warm-basis-corpus	25051f3b77409c45f5ce71c3b3b05aae85b0f8f9	R-CD-COLLECTION-ON-COLLAPSE/source-evidence/1cc8f4e3d617ef6f173283ef83d7b739a4995734/R-CD-COLLECTION-ON-COLLAPSE/cael-dgx/journal/filtered.log	R-CD-COLLECTION-ON-COLLAPSE/source-evidence/1cc8f4e3d617ef6f173283ef83d7b739a4995734/R-CD-COLLECTION-ON-COLLAPSE/cael-dgx/journal/filtered.log	10fc742b5818529737c3c2c4bd9a0663fa73fe0ad8ebfbe475451f5f5d7ab15d	10fc742b5818529737c3c2c4bd9a0663fa73fe0ad8ebfbe475451f5f5d7ab15d	byte-identical
frozen-warm-basis-corpus	25051f3b77409c45f5ce71c3b3b05aae85b0f8f9	R-CD-COLLECTION-ON-COLLAPSE/source-evidence/1cc8f4e3d617ef6f173283ef83d7b739a4995734/R-CD-COLLECTION-ON-COLLAPSE/cael-dgx/journal/load-bearing-lines.log	R-CD-COLLECTION-ON-COLLAPSE/source-evidence/1cc8f4e3d617ef6f173283ef83d7b739a4995734/R-CD-COLLECTION-ON-COLLAPSE/cael-dgx/journal/load-bearing-lines.log	aa6b63bd27fde8d431ef6391f66c653ee6c099592550788c389d69faad0f6b31	aa6b63bd27fde8d431ef6391f66c653ee6c099592550788c389d69faad0f6b31	byte-identical
frozen-warm-basis-corpus	25051f3b77409c45f5ce71c3b3b05aae85b0f8f9	R-CD-COLLECTION-ON-COLLAPSE/source-evidence/1cc8f4e3d617ef6f173283ef83d7b739a4995734/R-CD-COLLECTION-ON-COLLAPSE/cael-dgx/journal/window.log	R-CD-COLLECTION-ON-COLLAPSE/source-evidence/1cc8f4e3d617ef6f173283ef83d7b739a4995734/R-CD-COLLECTION-ON-COLLAPSE/cael-dgx/journal/window.log	eb326e8875d1fc46bc22382893be93855e3136a6cd983583a5f346477e2a0172	eb326e8875d1fc46bc22382893be93855e3136a6cd983583a5f346477e2a0172	byte-identical
frozen-warm-basis-corpus	25051f3b77409c45f5ce71c3b3b05aae85b0f8f9	R-CD-COLLECTION-ON-COLLAPSE/source-evidence/1cc8f4e3d617ef6f173283ef83d7b739a4995734/R-CD-COLLECTION-ON-COLLAPSE/cael-dgx/main/root-collection-receipt.md	R-CD-COLLECTION-ON-COLLAPSE/source-evidence/1cc8f4e3d617ef6f173283ef83d7b739a4995734/R-CD-COLLECTION-ON-COLLAPSE/cael-dgx/main/root-collection-receipt.md	ad5bf833ccf3f984dafe0576c39f1c6c37117e7b2bf44b389e5a93bd94d925c9	ad5bf833ccf3f984dafe0576c39f1c6c37117e7b2bf44b389e5a93bd94d925c9	byte-identical
frozen-warm-basis-corpus	25051f3b77409c45f5ce71c3b3b05aae85b0f8f9	R-CD-COLLECTION-ON-COLLAPSE/source-evidence/1cc8f4e3d617ef6f173283ef83d7b739a4995734/R-CD-COLLECTION-ON-COLLAPSE/cael-dgx/runtime-version.txt	R-CD-COLLECTION-ON-COLLAPSE/source-evidence/1cc8f4e3d617ef6f173283ef83d7b739a4995734/R-CD-COLLECTION-ON-COLLAPSE/cael-dgx/runtime-version.txt	9a45c28fdc9194d11861964c0d37569e9f8f423464e2095252e1e99e1a5ddf6a	9a45c28fdc9194d11861964c0d37569e9f8f423464e2095252e1e99e1a5ddf6a	byte-identical
frozen-warm-basis-corpus	25051f3b77409c45f5ce71c3b3b05aae85b0f8f9	R-CD-COLLECTION-ON-COLLAPSE/source-evidence/1cc8f4e3d617ef6f173283ef83d7b739a4995734/R-CD-COLLECTION-ON-COLLAPSE/cael-dgx/sessions/e4a1f112-d9ed-4061-9081-59092fd35c0e.jsonl	R-CD-COLLECTION-ON-COLLAPSE/source-evidence/1cc8f4e3d617ef6f173283ef83d7b739a4995734/R-CD-COLLECTION-ON-COLLAPSE/cael-dgx/sessions/e4a1f112-d9ed-4061-9081-59092fd35c0e.jsonl	b04ea7aed07cf3ae0b54e6d33595ef9a8f7a3de2dacc13811883d07572ceda6d	b04ea7aed07cf3ae0b54e6d33595ef9a8f7a3de2dacc13811883d07572ceda6d	byte-identical
frozen-warm-basis-corpus	25051f3b77409c45f5ce71c3b3b05aae85b0f8f9	R-CD-COLLECTION-ON-COLLAPSE/source-evidence/1cc8f4e3d617ef6f173283ef83d7b739a4995734/R-CD-COLLECTION-ON-COLLAPSE/cael-dgx/sessions/e4a1f112-d9ed-4061-9081-59092fd35c0e.readable.tsv	R-CD-COLLECTION-ON-COLLAPSE/source-evidence/1cc8f4e3d617ef6f173283ef83d7b739a4995734/R-CD-COLLECTION-ON-COLLAPSE/cael-dgx/sessions/e4a1f112-d9ed-4061-9081-59092fd35c0e.readable.tsv	64616d2d7741203cad35503704421b19333e5dacfe7915050bfd9e1fd60cd847	64616d2d7741203cad35503704421b19333e5dacfe7915050bfd9e1fd60cd847	byte-identical
frozen-warm-basis-corpus	25051f3b77409c45f5ce71c3b3b05aae85b0f8f9	R-CD-COLLECTION-ON-COLLAPSE/source-evidence/1cc8f4e3d617ef6f173283ef83d7b739a4995734/R-CD-COLLECTION-ON-COLLAPSE/cael-dgx/sessions/ea37bf7c-288d-49ce-8f41-e347b86c554d.jsonl	R-CD-COLLECTION-ON-COLLAPSE/source-evidence/1cc8f4e3d617ef6f173283ef83d7b739a4995734/R-CD-COLLECTION-ON-COLLAPSE/cael-dgx/sessions/ea37bf7c-288d-49ce-8f41-e347b86c554d.jsonl	a08f83449c0a159147571cef27fa4a8ec0abfa70c4b258ab55cab85b0836c309	a08f83449c0a159147571cef27fa4a8ec0abfa70c4b258ab55cab85b0836c309	byte-identical
frozen-warm-basis-corpus	25051f3b77409c45f5ce71c3b3b05aae85b0f8f9	R-CD-COLLECTION-ON-COLLAPSE/source-evidence/1cc8f4e3d617ef6f173283ef83d7b739a4995734/R-CD-COLLECTION-ON-COLLAPSE/cael-dgx/sessions/ea37bf7c-288d-49ce-8f41-e347b86c554d.readable.tsv	R-CD-COLLECTION-ON-COLLAPSE/source-evidence/1cc8f4e3d617ef6f173283ef83d7b739a4995734/R-CD-COLLECTION-ON-COLLAPSE/cael-dgx/sessions/ea37bf7c-288d-49ce-8f41-e347b86c554d.readable.tsv	47ab8fb6aa2183dc21f42285561c677a70b833ff9e4a3ec3739d9a580cb3774d	47ab8fb6aa2183dc21f42285561c677a70b833ff9e4a3ec3739d9a580cb3774d	byte-identical
frozen-warm-basis-corpus	25051f3b77409c45f5ce71c3b3b05aae85b0f8f9	R-CD-COLLECTION-ON-COLLAPSE/source-evidence/1cc8f4e3d617ef6f173283ef83d7b739a4995734/R-CD-COLLECTION-ON-COLLAPSE/cael-dgx/source/source-sha-status.txt	R-CD-COLLECTION-ON-COLLAPSE/source-evidence/1cc8f4e3d617ef6f173283ef83d7b739a4995734/R-CD-COLLECTION-ON-COLLAPSE/cael-dgx/source/source-sha-status.txt	a3e1bd5eeb5d9ef07c023f931f04ea822899e00ce27fe4aec2b8389c2a8c1c4d	a3e1bd5eeb5d9ef07c023f931f04ea822899e00ce27fe4aec2b8389c2a8c1c4d	byte-identical
frozen-warm-basis-corpus	25051f3b77409c45f5ce71c3b3b05aae85b0f8f9	R-CD-COLLECTION-ON-COLLAPSE/source-evidence/1cc8f4e3d617ef6f173283ef83d7b739a4995734/R-CD-COLLECTION-ON-COLLAPSE/cael-dgx/tempo/trace-ecda443e0038fb9a38fc33a8b98d7d02.json	R-CD-COLLECTION-ON-COLLAPSE/source-evidence/1cc8f4e3d617ef6f173283ef83d7b739a4995734/R-CD-COLLECTION-ON-COLLAPSE/cael-dgx/tempo/trace-ecda443e0038fb9a38fc33a8b98d7d02.json	5ff908ef552375f1ead0ebfbf16176fca1ee59808c036caba72d6c0386f2f0d7	5ff908ef552375f1ead0ebfbf16176fca1ee59808c036caba72d6c0386f2f0d7	byte-identical
frozen-warm-basis-corpus	25051f3b77409c45f5ce71c3b3b05aae85b0f8f9	R-CD-COLLECTION-ON-COLLAPSE/source-evidence/1cc8f4e3d617ef6f173283ef83d7b739a4995734/R-CD-COLLECTION-ON-COLLAPSE/cael-dgx/tempo/trace-id.txt	R-CD-COLLECTION-ON-COLLAPSE/source-evidence/1cc8f4e3d617ef6f173283ef83d7b739a4995734/R-CD-COLLECTION-ON-COLLAPSE/cael-dgx/tempo/trace-id.txt	054db2d77a79ec7ac60391b10f85dcf9d7975ef6e8d816e7311327f929a7212b	054db2d77a79ec7ac60391b10f85dcf9d7975ef6e8d816e7311327f929a7212b	byte-identical
frozen-warm-basis-corpus	25051f3b77409c45f5ce71c3b3b05aae85b0f8f9	R-CD-COLLECTION-ON-COLLAPSE/source-evidence/1cc8f4e3d617ef6f173283ef83d7b739a4995734/R-CD-COLLECTION-ON-COLLAPSE/cael-dgx/tempo/trace-summary.json	R-CD-COLLECTION-ON-COLLAPSE/source-evidence/1cc8f4e3d617ef6f173283ef83d7b739a4995734/R-CD-COLLECTION-ON-COLLAPSE/cael-dgx/tempo/trace-summary.json	867e4c0e19cad69923eb5411afb65926cb829777d6e13a4fa18f39fd27d336f6	867e4c0e19cad69923eb5411afb65926cb829777d6e13a4fa18f39fd27d336f6	byte-identical
frozen-warm-basis-corpus	25051f3b77409c45f5ce71c3b3b05aae85b0f8f9	R-CD-MODEL-CHAINED-ALT/EVIDENCE.md	R-CD-MODEL-CHAINED-ALT/EVIDENCE.md	70bd0f771e8acefb86369371d0833c72d995c836bded54d43525dedc9df2a558	a041adcf1e4547187afca07fa5534d9e57aa66b0c3194288b26664f55c3c9c0f	target-rebound
frozen-warm-basis-corpus	25051f3b77409c45f5ce71c3b3b05aae85b0f8f9	R-CD-MODEL-CHAINED-ALT/catalog/live-cd-model-e-20260825T102838Z-r-cd-model-chained-alt-c2a0ed72-candidate-run-result.json	R-CD-MODEL-CHAINED-ALT/catalog/live-cd-model-e-20260825T102838Z-r-cd-model-chained-alt-c2a0ed72-candidate-run-result.json	4f534c5ef9ca66420b8cd2ce6c068e0615d0c95785f9dded97705df78f687494	c69e1ada17938d624b960e185524b530681ef10a39c868aa4221b3bfad10c8ed	target-rebound
frozen-warm-basis-corpus	25051f3b77409c45f5ce71c3b3b05aae85b0f8f9	R-CD-MODEL-CHAINED-ALT/catalog/live-cd-model-e-20260825T102838Z-r-cd-model-chained-alt-c2a0ed72-evidence.jsonl	R-CD-MODEL-CHAINED-ALT/catalog/live-cd-model-e-20260825T102838Z-r-cd-model-chained-alt-c2a0ed72-evidence.jsonl	88c466fde8b927542a85f4abc79331a317021c60ad1f9a4fd5a7628dff972b1e	6b763628ae58b3bb25f6f9509cdc1d205513273b45064cdbdbfa34ed3ed90978	target-rebound
frozen-warm-basis-corpus	25051f3b77409c45f5ce71c3b3b05aae85b0f8f9	R-CD-MODEL-CHAINED-ALT/catalog/live-cd-model-e-20260825T102838Z-r-cd-model-chained-alt-c2a0ed72-r-cd-model-chained-alt-summary.json	R-CD-MODEL-CHAINED-ALT/catalog/live-cd-model-e-20260825T102838Z-r-cd-model-chained-alt-c2a0ed72-r-cd-model-chained-alt-summary.json	37b2e5cfc2e737ee1f5288c6c4387135c0e200cd6267a08d0d65f427003b3ecf	a0b95ea0efd404ab2b754ea4432dcb75247b1304b4415395507d2fe413bde73d	target-rebound
frozen-warm-basis-corpus	25051f3b77409c45f5ce71c3b3b05aae85b0f8f9	R-CD-MODEL-CHAINED-ALT/catalog/live-cd-model-e-20260825T102838Z-r-cd-model-chained-alt-c2a0ed72-run-result.json	R-CD-MODEL-CHAINED-ALT/catalog/live-cd-model-e-20260825T102838Z-r-cd-model-chained-alt-c2a0ed72-run-result.json	3e02c79f80ce9c6c6cb112c1496ce1c9503ea140ddff951e4b1cf8aa7fff200f	6977c6d9f34a20a830f2dbe035fa7f6780f4e82fb6f5eaadc0c0f0e8a353a67a	target-rebound
frozen-warm-basis-corpus	25051f3b77409c45f5ce71c3b3b05aae85b0f8f9	R-CD-MODEL-DEFAULT/EVIDENCE.md	R-CD-MODEL-DEFAULT/EVIDENCE.md	2d05015213ffeaac2bf9eb2714784b26c6563b913797926b46f2a7c87c98f8cd	4d25a4d571d16e9abee2dafeef2d09d14677dbd961b8d5ad4a4e425eb865ff94	target-rebound
frozen-warm-basis-corpus	25051f3b77409c45f5ce71c3b3b05aae85b0f8f9	R-CD-MODEL-DEFAULT/catalog/live-cd-model-e-20260825T102730Z-r-cd-model-default-c2a0ed72-candidate-run-result.json	R-CD-MODEL-DEFAULT/catalog/live-cd-model-e-20260825T102730Z-r-cd-model-default-c2a0ed72-candidate-run-result.json	d16f4c3f8fc8f4b458cea64a26ff82548e1518c3d3ca54cca384045c82b8c973	857370f535824015e46fdbd049f8f07f7ae80f4e7de966d74cc935754307b534	target-rebound
frozen-warm-basis-corpus	25051f3b77409c45f5ce71c3b3b05aae85b0f8f9	R-CD-MODEL-DEFAULT/catalog/live-cd-model-e-20260825T102730Z-r-cd-model-default-c2a0ed72-evidence.jsonl	R-CD-MODEL-DEFAULT/catalog/live-cd-model-e-20260825T102730Z-r-cd-model-default-c2a0ed72-evidence.jsonl	24310bcd51988cdc176d60bfdc839fcd105b1bf7f912d570afcd9ac7897668fa	19d37638d7833f33ba78a10b538ce86a00fc82fb833684c58f79be4cca9834b3	target-rebound
frozen-warm-basis-corpus	25051f3b77409c45f5ce71c3b3b05aae85b0f8f9	R-CD-MODEL-DEFAULT/catalog/live-cd-model-e-20260825T102730Z-r-cd-model-default-c2a0ed72-r-cd-model-default-summary.json	R-CD-MODEL-DEFAULT/catalog/live-cd-model-e-20260825T102730Z-r-cd-model-default-c2a0ed72-r-cd-model-default-summary.json	8e87a9a354d816ee60ae5594bdbf35bb6530c45b4817999db8cd836d806232e4	2f36daf77ad1eae1277f39830eb2b69b4f9ac5571326d7eafa4ec380136498dc	target-rebound
frozen-warm-basis-corpus	25051f3b77409c45f5ce71c3b3b05aae85b0f8f9	R-CD-MODEL-DEFAULT/catalog/live-cd-model-e-20260825T102730Z-r-cd-model-default-c2a0ed72-run-result.json	R-CD-MODEL-DEFAULT/catalog/live-cd-model-e-20260825T102730Z-r-cd-model-default-c2a0ed72-run-result.json	df510c18c646c08d9148bddaa9745af4f38a3e129681c9ba8bf78b0ce89749d6	4dc02973c79cd14b618ed199587269d1799b8f01e8d244db41c5e7577375f783	target-rebound
frozen-warm-basis-corpus	25051f3b77409c45f5ce71c3b3b05aae85b0f8f9	R-CD-MODEL-TOKEN/EVIDENCE.md	R-CD-MODEL-TOKEN/EVIDENCE.md	de17901c85afe76638872a2b31bbab5cc43713e60b3265e37524b3bf0e5e0ac0	41a1cfba41a5b2d8ab84d214498f4f12f04e9d3245ff54cda3c7b4629ac9e7e7	target-rebound
frozen-warm-basis-corpus	25051f3b77409c45f5ce71c3b3b05aae85b0f8f9	R-CD-MODEL-TOKEN/catalog/live-cd-model-e-20260825T102819Z-r-cd-model-token-c2a0ed72-candidate-run-result.json	R-CD-MODEL-TOKEN/catalog/live-cd-model-e-20260825T102819Z-r-cd-model-token-c2a0ed72-candidate-run-result.json	9cf3b600cdd3803a703383cf088f0f5c74fa166ec3e60f883f8efb47b05a6569	4be1882f1db67c73a462962e88bd3514b11d224e0d34efa300d11a6703921323	target-rebound
frozen-warm-basis-corpus	25051f3b77409c45f5ce71c3b3b05aae85b0f8f9	R-CD-MODEL-TOKEN/catalog/live-cd-model-e-20260825T102819Z-r-cd-model-token-c2a0ed72-evidence.jsonl	R-CD-MODEL-TOKEN/catalog/live-cd-model-e-20260825T102819Z-r-cd-model-token-c2a0ed72-evidence.jsonl	c6d2d0e95be77372b20763feb7884e6d7916c9256884cef2cbc850e3b459952c	778a75ffb07f743e768ce9600c1a928f3cae0a11ef2892c35c4419c0ea57563e	target-rebound
frozen-warm-basis-corpus	25051f3b77409c45f5ce71c3b3b05aae85b0f8f9	R-CD-MODEL-TOKEN/catalog/live-cd-model-e-20260825T102819Z-r-cd-model-token-c2a0ed72-r-cd-model-token-summary.json	R-CD-MODEL-TOKEN/catalog/live-cd-model-e-20260825T102819Z-r-cd-model-token-c2a0ed72-r-cd-model-token-summary.json	970bcc2695a888c29b28222c7a3119d907df8da9fc559f71acd718f092eead9e	78592da7d0f6dd65e438150013a5ef262ee20d024169671aab0009c21d6d4e4a	target-rebound
frozen-warm-basis-corpus	25051f3b77409c45f5ce71c3b3b05aae85b0f8f9	R-CD-MODEL-TOKEN/catalog/live-cd-model-e-20260825T102819Z-r-cd-model-token-c2a0ed72-run-result.json	R-CD-MODEL-TOKEN/catalog/live-cd-model-e-20260825T102819Z-r-cd-model-token-c2a0ed72-run-result.json	966e3c425f7cad7f6093bea53971cf67cc24b3b3c04b38a351f21b134f498f20	97ff05a0e46b5ad03daea1f32a827e7dcd90abcc4f90fd5721738fc466a6c32f	target-rebound
frozen-warm-basis-corpus	25051f3b77409c45f5ce71c3b3b05aae85b0f8f9	R-CD-MODEL-TOOL/EVIDENCE.md	R-CD-MODEL-TOOL/EVIDENCE.md	75853f52258b3b5618555ab6e697f405b4bd127e2f8a6e59c755be9b785dcde6	eef375a5a402d62b2b993c0fbb690099c8f67e248d10e9364620162d194327cb	target-rebound
frozen-warm-basis-corpus	25051f3b77409c45f5ce71c3b3b05aae85b0f8f9	R-CD-MODEL-TOOL/catalog/live-cd-model-e-20260825T102749Z-r-cd-model-tool-c2a0ed72-candidate-run-result.json	R-CD-MODEL-TOOL/catalog/live-cd-model-e-20260825T102749Z-r-cd-model-tool-c2a0ed72-candidate-run-result.json	92b6db3c2ec87ea2458b905959395722645f1204fc7f3af3958788d7d8c1f440	482790ef7ddb27c172801661489d69f98614b0e4b8af2d90916fd268d1beb6ee	target-rebound
frozen-warm-basis-corpus	25051f3b77409c45f5ce71c3b3b05aae85b0f8f9	R-CD-MODEL-TOOL/catalog/live-cd-model-e-20260825T102749Z-r-cd-model-tool-c2a0ed72-evidence.jsonl	R-CD-MODEL-TOOL/catalog/live-cd-model-e-20260825T102749Z-r-cd-model-tool-c2a0ed72-evidence.jsonl	d8fa03f0f3c99f635dad3045faae2f5dc40ed7e706154a317c0ff1a7f66295f2	3335d8fd0549ad7b7c58a961ca43180a21ea3e8294909418a453d79e495c217d	target-rebound
frozen-warm-basis-corpus	25051f3b77409c45f5ce71c3b3b05aae85b0f8f9	R-CD-MODEL-TOOL/catalog/live-cd-model-e-20260825T102749Z-r-cd-model-tool-c2a0ed72-r-cd-model-tool-summary.json	R-CD-MODEL-TOOL/catalog/live-cd-model-e-20260825T102749Z-r-cd-model-tool-c2a0ed72-r-cd-model-tool-summary.json	8ff3aad953b6836133a66475be7e44b10d7c880f80f55d973b2ec552124d75d0	4900d39554da34f33a60e0512765c0621a07caf15afe14f64f95dc5490f35154	target-rebound
frozen-warm-basis-corpus	25051f3b77409c45f5ce71c3b3b05aae85b0f8f9	R-CD-MODEL-TOOL/catalog/live-cd-model-e-20260825T102749Z-r-cd-model-tool-c2a0ed72-run-result.json	R-CD-MODEL-TOOL/catalog/live-cd-model-e-20260825T102749Z-r-cd-model-tool-c2a0ed72-run-result.json	26326df74ea527a0dec7c3654084c58f74a27c57eb2f11a356aef7a03c8cd34c	2503b2067e65aaa01dc7f9f9a8fae133d7b3215e7f9e99d03785b15cd557b1ea	target-rebound
frozen-warm-basis-corpus	25051f3b77409c45f5ce71c3b3b05aae85b0f8f9	R-CD-RETURN-OVERLAP/EVIDENCE.md	R-CD-RETURN-OVERLAP/EVIDENCE.md	d039f372ec0c9bff996dc6374ac9767aaf8f34d36da716b1869f2acfd313c216	89f8e35e8f3a15d9ba8628a9ae4a391c7bcf92634c0ac9d93bc9e40bb2902670	target-rebound
frozen-warm-basis-corpus	25051f3b77409c45f5ce71c3b3b05aae85b0f8f9	R-CD-RETURN-OVERLAP/catalog/live-cd-special-f-20260825T103326Z-r-cd-return-overlap-0b421668-candidate-run-result.json	R-CD-RETURN-OVERLAP/catalog/live-cd-special-f-20260825T103326Z-r-cd-return-overlap-0b421668-candidate-run-result.json	22ef31c26584cb0e24d802ac0778c9144500a9e5aba7ef70758eef116f3521b5	ba34df8d8af727c4dc81e49b98ad22120cc3a26c71cdcc2445e40a95168840f8	target-rebound
frozen-warm-basis-corpus	25051f3b77409c45f5ce71c3b3b05aae85b0f8f9	R-CD-RETURN-OVERLAP/catalog/live-cd-special-f-20260825T103326Z-r-cd-return-overlap-0b421668-evidence.jsonl	R-CD-RETURN-OVERLAP/catalog/live-cd-special-f-20260825T103326Z-r-cd-return-overlap-0b421668-evidence.jsonl	6dbac183137df5697908e7e376b48c98a57a8d1bd74f49426c26bad1d5ae60d1	0ba4664cb669e4315f21ec94ded27d84b440afa41ee81320f1e303e43ad79075	target-rebound
frozen-warm-basis-corpus	25051f3b77409c45f5ce71c3b3b05aae85b0f8f9	R-CD-RETURN-OVERLAP/catalog/live-cd-special-f-20260825T103326Z-r-cd-return-overlap-0b421668-r-cd-return-overlap-summary.json	R-CD-RETURN-OVERLAP/catalog/live-cd-special-f-20260825T103326Z-r-cd-return-overlap-0b421668-r-cd-return-overlap-summary.json	7f47c685918b06f1861b5eaace8e3fa56b9e2b54da212642199a314d150a6ff5	fa08308da18dce8fc3de61f1c3da5c31b44378b8b737b69673fc13a5cabb9fe5	target-rebound
frozen-warm-basis-corpus	25051f3b77409c45f5ce71c3b3b05aae85b0f8f9	R-CD-RETURN-OVERLAP/catalog/live-cd-special-f-20260825T103326Z-r-cd-return-overlap-0b421668-run-result.json	R-CD-RETURN-OVERLAP/catalog/live-cd-special-f-20260825T103326Z-r-cd-return-overlap-0b421668-run-result.json	8da0a768784494623e5aea39ebe28a7e356f2c615da30ffc40136482b7cace19	8bf5eeaa0f661434ffa1a6a71692af47719fe96b350422a02965258b999f5dd2	target-rebound
frozen-warm-basis-corpus	25051f3b77409c45f5ce71c3b3b05aae85b0f8f9	R-CD-RETURN-OVERLAP/source-evidence/1cc8f4e3d617ef6f173283ef83d7b739a4995734/R-CD-RETURN-OVERLAP/cael-dgx/EVIDENCE.md	R-CD-RETURN-OVERLAP/source-evidence/1cc8f4e3d617ef6f173283ef83d7b739a4995734/R-CD-RETURN-OVERLAP/cael-dgx/EVIDENCE.md	868c89ffc7f56632c6cb0ddfd34ba48b6b3498cdf89e1a0e8e2f69564948074c	868c89ffc7f56632c6cb0ddfd34ba48b6b3498cdf89e1a0e8e2f69564948074c	byte-identical
frozen-warm-basis-corpus	25051f3b77409c45f5ce71c3b3b05aae85b0f8f9	R-CD-RETURN-OVERLAP/source-evidence/1cc8f4e3d617ef6f173283ef83d7b739a4995734/R-CD-RETURN-OVERLAP/cael-dgx/db/flow-rows-concise.json	R-CD-RETURN-OVERLAP/source-evidence/1cc8f4e3d617ef6f173283ef83d7b739a4995734/R-CD-RETURN-OVERLAP/cael-dgx/db/flow-rows-concise.json	7114e096ff06cc0a491254c8bab2da8cf6d564c2e512ffd2c8f4464613b84562	7114e096ff06cc0a491254c8bab2da8cf6d564c2e512ffd2c8f4464613b84562	byte-identical
frozen-warm-basis-corpus	25051f3b77409c45f5ce71c3b3b05aae85b0f8f9	R-CD-RETURN-OVERLAP/source-evidence/1cc8f4e3d617ef6f173283ef83d7b739a4995734/R-CD-RETURN-OVERLAP/cael-dgx/db/flow-rows.json	R-CD-RETURN-OVERLAP/source-evidence/1cc8f4e3d617ef6f173283ef83d7b739a4995734/R-CD-RETURN-OVERLAP/cael-dgx/db/flow-rows.json	d64eee2faf031c2f1b563920dc9db93387430302010abee59fea79aa59bebd88	d64eee2faf031c2f1b563920dc9db93387430302010abee59fea79aa59bebd88	byte-identical
frozen-warm-basis-corpus	25051f3b77409c45f5ce71c3b3b05aae85b0f8f9	R-CD-RETURN-OVERLAP/source-evidence/1cc8f4e3d617ef6f173283ef83d7b739a4995734/R-CD-RETURN-OVERLAP/cael-dgx/db/flow-rows.pretty.json	R-CD-RETURN-OVERLAP/source-evidence/1cc8f4e3d617ef6f173283ef83d7b739a4995734/R-CD-RETURN-OVERLAP/cael-dgx/db/flow-rows.pretty.json	b3e0ff04862ad35953654e8e7a1a5fb8a93e07b5c675ea36c306dd4453b1c564	b3e0ff04862ad35953654e8e7a1a5fb8a93e07b5c675ea36c306dd4453b1c564	byte-identical
frozen-warm-basis-corpus	25051f3b77409c45f5ce71c3b3b05aae85b0f8f9	R-CD-RETURN-OVERLAP/source-evidence/1cc8f4e3d617ef6f173283ef83d7b739a4995734/R-CD-RETURN-OVERLAP/cael-dgx/db/flow-runs-schema.sql	R-CD-RETURN-OVERLAP/source-evidence/1cc8f4e3d617ef6f173283ef83d7b739a4995734/R-CD-RETURN-OVERLAP/cael-dgx/db/flow-runs-schema.sql	01331d7cf0223726e15388373f2c4f8074f41d8b784c5506b517dc4bb6931c99	01331d7cf0223726e15388373f2c4f8074f41d8b784c5506b517dc4bb6931c99	byte-identical
frozen-warm-basis-corpus	25051f3b77409c45f5ce71c3b3b05aae85b0f8f9	R-CD-RETURN-OVERLAP/source-evidence/1cc8f4e3d617ef6f173283ef83d7b739a4995734/R-CD-RETURN-OVERLAP/cael-dgx/db/task-rows-concise.json	R-CD-RETURN-OVERLAP/source-evidence/1cc8f4e3d617ef6f173283ef83d7b739a4995734/R-CD-RETURN-OVERLAP/cael-dgx/db/task-rows-concise.json	28a10d2bac8ed64e7f77e6192023ca4c451703cb0ff15f96107708204881b2f1	28a10d2bac8ed64e7f77e6192023ca4c451703cb0ff15f96107708204881b2f1	byte-identical
frozen-warm-basis-corpus	25051f3b77409c45f5ce71c3b3b05aae85b0f8f9	R-CD-RETURN-OVERLAP/source-evidence/1cc8f4e3d617ef6f173283ef83d7b739a4995734/R-CD-RETURN-OVERLAP/cael-dgx/db/task-runs-schema.sql	R-CD-RETURN-OVERLAP/source-evidence/1cc8f4e3d617ef6f173283ef83d7b739a4995734/R-CD-RETURN-OVERLAP/cael-dgx/db/task-runs-schema.sql	a9b2a24d106933f09bc0f5070cb1a0eca01817f79f1370b271177a146840496e	a9b2a24d106933f09bc0f5070cb1a0eca01817f79f1370b271177a146840496e	byte-identical
frozen-warm-basis-corpus	25051f3b77409c45f5ce71c3b3b05aae85b0f8f9	R-CD-RETURN-OVERLAP/source-evidence/1cc8f4e3d617ef6f173283ef83d7b739a4995734/R-CD-RETURN-OVERLAP/cael-dgx/issue/docs-246.json	R-CD-RETURN-OVERLAP/source-evidence/1cc8f4e3d617ef6f173283ef83d7b739a4995734/R-CD-RETURN-OVERLAP/cael-dgx/issue/docs-246.json	6b8dde669db931bfbfab44ce68372e6b2f875fec8ea7ab1bb79a03ede0c4a368	6b8dde669db931bfbfab44ce68372e6b2f875fec8ea7ab1bb79a03ede0c4a368	byte-identical
frozen-warm-basis-corpus	25051f3b77409c45f5ce71c3b3b05aae85b0f8f9	R-CD-RETURN-OVERLAP/source-evidence/1cc8f4e3d617ef6f173283ef83d7b739a4995734/R-CD-RETURN-OVERLAP/cael-dgx/journal/journal-filtered.log	R-CD-RETURN-OVERLAP/source-evidence/1cc8f4e3d617ef6f173283ef83d7b739a4995734/R-CD-RETURN-OVERLAP/cael-dgx/journal/journal-filtered.log	7c86ae05fb91dc28a377f78d3a31e8d49e095272e80fe3d3f9cf5a873ba72598	7c86ae05fb91dc28a377f78d3a31e8d49e095272e80fe3d3f9cf5a873ba72598	byte-identical
frozen-warm-basis-corpus	25051f3b77409c45f5ce71c3b3b05aae85b0f8f9	R-CD-RETURN-OVERLAP/source-evidence/1cc8f4e3d617ef6f173283ef83d7b739a4995734/R-CD-RETURN-OVERLAP/cael-dgx/journal/journal-window.log	R-CD-RETURN-OVERLAP/source-evidence/1cc8f4e3d617ef6f173283ef83d7b739a4995734/R-CD-RETURN-OVERLAP/cael-dgx/journal/journal-window.log	fa16adf90902c982bcdc93a84279fd80d0097b4228dfc9c067a6d507eab99c2c	fa16adf90902c982bcdc93a84279fd80d0097b4228dfc9c067a6d507eab99c2c	byte-identical
frozen-warm-basis-corpus	25051f3b77409c45f5ce71c3b3b05aae85b0f8f9	R-CD-RETURN-OVERLAP/source-evidence/1cc8f4e3d617ef6f173283ef83d7b739a4995734/R-CD-RETURN-OVERLAP/cael-dgx/main/session-prefix-grep.txt	R-CD-RETURN-OVERLAP/source-evidence/1cc8f4e3d617ef6f173283ef83d7b739a4995734/R-CD-RETURN-OVERLAP/cael-dgx/main/session-prefix-grep.txt	2eb0bb584ffaf2d854b72ad85ca412b20ffbd55564e81fb8906b9d309d436519	2eb0bb584ffaf2d854b72ad85ca412b20ffbd55564e81fb8906b9d309d436519	byte-identical
frozen-warm-basis-corpus	25051f3b77409c45f5ce71c3b3b05aae85b0f8f9	R-CD-RETURN-OVERLAP/source-evidence/1cc8f4e3d617ef6f173283ef83d7b739a4995734/R-CD-RETURN-OVERLAP/cael-dgx/sessions/2026-07-04T20-38-22-759Z_17391d3d-268f-405f-b448-c9721563c1d1.jsonl	R-CD-RETURN-OVERLAP/source-evidence/1cc8f4e3d617ef6f173283ef83d7b739a4995734/R-CD-RETURN-OVERLAP/cael-dgx/sessions/2026-07-04T20-38-22-759Z_17391d3d-268f-405f-b448-c9721563c1d1.jsonl	c8534dfbd94a56afae4eff6e9fa0e82bbe7bbcfbc71f2bcd8850f902c595b8b6	c8534dfbd94a56afae4eff6e9fa0e82bbe7bbcfbc71f2bcd8850f902c595b8b6	byte-identical
frozen-warm-basis-corpus	25051f3b77409c45f5ce71c3b3b05aae85b0f8f9	R-CD-RETURN-OVERLAP/source-evidence/1cc8f4e3d617ef6f173283ef83d7b739a4995734/R-CD-RETURN-OVERLAP/cael-dgx/sessions/64977420-0a5c-4321-8f9b-39b66a99292b.jsonl	R-CD-RETURN-OVERLAP/source-evidence/1cc8f4e3d617ef6f173283ef83d7b739a4995734/R-CD-RETURN-OVERLAP/cael-dgx/sessions/64977420-0a5c-4321-8f9b-39b66a99292b.jsonl	43260a5a5a06683db1953c1e7756c5f49e0616be941e399efbd87272d932aa39	43260a5a5a06683db1953c1e7756c5f49e0616be941e399efbd87272d932aa39	byte-identical
frozen-warm-basis-corpus	25051f3b77409c45f5ce71c3b3b05aae85b0f8f9	R-CD-RETURN-OVERLAP/source-evidence/1cc8f4e3d617ef6f173283ef83d7b739a4995734/R-CD-RETURN-OVERLAP/cael-dgx/sessions/64977420-0a5c-4321-8f9b-39b66a99292b.trajectory.jsonl	R-CD-RETURN-OVERLAP/source-evidence/1cc8f4e3d617ef6f173283ef83d7b739a4995734/R-CD-RETURN-OVERLAP/cael-dgx/sessions/64977420-0a5c-4321-8f9b-39b66a99292b.trajectory.jsonl	13c261e874262d67db94497f453fff70ed10af70a055ee09be18406f977610b5	13c261e874262d67db94497f453fff70ed10af70a055ee09be18406f977610b5	byte-identical
frozen-warm-basis-corpus	25051f3b77409c45f5ce71c3b3b05aae85b0f8f9	R-CD-RETURN-OVERLAP/source-evidence/1cc8f4e3d617ef6f173283ef83d7b739a4995734/R-CD-RETURN-OVERLAP/cael-dgx/sessions/dcf4b8a2-8e32-4b21-9046-33b8c6222191.jsonl	R-CD-RETURN-OVERLAP/source-evidence/1cc8f4e3d617ef6f173283ef83d7b739a4995734/R-CD-RETURN-OVERLAP/cael-dgx/sessions/dcf4b8a2-8e32-4b21-9046-33b8c6222191.jsonl	933092a9f3d1cb7adba83f8b651cc5b639a83b017fc423c71863602719fb3ffc	933092a9f3d1cb7adba83f8b651cc5b639a83b017fc423c71863602719fb3ffc	byte-identical
frozen-warm-basis-corpus	25051f3b77409c45f5ce71c3b3b05aae85b0f8f9	R-CD-RETURN-OVERLAP/source-evidence/1cc8f4e3d617ef6f173283ef83d7b739a4995734/R-CD-RETURN-OVERLAP/cael-dgx/sessions/dcf4b8a2-8e32-4b21-9046-33b8c6222191.trajectory.jsonl	R-CD-RETURN-OVERLAP/source-evidence/1cc8f4e3d617ef6f173283ef83d7b739a4995734/R-CD-RETURN-OVERLAP/cael-dgx/sessions/dcf4b8a2-8e32-4b21-9046-33b8c6222191.trajectory.jsonl	5868aabb8339d24b242e4e71d58cd6d55165bae8957bb10e62adbdc44c4bff5b	5868aabb8339d24b242e4e71d58cd6d55165bae8957bb10e62adbdc44c4bff5b	byte-identical
frozen-warm-basis-corpus	25051f3b77409c45f5ce71c3b3b05aae85b0f8f9	R-CD-RETURN-OVERLAP/source-evidence/1cc8f4e3d617ef6f173283ef83d7b739a4995734/R-CD-RETURN-OVERLAP/cael-dgx/source/source-receipt.txt	R-CD-RETURN-OVERLAP/source-evidence/1cc8f4e3d617ef6f173283ef83d7b739a4995734/R-CD-RETURN-OVERLAP/cael-dgx/source/source-receipt.txt	dc221b67efd9c9d64bb32914d641986707da272df26446954e35cbfe14187e68	dc221b67efd9c9d64bb32914d641986707da272df26446954e35cbfe14187e68	byte-identical
frozen-warm-basis-corpus	25051f3b77409c45f5ce71c3b3b05aae85b0f8f9	R-CD-RETURN-OVERLAP/source-evidence/1cc8f4e3d617ef6f173283ef83d7b739a4995734/R-CD-RETURN-OVERLAP/cael-dgx/tempo/trace-0d676f84623ebfe6499a324d039ee050-summary.json	R-CD-RETURN-OVERLAP/source-evidence/1cc8f4e3d617ef6f173283ef83d7b739a4995734/R-CD-RETURN-OVERLAP/cael-dgx/tempo/trace-0d676f84623ebfe6499a324d039ee050-summary.json	6fdb5bab3f17ecdd6770338aad25bef66c583313eb3e1b7f59f9c9641952ca52	6fdb5bab3f17ecdd6770338aad25bef66c583313eb3e1b7f59f9c9641952ca52	byte-identical
frozen-warm-basis-corpus	25051f3b77409c45f5ce71c3b3b05aae85b0f8f9	R-CD-RETURN-OVERLAP/source-evidence/1cc8f4e3d617ef6f173283ef83d7b739a4995734/R-CD-RETURN-OVERLAP/cael-dgx/tempo/trace-0d676f84623ebfe6499a324d039ee050.json	R-CD-RETURN-OVERLAP/source-evidence/1cc8f4e3d617ef6f173283ef83d7b739a4995734/R-CD-RETURN-OVERLAP/cael-dgx/tempo/trace-0d676f84623ebfe6499a324d039ee050.json	7cc7beffe6c9d649d60659d43a57f56072733f985b777f3b94536fe8aa9a13c6	7cc7beffe6c9d649d60659d43a57f56072733f985b777f3b94536fe8aa9a13c6	byte-identical
frozen-warm-basis-corpus	25051f3b77409c45f5ce71c3b3b05aae85b0f8f9	R-CD-RETURN-OVERLAP/source-evidence/1cc8f4e3d617ef6f173283ef83d7b739a4995734/R-CD-RETURN-OVERLAP/cael-dgx/tempo/trace-ids.txt	R-CD-RETURN-OVERLAP/source-evidence/1cc8f4e3d617ef6f173283ef83d7b739a4995734/R-CD-RETURN-OVERLAP/cael-dgx/tempo/trace-ids.txt	867b21fde1963c0a46407f6a26a3f4edcc7d3e7bc6f8b18c8bb53ffae88952b6	867b21fde1963c0a46407f6a26a3f4edcc7d3e7bc6f8b18c8bb53ffae88952b6	byte-identical
frozen-warm-basis-corpus	25051f3b77409c45f5ce71c3b3b05aae85b0f8f9	R-CD-SILENT/EVIDENCE.md	R-CD-SILENT/EVIDENCE.md	6712ce2137cbfb5038da8b2ef624216cb17aa1addc946f70a04103ed9785fd25	aeed43a0d462dc678495bac15f2b5ea3fde0ad90d40d76806a182d410ce6a290	target-rebound
frozen-warm-basis-corpus	25051f3b77409c45f5ce71c3b3b05aae85b0f8f9	R-CD-SILENT/catalog/live-cd-special-f-20260825T102944Z-r-cd-silent-0b421668-candidate-run-result.json	R-CD-SILENT/catalog/live-cd-special-f-20260825T102944Z-r-cd-silent-0b421668-candidate-run-result.json	f198970a6549aee5422d7738a17c6853d07efd6ed18c2ff1492bd7f1bc5230f5	73edb0232ec8318d0e9c787eab6dad3c53c7c71789376d45cdf4244781948416	target-rebound
frozen-warm-basis-corpus	25051f3b77409c45f5ce71c3b3b05aae85b0f8f9	R-CD-SILENT/catalog/live-cd-special-f-20260825T102944Z-r-cd-silent-0b421668-evidence.jsonl	R-CD-SILENT/catalog/live-cd-special-f-20260825T102944Z-r-cd-silent-0b421668-evidence.jsonl	a2321091f779d2eb1c77248e3db0448cbbc3748cd6a254192d456c68ba326b21	1e160ff04582f42dd0317d95b7483c48292c88b9158c2625d22d2e89f785a3f1	target-rebound
frozen-warm-basis-corpus	25051f3b77409c45f5ce71c3b3b05aae85b0f8f9	R-CD-SILENT/catalog/live-cd-special-f-20260825T102944Z-r-cd-silent-0b421668-r-cd-silent-summary.json	R-CD-SILENT/catalog/live-cd-special-f-20260825T102944Z-r-cd-silent-0b421668-r-cd-silent-summary.json	d6b57c9c1d62b29c10e14cd9c3b1e6b241a93d6729cef7d545414f487670289c	a666f9e35997c403605d5541f2f8a636651b4720cc9ef06f27387d5aa3cc1e93	target-rebound
frozen-warm-basis-corpus	25051f3b77409c45f5ce71c3b3b05aae85b0f8f9	R-CD-SILENT/catalog/live-cd-special-f-20260825T102944Z-r-cd-silent-0b421668-run-result.json	R-CD-SILENT/catalog/live-cd-special-f-20260825T102944Z-r-cd-silent-0b421668-run-result.json	d103b3ed69ee2ed332df5e4588e9ccc895f86a04230d1336c92e9ab49313e695	95b48a9817f165ca19d8a668597991b6e689fdb3578ca4e24d2dde7b73abb112	target-rebound
frozen-warm-basis-corpus	25051f3b77409c45f5ce71c3b3b05aae85b0f8f9	R-CD-TOKEN/EVIDENCE.md	R-CD-TOKEN/EVIDENCE.md	d0ba64ea03b4c27da0bc9e356b4256494ab058b86475c4d01d42d812574c6547	c16c1570b218ac0b592fab593d6ca2db4a8e64f2370a85afc29914fd844a0b41	target-rebound
frozen-warm-basis-corpus	25051f3b77409c45f5ce71c3b3b05aae85b0f8f9	R-CD-TOKEN/catalog/live-cd-special-f-20260825T103025Z-r-cd-token-0b421668-run-result.json	R-CD-TOKEN/catalog/live-cd-special-f-20260825T103025Z-r-cd-token-0b421668-run-result.json	4df22642250db29a036c5d77b3b6284a5f5c312febbf4be9b81c109c01702f23	38beac55b9f03d6f83fa07a7dc5e437afbe8401fda212491317b40ebd56bcbb0	target-rebound
frozen-warm-basis-corpus	25051f3b77409c45f5ce71c3b3b05aae85b0f8f9	R-CD-TOKEN/catalog/live-cd-token-exact-20260825T103518Z-r-cd-token-ebb34c27-run-result.json	R-CD-TOKEN/catalog/live-cd-token-exact-20260825T103518Z-r-cd-token-ebb34c27-run-result.json	202a2005c179696030f6a419cacdf0471ae0ba2a7a9f88ba8fc6de0f5606f98a	295b8ea5d87c11acf03162b67e6442eeeb0755c324d174859c9b6f434d8dd94b	target-rebound
frozen-warm-basis-corpus	25051f3b77409c45f5ce71c3b3b05aae85b0f8f9	R-CD-TOKEN/catalog/live-cd-token-raw-20260825T103922Z-r-cd-token-59dfeff7-evidence.jsonl	R-CD-TOKEN/catalog/live-cd-token-raw-20260825T103922Z-r-cd-token-59dfeff7-evidence.jsonl	9f6d7f0c807ee3812a6b31fdf27eccc2de4260cffe281cbf98f72e967b6adaf5	d3f77fdba108d9e360d0a75811c95f220edec7d5e875f209ba81281b2f5fac7a	target-rebound
frozen-warm-basis-corpus	25051f3b77409c45f5ce71c3b3b05aae85b0f8f9	R-CD-TOKEN/catalog/live-cd-token-raw-20260825T103922Z-r-cd-token-59dfeff7-r-cd-token-authoritative-receipt.json	R-CD-TOKEN/catalog/live-cd-token-raw-20260825T103922Z-r-cd-token-59dfeff7-r-cd-token-authoritative-receipt.json	5e4dc3bdc2dde9fd241ce1becd4cded9c1e72e9dea5c3a8407b310cad6f9469f	65872d7974255c20f86545611fb7c59d9913d41ecfa5fd81e66568b99663a3ba	target-rebound
frozen-warm-basis-corpus	25051f3b77409c45f5ce71c3b3b05aae85b0f8f9	R-CD-TOKEN/catalog/live-cd-token-raw-20260825T103922Z-r-cd-token-59dfeff7-r-cd-token-bracket-delegate-summary.json	R-CD-TOKEN/catalog/live-cd-token-raw-20260825T103922Z-r-cd-token-59dfeff7-r-cd-token-bracket-delegate-summary.json	1e0d57c495e073068bcfd1b3d95299f25f3200d068016c5572f4cd51d44b4716	1d61ee9e3fd923416126874258db31f460fec7c2a8534b237d9bb5919a63d9c6	target-rebound
frozen-warm-basis-corpus	25051f3b77409c45f5ce71c3b3b05aae85b0f8f9	R-CD-TOKEN/catalog/live-cd-token-raw-20260825T103922Z-r-cd-token-59dfeff7-run-result.json	R-CD-TOKEN/catalog/live-cd-token-raw-20260825T103922Z-r-cd-token-59dfeff7-run-result.json	edb508b1c0a226f1ff39312e249dfeee8422268dde90639a19c6cc92530bdaff	7f26b4699b310c070f10d8f6ceb20c5689c17faaefd2c9f6a20aa6116aaffa22	target-rebound
frozen-warm-basis-corpus	25051f3b77409c45f5ce71c3b3b05aae85b0f8f9	R-CONFIG-DEFAULTS/EVIDENCE.md	R-CONFIG-DEFAULTS/EVIDENCE.md	3940ba8fb28d0030a3afb11f2104449d30ad55c4ab48f7e44c1c0694b65579e7	52f85bb2dcfac7b44030b5e93e0346ab4b4133ff2278d57db8f8e8401580ffb1	target-rebound
frozen-warm-basis-corpus	25051f3b77409c45f5ce71c3b3b05aae85b0f8f9	R-CONFIG-DEFAULTS/catalog/live-config-c-20260825T101700Z-r-config-defaults-1510b1d4-candidate-run-result.json	R-CONFIG-DEFAULTS/catalog/live-config-c-20260825T101700Z-r-config-defaults-1510b1d4-candidate-run-result.json	9fd51c9c2d6d018cce5473fb7395c44df748739ca6f4ee7606c49287eaeff30a	421c0a9652691006c95cc126617d925afd21d7ed4a7f87fb2bf2c3b02b48f478	target-rebound
frozen-warm-basis-corpus	25051f3b77409c45f5ce71c3b3b05aae85b0f8f9	R-CONFIG-DEFAULTS/catalog/live-config-c-20260825T101700Z-r-config-defaults-1510b1d4-evidence.jsonl	R-CONFIG-DEFAULTS/catalog/live-config-c-20260825T101700Z-r-config-defaults-1510b1d4-evidence.jsonl	26a3267c1a9f004d8c2c83814c8e032646e2f0fd602ffd97318ab12ea0da2fc1	2e92a21b3f3920402032cfde4b232715668aaebb02f19b369029d03374734a86	target-rebound
frozen-warm-basis-corpus	25051f3b77409c45f5ce71c3b3b05aae85b0f8f9	R-CONFIG-DEFAULTS/catalog/live-config-c-20260825T101700Z-r-config-defaults-1510b1d4-run-result.json	R-CONFIG-DEFAULTS/catalog/live-config-c-20260825T101700Z-r-config-defaults-1510b1d4-run-result.json	131d4b5265f0283c50474cb090cac5f817e18d43d0d5ec367edf9fdb65bea2fe	4e245126ec25d8a7232b3c13fae16517fa3ed56f81ce02501350e9d97e1c332b	target-rebound
frozen-warm-basis-corpus	25051f3b77409c45f5ce71c3b3b05aae85b0f8f9	R-CONFIG-INTERSESSION/EVIDENCE.md	R-CONFIG-INTERSESSION/EVIDENCE.md	d8180594e3c198e56f10e749b2c7cfe2bf9bdc09998ff22d2f68e898a852f42c	1ece026870056159febcc8efdc42560730eb8a46faa7e60a3770509bed60a851	target-rebound
frozen-warm-basis-corpus	25051f3b77409c45f5ce71c3b3b05aae85b0f8f9	R-CONFIG-INTERSESSION/catalog/live-config-c-20260825T101707Z-r-config-intersession-1510b1d4-candidate-run-result.json	R-CONFIG-INTERSESSION/catalog/live-config-c-20260825T101707Z-r-config-intersession-1510b1d4-candidate-run-result.json	cd2202e8b9193efc29db389d1a14c26ef16f9d8b78ccf589c23fde6f42481c49	6b5c26b25f705f7f4259c1975fdb415c1d8fcc5722f3fc856fab3dabfbf8e42a	target-rebound
frozen-warm-basis-corpus	25051f3b77409c45f5ce71c3b3b05aae85b0f8f9	R-CONFIG-INTERSESSION/catalog/live-config-c-20260825T101707Z-r-config-intersession-1510b1d4-evidence.jsonl	R-CONFIG-INTERSESSION/catalog/live-config-c-20260825T101707Z-r-config-intersession-1510b1d4-evidence.jsonl	6a3d6284de7ead5e0e992f02ac3e78530881ee620c4309b18d376fd81416d941	5fc3af6a5975b0c52680e6442ad15d2447079d2b9a1e28e75283000dd663f0bb	target-rebound
frozen-warm-basis-corpus	25051f3b77409c45f5ce71c3b3b05aae85b0f8f9	R-CONFIG-INTERSESSION/catalog/live-config-c-20260825T101707Z-r-config-intersession-1510b1d4-run-result.json	R-CONFIG-INTERSESSION/catalog/live-config-c-20260825T101707Z-r-config-intersession-1510b1d4-run-result.json	cf43be09851050512464101a1c191848f9be36e54c2ad312482ab3c774c89f0f	8cb0abccdf7a8a4700f04ee9e3e5549b6e00efc69b1f632cc56c0b15c65b3108	target-rebound
frozen-warm-basis-corpus	25051f3b77409c45f5ce71c3b3b05aae85b0f8f9	R-CW-1/EVIDENCE.md	R-CW-1/EVIDENCE.md	4d1b7f6667e45beacc22810f32c331d4d4f8e872ee2c866bae61abfc7a54d83e	327413185cdb0448ab5a2e902090090bea51cdfcec6a94bff10811de58a2e57f	target-rebound
frozen-warm-basis-corpus	25051f3b77409c45f5ce71c3b3b05aae85b0f8f9	R-CW-1/catalog/live-cw-b-20260825T100515Z-r-cw-1-d849a70d-candidate-run-result.json	R-CW-1/catalog/live-cw-b-20260825T100515Z-r-cw-1-d849a70d-candidate-run-result.json	70400ee1b4e63804f97900146ca19909e88da9e318c439598fe56283071bbafe	12e4d8c7c9fd300ec3b3cd12f036920bfee1bfe900ba482985d41482c6a8a585	target-rebound
frozen-warm-basis-corpus	25051f3b77409c45f5ce71c3b3b05aae85b0f8f9	R-CW-1/catalog/live-cw-b-20260825T100515Z-r-cw-1-d849a70d-continuation-trace-correlation.json	R-CW-1/catalog/live-cw-b-20260825T100515Z-r-cw-1-d849a70d-continuation-trace-correlation.json	89b8713efdbf26d3402f4f2408a6157bbb7878de9f241d9af19ce1a1c5dcd1d6	41dacbb0953fe177d9cbb405fca02be3eb3b30b0eff5dd09b8ae612c2cebaef4	target-rebound
frozen-warm-basis-corpus	25051f3b77409c45f5ce71c3b3b05aae85b0f8f9	R-CW-1/catalog/live-cw-b-20260825T100515Z-r-cw-1-d849a70d-evidence.jsonl	R-CW-1/catalog/live-cw-b-20260825T100515Z-r-cw-1-d849a70d-evidence.jsonl	1c7a40b52b67c700f2f1394624495efc351e6a1115f4b7b2e0198b85fe218514	9376c6b72dab3f379d0d17a76447a5393b1c0f95b22180cdf3fdce6ae5590376	target-rebound
frozen-warm-basis-corpus	25051f3b77409c45f5ce71c3b3b05aae85b0f8f9	R-CW-1/catalog/live-cw-b-20260825T100515Z-r-cw-1-d849a70d-r-cw-1-tool-schedule-wake-summary.json	R-CW-1/catalog/live-cw-b-20260825T100515Z-r-cw-1-d849a70d-r-cw-1-tool-schedule-wake-summary.json	3c1656cabd5bc0d06fc47f343206433a5a03ad7e3d4b7e34733357476e22e000	bede2f360333290f030877591f57dd63bf0b77724bf5cddec811efa74ba4aceb	target-rebound
frozen-warm-basis-corpus	25051f3b77409c45f5ce71c3b3b05aae85b0f8f9	R-CW-1/catalog/live-cw-b-20260825T100515Z-r-cw-1-d849a70d-run-result.json	R-CW-1/catalog/live-cw-b-20260825T100515Z-r-cw-1-d849a70d-run-result.json	b041683bf23443f08a0e42839c2b295407cd83e20e9bfe17cbeed5b21a3bbd94	cc6c42c322f0d99de57cdf75f1ffe8bf07ca1d4eb6917a5a7642419909bdd584	target-rebound
frozen-warm-basis-corpus	25051f3b77409c45f5ce71c3b3b05aae85b0f8f9	R-CW-2/EVIDENCE.md	R-CW-2/EVIDENCE.md	45eee8a7a728204f7b55a82aaef02c69baf68b53b31a30d03e26155406fecc3d	c4b0383533dddbdbb7624580ae0b496a362382884b229ea94b40c4ef2da21fc8	target-rebound
frozen-warm-basis-corpus	25051f3b77409c45f5ce71c3b3b05aae85b0f8f9	R-CW-2/catalog/live-cw-b-20260825T100547Z-r-cw-2-d849a70d-candidate-run-result.json	R-CW-2/catalog/live-cw-b-20260825T100547Z-r-cw-2-d849a70d-candidate-run-result.json	f30e4d570a2fc434e167aeb796afd0321955167af1a1dd183858c2066260dc1f	24168fa4060be75e5dabd134f67067cf5dfb6062d568ab24b9739da5e2243cbe	target-rebound
frozen-warm-basis-corpus	25051f3b77409c45f5ce71c3b3b05aae85b0f8f9	R-CW-2/catalog/live-cw-b-20260825T100547Z-r-cw-2-d849a70d-evidence.jsonl	R-CW-2/catalog/live-cw-b-20260825T100547Z-r-cw-2-d849a70d-evidence.jsonl	c0125a525968a7b669ea3e21ec2ff399ce3ddc4e839dbf6c0976f3bb084ed49f	d4eb5c39ca3ecf05f75711b219cb82ec56a426ff66e89570221c19dd8d11c64e	target-rebound
frozen-warm-basis-corpus	25051f3b77409c45f5ce71c3b3b05aae85b0f8f9	R-CW-2/catalog/live-cw-b-20260825T100547Z-r-cw-2-d849a70d-r-cw-2-immediate-wake-summary.json	R-CW-2/catalog/live-cw-b-20260825T100547Z-r-cw-2-d849a70d-r-cw-2-immediate-wake-summary.json	61de12bdb896b8b2588014b98ca1c75d838d578e688bba487bb9a9db79aeae7a	bc9b77c8db9032a396ccdc90a4ff4ca85ec9abe049647b365e28b95dce2210c5	target-rebound
frozen-warm-basis-corpus	25051f3b77409c45f5ce71c3b3b05aae85b0f8f9	R-CW-2/catalog/live-cw-b-20260825T100547Z-r-cw-2-d849a70d-run-result.json	R-CW-2/catalog/live-cw-b-20260825T100547Z-r-cw-2-d849a70d-run-result.json	92e749887e8d4796b56cdbae81bc7c6f04254f60517798bb684159d51593dd1f	fde6a6f1e346fc8b7eb13178b14d6300b64c2e812d3fa537cdbcf429710c493c	target-rebound
frozen-warm-basis-corpus	25051f3b77409c45f5ce71c3b3b05aae85b0f8f9	R-CW-3/EVIDENCE.md	R-CW-3/EVIDENCE.md	3e5d3f9c307b97cc023225f06e88fd4c288a274f5b33761e399f3cdef251c486	3007c91be0cd32ff45d432a752c4b74666e2bce8bca889b16d89707f18002106	target-rebound
frozen-warm-basis-corpus	25051f3b77409c45f5ce71c3b3b05aae85b0f8f9	R-CW-3/catalog/live-cw-b-20260825T100603Z-r-cw-3-d849a70d-evidence.jsonl	R-CW-3/catalog/live-cw-b-20260825T100603Z-r-cw-3-d849a70d-evidence.jsonl	f3c28244dc2e0180a08fccb6a857b2d99f78dbbdbb4cd4bd467d91ef26b0b332	41202b96a0881eed47bb57cd7c71a8d48e6ddbb551eff7e6d4c090ca117344a8	target-rebound
frozen-warm-basis-corpus	25051f3b77409c45f5ce71c3b3b05aae85b0f8f9	R-CW-3/catalog/live-cw-b-20260825T100603Z-r-cw-3-d849a70d-r-cw-3-reason-telemetry-summary.json	R-CW-3/catalog/live-cw-b-20260825T100603Z-r-cw-3-d849a70d-r-cw-3-reason-telemetry-summary.json	7b2c80dd163171b5fc86c01971dba50698b096f5baa7ec980eedf7a2ae931844	258545d37fb9489cb5ecdb956fd72ce87d0e818b800e72d3c2e43913f41f565a	target-rebound
frozen-warm-basis-corpus	25051f3b77409c45f5ce71c3b3b05aae85b0f8f9	R-CW-3/catalog/live-cw-b-20260825T100603Z-r-cw-3-d849a70d-run-result.json	R-CW-3/catalog/live-cw-b-20260825T100603Z-r-cw-3-d849a70d-run-result.json	fd34c5e14277cd8b27ff8f8a3333b3e4334cefed07a58742c74f099aa8b5e23e	3caf3d3a57f5c9f738323ef1aebf054287b7399157bc32368f0ecedb3ea515ec	target-rebound
frozen-warm-basis-corpus	25051f3b77409c45f5ce71c3b3b05aae85b0f8f9	R-CW-3/catalog/live-cw3-isolated-20260825T101216Z-r-cw-3-3c3552a9-evidence.jsonl	R-CW-3/catalog/live-cw3-isolated-20260825T101216Z-r-cw-3-3c3552a9-evidence.jsonl	675f0000942f724ccc226a9f01121a2a4b4e983fe31005e47cd513550e2b67b2	5cf06362a438b31181755992802ace135b7d13354cd0e89caa14420c39d2efe0	target-rebound
frozen-warm-basis-corpus	25051f3b77409c45f5ce71c3b3b05aae85b0f8f9	R-CW-3/catalog/live-cw3-isolated-20260825T101216Z-r-cw-3-3c3552a9-r-cw-3-reason-telemetry-summary.json	R-CW-3/catalog/live-cw3-isolated-20260825T101216Z-r-cw-3-3c3552a9-r-cw-3-reason-telemetry-summary.json	d92914c5df66ab1e128319496d62563d757f03410c7c996af6ed5ce0670f517c	6b86aea54f5cc12ffc8fed9a084c1687c0071cef6fd819787e269ad9be90555a	target-rebound
frozen-warm-basis-corpus	25051f3b77409c45f5ce71c3b3b05aae85b0f8f9	R-CW-3/catalog/live-cw3-isolated-20260825T101216Z-r-cw-3-3c3552a9-run-result.json	R-CW-3/catalog/live-cw3-isolated-20260825T101216Z-r-cw-3-3c3552a9-run-result.json	d3a7ff52494a4820fe12e901e186a6d827de5056949103fd8fa142ba0006c8fc	ef701a149874978b059db6bcf08062d2d77d9e6cec116a8aa24118a0bbac8bdb	target-rebound
frozen-warm-basis-corpus	25051f3b77409c45f5ce71c3b3b05aae85b0f8f9	R-CW-3/catalog/manual-tempo-reason-correlation.public.json	R-CW-3/catalog/manual-tempo-reason-correlation.public.json	0062d00207bce10693f06357f4ef682e761f999c8310b3bbcc1b46b93292cd9b	91078b983b916b41f0ace26c2d9e8582f573c00b5c0f16d581c11f82d7e19cc8	target-rebound
frozen-warm-basis-corpus	25051f3b77409c45f5ce71c3b3b05aae85b0f8f9	R-CW-4/EVIDENCE.md	R-CW-4/EVIDENCE.md	7433cdd6ac25c469ecc6fabe5909ecc5182baf4c875c62c3e02e5f2979d9b9d1	fbb5b5376252c0086d274e7d481205684a375022cf5da1bd71797a626283d6c4	target-rebound
frozen-warm-basis-corpus	25051f3b77409c45f5ce71c3b3b05aae85b0f8f9	R-CW-4/catalog/live-cw-b-20260825T100924Z-r-cw-4-d849a70d-candidate-run-result.json	R-CW-4/catalog/live-cw-b-20260825T100924Z-r-cw-4-d849a70d-candidate-run-result.json	3bdfaf9ae03ab2d78ccf72fa79a41a4fca15b92f1fbeb5d155c5139156fdaec9	1440142b21db39d84f29b9d76d5e8d82b7f90874658c34d36754f9d7dc74eb47	target-rebound
frozen-warm-basis-corpus	25051f3b77409c45f5ce71c3b3b05aae85b0f8f9	R-CW-4/catalog/live-cw-b-20260825T100924Z-r-cw-4-d849a70d-evidence.jsonl	R-CW-4/catalog/live-cw-b-20260825T100924Z-r-cw-4-d849a70d-evidence.jsonl	f4dd2f6fe9b04ba30f8575449724e5b4651d7a8901868e4e6ba967f053178e28	be9231f7db196a2547cd23f092eedd0f7158049a4ee9799c7048c41cc3b62660	target-rebound
frozen-warm-basis-corpus	25051f3b77409c45f5ce71c3b3b05aae85b0f8f9	R-CW-4/catalog/live-cw-b-20260825T100924Z-r-cw-4-d849a70d-r-cw-4-chain-depth-summary.json	R-CW-4/catalog/live-cw-b-20260825T100924Z-r-cw-4-d849a70d-r-cw-4-chain-depth-summary.json	21c6d5208dfad881b779cbd18636b0013808f7eedaa24200fec3e3b0378555a4	4b831663b64824a1614c75d4ae7b1151a02883cdbb631b61c48605e3fdfdfae1	target-rebound
frozen-warm-basis-corpus	25051f3b77409c45f5ce71c3b3b05aae85b0f8f9	R-CW-4/catalog/live-cw-b-20260825T100924Z-r-cw-4-d849a70d-run-result.json	R-CW-4/catalog/live-cw-b-20260825T100924Z-r-cw-4-d849a70d-run-result.json	f6e09800baf7a667a3e81acfb2771efc92415aa2c932c46f8dc3bb82568a27b9	1f18623b29a9da880060f948bd19d3f6d334ae52906bf1506c7a6f357da0f1bd	target-rebound
frozen-warm-basis-corpus	25051f3b77409c45f5ce71c3b3b05aae85b0f8f9	R-CW-5/EVIDENCE.md	R-CW-5/EVIDENCE.md	8d5e19f5a0379a8f93d1aa37ab2fed1d3b296d197d94ac097486db0f857e161a	72c453594d2fd30d9d38549b64f37079d5a0d26a10ef922196ca682ea3310a29	target-rebound
frozen-warm-basis-corpus	25051f3b77409c45f5ce71c3b3b05aae85b0f8f9	R-CW-5/fixture/boundary-matrix.json	R-CW-5/fixture/boundary-matrix.json	5c4d8f4484998df2d8c263b94699c92fba3737762daef79dcc561d26e3348872	c63f255629dbc502b1daf3de5add21c05392cf8b5465e9ce03b90c382b99e7e4	target-rebound
frozen-warm-basis-corpus	25051f3b77409c45f5ce71c3b3b05aae85b0f8f9	R-CW-5/fixture/cleanup.json	R-CW-5/fixture/cleanup.json	ed381d7eaf5b4337d4ed91670aacaf3c99a9e2a60f16699770f906ed924c800c	4f58283f6752e678b59cf6ece4baf8ccf0fd25c6d86388f36c40f7f1193b0819	target-rebound
frozen-warm-basis-corpus	25051f3b77409c45f5ce71c3b3b05aae85b0f8f9	R-CW-5/fixture/dispatch-boundary-suite.json	R-CW-5/fixture/dispatch-boundary-suite.json	fce13056b30b6d10ef0fb066c9340990edee2291fb82014dd5cdbe61ad1caf44	4b72cfe5382bae4e18274566e15327a602e24d69e5510d120f701521fbd8e454	target-rebound
frozen-warm-basis-corpus	25051f3b77409c45f5ce71c3b3b05aae85b0f8f9	R-CW-5/fixture/fixture-readiness.json	R-CW-5/fixture/fixture-readiness.json	aff825b8ca77ab1eace531633bad3a46e6351f4f887c31581204ec594ea9b9d5	27dbcbd8ac91bd890038e0aaa9deeb5a894993ba6bc8df340bf767110e4b9c6d	target-rebound
frozen-warm-basis-corpus	25051f3b77409c45f5ce71c3b3b05aae85b0f8f9	R-CW-5/fixture/fixture-result.json	R-CW-5/fixture/fixture-result.json	c80ebd0f2cdc715816476cc2d683e871a70d2f98489c8548073db95ea3367e69	4defa45dd4d72b56ceda9b39d1cedf639849959f4f64222b09bb07d00fd139cc	target-rebound
frozen-warm-basis-corpus	25051f3b77409c45f5ce71c3b3b05aae85b0f8f9	R-CW-5/fixture/typed-tool-surface.json	R-CW-5/fixture/typed-tool-surface.json	0666abc7ad5454ce5082a9cca8dfe53ca2d4493de4a443bd1d96f38957e1e74a	a3bdf0fc4a2c8a857f4296e1a21f582569f2c3c390f1a01d110e4c07e3cd152f	target-rebound
frozen-warm-basis-corpus	25051f3b77409c45f5ce71c3b3b05aae85b0f8f9	R-CW-5A/EVIDENCE.md	R-CW-5A/EVIDENCE.md	ecbdec3b8917aab10c9a6891ecdf59c0fd03b3ee3430e2e0806299ca4da4df7d	ebc230b6284dde58f6fbd7a5e371d8f6382b197193b8cfa0ad1bc31d2cdd7276	target-rebound
frozen-warm-basis-corpus	25051f3b77409c45f5ce71c3b3b05aae85b0f8f9	R-CW-6/EVIDENCE.md	R-CW-6/EVIDENCE.md	4c0b73acb7aaabae3a8f0508512a56685702a05e2d28b43d2fdaa48483397ff7	efb80ebd2f638d9ef3591a0a5189b9d84a7f1c1ffe794199ac7550d91886fd40	target-rebound
frozen-warm-basis-corpus	25051f3b77409c45f5ce71c3b3b05aae85b0f8f9	R-CW-6/fixture/boundary-matrix.json	R-CW-6/fixture/boundary-matrix.json	3d5992ae6ac6b357574d5f3d7895246dee2a0ebe0fd0c712fad6047b8c63c93e	0f00c2e8f84f2e7a00c3fca2350f79b99a76d8edc0aa67bb4671eaaa7c1384e1	target-rebound
frozen-warm-basis-corpus	25051f3b77409c45f5ce71c3b3b05aae85b0f8f9	R-CW-6/fixture/cleanup.json	R-CW-6/fixture/cleanup.json	a55bc3962cdb68161c88ccf44f6148202273f19c3f9a307e91fdd248c3a319e9	6543e426d769135799a42d9c8000e0507f28723d13f16282b016cc8c4e5a2e8b	target-rebound
frozen-warm-basis-corpus	25051f3b77409c45f5ce71c3b3b05aae85b0f8f9	R-CW-6/fixture/dispatch-boundary-suite.json	R-CW-6/fixture/dispatch-boundary-suite.json	e11ef1870186eb7bfb855b3dd00dea19f63ed9d6c01c5fe5155e9c7466625bf8	a47aff77cd97faaf197f57ab4d7a749b7d9d40132204205f6801f39134775038	target-rebound
frozen-warm-basis-corpus	25051f3b77409c45f5ce71c3b3b05aae85b0f8f9	R-CW-6/fixture/durable-state-recovery.json	R-CW-6/fixture/durable-state-recovery.json	ac2e3bdc5c44f567634dc660d398ba06716decb9515db44ef0fe5562a1901f32	03bf3aceea5fb73153fff86e6b7c9a1e8fd1f6d01f27e313208e00c8ba07658d	target-rebound
frozen-warm-basis-corpus	25051f3b77409c45f5ce71c3b3b05aae85b0f8f9	R-CW-6/fixture/fixture-readiness.json	R-CW-6/fixture/fixture-readiness.json	d164a487c7bfdb80ff542f2a8451fd2ef085c7ac0236ee3dafafe1fd8f701cef	bf4f4251eec2e735df457c42d6298c779ce791fd2e94419d9420256b3b799dab	target-rebound
frozen-warm-basis-corpus	25051f3b77409c45f5ce71c3b3b05aae85b0f8f9	R-CW-6/fixture/fixture-result.json	R-CW-6/fixture/fixture-result.json	ffd88ffbe240710e630113641c582af4cc8aa51680924057fda36ebe1099fdca	5b61cdafed223143ae1e3eb1f5ac9b3e99e038f2ba000b166a81e13b2dd99f52	target-rebound
frozen-warm-basis-corpus	25051f3b77409c45f5ce71c3b3b05aae85b0f8f9	R-CW-6/fixture/public-artifact-safety.json	R-CW-6/fixture/public-artifact-safety.json	b14820dfb521fb564102c02360f83c8308406227d4c8466b0d7d475b7066e81c	3eb9b8e9e88e3af6e4dd1b0bbbba3e1872205eb6e112d4c6708fc0f7d992bd08	target-rebound
frozen-warm-basis-corpus	25051f3b77409c45f5ce71c3b3b05aae85b0f8f9	R-CW-6/fixture/runtime-boundary.json	R-CW-6/fixture/runtime-boundary.json	64b3f12c57b2c41df18b1083e762b61c13c446e7ebde869047099d727ce5ca52	6c419d104e025b997a7cf7bf131adabf5e8b6525d8b8d6d5f0f603db5343c595	target-rebound
frozen-warm-basis-corpus	25051f3b77409c45f5ce71c3b3b05aae85b0f8f9	R-CW-6/fixture/typed-tool-surface.json	R-CW-6/fixture/typed-tool-surface.json	e9b7b863b8e4d70785b6989c6ec8ff39578d625f0ee38ee317074fd45af13ac5	f04efff9d6e9ac378a00fff7de1bc47ca8b1c4800a4859a685db27ac201fe66a	target-rebound
frozen-warm-basis-corpus	25051f3b77409c45f5ce71c3b3b05aae85b0f8f9	R-CW-6A/EVIDENCE.md	R-CW-6A/EVIDENCE.md	3b9e32813a3c6f749e4663760a383d3944f3fc6e6ab57973ef6d064a6f76529e	198d7b5654f04c43cd98864ac29c2ca52edd556192c8e48614f5a095a3accf54	target-rebound
frozen-warm-basis-corpus	25051f3b77409c45f5ce71c3b3b05aae85b0f8f9	R-CW-7/EVIDENCE.md	R-CW-7/EVIDENCE.md	0fc0aa020530317af2238fdf020a3d612753043850011c43fa9e81da212b2041	60f313d2d591fc17dcb121636cb6493f19c603881c4fb291821809aaccba7996	target-rebound
frozen-warm-basis-corpus	25051f3b77409c45f5ce71c3b3b05aae85b0f8f9	R-CW-7/catalog/static-a-20260825T100418Z-r-cw-7-f2ab9803-candidate-run-result.json	R-CW-7/catalog/static-a-20260825T100418Z-r-cw-7-f2ab9803-candidate-run-result.json	3761308dff85fd4423f45280ccec2b72587f5d5e826142333b21660fcd6d78e6	310b26c5342388490c5022815d117550d2c7631db5daff87c65e88d6d1605f3d	target-rebound
frozen-warm-basis-corpus	25051f3b77409c45f5ce71c3b3b05aae85b0f8f9	R-CW-7/catalog/static-a-20260825T100418Z-r-cw-7-f2ab9803-evidence.jsonl	R-CW-7/catalog/static-a-20260825T100418Z-r-cw-7-f2ab9803-evidence.jsonl	1feabb3b66cce7d6d87f09d30dcbd3a986c0d94f90e8d36b5ab86a26947f90d7	5232395ea8f8c39bf3d15ce2d514ddf58f31430a7353f5cf6f2b9c760bd2983c	target-rebound
frozen-warm-basis-corpus	25051f3b77409c45f5ce71c3b3b05aae85b0f8f9	R-CW-7/catalog/static-a-20260825T100418Z-r-cw-7-f2ab9803-run-result.json	R-CW-7/catalog/static-a-20260825T100418Z-r-cw-7-f2ab9803-run-result.json	79fe3f80162436c5458ef20efd30f58eacff1dd5116a0aaac02be8352ab38463	b49c4d9a7f984214f90da3c78af00b4f35b270d5d5ac332c4728ee8f5160ae07	target-rebound
frozen-warm-basis-corpus	25051f3b77409c45f5ce71c3b3b05aae85b0f8f9	R-CW-7/catalog/static-a-20260825T100418Z-r-cw-7-f2ab9803-static-corpus-row-summary.json	R-CW-7/catalog/static-a-20260825T100418Z-r-cw-7-f2ab9803-static-corpus-row-summary.json	bac199fc5ee8e76618b0e65416f820b035307b78ba8ca60ab875f3ff9436321a	20578fe500ebc3feb053a85d9deedca2b9b5b9983ac5248f2542d8830c773930	target-rebound
frozen-warm-basis-corpus	25051f3b77409c45f5ce71c3b3b05aae85b0f8f9	R-CW-7/source-evidence/1cc8f4e3d617ef6f173283ef83d7b739a4995734/R-CW-7/cael-dgx/EVIDENCE.md	R-CW-7/source-evidence/1cc8f4e3d617ef6f173283ef83d7b739a4995734/R-CW-7/cael-dgx/EVIDENCE.md	e87f53b68bc62a7cdcd04d510c07123f3060055e62546454b28aa257e35827e9	e87f53b68bc62a7cdcd04d510c07123f3060055e62546454b28aa257e35827e9	byte-identical
frozen-warm-basis-corpus	25051f3b77409c45f5ce71c3b3b05aae85b0f8f9	R-CW-7/source-evidence/1cc8f4e3d617ef6f173283ef83d7b739a4995734/R-CW-7/cael-dgx/comment-4883507771.json	R-CW-7/source-evidence/1cc8f4e3d617ef6f173283ef83d7b739a4995734/R-CW-7/cael-dgx/comment-4883507771.json	b71b1e12e47ba72725ff4d824e8fc26fcfe0328f0f12a9ad66d8f9ed49d90886	b71b1e12e47ba72725ff4d824e8fc26fcfe0328f0f12a9ad66d8f9ed49d90886	byte-identical
frozen-warm-basis-corpus	25051f3b77409c45f5ce71c3b3b05aae85b0f8f9	R-CW-7/source-evidence/1cc8f4e3d617ef6f173283ef83d7b739a4995734/R-CW-7/cael-dgx/delegate-tool-receipt.json	R-CW-7/source-evidence/1cc8f4e3d617ef6f173283ef83d7b739a4995734/R-CW-7/cael-dgx/delegate-tool-receipt.json	44e9a894c74814c45d27d49c72c461f149f240143af16e61d491240d25c3c8cd	44e9a894c74814c45d27d49c72c461f149f240143af16e61d491240d25c3c8cd	byte-identical
frozen-warm-basis-corpus	25051f3b77409c45f5ce71c3b3b05aae85b0f8f9	R-CW-7/source-evidence/1cc8f4e3d617ef6f173283ef83d7b739a4995734/R-CW-7/cael-dgx/docs-issue-220.json	R-CW-7/source-evidence/1cc8f4e3d617ef6f173283ef83d7b739a4995734/R-CW-7/cael-dgx/docs-issue-220.json	0cf64bed0417b426018b3ef0003fa84f2101e43d09016ba0d0fa1ade6eb2009c	0cf64bed0417b426018b3ef0003fa84f2101e43d09016ba0d0fa1ade6eb2009c	byte-identical
frozen-warm-basis-corpus	25051f3b77409c45f5ce71c3b3b05aae85b0f8f9	R-CW-7/source-evidence/1cc8f4e3d617ef6f173283ef83d7b739a4995734/R-CW-7/cael-dgx/flow-runs-matching-full.jsonl	R-CW-7/source-evidence/1cc8f4e3d617ef6f173283ef83d7b739a4995734/R-CW-7/cael-dgx/flow-runs-matching-full.jsonl	2ba31ea11832b13c9c23039d97a9b59c2bf07ce874eafd300260b64cc4631f32	2ba31ea11832b13c9c23039d97a9b59c2bf07ce874eafd300260b64cc4631f32	byte-identical
frozen-warm-basis-corpus	25051f3b77409c45f5ce71c3b3b05aae85b0f8f9	R-CW-7/source-evidence/1cc8f4e3d617ef6f173283ef83d7b739a4995734/R-CW-7/cael-dgx/flow-runs-matching-full.pretty.json	R-CW-7/source-evidence/1cc8f4e3d617ef6f173283ef83d7b739a4995734/R-CW-7/cael-dgx/flow-runs-matching-full.pretty.json	874d286b3843b0b256c07773f65e66593a9e012285884d00b6622e90230b53d4	874d286b3843b0b256c07773f65e66593a9e012285884d00b6622e90230b53d4	byte-identical
frozen-warm-basis-corpus	25051f3b77409c45f5ce71c3b3b05aae85b0f8f9	R-CW-7/source-evidence/1cc8f4e3d617ef6f173283ef83d7b739a4995734/R-CW-7/cael-dgx/flow-runs-matching-full.source-array.json	R-CW-7/source-evidence/1cc8f4e3d617ef6f173283ef83d7b739a4995734/R-CW-7/cael-dgx/flow-runs-matching-full.source-array.json	b2e0c0f61ff76bf0539e2a8d1a46ebe48c7824cddfcdb551d077430042b314c2	b2e0c0f61ff76bf0539e2a8d1a46ebe48c7824cddfcdb551d077430042b314c2	byte-identical
frozen-warm-basis-corpus	25051f3b77409c45f5ce71c3b3b05aae85b0f8f9	R-CW-7/source-evidence/1cc8f4e3d617ef6f173283ef83d7b739a4995734/R-CW-7/cael-dgx/flow-traceparents.tsv	R-CW-7/source-evidence/1cc8f4e3d617ef6f173283ef83d7b739a4995734/R-CW-7/cael-dgx/flow-traceparents.tsv	9fb3424c18f6c0d37ac675501bd2ff7926e7ed5f2596b5c8245b37efd53fd9fb	9fb3424c18f6c0d37ac675501bd2ff7926e7ed5f2596b5c8245b37efd53fd9fb	byte-identical
frozen-warm-basis-corpus	25051f3b77409c45f5ce71c3b3b05aae85b0f8f9	R-CW-7/source-evidence/1cc8f4e3d617ef6f173283ef83d7b739a4995734/R-CW-7/cael-dgx/journal-120800-121030.log	R-CW-7/source-evidence/1cc8f4e3d617ef6f173283ef83d7b739a4995734/R-CW-7/cael-dgx/journal-120800-121030.log	5060620097e6a191c5f25b9611857dc3386e902c1ef04e0b6e9a356a3676acfe	5060620097e6a191c5f25b9611857dc3386e902c1ef04e0b6e9a356a3676acfe	byte-identical
frozen-warm-basis-corpus	25051f3b77409c45f5ce71c3b3b05aae85b0f8f9	R-CW-7/source-evidence/1cc8f4e3d617ef6f173283ef83d7b739a4995734/R-CW-7/cael-dgx/journal-continuation-excerpt.log	R-CW-7/source-evidence/1cc8f4e3d617ef6f173283ef83d7b739a4995734/R-CW-7/cael-dgx/journal-continuation-excerpt.log	f638dc204cd9e838b47b5dc1f774312e86c97bad32561e5a042b32e73de0580d	f638dc204cd9e838b47b5dc1f774312e86c97bad32561e5a042b32e73de0580d	byte-identical
frozen-warm-basis-corpus	25051f3b77409c45f5ce71c3b3b05aae85b0f8f9	R-CW-7/source-evidence/1cc8f4e3d617ef6f173283ef83d7b739a4995734/R-CW-7/cael-dgx/schema/agent-schema-test-public-omits-traceparent.txt	R-CW-7/source-evidence/1cc8f4e3d617ef6f173283ef83d7b739a4995734/R-CW-7/cael-dgx/schema/agent-schema-test-public-omits-traceparent.txt	16de23ec2e2fd971848957bc868675a7e3a2b1fee78974ef21d381ed20b5aa2f	16de23ec2e2fd971848957bc868675a7e3a2b1fee78974ef21d381ed20b5aa2f	byte-identical
frozen-warm-basis-corpus	25051f3b77409c45f5ce71c3b3b05aae85b0f8f9	R-CW-7/source-evidence/1cc8f4e3d617ef6f173283ef83d7b739a4995734/R-CW-7/cael-dgx/schema/agent-schema-traceparent-snippet.txt	R-CW-7/source-evidence/1cc8f4e3d617ef6f173283ef83d7b739a4995734/R-CW-7/cael-dgx/schema/agent-schema-traceparent-snippet.txt	fa8399f1d33e8009545484731f981e2f37041eda6c09199a1f5acf1cae3fc9c9	fa8399f1d33e8009545484731f981e2f37041eda6c09199a1f5acf1cae3fc9c9	byte-identical
frozen-warm-basis-corpus	25051f3b77409c45f5ce71c3b3b05aae85b0f8f9	R-CW-7/source-evidence/1cc8f4e3d617ef6f173283ef83d7b739a4995734/R-CW-7/cael-dgx/schema/continue-delegate-no-diagnostic-traceparent-test.txt	R-CW-7/source-evidence/1cc8f4e3d617ef6f173283ef83d7b739a4995734/R-CW-7/cael-dgx/schema/continue-delegate-no-diagnostic-traceparent-test.txt	5723a47f741ed8f96dca13dd235ca93c72467a8b269ae3b8036492deef653891	5723a47f741ed8f96dca13dd235ca93c72467a8b269ae3b8036492deef653891	byte-identical
frozen-warm-basis-corpus	25051f3b77409c45f5ce71c3b3b05aae85b0f8f9	R-CW-7/source-evidence/1cc8f4e3d617ef6f173283ef83d7b739a4995734/R-CW-7/cael-dgx/schema/continue-delegate-public-keys-test.txt	R-CW-7/source-evidence/1cc8f4e3d617ef6f173283ef83d7b739a4995734/R-CW-7/cael-dgx/schema/continue-delegate-public-keys-test.txt	9a6781260183ff19ea3245dee14c9f4c0a107cb610bfe3ab96b6a87b2c2c5013	9a6781260183ff19ea3245dee14c9f4c0a107cb610bfe3ab96b6a87b2c2c5013	byte-identical
frozen-warm-basis-corpus	25051f3b77409c45f5ce71c3b3b05aae85b0f8f9	R-CW-7/source-evidence/1cc8f4e3d617ef6f173283ef83d7b739a4995734/R-CW-7/cael-dgx/source/source-commit.txt	R-CW-7/source-evidence/1cc8f4e3d617ef6f173283ef83d7b739a4995734/R-CW-7/cael-dgx/source/source-commit.txt	3dab0a41872f6b8d0a19f9539b3b90238ff285397ee51a1b72b93f71365cb524	3dab0a41872f6b8d0a19f9539b3b90238ff285397ee51a1b72b93f71365cb524	byte-identical
frozen-warm-basis-corpus	25051f3b77409c45f5ce71c3b3b05aae85b0f8f9	R-CW-7/source-evidence/1cc8f4e3d617ef6f173283ef83d7b739a4995734/R-CW-7/cael-dgx/source/source-sha.txt	R-CW-7/source-evidence/1cc8f4e3d617ef6f173283ef83d7b739a4995734/R-CW-7/cael-dgx/source/source-sha.txt	d02282e3912e477cc5ff45fd083b8b042ddf6074d5f338fe1ff3eefefaaa1760	d02282e3912e477cc5ff45fd083b8b042ddf6074d5f338fe1ff3eefefaaa1760	byte-identical
frozen-warm-basis-corpus	25051f3b77409c45f5ce71c3b3b05aae85b0f8f9	R-CW-7/source-evidence/1cc8f4e3d617ef6f173283ef83d7b739a4995734/R-CW-7/cael-dgx/source/source-snippets.md	R-CW-7/source-evidence/1cc8f4e3d617ef6f173283ef83d7b739a4995734/R-CW-7/cael-dgx/source/source-snippets.md	704ed5ed5284b9b87db5ac7936e6b8b1adc4ec222408202cc31b7074cdef08f6	704ed5ed5284b9b87db5ac7936e6b8b1adc4ec222408202cc31b7074cdef08f6	byte-identical
frozen-warm-basis-corpus	25051f3b77409c45f5ce71c3b3b05aae85b0f8f9	R-CW-7/source-evidence/1cc8f4e3d617ef6f173283ef83d7b739a4995734/R-CW-7/cael-dgx/subagent-history-excerpt.md	R-CW-7/source-evidence/1cc8f4e3d617ef6f173283ef83d7b739a4995734/R-CW-7/cael-dgx/subagent-history-excerpt.md	15e2c1bc6cc09ee8fd365815168df730adecb84c97a70980b13f1ce67a671698	15e2c1bc6cc09ee8fd365815168df730adecb84c97a70980b13f1ce67a671698	byte-identical
frozen-warm-basis-corpus	25051f3b77409c45f5ce71c3b3b05aae85b0f8f9	R-CW-7/source-evidence/1cc8f4e3d617ef6f173283ef83d7b739a4995734/R-CW-7/cael-dgx/subagent-list-recent.json	R-CW-7/source-evidence/1cc8f4e3d617ef6f173283ef83d7b739a4995734/R-CW-7/cael-dgx/subagent-list-recent.json	838b36bb014a94cfb3fba0ed865be6ae55ad34b6fc1b712bce2e4de325cf3333	838b36bb014a94cfb3fba0ed865be6ae55ad34b6fc1b712bce2e4de325cf3333	byte-identical
frozen-warm-basis-corpus	25051f3b77409c45f5ce71c3b3b05aae85b0f8f9	R-CW-7/source-evidence/1cc8f4e3d617ef6f173283ef83d7b739a4995734/R-CW-7/cael-dgx/tempo/candidate-traces.txt	R-CW-7/source-evidence/1cc8f4e3d617ef6f173283ef83d7b739a4995734/R-CW-7/cael-dgx/tempo/candidate-traces.txt	34e7bfeeb0b66a770f2c421729ca56e6446086c7da02e84531328801c2cfbe96	34e7bfeeb0b66a770f2c421729ca56e6446086c7da02e84531328801c2cfbe96	byte-identical
frozen-warm-basis-corpus	25051f3b77409c45f5ce71c3b3b05aae85b0f8f9	R-CW-7/source-evidence/1cc8f4e3d617ef6f173283ef83d7b739a4995734/R-CW-7/cael-dgx/tempo/search_start_1783192140_end_1783192225_limit_100.json	R-CW-7/source-evidence/1cc8f4e3d617ef6f173283ef83d7b739a4995734/R-CW-7/cael-dgx/tempo/search_start_1783192140_end_1783192225_limit_100.json	8d6194eac6404bbc9d3f4660ddd858b084aac00630fce11ff1e7cf2253126ee9	8d6194eac6404bbc9d3f4660ddd858b084aac00630fce11ff1e7cf2253126ee9	byte-identical
frozen-warm-basis-corpus	25051f3b77409c45f5ce71c3b3b05aae85b0f8f9	R-CW-7/source-evidence/1cc8f4e3d617ef6f173283ef83d7b739a4995734/R-CW-7/cael-dgx/tempo/search_tags_host.name_3Dcael_start_1783192140_end_1783192225_limit_100.json	R-CW-7/source-evidence/1cc8f4e3d617ef6f173283ef83d7b739a4995734/R-CW-7/cael-dgx/tempo/search_tags_host.name_3Dcael_start_1783192140_end_1783192225_limit_100.json	35aab979cabded3d771f430d0cf27e3d9ecad150440d223b925587546040c677	35aab979cabded3d771f430d0cf27e3d9ecad150440d223b925587546040c677	byte-identical
frozen-warm-basis-corpus	25051f3b77409c45f5ce71c3b3b05aae85b0f8f9	R-CW-7/source-evidence/1cc8f4e3d617ef6f173283ef83d7b739a4995734/R-CW-7/cael-dgx/tempo/search_tags_service.name_3Dopenclaw_start_1783192140_end_1783192225_limit_100.json	R-CW-7/source-evidence/1cc8f4e3d617ef6f173283ef83d7b739a4995734/R-CW-7/cael-dgx/tempo/search_tags_service.name_3Dopenclaw_start_1783192140_end_1783192225_limit_100.json	304183d06c20089c447bfe722de0d689321886ce36d43a221e2d1ad6d3d3ce35	304183d06c20089c447bfe722de0d689321886ce36d43a221e2d1ad6d3d3ce35	byte-identical
frozen-warm-basis-corpus	25051f3b77409c45f5ce71c3b3b05aae85b0f8f9	R-CW-7/source-evidence/1cc8f4e3d617ef6f173283ef83d7b739a4995734/R-CW-7/cael-dgx/tempo/trace-0cf17ea0b7eab7a5e998f6a581e7b5bf-summary.jsonl	R-CW-7/source-evidence/1cc8f4e3d617ef6f173283ef83d7b739a4995734/R-CW-7/cael-dgx/tempo/trace-0cf17ea0b7eab7a5e998f6a581e7b5bf-summary.jsonl	e403c396ac2fecc67b2427102750fd5c6863d2e1c0d253c216ae2b2ad60133a6	e403c396ac2fecc67b2427102750fd5c6863d2e1c0d253c216ae2b2ad60133a6	byte-identical
frozen-warm-basis-corpus	25051f3b77409c45f5ce71c3b3b05aae85b0f8f9	R-CW-7/source-evidence/1cc8f4e3d617ef6f173283ef83d7b739a4995734/R-CW-7/cael-dgx/tempo/trace-0cf17ea0b7eab7a5e998f6a581e7b5bf.json	R-CW-7/source-evidence/1cc8f4e3d617ef6f173283ef83d7b739a4995734/R-CW-7/cael-dgx/tempo/trace-0cf17ea0b7eab7a5e998f6a581e7b5bf.json	a7ea5819e3decd1dd8a7df2edf6902f89d3abc00614f2e138c174590db523320	a7ea5819e3decd1dd8a7df2edf6902f89d3abc00614f2e138c174590db523320	byte-identical
frozen-warm-basis-corpus	25051f3b77409c45f5ce71c3b3b05aae85b0f8f9	R-CW-7/source-evidence/1cc8f4e3d617ef6f173283ef83d7b739a4995734/R-CW-7/cael-dgx/tempo/trace-summaries.jsonl	R-CW-7/source-evidence/1cc8f4e3d617ef6f173283ef83d7b739a4995734/R-CW-7/cael-dgx/tempo/trace-summaries.jsonl	4dc884f6679ed609e5960bfbce4ffe9a72e63a0b1e42bec0c6ed3f92af803d6f	4dc884f6679ed609e5960bfbce4ffe9a72e63a0b1e42bec0c6ed3f92af803d6f	byte-identical
frozen-warm-basis-corpus	25051f3b77409c45f5ce71c3b3b05aae85b0f8f9	R-CW-7/source-evidence/1cc8f4e3d617ef6f173283ef83d7b739a4995734/R-CW-7/cael-dgx/test/focused-traceparent-tests.log	R-CW-7/source-evidence/1cc8f4e3d617ef6f173283ef83d7b739a4995734/R-CW-7/cael-dgx/test/focused-traceparent-tests.log	ecada592c61ba0073a0b6c8f80055e513150e623de095ccf658cb441690f873f	ecada592c61ba0073a0b6c8f80055e513150e623de095ccf658cb441690f873f	byte-identical
frozen-warm-basis-corpus	25051f3b77409c45f5ce71c3b3b05aae85b0f8f9	R-CW-7/source-evidence/1cc8f4e3d617ef6f173283ef83d7b739a4995734/R-CW-7/cael-dgx/traceids-from-flow.txt	R-CW-7/source-evidence/1cc8f4e3d617ef6f173283ef83d7b739a4995734/R-CW-7/cael-dgx/traceids-from-flow.txt	71118a6400ae2b091346d9f9e8bc212c9e0446fa4b5c1f308f47210ec3a4da50	71118a6400ae2b091346d9f9e8bc212c9e0446fa4b5c1f308f47210ec3a4da50	byte-identical
frozen-warm-basis-corpus	25051f3b77409c45f5ce71c3b3b05aae85b0f8f9	R-CW-7/source-evidence/1cc8f4e3d617ef6f173283ef83d7b739a4995734/R-CW-7/cael-dgx/version.txt	R-CW-7/source-evidence/1cc8f4e3d617ef6f173283ef83d7b739a4995734/R-CW-7/cael-dgx/version.txt	9a45c28fdc9194d11861964c0d37569e9f8f423464e2095252e1e99e1a5ddf6a	9a45c28fdc9194d11861964c0d37569e9f8f423464e2095252e1e99e1a5ddf6a	byte-identical
frozen-warm-basis-corpus	25051f3b77409c45f5ce71c3b3b05aae85b0f8f9	R-CW-DELEGATE-CHILD-LIVE/EVIDENCE.md	R-CW-DELEGATE-CHILD-LIVE/EVIDENCE.md	984fa4699798d2abf208e0badc2d5560223f05bda225c49e8142440ea49bf30c	15121ee59a58bd0ccb0beef410871cce09bdae048334d76867dbee672ba2de4c	target-rebound
frozen-warm-basis-corpus	25051f3b77409c45f5ce71c3b3b05aae85b0f8f9	R-CW-DELEGATE-CHILD-LIVE/catalog/static-a-20260825T100424Z-r-cw-delegate-child-live-f2ab9803-candidate-run-result.json	R-CW-DELEGATE-CHILD-LIVE/catalog/static-a-20260825T100424Z-r-cw-delegate-child-live-f2ab9803-candidate-run-result.json	dacbcc6daee6a5dc7e3056dc103b4c41f1ed3f6d5c9d38474ea5a59e916b3dd6	45c5bb8481f592afbd25181b503451520fe8abd3a451a6ba213c661c997fa289	target-rebound
frozen-warm-basis-corpus	25051f3b77409c45f5ce71c3b3b05aae85b0f8f9	R-CW-DELEGATE-CHILD-LIVE/catalog/static-a-20260825T100424Z-r-cw-delegate-child-live-f2ab9803-evidence.jsonl	R-CW-DELEGATE-CHILD-LIVE/catalog/static-a-20260825T100424Z-r-cw-delegate-child-live-f2ab9803-evidence.jsonl	ff31c4ecc76550bae0d8777578e1368646dedceb2b52f55a0de15e5c4cc6ddbc	0ec372ad8a601e420c7ac1eebb0b494608cda3c0ada4c45685f663cef1911ebd	target-rebound
frozen-warm-basis-corpus	25051f3b77409c45f5ce71c3b3b05aae85b0f8f9	R-CW-DELEGATE-CHILD-LIVE/catalog/static-a-20260825T100424Z-r-cw-delegate-child-live-f2ab9803-run-result.json	R-CW-DELEGATE-CHILD-LIVE/catalog/static-a-20260825T100424Z-r-cw-delegate-child-live-f2ab9803-run-result.json	cbee0d6fc91a87c93c207e129b62113e37f2e53bd3251a37342c3ff9ef3e0b31	d098f1a40a2248a8122ee9c4dd8d7069473d95ecaf8c0260ae337b66640cfc20	target-rebound
frozen-warm-basis-corpus	25051f3b77409c45f5ce71c3b3b05aae85b0f8f9	R-CW-DELEGATE-CHILD-LIVE/catalog/static-a-20260825T100424Z-r-cw-delegate-child-live-f2ab9803-static-corpus-row-summary.json	R-CW-DELEGATE-CHILD-LIVE/catalog/static-a-20260825T100424Z-r-cw-delegate-child-live-f2ab9803-static-corpus-row-summary.json	67aadd59e67f5c861062e56d26548820ec7b26abb38e589a7cfd6732ade9df03	d820bc8fb31195eca7277bddf5ac73fcd5779b9e6da392c7788ecbfadc715dbb	target-rebound
frozen-warm-basis-corpus	25051f3b77409c45f5ce71c3b3b05aae85b0f8f9	R-CW-DELEGATE-CHILD-LIVE/source-evidence/1cc8f4e3d617ef6f173283ef83d7b739a4995734/R-CW-DELEGATE-CHILD-LIVE/cael-dgx/28335628-9400-4a8e-9d74-69570d44b1b0-filtered.jsonl	R-CW-DELEGATE-CHILD-LIVE/source-evidence/1cc8f4e3d617ef6f173283ef83d7b739a4995734/R-CW-DELEGATE-CHILD-LIVE/cael-dgx/28335628-9400-4a8e-9d74-69570d44b1b0-filtered.jsonl	59629dbfd241ffa2783ffb722543777d8fc4273755e4920dd237386437c2a269	59629dbfd241ffa2783ffb722543777d8fc4273755e4920dd237386437c2a269	byte-identical
frozen-warm-basis-corpus	25051f3b77409c45f5ce71c3b3b05aae85b0f8f9	R-CW-DELEGATE-CHILD-LIVE/source-evidence/1cc8f4e3d617ef6f173283ef83d7b739a4995734/R-CW-DELEGATE-CHILD-LIVE/cael-dgx/28335628-9400-4a8e-9d74-69570d44b1b0.trajectory-filtered.jsonl	R-CW-DELEGATE-CHILD-LIVE/source-evidence/1cc8f4e3d617ef6f173283ef83d7b739a4995734/R-CW-DELEGATE-CHILD-LIVE/cael-dgx/28335628-9400-4a8e-9d74-69570d44b1b0.trajectory-filtered.jsonl	dc513832a31601acff411abd2d7de8d9a42e2103747bd483f820f5a75bcdbb67	dc513832a31601acff411abd2d7de8d9a42e2103747bd483f820f5a75bcdbb67	byte-identical
frozen-warm-basis-corpus	25051f3b77409c45f5ce71c3b3b05aae85b0f8f9	R-CW-DELEGATE-CHILD-LIVE/source-evidence/1cc8f4e3d617ef6f173283ef83d7b739a4995734/R-CW-DELEGATE-CHILD-LIVE/cael-dgx/EVIDENCE.md	R-CW-DELEGATE-CHILD-LIVE/source-evidence/1cc8f4e3d617ef6f173283ef83d7b739a4995734/R-CW-DELEGATE-CHILD-LIVE/cael-dgx/EVIDENCE.md	006b7ad195a8a0ac9128a893cd18379b5c70c2dd8adf4d1b521930912c8e38e2	006b7ad195a8a0ac9128a893cd18379b5c70c2dd8adf4d1b521930912c8e38e2	byte-identical
frozen-warm-basis-corpus	25051f3b77409c45f5ce71c3b3b05aae85b0f8f9	R-CW-DELEGATE-CHILD-LIVE/source-evidence/1cc8f4e3d617ef6f173283ef83d7b739a4995734/R-CW-DELEGATE-CHILD-LIVE/cael-dgx/flow-runs.json	R-CW-DELEGATE-CHILD-LIVE/source-evidence/1cc8f4e3d617ef6f173283ef83d7b739a4995734/R-CW-DELEGATE-CHILD-LIVE/cael-dgx/flow-runs.json	e6cda162c8bf7ffb1dc98a4ef902b65e17a6fcd5a6b8d2fd80b393d7fb9d2893	e6cda162c8bf7ffb1dc98a4ef902b65e17a6fcd5a6b8d2fd80b393d7fb9d2893	byte-identical
frozen-warm-basis-corpus	25051f3b77409c45f5ce71c3b3b05aae85b0f8f9	R-CW-DELEGATE-CHILD-LIVE/source-evidence/1cc8f4e3d617ef6f173283ef83d7b739a4995734/R-CW-DELEGATE-CHILD-LIVE/cael-dgx/hop1.txt	R-CW-DELEGATE-CHILD-LIVE/source-evidence/1cc8f4e3d617ef6f173283ef83d7b739a4995734/R-CW-DELEGATE-CHILD-LIVE/cael-dgx/hop1.txt	620096b68a738da791731324ea39159ae131ec70093de75c959ff13cf1e5ee00	620096b68a738da791731324ea39159ae131ec70093de75c959ff13cf1e5ee00	byte-identical
frozen-warm-basis-corpus	25051f3b77409c45f5ce71c3b3b05aae85b0f8f9	R-CW-DELEGATE-CHILD-LIVE/source-evidence/1cc8f4e3d617ef6f173283ef83d7b739a4995734/R-CW-DELEGATE-CHILD-LIVE/cael-dgx/hop2.txt	R-CW-DELEGATE-CHILD-LIVE/source-evidence/1cc8f4e3d617ef6f173283ef83d7b739a4995734/R-CW-DELEGATE-CHILD-LIVE/cael-dgx/hop2.txt	12c58b2ae1151bafe910f4a34a7df36996e88d7f6dd5ad6663ec09361a5092aa	12c58b2ae1151bafe910f4a34a7df36996e88d7f6dd5ad6663ec09361a5092aa	byte-identical
frozen-warm-basis-corpus	25051f3b77409c45f5ce71c3b3b05aae85b0f8f9	R-CW-DELEGATE-CHILD-LIVE/source-evidence/1cc8f4e3d617ef6f173283ef83d7b739a4995734/R-CW-DELEGATE-CHILD-LIVE/cael-dgx/journal-continuation-window.txt	R-CW-DELEGATE-CHILD-LIVE/source-evidence/1cc8f4e3d617ef6f173283ef83d7b739a4995734/R-CW-DELEGATE-CHILD-LIVE/cael-dgx/journal-continuation-window.txt	3df337d5708b156bea8671dfc54e3fc938f8cf40e8ab7566e57ac8998a72f6ef	3df337d5708b156bea8671dfc54e3fc938f8cf40e8ab7566e57ac8998a72f6ef	byte-identical
frozen-warm-basis-corpus	25051f3b77409c45f5ce71c3b3b05aae85b0f8f9	R-CW-DELEGATE-CHILD-LIVE/source-evidence/1cc8f4e3d617ef6f173283ef83d7b739a4995734/R-CW-DELEGATE-CHILD-LIVE/cael-dgx/tempo-attribute-receipt.txt	R-CW-DELEGATE-CHILD-LIVE/source-evidence/1cc8f4e3d617ef6f173283ef83d7b739a4995734/R-CW-DELEGATE-CHILD-LIVE/cael-dgx/tempo-attribute-receipt.txt	ed076e86c1bca0c7443087aa3dc2d02a52681aa91f3a67a86a3b7ca1283e2f6f	ed076e86c1bca0c7443087aa3dc2d02a52681aa91f3a67a86a3b7ca1283e2f6f	byte-identical
frozen-warm-basis-corpus	25051f3b77409c45f5ce71c3b3b05aae85b0f8f9	R-CW-DELEGATE-CHILD-LIVE/source-evidence/1cc8f4e3d617ef6f173283ef83d7b739a4995734/R-CW-DELEGATE-CHILD-LIVE/cael-dgx/tempo-trace-child-work-b8cffa7170fd298491edacb3c7ffd84d.json	R-CW-DELEGATE-CHILD-LIVE/source-evidence/1cc8f4e3d617ef6f173283ef83d7b739a4995734/R-CW-DELEGATE-CHILD-LIVE/cael-dgx/tempo-trace-child-work-b8cffa7170fd298491edacb3c7ffd84d.json	c07e47d38023e91e9d84b2af2cca8cd2d19dc5844cb0c3d6f8be70689323ddac	c07e47d38023e91e9d84b2af2cca8cd2d19dc5844cb0c3d6f8be70689323ddac	byte-identical
frozen-warm-basis-corpus	25051f3b77409c45f5ce71c3b3b05aae85b0f8f9	R-CW-DELEGATE-CHILD-LIVE/source-evidence/1cc8f4e3d617ef6f173283ef83d7b739a4995734/R-CW-DELEGATE-CHILD-LIVE/cael-dgx/tempo-trace-parent-delegate-e9e66ffebfa3f0acad6c53f6d9ddfd96.json	R-CW-DELEGATE-CHILD-LIVE/source-evidence/1cc8f4e3d617ef6f173283ef83d7b739a4995734/R-CW-DELEGATE-CHILD-LIVE/cael-dgx/tempo-trace-parent-delegate-e9e66ffebfa3f0acad6c53f6d9ddfd96.json	1f22e52889df8eb8debddb8b35bdbeeae9faec32b64c41595add907d6a8e2d95	1f22e52889df8eb8debddb8b35bdbeeae9faec32b64c41595add907d6a8e2d95	byte-identical
frozen-warm-basis-corpus	25051f3b77409c45f5ce71c3b3b05aae85b0f8f9	R-CW-DELEGATE-CHILD-LIVE/source-evidence/1cc8f4e3d617ef6f173283ef83d7b739a4995734/R-CW-DELEGATE-CHILD-LIVE/cael-dgx/verifier-receipt.txt	R-CW-DELEGATE-CHILD-LIVE/source-evidence/1cc8f4e3d617ef6f173283ef83d7b739a4995734/R-CW-DELEGATE-CHILD-LIVE/cael-dgx/verifier-receipt.txt	55ab94963542ae0164df057c8b700c86aba23df624248413f88447fc64161ea8	55ab94963542ae0164df057c8b700c86aba23df624248413f88447fc64161ea8	byte-identical
frozen-warm-basis-corpus	25051f3b77409c45f5ce71c3b3b05aae85b0f8f9	R-CW-DELEGATE-CHILD-LIVE/source-evidence/1cc8f4e3d617ef6f173283ef83d7b739a4995734/R-CW-DELEGATE-CHILD-LIVE/cael-dgx/version-status.txt	R-CW-DELEGATE-CHILD-LIVE/source-evidence/1cc8f4e3d617ef6f173283ef83d7b739a4995734/R-CW-DELEGATE-CHILD-LIVE/cael-dgx/version-status.txt	aa403f6653fbe3834f760d95fdfae755e3277dac95e1d0b0883ae9f6b8e830fa	aa403f6653fbe3834f760d95fdfae755e3277dac95e1d0b0883ae9f6b8e830fa	byte-identical
frozen-warm-basis-corpus	25051f3b77409c45f5ce71c3b3b05aae85b0f8f9	R-CW-DELEGATE-SELF-CONTINUATION/EVIDENCE.md	R-CW-DELEGATE-SELF-CONTINUATION/EVIDENCE.md	7f4e6a5b3f0f9a3418eca94bb72b423851ae57eb27d7bd7fd95fb8d3b25a182e	7ebb2895c9f3e08ac04493bf793ed0025169082f12e9e0552fe1ad477170741f	target-rebound
frozen-warm-basis-corpus	25051f3b77409c45f5ce71c3b3b05aae85b0f8f9	R-CW-DELEGATE-SELF-CONTINUATION/catalog/live-cd-special-f-20260825T103028Z-r-cw-delegate-self-continuation-0b421668-candidate-run-result.json	R-CW-DELEGATE-SELF-CONTINUATION/catalog/live-cd-special-f-20260825T103028Z-r-cw-delegate-self-continuation-0b421668-candidate-run-result.json	77fb0ac4790be1bb3c889c2a8673ff8e7685e6c0c23a0075e118ffadf57492c8	dc36908016a801724f9e52a5aad9fe71258c77cd9ba74ae884dc3ee4190bac52	target-rebound
frozen-warm-basis-corpus	25051f3b77409c45f5ce71c3b3b05aae85b0f8f9	R-CW-DELEGATE-SELF-CONTINUATION/catalog/live-cd-special-f-20260825T103028Z-r-cw-delegate-self-continuation-0b421668-evidence.jsonl	R-CW-DELEGATE-SELF-CONTINUATION/catalog/live-cd-special-f-20260825T103028Z-r-cw-delegate-self-continuation-0b421668-evidence.jsonl	6d9590a062c92584b802490837ea33352cd36ed31db4372d0618814ac53f7fec	0c986df704fd323af653f2715e953dd6e3413e527ad9b5a671ad0788032a6581	target-rebound
frozen-warm-basis-corpus	25051f3b77409c45f5ce71c3b3b05aae85b0f8f9	R-CW-DELEGATE-SELF-CONTINUATION/catalog/live-cd-special-f-20260825T103028Z-r-cw-delegate-self-continuation-0b421668-r-cw-delegate-self-continuation-summary.json	R-CW-DELEGATE-SELF-CONTINUATION/catalog/live-cd-special-f-20260825T103028Z-r-cw-delegate-self-continuation-0b421668-r-cw-delegate-self-continuation-summary.json	033456eb8b5b3e0b6b10ecd7790b1580f069122670986f8f10ddedafc3ca10bb	0ed21d69c282b4c53a72ac53269ce123771e3e2fd68d4db9a9966befd7fcbcee	target-rebound
frozen-warm-basis-corpus	25051f3b77409c45f5ce71c3b3b05aae85b0f8f9	R-CW-DELEGATE-SELF-CONTINUATION/catalog/live-cd-special-f-20260825T103028Z-r-cw-delegate-self-continuation-0b421668-run-result.json	R-CW-DELEGATE-SELF-CONTINUATION/catalog/live-cd-special-f-20260825T103028Z-r-cw-delegate-self-continuation-0b421668-run-result.json	ddcf4d4d01ed033ac8f7f592c7f351ef4c53b29b1c79264ffb5e70dc4ec4af39	5d0edde4b0cbfe95a6d4702da77575c118f1c56fdfdcb3ced612f2f079c5869e	target-rebound
frozen-warm-basis-corpus	25051f3b77409c45f5ce71c3b3b05aae85b0f8f9	R-CW-DELEGATE-TOKEN/EVIDENCE.md	R-CW-DELEGATE-TOKEN/EVIDENCE.md	fd90e630a0ed8c28e8cec03ad9fc0b0293b7a64e56a42d2f11309429e2bbdb4d	76d10cc6e3bc41b75649ac261ddcae761747cd81a1c7a8dbf89285f8a4b622cf	target-rebound
frozen-warm-basis-corpus	25051f3b77409c45f5ce71c3b3b05aae85b0f8f9	R-CW-DELEGATE-TOKEN/catalog/static-a-20260825T100430Z-r-cw-delegate-token-f2ab9803-candidate-run-result.json	R-CW-DELEGATE-TOKEN/catalog/static-a-20260825T100430Z-r-cw-delegate-token-f2ab9803-candidate-run-result.json	43891463c0c531307354b9b144ce3e77cee431471c3154966888132a3d0e48e5	c98824797b0c0fab2b25b00e9b46c8d608afc267cced547b2e7ffa4d50249e24	target-rebound
frozen-warm-basis-corpus	25051f3b77409c45f5ce71c3b3b05aae85b0f8f9	R-CW-DELEGATE-TOKEN/catalog/static-a-20260825T100430Z-r-cw-delegate-token-f2ab9803-evidence.jsonl	R-CW-DELEGATE-TOKEN/catalog/static-a-20260825T100430Z-r-cw-delegate-token-f2ab9803-evidence.jsonl	58b1009d7b6387319386b67ea601aaaa49cf8ea83c688eab21e8aeb1d737f98d	aed371814624374f267dc254fe6947881a45758e13d3e56e5b425bf8873e76d1	target-rebound
frozen-warm-basis-corpus	25051f3b77409c45f5ce71c3b3b05aae85b0f8f9	R-CW-DELEGATE-TOKEN/catalog/static-a-20260825T100430Z-r-cw-delegate-token-f2ab9803-run-result.json	R-CW-DELEGATE-TOKEN/catalog/static-a-20260825T100430Z-r-cw-delegate-token-f2ab9803-run-result.json	10eb78e49236f1747c93d4221765958b25533253d021a1f22e0a8cfe283ca570	73c875f2f73d0cc282b5c569cb23e9c110286dcf8a3e5a5a22ae2aea05580da3	target-rebound
frozen-warm-basis-corpus	25051f3b77409c45f5ce71c3b3b05aae85b0f8f9	R-CW-DELEGATE-TOKEN/catalog/static-a-20260825T100430Z-r-cw-delegate-token-f2ab9803-static-corpus-row-summary.json	R-CW-DELEGATE-TOKEN/catalog/static-a-20260825T100430Z-r-cw-delegate-token-f2ab9803-static-corpus-row-summary.json	f74c7890e5700665a7f29f3ddc9dcebe8d78ff435f33157ff65965515e2b3db9	17c89e9f43ce9e62a91cfd3b2c8a5235d197db148f6283f5ad1c1a014051edf7	target-rebound
frozen-warm-basis-corpus	25051f3b77409c45f5ce71c3b3b05aae85b0f8f9	R-CW-DELEGATE-TOKEN/source-evidence/1cc8f4e3d617ef6f173283ef83d7b739a4995734/R-CW-DELEGATE-TOKEN/cael-dgx/EVIDENCE.md	R-CW-DELEGATE-TOKEN/source-evidence/1cc8f4e3d617ef6f173283ef83d7b739a4995734/R-CW-DELEGATE-TOKEN/cael-dgx/EVIDENCE.md	424d2aa9f3a7c90ddc747108cec6002bcc2995c643e815b9d4f9a6909bed3944	424d2aa9f3a7c90ddc747108cec6002bcc2995c643e815b9d4f9a6909bed3944	byte-identical
frozen-warm-basis-corpus	25051f3b77409c45f5ce71c3b3b05aae85b0f8f9	R-CW-DELEGATE-TOKEN/source-evidence/1cc8f4e3d617ef6f173283ef83d7b739a4995734/R-CW-DELEGATE-TOKEN/cael-dgx/child-transcript-tool-audit.md	R-CW-DELEGATE-TOKEN/source-evidence/1cc8f4e3d617ef6f173283ef83d7b739a4995734/R-CW-DELEGATE-TOKEN/cael-dgx/child-transcript-tool-audit.md	47d8d7f738da4e429a5ed62512c0960917e18cb7139811a1ea3fd582653d963c	47d8d7f738da4e429a5ed62512c0960917e18cb7139811a1ea3fd582653d963c	byte-identical
frozen-warm-basis-corpus	25051f3b77409c45f5ce71c3b3b05aae85b0f8f9	R-CW-DELEGATE-TOKEN/source-evidence/1cc8f4e3d617ef6f173283ef83d7b739a4995734/R-CW-DELEGATE-TOKEN/cael-dgx/comment-4883375511.json	R-CW-DELEGATE-TOKEN/source-evidence/1cc8f4e3d617ef6f173283ef83d7b739a4995734/R-CW-DELEGATE-TOKEN/cael-dgx/comment-4883375511.json	58385547cf10df6c0ae80951bf22136f39307734f9d43cf3f98f2d02186291a5	58385547cf10df6c0ae80951bf22136f39307734f9d43cf3f98f2d02186291a5	byte-identical
frozen-warm-basis-corpus	25051f3b77409c45f5ce71c3b3b05aae85b0f8f9	R-CW-DELEGATE-TOKEN/source-evidence/1cc8f4e3d617ef6f173283ef83d7b739a4995734/R-CW-DELEGATE-TOKEN/cael-dgx/delegate-tool-receipt.json	R-CW-DELEGATE-TOKEN/source-evidence/1cc8f4e3d617ef6f173283ef83d7b739a4995734/R-CW-DELEGATE-TOKEN/cael-dgx/delegate-tool-receipt.json	44e9a894c74814c45d27d49c72c461f149f240143af16e61d491240d25c3c8cd	44e9a894c74814c45d27d49c72c461f149f240143af16e61d491240d25c3c8cd	byte-identical
frozen-warm-basis-corpus	25051f3b77409c45f5ce71c3b3b05aae85b0f8f9	R-CW-DELEGATE-TOKEN/source-evidence/1cc8f4e3d617ef6f173283ef83d7b739a4995734/R-CW-DELEGATE-TOKEN/cael-dgx/docs-issue-221.json	R-CW-DELEGATE-TOKEN/source-evidence/1cc8f4e3d617ef6f173283ef83d7b739a4995734/R-CW-DELEGATE-TOKEN/cael-dgx/docs-issue-221.json	28b046a1c641f080d7d60d64fbb4220b88b004333fb10432a71058f10e6717aa	28b046a1c641f080d7d60d64fbb4220b88b004333fb10432a71058f10e6717aa	byte-identical
frozen-warm-basis-corpus	25051f3b77409c45f5ce71c3b3b05aae85b0f8f9	R-CW-DELEGATE-TOKEN/source-evidence/1cc8f4e3d617ef6f173283ef83d7b739a4995734/R-CW-DELEGATE-TOKEN/cael-dgx/fire-plan.json	R-CW-DELEGATE-TOKEN/source-evidence/1cc8f4e3d617ef6f173283ef83d7b739a4995734/R-CW-DELEGATE-TOKEN/cael-dgx/fire-plan.json	f0cb88d912688a4f02884e7c62969cf217fe5b09c7c597d17799001fa3394810	f0cb88d912688a4f02884e7c62969cf217fe5b09c7c597d17799001fa3394810	byte-identical
frozen-warm-basis-corpus	25051f3b77409c45f5ce71c3b3b05aae85b0f8f9	R-CW-DELEGATE-TOKEN/source-evidence/1cc8f4e3d617ef6f173283ef83d7b739a4995734/R-CW-DELEGATE-TOKEN/cael-dgx/flow-runs-matching-count.txt	R-CW-DELEGATE-TOKEN/source-evidence/1cc8f4e3d617ef6f173283ef83d7b739a4995734/R-CW-DELEGATE-TOKEN/cael-dgx/flow-runs-matching-count.txt	1121cfccd5913f0a63fec40a6ffd44ea64f9dc135c66634ba001d10bcf4302a2	1121cfccd5913f0a63fec40a6ffd44ea64f9dc135c66634ba001d10bcf4302a2	byte-identical
frozen-warm-basis-corpus	25051f3b77409c45f5ce71c3b3b05aae85b0f8f9	R-CW-DELEGATE-TOKEN/source-evidence/1cc8f4e3d617ef6f173283ef83d7b739a4995734/R-CW-DELEGATE-TOKEN/cael-dgx/flow-runs-matching-full.jsonl	R-CW-DELEGATE-TOKEN/source-evidence/1cc8f4e3d617ef6f173283ef83d7b739a4995734/R-CW-DELEGATE-TOKEN/cael-dgx/flow-runs-matching-full.jsonl	19f7030ee3cc6e5738f505a7699c4b04274a916c8057a91463e149a85bd79517	19f7030ee3cc6e5738f505a7699c4b04274a916c8057a91463e149a85bd79517	byte-identical
frozen-warm-basis-corpus	25051f3b77409c45f5ce71c3b3b05aae85b0f8f9	R-CW-DELEGATE-TOKEN/source-evidence/1cc8f4e3d617ef6f173283ef83d7b739a4995734/R-CW-DELEGATE-TOKEN/cael-dgx/flow-runs-matching-full.source-array.json	R-CW-DELEGATE-TOKEN/source-evidence/1cc8f4e3d617ef6f173283ef83d7b739a4995734/R-CW-DELEGATE-TOKEN/cael-dgx/flow-runs-matching-full.source-array.json	9f37e5baf595f9dc7db7cc23db49ba8907c01b466b2b53e4cb6ea4475aa48def	9f37e5baf595f9dc7db7cc23db49ba8907c01b466b2b53e4cb6ea4475aa48def	byte-identical
frozen-warm-basis-corpus	25051f3b77409c45f5ce71c3b3b05aae85b0f8f9	R-CW-DELEGATE-TOKEN/source-evidence/1cc8f4e3d617ef6f173283ef83d7b739a4995734/R-CW-DELEGATE-TOKEN/cael-dgx/flow-runs-matching.tsv	R-CW-DELEGATE-TOKEN/source-evidence/1cc8f4e3d617ef6f173283ef83d7b739a4995734/R-CW-DELEGATE-TOKEN/cael-dgx/flow-runs-matching.tsv	6c8a48b94f13e5b9fb3073e97e4cc3db55ffad0f0f1734ffb9da4fe972ba018e	6c8a48b94f13e5b9fb3073e97e4cc3db55ffad0f0f1734ffb9da4fe972ba018e	byte-identical
frozen-warm-basis-corpus	25051f3b77409c45f5ce71c3b3b05aae85b0f8f9	R-CW-DELEGATE-TOKEN/source-evidence/1cc8f4e3d617ef6f173283ef83d7b739a4995734/R-CW-DELEGATE-TOKEN/cael-dgx/journal-112200-112310.log	R-CW-DELEGATE-TOKEN/source-evidence/1cc8f4e3d617ef6f173283ef83d7b739a4995734/R-CW-DELEGATE-TOKEN/cael-dgx/journal-112200-112310.log	ea22d298ee3576ca3a749b1466ae88f5bf678654a8f8182d4af21c6f7319caf1	ea22d298ee3576ca3a749b1466ae88f5bf678654a8f8182d4af21c6f7319caf1	byte-identical
frozen-warm-basis-corpus	25051f3b77409c45f5ce71c3b3b05aae85b0f8f9	R-CW-DELEGATE-TOKEN/source-evidence/1cc8f4e3d617ef6f173283ef83d7b739a4995734/R-CW-DELEGATE-TOKEN/cael-dgx/journal-112235-112530.log	R-CW-DELEGATE-TOKEN/source-evidence/1cc8f4e3d617ef6f173283ef83d7b739a4995734/R-CW-DELEGATE-TOKEN/cael-dgx/journal-112235-112530.log	a228f385d0be46637ccd410fc5cbe053cc5d92524f753273e0fe2b4405885fd5	a228f385d0be46637ccd410fc5cbe053cc5d92524f753273e0fe2b4405885fd5	byte-identical
frozen-warm-basis-corpus	25051f3b77409c45f5ce71c3b3b05aae85b0f8f9	R-CW-DELEGATE-TOKEN/source-evidence/1cc8f4e3d617ef6f173283ef83d7b739a4995734/R-CW-DELEGATE-TOKEN/cael-dgx/journal-continuation-excerpt.log	R-CW-DELEGATE-TOKEN/source-evidence/1cc8f4e3d617ef6f173283ef83d7b739a4995734/R-CW-DELEGATE-TOKEN/cael-dgx/journal-continuation-excerpt.log	d1ac4b93804a1107219dbe5c552c0f0e80f662d8157fb63b2cb30ad34dbf9147	d1ac4b93804a1107219dbe5c552c0f0e80f662d8157fb63b2cb30ad34dbf9147	byte-identical
frozen-warm-basis-corpus	25051f3b77409c45f5ce71c3b3b05aae85b0f8f9	R-CW-DELEGATE-TOKEN/source-evidence/1cc8f4e3d617ef6f173283ef83d7b739a4995734/R-CW-DELEGATE-TOKEN/cael-dgx/journal-post-wake-excerpt.log	R-CW-DELEGATE-TOKEN/source-evidence/1cc8f4e3d617ef6f173283ef83d7b739a4995734/R-CW-DELEGATE-TOKEN/cael-dgx/journal-post-wake-excerpt.log	4003f3866ca47f437a5a2cc9ad47e9645cc2726c7076bf34188f7b4bae71e2c3	4003f3866ca47f437a5a2cc9ad47e9645cc2726c7076bf34188f7b4bae71e2c3	byte-identical
frozen-warm-basis-corpus	25051f3b77409c45f5ce71c3b3b05aae85b0f8f9	R-CW-DELEGATE-TOKEN/source-evidence/1cc8f4e3d617ef6f173283ef83d7b739a4995734/R-CW-DELEGATE-TOKEN/cael-dgx/source/source-commit.txt	R-CW-DELEGATE-TOKEN/source-evidence/1cc8f4e3d617ef6f173283ef83d7b739a4995734/R-CW-DELEGATE-TOKEN/cael-dgx/source/source-commit.txt	d5247ff4b1a0bb3cb04b974a1a0522360615c921f43fe79e2afc2e7eb3fc850e	d5247ff4b1a0bb3cb04b974a1a0522360615c921f43fe79e2afc2e7eb3fc850e	byte-identical
frozen-warm-basis-corpus	25051f3b77409c45f5ce71c3b3b05aae85b0f8f9	R-CW-DELEGATE-TOKEN/source-evidence/1cc8f4e3d617ef6f173283ef83d7b739a4995734/R-CW-DELEGATE-TOKEN/cael-dgx/source/source-sha.txt	R-CW-DELEGATE-TOKEN/source-evidence/1cc8f4e3d617ef6f173283ef83d7b739a4995734/R-CW-DELEGATE-TOKEN/cael-dgx/source/source-sha.txt	3be3ca7c6882525cbd188252039fc27f7d51ee0c91a18eb5e008135de56da0ae	3be3ca7c6882525cbd188252039fc27f7d51ee0c91a18eb5e008135de56da0ae	byte-identical
frozen-warm-basis-corpus	25051f3b77409c45f5ce71c3b3b05aae85b0f8f9	R-CW-DELEGATE-TOKEN/source-evidence/1cc8f4e3d617ef6f173283ef83d7b739a4995734/R-CW-DELEGATE-TOKEN/cael-dgx/subagent-history-excerpt.md	R-CW-DELEGATE-TOKEN/source-evidence/1cc8f4e3d617ef6f173283ef83d7b739a4995734/R-CW-DELEGATE-TOKEN/cael-dgx/subagent-history-excerpt.md	995789016b24f80a8522717df9925789e1c91163ab70dc694d3049e9cf4a5cc1	995789016b24f80a8522717df9925789e1c91163ab70dc694d3049e9cf4a5cc1	byte-identical
frozen-warm-basis-corpus	25051f3b77409c45f5ce71c3b3b05aae85b0f8f9	R-CW-DELEGATE-TOKEN/source-evidence/1cc8f4e3d617ef6f173283ef83d7b739a4995734/R-CW-DELEGATE-TOKEN/cael-dgx/subagent-list-recent.json	R-CW-DELEGATE-TOKEN/source-evidence/1cc8f4e3d617ef6f173283ef83d7b739a4995734/R-CW-DELEGATE-TOKEN/cael-dgx/subagent-list-recent.json	9ff59295a428ec335a5232f904671613f0e59621af37661420ee20d06be9fe7c	9ff59295a428ec335a5232f904671613f0e59621af37661420ee20d06be9fe7c	byte-identical
frozen-warm-basis-corpus	25051f3b77409c45f5ce71c3b3b05aae85b0f8f9	R-CW-DELEGATE-TOKEN/source-evidence/1cc8f4e3d617ef6f173283ef83d7b739a4995734/R-CW-DELEGATE-TOKEN/cael-dgx/tempo-child-tool-audit.txt	R-CW-DELEGATE-TOKEN/source-evidence/1cc8f4e3d617ef6f173283ef83d7b739a4995734/R-CW-DELEGATE-TOKEN/cael-dgx/tempo-child-tool-audit.txt	4694da03ca776a2d5882620b24bd82f9a507f3bad4aa7868396523c5c2d54b76	4694da03ca776a2d5882620b24bd82f9a507f3bad4aa7868396523c5c2d54b76	byte-identical
frozen-warm-basis-corpus	25051f3b77409c45f5ce71c3b3b05aae85b0f8f9	R-CW-DELEGATE-TOKEN/source-evidence/1cc8f4e3d617ef6f173283ef83d7b739a4995734/R-CW-DELEGATE-TOKEN/cael-dgx/tempo/candidate-traces.txt	R-CW-DELEGATE-TOKEN/source-evidence/1cc8f4e3d617ef6f173283ef83d7b739a4995734/R-CW-DELEGATE-TOKEN/cael-dgx/tempo/candidate-traces.txt	b64d1f8e362802a8636d98a92e8a7eae1de132e851a5a1637b614368f3c6ccef	b64d1f8e362802a8636d98a92e8a7eae1de132e851a5a1637b614368f3c6ccef	byte-identical
frozen-warm-basis-corpus	25051f3b77409c45f5ce71c3b3b05aae85b0f8f9	R-CW-DELEGATE-TOKEN/source-evidence/1cc8f4e3d617ef6f173283ef83d7b739a4995734/R-CW-DELEGATE-TOKEN/cael-dgx/tempo/search_start_1783189320_end_1783189405_limit_100.json	R-CW-DELEGATE-TOKEN/source-evidence/1cc8f4e3d617ef6f173283ef83d7b739a4995734/R-CW-DELEGATE-TOKEN/cael-dgx/tempo/search_start_1783189320_end_1783189405_limit_100.json	b7ec5b6d9ac0cd361dfa1adb27f2ff893e0de89f25273c97e588cad008147f00	b7ec5b6d9ac0cd361dfa1adb27f2ff893e0de89f25273c97e588cad008147f00	byte-identical
frozen-warm-basis-corpus	25051f3b77409c45f5ce71c3b3b05aae85b0f8f9	R-CW-DELEGATE-TOKEN/source-evidence/1cc8f4e3d617ef6f173283ef83d7b739a4995734/R-CW-DELEGATE-TOKEN/cael-dgx/tempo/search_tags_host.name_3Dcael_start_1783189320_end_1783189405_limit_100.json	R-CW-DELEGATE-TOKEN/source-evidence/1cc8f4e3d617ef6f173283ef83d7b739a4995734/R-CW-DELEGATE-TOKEN/cael-dgx/tempo/search_tags_host.name_3Dcael_start_1783189320_end_1783189405_limit_100.json	3c230364815de9b5d3fe3dc62370790d434ef51106b2185bc69eaf408acb6947	3c230364815de9b5d3fe3dc62370790d434ef51106b2185bc69eaf408acb6947	byte-identical
frozen-warm-basis-corpus	25051f3b77409c45f5ce71c3b3b05aae85b0f8f9	R-CW-DELEGATE-TOKEN/source-evidence/1cc8f4e3d617ef6f173283ef83d7b739a4995734/R-CW-DELEGATE-TOKEN/cael-dgx/tempo/search_tags_service.name_3Dopenclaw_start_1783189320_end_1783189405_limit_100.json	R-CW-DELEGATE-TOKEN/source-evidence/1cc8f4e3d617ef6f173283ef83d7b739a4995734/R-CW-DELEGATE-TOKEN/cael-dgx/tempo/search_tags_service.name_3Dopenclaw_start_1783189320_end_1783189405_limit_100.json	e4d88889471ae76aaca0fd4999099666149e12df4666818379801888018c8d37	e4d88889471ae76aaca0fd4999099666149e12df4666818379801888018c8d37	byte-identical
frozen-warm-basis-corpus	25051f3b77409c45f5ce71c3b3b05aae85b0f8f9	R-CW-DELEGATE-TOKEN/source-evidence/1cc8f4e3d617ef6f173283ef83d7b739a4995734/R-CW-DELEGATE-TOKEN/cael-dgx/tempo/trace-18eac519c970b7b272643d474765fdf8-summary.jsonl	R-CW-DELEGATE-TOKEN/source-evidence/1cc8f4e3d617ef6f173283ef83d7b739a4995734/R-CW-DELEGATE-TOKEN/cael-dgx/tempo/trace-18eac519c970b7b272643d474765fdf8-summary.jsonl	a30a8f19a215c6a207d0e9d82dc668a6bda66fa900e373692cc6e83e3805d31f	a30a8f19a215c6a207d0e9d82dc668a6bda66fa900e373692cc6e83e3805d31f	byte-identical
frozen-warm-basis-corpus	25051f3b77409c45f5ce71c3b3b05aae85b0f8f9	R-CW-DELEGATE-TOKEN/source-evidence/1cc8f4e3d617ef6f173283ef83d7b739a4995734/R-CW-DELEGATE-TOKEN/cael-dgx/tempo/trace-18eac519c970b7b272643d474765fdf8.json	R-CW-DELEGATE-TOKEN/source-evidence/1cc8f4e3d617ef6f173283ef83d7b739a4995734/R-CW-DELEGATE-TOKEN/cael-dgx/tempo/trace-18eac519c970b7b272643d474765fdf8.json	a54c050d3f218ff78bcc9595ceaa75624bc8459cc18ba3379817e1178fbc4d22	a54c050d3f218ff78bcc9595ceaa75624bc8459cc18ba3379817e1178fbc4d22	byte-identical
frozen-warm-basis-corpus	25051f3b77409c45f5ce71c3b3b05aae85b0f8f9	R-CW-DELEGATE-TOKEN/source-evidence/1cc8f4e3d617ef6f173283ef83d7b739a4995734/R-CW-DELEGATE-TOKEN/cael-dgx/tempo/trace-5085205dfadcad4696b8c679af560386-summary.jsonl	R-CW-DELEGATE-TOKEN/source-evidence/1cc8f4e3d617ef6f173283ef83d7b739a4995734/R-CW-DELEGATE-TOKEN/cael-dgx/tempo/trace-5085205dfadcad4696b8c679af560386-summary.jsonl	4bebaea8c7fededce1ea01e11e9c5d1bae66ed15b2ad3997592c0c972cd731ca	4bebaea8c7fededce1ea01e11e9c5d1bae66ed15b2ad3997592c0c972cd731ca	byte-identical
frozen-warm-basis-corpus	25051f3b77409c45f5ce71c3b3b05aae85b0f8f9	R-CW-DELEGATE-TOKEN/source-evidence/1cc8f4e3d617ef6f173283ef83d7b739a4995734/R-CW-DELEGATE-TOKEN/cael-dgx/tempo/trace-5085205dfadcad4696b8c679af560386.json	R-CW-DELEGATE-TOKEN/source-evidence/1cc8f4e3d617ef6f173283ef83d7b739a4995734/R-CW-DELEGATE-TOKEN/cael-dgx/tempo/trace-5085205dfadcad4696b8c679af560386.json	50f74994b4c61a55329cc4441ba3d60f7732f2a957016732ab2346cc4529d0da	50f74994b4c61a55329cc4441ba3d60f7732f2a957016732ab2346cc4529d0da	byte-identical
frozen-warm-basis-corpus	25051f3b77409c45f5ce71c3b3b05aae85b0f8f9	R-CW-DELEGATE-TOKEN/source-evidence/1cc8f4e3d617ef6f173283ef83d7b739a4995734/R-CW-DELEGATE-TOKEN/cael-dgx/tempo/trace-782ef41852545ac6c8a89dcc35f2055-summary.jsonl	R-CW-DELEGATE-TOKEN/source-evidence/1cc8f4e3d617ef6f173283ef83d7b739a4995734/R-CW-DELEGATE-TOKEN/cael-dgx/tempo/trace-782ef41852545ac6c8a89dcc35f2055-summary.jsonl	b621b3192f586e376b62a3029d903acabcf14d93c7068f244b9ef73297f4ac23	b621b3192f586e376b62a3029d903acabcf14d93c7068f244b9ef73297f4ac23	byte-identical
frozen-warm-basis-corpus	25051f3b77409c45f5ce71c3b3b05aae85b0f8f9	R-CW-DELEGATE-TOKEN/source-evidence/1cc8f4e3d617ef6f173283ef83d7b739a4995734/R-CW-DELEGATE-TOKEN/cael-dgx/tempo/trace-782ef41852545ac6c8a89dcc35f2055.json	R-CW-DELEGATE-TOKEN/source-evidence/1cc8f4e3d617ef6f173283ef83d7b739a4995734/R-CW-DELEGATE-TOKEN/cael-dgx/tempo/trace-782ef41852545ac6c8a89dcc35f2055.json	271bc09241700db61030c7c32cd8f7d6af2011806ff58106ff05cdbe6a47ae75	271bc09241700db61030c7c32cd8f7d6af2011806ff58106ff05cdbe6a47ae75	byte-identical
frozen-warm-basis-corpus	25051f3b77409c45f5ce71c3b3b05aae85b0f8f9	R-CW-DELEGATE-TOKEN/source-evidence/1cc8f4e3d617ef6f173283ef83d7b739a4995734/R-CW-DELEGATE-TOKEN/cael-dgx/tempo/trace-a0ead7f17dd741d27224bd5e7d08b4e5-summary.jsonl	R-CW-DELEGATE-TOKEN/source-evidence/1cc8f4e3d617ef6f173283ef83d7b739a4995734/R-CW-DELEGATE-TOKEN/cael-dgx/tempo/trace-a0ead7f17dd741d27224bd5e7d08b4e5-summary.jsonl	9bc6e383636122392063d09167f6dc685fc7e25c9493773d7c19ab1fc5f32692	9bc6e383636122392063d09167f6dc685fc7e25c9493773d7c19ab1fc5f32692	byte-identical
frozen-warm-basis-corpus	25051f3b77409c45f5ce71c3b3b05aae85b0f8f9	R-CW-DELEGATE-TOKEN/source-evidence/1cc8f4e3d617ef6f173283ef83d7b739a4995734/R-CW-DELEGATE-TOKEN/cael-dgx/tempo/trace-a0ead7f17dd741d27224bd5e7d08b4e5.json	R-CW-DELEGATE-TOKEN/source-evidence/1cc8f4e3d617ef6f173283ef83d7b739a4995734/R-CW-DELEGATE-TOKEN/cael-dgx/tempo/trace-a0ead7f17dd741d27224bd5e7d08b4e5.json	6db6f661bf1e330226b40660eba323ca243f17583dc5fba60e05cf67c74c121a	6db6f661bf1e330226b40660eba323ca243f17583dc5fba60e05cf67c74c121a	byte-identical
frozen-warm-basis-corpus	25051f3b77409c45f5ce71c3b3b05aae85b0f8f9	R-CW-DELEGATE-TOKEN/source-evidence/1cc8f4e3d617ef6f173283ef83d7b739a4995734/R-CW-DELEGATE-TOKEN/cael-dgx/version.txt	R-CW-DELEGATE-TOKEN/source-evidence/1cc8f4e3d617ef6f173283ef83d7b739a4995734/R-CW-DELEGATE-TOKEN/cael-dgx/version.txt	9a45c28fdc9194d11861964c0d37569e9f8f423464e2095252e1e99e1a5ddf6a	9a45c28fdc9194d11861964c0d37569e9f8f423464e2095252e1e99e1a5ddf6a	byte-identical
frozen-warm-basis-corpus	25051f3b77409c45f5ce71c3b3b05aae85b0f8f9	R-CW-MULTI-COLLAPSE/EVIDENCE.md	R-CW-MULTI-COLLAPSE/EVIDENCE.md	8dee316dd484051f9b676b0105df723e8e5c6fd75a1cb15ffd76ea7a1ea1c225	51106feb3c5177528ba5f148f0dd2a2040a316f4b45f4711d8b8f05d830523cb	target-rebound
frozen-warm-basis-corpus	25051f3b77409c45f5ce71c3b3b05aae85b0f8f9	R-CW-MULTI-COLLAPSE/catalog/static-a-20260825T100436Z-r-cw-multi-collapse-f2ab9803-candidate-run-result.json	R-CW-MULTI-COLLAPSE/catalog/static-a-20260825T100436Z-r-cw-multi-collapse-f2ab9803-candidate-run-result.json	0110d82c26e5aa2f756fe4a67b3d5b0834eac11dca035c464cafabe17e52f771	00369d5a43382c99d93a48840c719f894ac1f18ff1c613018cfeca588ecc5311	target-rebound
frozen-warm-basis-corpus	25051f3b77409c45f5ce71c3b3b05aae85b0f8f9	R-CW-MULTI-COLLAPSE/catalog/static-a-20260825T100436Z-r-cw-multi-collapse-f2ab9803-evidence.jsonl	R-CW-MULTI-COLLAPSE/catalog/static-a-20260825T100436Z-r-cw-multi-collapse-f2ab9803-evidence.jsonl	ae439e78863d1095fa669b23379fc21497b5ee9036b5091642018f72de365760	e7e8153ebf38439f8ea95b6f2ceb1bd9e468f51de029db7479ad122d1d8411a4	target-rebound
frozen-warm-basis-corpus	25051f3b77409c45f5ce71c3b3b05aae85b0f8f9	R-CW-MULTI-COLLAPSE/catalog/static-a-20260825T100436Z-r-cw-multi-collapse-f2ab9803-run-result.json	R-CW-MULTI-COLLAPSE/catalog/static-a-20260825T100436Z-r-cw-multi-collapse-f2ab9803-run-result.json	b3243d7a39699abcd4ec8bd4e546a151af803e046a9c56697eb03c9de1306cfd	0f57e10572e0c97af422cb0a3ac6d99e3ff0b2ff10abbf827533d7e4b6b7a998	target-rebound
frozen-warm-basis-corpus	25051f3b77409c45f5ce71c3b3b05aae85b0f8f9	R-CW-MULTI-COLLAPSE/catalog/static-a-20260825T100436Z-r-cw-multi-collapse-f2ab9803-static-corpus-row-summary.json	R-CW-MULTI-COLLAPSE/catalog/static-a-20260825T100436Z-r-cw-multi-collapse-f2ab9803-static-corpus-row-summary.json	a0f578f0aff8beac7734f8547a68dea28a7d3f637f880318c101691684f987f6	44d50e612992d5084b642111a8d1475261d6a8d230629ff9b8dbb0b4cbf94ead	target-rebound
frozen-warm-basis-corpus	25051f3b77409c45f5ce71c3b3b05aae85b0f8f9	R-CW-MULTI-COLLAPSE/source-evidence/1cc8f4e3d617ef6f173283ef83d7b739a4995734/R-CW-MULTI-COLLAPSE/cael-dgx/EVIDENCE.md	R-CW-MULTI-COLLAPSE/source-evidence/1cc8f4e3d617ef6f173283ef83d7b739a4995734/R-CW-MULTI-COLLAPSE/cael-dgx/EVIDENCE.md	ec569d2bd2721873723635303803c5b1d5c0e5be6b0ae4eee13c4201323dfc7d	ec569d2bd2721873723635303803c5b1d5c0e5be6b0ae4eee13c4201323dfc7d	byte-identical
frozen-warm-basis-corpus	25051f3b77409c45f5ce71c3b3b05aae85b0f8f9	R-CW-MULTI-COLLAPSE/source-evidence/1cc8f4e3d617ef6f173283ef83d7b739a4995734/R-CW-MULTI-COLLAPSE/cael-dgx/config-active-lowered-file.json	R-CW-MULTI-COLLAPSE/source-evidence/1cc8f4e3d617ef6f173283ef83d7b739a4995734/R-CW-MULTI-COLLAPSE/cael-dgx/config-active-lowered-file.json	2d1bfe6982269bdf306344a769ff9aa26d2f090890a90147a046892f8fe809d8	2d1bfe6982269bdf306344a769ff9aa26d2f090890a90147a046892f8fe809d8	byte-identical
frozen-warm-basis-corpus	25051f3b77409c45f5ce71c3b3b05aae85b0f8f9	R-CW-MULTI-COLLAPSE/source-evidence/1cc8f4e3d617ef6f173283ef83d7b739a4995734/R-CW-MULTI-COLLAPSE/cael-dgx/config-original-before-rerun3.json	R-CW-MULTI-COLLAPSE/source-evidence/1cc8f4e3d617ef6f173283ef83d7b739a4995734/R-CW-MULTI-COLLAPSE/cael-dgx/config-original-before-rerun3.json	94030e7ca23389f9b6210d765315fb82356e09fab0be64d4875caa2f47661ea7	94030e7ca23389f9b6210d765315fb82356e09fab0be64d4875caa2f47661ea7	byte-identical
frozen-warm-basis-corpus	25051f3b77409c45f5ce71c3b3b05aae85b0f8f9	R-CW-MULTI-COLLAPSE/source-evidence/1cc8f4e3d617ef6f173283ef83d7b739a4995734/R-CW-MULTI-COLLAPSE/cael-dgx/config-restored-active-file.json	R-CW-MULTI-COLLAPSE/source-evidence/1cc8f4e3d617ef6f173283ef83d7b739a4995734/R-CW-MULTI-COLLAPSE/cael-dgx/config-restored-active-file.json	319c276128d4dccd7ff642a94d92b16dd2d231f53b9da10fdb27c975c321a401	319c276128d4dccd7ff642a94d92b16dd2d231f53b9da10fdb27c975c321a401	byte-identical
frozen-warm-basis-corpus	25051f3b77409c45f5ce71c3b3b05aae85b0f8f9	R-CW-MULTI-COLLAPSE/source-evidence/1cc8f4e3d617ef6f173283ef83d7b739a4995734/R-CW-MULTI-COLLAPSE/cael-dgx/config-validate-lowered.txt	R-CW-MULTI-COLLAPSE/source-evidence/1cc8f4e3d617ef6f173283ef83d7b739a4995734/R-CW-MULTI-COLLAPSE/cael-dgx/config-validate-lowered.txt	275572d12706cfa6972ae580e598a72b66f7ed80d7a126837bb7c383391ccfef	275572d12706cfa6972ae580e598a72b66f7ed80d7a126837bb7c383391ccfef	byte-identical
frozen-warm-basis-corpus	25051f3b77409c45f5ce71c3b3b05aae85b0f8f9	R-CW-MULTI-COLLAPSE/source-evidence/1cc8f4e3d617ef6f173283ef83d7b739a4995734/R-CW-MULTI-COLLAPSE/cael-dgx/config-validate-restored.txt	R-CW-MULTI-COLLAPSE/source-evidence/1cc8f4e3d617ef6f173283ef83d7b739a4995734/R-CW-MULTI-COLLAPSE/cael-dgx/config-validate-restored.txt	275572d12706cfa6972ae580e598a72b66f7ed80d7a126837bb7c383391ccfef	275572d12706cfa6972ae580e598a72b66f7ed80d7a126837bb7c383391ccfef	byte-identical
frozen-warm-basis-corpus	25051f3b77409c45f5ce71c3b3b05aae85b0f8f9	R-CW-MULTI-COLLAPSE/source-evidence/1cc8f4e3d617ef6f173283ef83d7b739a4995734/R-CW-MULTI-COLLAPSE/cael-dgx/final-queued-running.txt	R-CW-MULTI-COLLAPSE/source-evidence/1cc8f4e3d617ef6f173283ef83d7b739a4995734/R-CW-MULTI-COLLAPSE/cael-dgx/final-queued-running.txt	e3b0c44298fc1c149afbf4c8996fb92427ae41e4649b934ca495991b7852b855	e3b0c44298fc1c149afbf4c8996fb92427ae41e4649b934ca495991b7852b855	byte-identical
frozen-warm-basis-corpus	25051f3b77409c45f5ce71c3b3b05aae85b0f8f9	R-CW-MULTI-COLLAPSE/source-evidence/1cc8f4e3d617ef6f173283ef83d7b739a4995734/R-CW-MULTI-COLLAPSE/cael-dgx/final-terminal-sqlite.txt	R-CW-MULTI-COLLAPSE/source-evidence/1cc8f4e3d617ef6f173283ef83d7b739a4995734/R-CW-MULTI-COLLAPSE/cael-dgx/final-terminal-sqlite.txt	e9599b8b6bfdf7c005da88fbc5ddc74875ac620bc8dc7616cff8b546c32e0f72	e9599b8b6bfdf7c005da88fbc5ddc74875ac620bc8dc7616cff8b546c32e0f72	byte-identical
frozen-warm-basis-corpus	25051f3b77409c45f5ce71c3b3b05aae85b0f8f9	R-CW-MULTI-COLLAPSE/source-evidence/1cc8f4e3d617ef6f173283ef83d7b739a4995734/R-CW-MULTI-COLLAPSE/cael-dgx/flow-runs-final.json	R-CW-MULTI-COLLAPSE/source-evidence/1cc8f4e3d617ef6f173283ef83d7b739a4995734/R-CW-MULTI-COLLAPSE/cael-dgx/flow-runs-final.json	e0a5f441ffd100d69a5c5023265dae8aa0a66c82fa5c515681e2d4d11268a01a	e0a5f441ffd100d69a5c5023265dae8aa0a66c82fa5c515681e2d4d11268a01a	byte-identical
frozen-warm-basis-corpus	25051f3b77409c45f5ce71c3b3b05aae85b0f8f9	R-CW-MULTI-COLLAPSE/source-evidence/1cc8f4e3d617ef6f173283ef83d7b739a4995734/R-CW-MULTI-COLLAPSE/cael-dgx/insert-vars.json	R-CW-MULTI-COLLAPSE/source-evidence/1cc8f4e3d617ef6f173283ef83d7b739a4995734/R-CW-MULTI-COLLAPSE/cael-dgx/insert-vars.json	9528f78db9302d989207b2db4fc9e6327fc34b2dc1345d44a037cb7374593edb	9528f78db9302d989207b2db4fc9e6327fc34b2dc1345d44a037cb7374593edb	byte-identical
frozen-warm-basis-corpus	25051f3b77409c45f5ce71c3b3b05aae85b0f8f9	R-CW-MULTI-COLLAPSE/source-evidence/1cc8f4e3d617ef6f173283ef83d7b739a4995734/R-CW-MULTI-COLLAPSE/cael-dgx/journal-continuation-window.txt	R-CW-MULTI-COLLAPSE/source-evidence/1cc8f4e3d617ef6f173283ef83d7b739a4995734/R-CW-MULTI-COLLAPSE/cael-dgx/journal-continuation-window.txt	216173c9b5a3a2cb851abea8a54272471e88e3fdb5d85b8633e6f4355186840a	216173c9b5a3a2cb851abea8a54272471e88e3fdb5d85b8633e6f4355186840a	byte-identical
frozen-warm-basis-corpus	25051f3b77409c45f5ce71c3b3b05aae85b0f8f9	R-CW-MULTI-COLLAPSE/source-evidence/1cc8f4e3d617ef6f173283ef83d7b739a4995734/R-CW-MULTI-COLLAPSE/cael-dgx/post-insert-sqlite.txt	R-CW-MULTI-COLLAPSE/source-evidence/1cc8f4e3d617ef6f173283ef83d7b739a4995734/R-CW-MULTI-COLLAPSE/cael-dgx/post-insert-sqlite.txt	ab5d44a4e72f74b37016da1b5ca2b029f1369d79e780860ee063afe5c51a98a9	ab5d44a4e72f74b37016da1b5ca2b029f1369d79e780860ee063afe5c51a98a9	byte-identical
frozen-warm-basis-corpus	25051f3b77409c45f5ce71c3b3b05aae85b0f8f9	R-CW-MULTI-COLLAPSE/source-evidence/1cc8f4e3d617ef6f173283ef83d7b739a4995734/R-CW-MULTI-COLLAPSE/cael-dgx/restart-runs-drive-complete.txt	R-CW-MULTI-COLLAPSE/source-evidence/1cc8f4e3d617ef6f173283ef83d7b739a4995734/R-CW-MULTI-COLLAPSE/cael-dgx/restart-runs-drive-complete.txt	8089ff3684414a8f1f1cafd333d9b6805e7b39f9bbca61d133cfb0e480522789	8089ff3684414a8f1f1cafd333d9b6805e7b39f9bbca61d133cfb0e480522789	byte-identical
frozen-warm-basis-corpus	25051f3b77409c45f5ce71c3b3b05aae85b0f8f9	R-CW-MULTI-COLLAPSE/source-evidence/1cc8f4e3d617ef6f173283ef83d7b739a4995734/R-CW-MULTI-COLLAPSE/cael-dgx/restart-runs-lower-complete.txt	R-CW-MULTI-COLLAPSE/source-evidence/1cc8f4e3d617ef6f173283ef83d7b739a4995734/R-CW-MULTI-COLLAPSE/cael-dgx/restart-runs-lower-complete.txt	4f100fd0c2292a6a102f1e2929b6b4bf2ea0525f48c3f3ffb3dcabd5364f3735	4f100fd0c2292a6a102f1e2929b6b4bf2ea0525f48c3f3ffb3dcabd5364f3735	byte-identical
frozen-warm-basis-corpus	25051f3b77409c45f5ce71c3b3b05aae85b0f8f9	R-CW-MULTI-COLLAPSE/source-evidence/1cc8f4e3d617ef6f173283ef83d7b739a4995734/R-CW-MULTI-COLLAPSE/cael-dgx/restart-runs-restore-complete.txt	R-CW-MULTI-COLLAPSE/source-evidence/1cc8f4e3d617ef6f173283ef83d7b739a4995734/R-CW-MULTI-COLLAPSE/cael-dgx/restart-runs-restore-complete.txt	3f23acf98a2f2ff723c2f0e568930169a3583e85800e97f8c53938804f620cb0	3f23acf98a2f2ff723c2f0e568930169a3583e85800e97f8c53938804f620cb0	byte-identical
frozen-warm-basis-corpus	25051f3b77409c45f5ce71c3b3b05aae85b0f8f9	R-CW-MULTI-COLLAPSE/source-evidence/1cc8f4e3d617ef6f173283ef83d7b739a4995734/R-CW-MULTI-COLLAPSE/cael-dgx/restore-verified-sha256.txt	R-CW-MULTI-COLLAPSE/source-evidence/1cc8f4e3d617ef6f173283ef83d7b739a4995734/R-CW-MULTI-COLLAPSE/cael-dgx/restore-verified-sha256.txt	1dbfa9659c30ff4ae2334da73e3408078d2d66639f1211c22be6de23ac60f83d	1dbfa9659c30ff4ae2334da73e3408078d2d66639f1211c22be6de23ac60f83d	byte-identical
frozen-warm-basis-corpus	25051f3b77409c45f5ce71c3b3b05aae85b0f8f9	R-CW-MULTI-COLLAPSE/source-evidence/1cc8f4e3d617ef6f173283ef83d7b739a4995734/R-CW-MULTI-COLLAPSE/cael-dgx/tempo-attribute-receipt.txt	R-CW-MULTI-COLLAPSE/source-evidence/1cc8f4e3d617ef6f173283ef83d7b739a4995734/R-CW-MULTI-COLLAPSE/cael-dgx/tempo-attribute-receipt.txt	95ab15a6d05fe72a5003a67bc477ede5eef1eb42ae5a1f36055dd4c1c8809063	95ab15a6d05fe72a5003a67bc477ede5eef1eb42ae5a1f36055dd4c1c8809063	byte-identical
frozen-warm-basis-corpus	25051f3b77409c45f5ce71c3b3b05aae85b0f8f9	R-CW-MULTI-COLLAPSE/source-evidence/1cc8f4e3d617ef6f173283ef83d7b739a4995734/R-CW-MULTI-COLLAPSE/cael-dgx/tempo-search-late/matching-traces.txt	R-CW-MULTI-COLLAPSE/source-evidence/1cc8f4e3d617ef6f173283ef83d7b739a4995734/R-CW-MULTI-COLLAPSE/cael-dgx/tempo-search-late/matching-traces.txt	1265edc0bd2f784d5649a8eb66184f08bb130d36208c27c06f452d30711d3dd4	1265edc0bd2f784d5649a8eb66184f08bb130d36208c27c06f452d30711d3dd4	byte-identical
frozen-warm-basis-corpus	25051f3b77409c45f5ce71c3b3b05aae85b0f8f9	R-CW-MULTI-COLLAPSE/source-evidence/1cc8f4e3d617ef6f173283ef83d7b739a4995734/R-CW-MULTI-COLLAPSE/cael-dgx/tempo-search-late/search_start_1783177440_end_1783177620_limit_100.json	R-CW-MULTI-COLLAPSE/source-evidence/1cc8f4e3d617ef6f173283ef83d7b739a4995734/R-CW-MULTI-COLLAPSE/cael-dgx/tempo-search-late/search_start_1783177440_end_1783177620_limit_100.json	d6749cc42095f66b656e939b9f44a34dd335b98eb958bd44b116c4336cc652ad	d6749cc42095f66b656e939b9f44a34dd335b98eb958bd44b116c4336cc652ad	byte-identical
frozen-warm-basis-corpus	25051f3b77409c45f5ce71c3b3b05aae85b0f8f9	R-CW-MULTI-COLLAPSE/source-evidence/1cc8f4e3d617ef6f173283ef83d7b739a4995734/R-CW-MULTI-COLLAPSE/cael-dgx/tempo-search-late/search_tags_host.name_3Dcael_start_1783177440_end_1783177620_limit_100.json	R-CW-MULTI-COLLAPSE/source-evidence/1cc8f4e3d617ef6f173283ef83d7b739a4995734/R-CW-MULTI-COLLAPSE/cael-dgx/tempo-search-late/search_tags_host.name_3Dcael_start_1783177440_end_1783177620_limit_100.json	d9152141c2d9e67f08d6eb359f8d35df7c8af27ccd60f6ec94f134c611fe5d91	d9152141c2d9e67f08d6eb359f8d35df7c8af27ccd60f6ec94f134c611fe5d91	byte-identical
frozen-warm-basis-corpus	25051f3b77409c45f5ce71c3b3b05aae85b0f8f9	R-CW-MULTI-COLLAPSE/source-evidence/1cc8f4e3d617ef6f173283ef83d7b739a4995734/R-CW-MULTI-COLLAPSE/cael-dgx/tempo-search-late/search_tags_service.name_3Dopenclaw_start_1783177440_end_1783177620_limit_100.json	R-CW-MULTI-COLLAPSE/source-evidence/1cc8f4e3d617ef6f173283ef83d7b739a4995734/R-CW-MULTI-COLLAPSE/cael-dgx/tempo-search-late/search_tags_service.name_3Dopenclaw_start_1783177440_end_1783177620_limit_100.json	8172e2eb44a8e3c50140e54a6baff7ea35efc0c993ff73f46bcaeec8f022a246	8172e2eb44a8e3c50140e54a6baff7ea35efc0c993ff73f46bcaeec8f022a246	byte-identical
frozen-warm-basis-corpus	25051f3b77409c45f5ce71c3b3b05aae85b0f8f9	R-CW-MULTI-COLLAPSE/source-evidence/1cc8f4e3d617ef6f173283ef83d7b739a4995734/R-CW-MULTI-COLLAPSE/cael-dgx/tempo-search-late/trace-68d165c2ad88458bebe39c5d5f799032.json	R-CW-MULTI-COLLAPSE/source-evidence/1cc8f4e3d617ef6f173283ef83d7b739a4995734/R-CW-MULTI-COLLAPSE/cael-dgx/tempo-search-late/trace-68d165c2ad88458bebe39c5d5f799032.json	b617b2ec0687186fd2d13c5c427c63a79d6dd946f881b9e9c1267f74fec559ae	b617b2ec0687186fd2d13c5c427c63a79d6dd946f881b9e9c1267f74fec559ae	byte-identical
frozen-warm-basis-corpus	25051f3b77409c45f5ce71c3b3b05aae85b0f8f9	R-CW-MULTI-COLLAPSE/source-evidence/1cc8f4e3d617ef6f173283ef83d7b739a4995734/R-CW-MULTI-COLLAPSE/cael-dgx/tempo-search-late/trace-7d0e3c49b867074fd873023a16224eec.json	R-CW-MULTI-COLLAPSE/source-evidence/1cc8f4e3d617ef6f173283ef83d7b739a4995734/R-CW-MULTI-COLLAPSE/cael-dgx/tempo-search-late/trace-7d0e3c49b867074fd873023a16224eec.json	9e30f450f9a6f6105bf42cd5888457d7f867b5a9f831451a73ed0065b8b4b26d	9e30f450f9a6f6105bf42cd5888457d7f867b5a9f831451a73ed0065b8b4b26d	byte-identical
frozen-warm-basis-corpus	25051f3b77409c45f5ce71c3b3b05aae85b0f8f9	R-CW-MULTI-COLLAPSE/source-evidence/1cc8f4e3d617ef6f173283ef83d7b739a4995734/R-CW-MULTI-COLLAPSE/cael-dgx/tempo-search-late/trace-a091817cb7a9e86e723d52ca6b3a575d.json	R-CW-MULTI-COLLAPSE/source-evidence/1cc8f4e3d617ef6f173283ef83d7b739a4995734/R-CW-MULTI-COLLAPSE/cael-dgx/tempo-search-late/trace-a091817cb7a9e86e723d52ca6b3a575d.json	76532dcef97f1c7a212c9879c0df5755d6923a0c8d76685961daf6a5c4d34547	76532dcef97f1c7a212c9879c0df5755d6923a0c8d76685961daf6a5c4d34547	byte-identical
frozen-warm-basis-corpus	25051f3b77409c45f5ce71c3b3b05aae85b0f8f9	R-CW-MULTI-COLLAPSE/source-evidence/1cc8f4e3d617ef6f173283ef83d7b739a4995734/R-CW-MULTI-COLLAPSE/cael-dgx/tempo-search-late/trace-e6f5f835cea3a3568b183f4675d44a60.json	R-CW-MULTI-COLLAPSE/source-evidence/1cc8f4e3d617ef6f173283ef83d7b739a4995734/R-CW-MULTI-COLLAPSE/cael-dgx/tempo-search-late/trace-e6f5f835cea3a3568b183f4675d44a60.json	8f329d422213273d82a0e1a87173177fd23c801ec5261b2c652bc4e5fa7f4893	8f329d422213273d82a0e1a87173177fd23c801ec5261b2c652bc4e5fa7f4893	byte-identical
frozen-warm-basis-corpus	25051f3b77409c45f5ce71c3b3b05aae85b0f8f9	R-CW-MULTI-COLLAPSE/source-evidence/1cc8f4e3d617ef6f173283ef83d7b739a4995734/R-CW-MULTI-COLLAPSE/cael-dgx/tempo-search-late/trace-fcfddd0996c2d28125c99e9f7b52ad90.json	R-CW-MULTI-COLLAPSE/source-evidence/1cc8f4e3d617ef6f173283ef83d7b739a4995734/R-CW-MULTI-COLLAPSE/cael-dgx/tempo-search-late/trace-fcfddd0996c2d28125c99e9f7b52ad90.json	e7535be2930efd1247c003564b0e74ac9917de35dcb6d0076beb0af4ec462066	e7535be2930efd1247c003564b0e74ac9917de35dcb6d0076beb0af4ec462066	byte-identical
frozen-warm-basis-corpus	25051f3b77409c45f5ce71c3b3b05aae85b0f8f9	R-CW-MULTI-COLLAPSE/source-evidence/1cc8f4e3d617ef6f173283ef83d7b739a4995734/R-CW-MULTI-COLLAPSE/cael-dgx/tempo-search/matching-traces.txt	R-CW-MULTI-COLLAPSE/source-evidence/1cc8f4e3d617ef6f173283ef83d7b739a4995734/R-CW-MULTI-COLLAPSE/cael-dgx/tempo-search/matching-traces.txt	570acfa9a052a9cdec0e585c341127f59ad1b0f01c389f5440728b356ac0f8c2	570acfa9a052a9cdec0e585c341127f59ad1b0f01c389f5440728b356ac0f8c2	byte-identical
frozen-warm-basis-corpus	25051f3b77409c45f5ce71c3b3b05aae85b0f8f9	R-CW-MULTI-COLLAPSE/source-evidence/1cc8f4e3d617ef6f173283ef83d7b739a4995734/R-CW-MULTI-COLLAPSE/cael-dgx/tempo-search/search_limit_50.json	R-CW-MULTI-COLLAPSE/source-evidence/1cc8f4e3d617ef6f173283ef83d7b739a4995734/R-CW-MULTI-COLLAPSE/cael-dgx/tempo-search/search_limit_50.json	b341615c1782ffbd46b053d8e916cf841b462fe7ca37224d6a7da1c7b50c7ed0	b341615c1782ffbd46b053d8e916cf841b462fe7ca37224d6a7da1c7b50c7ed0	byte-identical
frozen-warm-basis-corpus	25051f3b77409c45f5ce71c3b3b05aae85b0f8f9	R-CW-MULTI-COLLAPSE/source-evidence/1cc8f4e3d617ef6f173283ef83d7b739a4995734/R-CW-MULTI-COLLAPSE/cael-dgx/tempo-search/search_tags_host.name_3Dcael_limit_50.json	R-CW-MULTI-COLLAPSE/source-evidence/1cc8f4e3d617ef6f173283ef83d7b739a4995734/R-CW-MULTI-COLLAPSE/cael-dgx/tempo-search/search_tags_host.name_3Dcael_limit_50.json	dcc81c0c0c786869929fbf44f658eb86e87a718a61a7ea3b122ab86ad17c1ed2	dcc81c0c0c786869929fbf44f658eb86e87a718a61a7ea3b122ab86ad17c1ed2	byte-identical
frozen-warm-basis-corpus	25051f3b77409c45f5ce71c3b3b05aae85b0f8f9	R-CW-MULTI-COLLAPSE/source-evidence/1cc8f4e3d617ef6f173283ef83d7b739a4995734/R-CW-MULTI-COLLAPSE/cael-dgx/tempo-search/search_tags_service.name_3Dopenclaw_limit_50.json	R-CW-MULTI-COLLAPSE/source-evidence/1cc8f4e3d617ef6f173283ef83d7b739a4995734/R-CW-MULTI-COLLAPSE/cael-dgx/tempo-search/search_tags_service.name_3Dopenclaw_limit_50.json	1f0edad07f18c519927a950a0b8887c9bd1e92ecf03af276d30af29f3109ed9f	1f0edad07f18c519927a950a0b8887c9bd1e92ecf03af276d30af29f3109ed9f	byte-identical
frozen-warm-basis-corpus	25051f3b77409c45f5ce71c3b3b05aae85b0f8f9	R-CW-MULTI-COLLAPSE/source-evidence/1cc8f4e3d617ef6f173283ef83d7b739a4995734/R-CW-MULTI-COLLAPSE/cael-dgx/tempo-search/trace-a6960312a7862d45f09836f85efe61c0.json	R-CW-MULTI-COLLAPSE/source-evidence/1cc8f4e3d617ef6f173283ef83d7b739a4995734/R-CW-MULTI-COLLAPSE/cael-dgx/tempo-search/trace-a6960312a7862d45f09836f85efe61c0.json	a8d374a96ff00ca479deffd6bac25a999871214efcd3f5bfe644a0b5be2185f0	a8d374a96ff00ca479deffd6bac25a999871214efcd3f5bfe644a0b5be2185f0	byte-identical
frozen-warm-basis-corpus	25051f3b77409c45f5ce71c3b3b05aae85b0f8f9	R-CW-MULTI-COLLAPSE/source-evidence/1cc8f4e3d617ef6f173283ef83d7b739a4995734/R-CW-MULTI-COLLAPSE/cael-dgx/tempo-search/trace-d60de9cc4bd0afa88a33dc2fe6d5484e.json	R-CW-MULTI-COLLAPSE/source-evidence/1cc8f4e3d617ef6f173283ef83d7b739a4995734/R-CW-MULTI-COLLAPSE/cael-dgx/tempo-search/trace-d60de9cc4bd0afa88a33dc2fe6d5484e.json	80515a55096c41678abbe9187589bb08e8dc3d50c9be4d5837e9b17d4e19e9ab	80515a55096c41678abbe9187589bb08e8dc3d50c9be4d5837e9b17d4e19e9ab	byte-identical
frozen-warm-basis-corpus	25051f3b77409c45f5ce71c3b3b05aae85b0f8f9	R-CW-MULTI-COLLAPSE/source-evidence/1cc8f4e3d617ef6f173283ef83d7b739a4995734/R-CW-MULTI-COLLAPSE/cael-dgx/tempo-trace-queue-drain-68d165c2ad88458bebe39c5d5f799032.json	R-CW-MULTI-COLLAPSE/source-evidence/1cc8f4e3d617ef6f173283ef83d7b739a4995734/R-CW-MULTI-COLLAPSE/cael-dgx/tempo-trace-queue-drain-68d165c2ad88458bebe39c5d5f799032.json	b617b2ec0687186fd2d13c5c427c63a79d6dd946f881b9e9c1267f74fec559ae	b617b2ec0687186fd2d13c5c427c63a79d6dd946f881b9e9c1267f74fec559ae	byte-identical
frozen-warm-basis-corpus	25051f3b77409c45f5ce71c3b3b05aae85b0f8f9	R-CW-MULTI-COLLAPSE/source-evidence/1cc8f4e3d617ef6f173283ef83d7b739a4995734/R-CW-MULTI-COLLAPSE/cael-dgx/tempo-trace-queue-drain-7d0e3c49b867074fd873023a16224eec.json	R-CW-MULTI-COLLAPSE/source-evidence/1cc8f4e3d617ef6f173283ef83d7b739a4995734/R-CW-MULTI-COLLAPSE/cael-dgx/tempo-trace-queue-drain-7d0e3c49b867074fd873023a16224eec.json	9e30f450f9a6f6105bf42cd5888457d7f867b5a9f831451a73ed0065b8b4b26d	9e30f450f9a6f6105bf42cd5888457d7f867b5a9f831451a73ed0065b8b4b26d	byte-identical
frozen-warm-basis-corpus	25051f3b77409c45f5ce71c3b3b05aae85b0f8f9	R-CW-MULTI-COLLAPSE/source-evidence/1cc8f4e3d617ef6f173283ef83d7b739a4995734/R-CW-MULTI-COLLAPSE/cael-dgx/tempo-trace-queue-drain-a091817cb7a9e86e723d52ca6b3a575d.json	R-CW-MULTI-COLLAPSE/source-evidence/1cc8f4e3d617ef6f173283ef83d7b739a4995734/R-CW-MULTI-COLLAPSE/cael-dgx/tempo-trace-queue-drain-a091817cb7a9e86e723d52ca6b3a575d.json	76532dcef97f1c7a212c9879c0df5755d6923a0c8d76685961daf6a5c4d34547	76532dcef97f1c7a212c9879c0df5755d6923a0c8d76685961daf6a5c4d34547	byte-identical
frozen-warm-basis-corpus	25051f3b77409c45f5ce71c3b3b05aae85b0f8f9	R-CW-MULTI-COLLAPSE/source-evidence/1cc8f4e3d617ef6f173283ef83d7b739a4995734/R-CW-MULTI-COLLAPSE/cael-dgx/tempo-trace-work-fire-e6f5f835cea3a3568b183f4675d44a60.json	R-CW-MULTI-COLLAPSE/source-evidence/1cc8f4e3d617ef6f173283ef83d7b739a4995734/R-CW-MULTI-COLLAPSE/cael-dgx/tempo-trace-work-fire-e6f5f835cea3a3568b183f4675d44a60.json	8f329d422213273d82a0e1a87173177fd23c801ec5261b2c652bc4e5fa7f4893	8f329d422213273d82a0e1a87173177fd23c801ec5261b2c652bc4e5fa7f4893	byte-identical
frozen-warm-basis-corpus	25051f3b77409c45f5ce71c3b3b05aae85b0f8f9	R-CW-MULTI-COLLAPSE/source-evidence/1cc8f4e3d617ef6f173283ef83d7b739a4995734/R-CW-MULTI-COLLAPSE/cael-dgx/tempo-trace-work-fire-fcfddd0996c2d28125c99e9f7b52ad90.json	R-CW-MULTI-COLLAPSE/source-evidence/1cc8f4e3d617ef6f173283ef83d7b739a4995734/R-CW-MULTI-COLLAPSE/cael-dgx/tempo-trace-work-fire-fcfddd0996c2d28125c99e9f7b52ad90.json	e7535be2930efd1247c003564b0e74ac9917de35dcb6d0076beb0af4ec462066	e7535be2930efd1247c003564b0e74ac9917de35dcb6d0076beb0af4ec462066	byte-identical
frozen-warm-basis-corpus	25051f3b77409c45f5ce71c3b3b05aae85b0f8f9	R-CW-MULTI-COLLAPSE/source-evidence/1cc8f4e3d617ef6f173283ef83d7b739a4995734/R-CW-MULTI-COLLAPSE/cael-dgx/version-status.txt	R-CW-MULTI-COLLAPSE/source-evidence/1cc8f4e3d617ef6f173283ef83d7b739a4995734/R-CW-MULTI-COLLAPSE/cael-dgx/version-status.txt	f76352a1ba76785f161baa798a86cfa585e9557d3e848266e0b2f1ed9fb49abd	f76352a1ba76785f161baa798a86cfa585e9557d3e848266e0b2f1ed9fb49abd	byte-identical
frozen-warm-basis-corpus	25051f3b77409c45f5ce71c3b3b05aae85b0f8f9	R-CW-MULTI/EVIDENCE.md	R-CW-MULTI/EVIDENCE.md	3aaf40223707426819f14814bab96d2dd8faf3036d0882dc1152be0bca9b5145	b0f8872b8aa41df15b120bebfa8777ba731b86e9c70a961650a9449070005865	target-rebound
frozen-warm-basis-corpus	25051f3b77409c45f5ce71c3b3b05aae85b0f8f9	R-CW-MULTI/catalog/static-a-20260825T100442Z-r-cw-multi-f2ab9803-candidate-run-result.json	R-CW-MULTI/catalog/static-a-20260825T100442Z-r-cw-multi-f2ab9803-candidate-run-result.json	0ff9584216f85020daa8d6d55bca72c370d26f49e4ea49c2054d8ea4f2970d6a	540a13a82573da4cbd9a4bf789c9e80af6aa41d76d95ade61875f272dffebd4f	target-rebound
frozen-warm-basis-corpus	25051f3b77409c45f5ce71c3b3b05aae85b0f8f9	R-CW-MULTI/catalog/static-a-20260825T100442Z-r-cw-multi-f2ab9803-evidence.jsonl	R-CW-MULTI/catalog/static-a-20260825T100442Z-r-cw-multi-f2ab9803-evidence.jsonl	5f95be5c8aac1ff525065af15932f008d8fdc45b8bb83b8f8bd16cf1a9afd0bb	3981279e7a1ac94d3a2ef10162dd89648bd4891f47e0a5ea4f3089d707d0e1d8	target-rebound
frozen-warm-basis-corpus	25051f3b77409c45f5ce71c3b3b05aae85b0f8f9	R-CW-MULTI/catalog/static-a-20260825T100442Z-r-cw-multi-f2ab9803-run-result.json	R-CW-MULTI/catalog/static-a-20260825T100442Z-r-cw-multi-f2ab9803-run-result.json	573da111501d5ca03aa76c5e0cc00e6f8c0d610f895a8592649d84336830dedf	0dfea9f3943d018acbd019028a0e9d12f2d2776bc6b82952f88ab857bd119d2f	target-rebound
frozen-warm-basis-corpus	25051f3b77409c45f5ce71c3b3b05aae85b0f8f9	R-CW-MULTI/catalog/static-a-20260825T100442Z-r-cw-multi-f2ab9803-static-corpus-row-summary.json	R-CW-MULTI/catalog/static-a-20260825T100442Z-r-cw-multi-f2ab9803-static-corpus-row-summary.json	73303cd0f7ef968e66a0af7185c59f3b613f2f9eb59668d8136409bbe81b8082	eb7bd8d308e1110fd76622d2b61d6dbda4e147ad2fff01e5c3281011af06840b	target-rebound
frozen-warm-basis-corpus	25051f3b77409c45f5ce71c3b3b05aae85b0f8f9	R-CW-MULTI/source-evidence/1cc8f4e3d617ef6f173283ef83d7b739a4995734/R-CW-MULTI/cael-dgx/EVIDENCE.md	R-CW-MULTI/source-evidence/1cc8f4e3d617ef6f173283ef83d7b739a4995734/R-CW-MULTI/cael-dgx/EVIDENCE.md	6add5292e7aa6b722a1e6c640a6517f98f01b3f391c19a54b0cd6c16442e3beb	6add5292e7aa6b722a1e6c640a6517f98f01b3f391c19a54b0cd6c16442e3beb	byte-identical
frozen-warm-basis-corpus	25051f3b77409c45f5ce71c3b3b05aae85b0f8f9	R-CW-MULTI/source-evidence/1cc8f4e3d617ef6f173283ef83d7b739a4995734/R-CW-MULTI/cael-dgx/discord-wake-marker-receipt.json	R-CW-MULTI/source-evidence/1cc8f4e3d617ef6f173283ef83d7b739a4995734/R-CW-MULTI/cael-dgx/discord-wake-marker-receipt.json	4a455596a5a8b312aabc45f0734d2341c5be7693fc91a766212379138abac3b2	4a455596a5a8b312aabc45f0734d2341c5be7693fc91a766212379138abac3b2	byte-identical
frozen-warm-basis-corpus	25051f3b77409c45f5ce71c3b3b05aae85b0f8f9	R-CW-MULTI/source-evidence/1cc8f4e3d617ef6f173283ef83d7b739a4995734/R-CW-MULTI/cael-dgx/flow-runs-final.json	R-CW-MULTI/source-evidence/1cc8f4e3d617ef6f173283ef83d7b739a4995734/R-CW-MULTI/cael-dgx/flow-runs-final.json	9a41de3b40ce78623289058e650add26440df05c1e3527175b2fc889c02959cd	9a41de3b40ce78623289058e650add26440df05c1e3527175b2fc889c02959cd	byte-identical
frozen-warm-basis-corpus	25051f3b77409c45f5ce71c3b3b05aae85b0f8f9	R-CW-MULTI/source-evidence/1cc8f4e3d617ef6f173283ef83d7b739a4995734/R-CW-MULTI/cael-dgx/journal-continuation-lines.txt	R-CW-MULTI/source-evidence/1cc8f4e3d617ef6f173283ef83d7b739a4995734/R-CW-MULTI/cael-dgx/journal-continuation-lines.txt	b2d7f5341ad8d8951b98f8cb17fcc2f6c5b3d95a4a44efd491c57fe76a218c65	b2d7f5341ad8d8951b98f8cb17fcc2f6c5b3d95a4a44efd491c57fe76a218c65	byte-identical
frozen-warm-basis-corpus	25051f3b77409c45f5ce71c3b3b05aae85b0f8f9	R-CW-MULTI/source-evidence/1cc8f4e3d617ef6f173283ef83d7b739a4995734/R-CW-MULTI/cael-dgx/journal-marker-lines.txt	R-CW-MULTI/source-evidence/1cc8f4e3d617ef6f173283ef83d7b739a4995734/R-CW-MULTI/cael-dgx/journal-marker-lines.txt	e3b0c44298fc1c149afbf4c8996fb92427ae41e4649b934ca495991b7852b855	e3b0c44298fc1c149afbf4c8996fb92427ae41e4649b934ca495991b7852b855	byte-identical
frozen-warm-basis-corpus	25051f3b77409c45f5ce71c3b3b05aae85b0f8f9	R-CW-MULTI/source-evidence/1cc8f4e3d617ef6f173283ef83d7b739a4995734/R-CW-MULTI/cael-dgx/journal-window.txt	R-CW-MULTI/source-evidence/1cc8f4e3d617ef6f173283ef83d7b739a4995734/R-CW-MULTI/cael-dgx/journal-window.txt	1d56ccd1d67161824e13877ea06a08b5d993dda1b294b3bf0903c4096eb95701	1d56ccd1d67161824e13877ea06a08b5d993dda1b294b3bf0903c4096eb95701	byte-identical
frozen-warm-basis-corpus	25051f3b77409c45f5ce71c3b3b05aae85b0f8f9	R-CW-MULTI/source-evidence/1cc8f4e3d617ef6f173283ef83d7b739a4995734/R-CW-MULTI/cael-dgx/source-tool-receipts.jsonl	R-CW-MULTI/source-evidence/1cc8f4e3d617ef6f173283ef83d7b739a4995734/R-CW-MULTI/cael-dgx/source-tool-receipts.jsonl	31e086a736b40e36985cb7df078c776001fa438189f66359adfe191725eb7bd5	31e086a736b40e36985cb7df078c776001fa438189f66359adfe191725eb7bd5	byte-identical
frozen-warm-basis-corpus	25051f3b77409c45f5ce71c3b3b05aae85b0f8f9	R-CW-MULTI/source-evidence/1cc8f4e3d617ef6f173283ef83d7b739a4995734/R-CW-MULTI/cael-dgx/tempo/continue-work-traces.txt	R-CW-MULTI/source-evidence/1cc8f4e3d617ef6f173283ef83d7b739a4995734/R-CW-MULTI/cael-dgx/tempo/continue-work-traces.txt	d51fd42295efabcd72967d8a3c5977f17a94de556a144b2a5d02f8e4e2ca31bf	d51fd42295efabcd72967d8a3c5977f17a94de556a144b2a5d02f8e4e2ca31bf	byte-identical
frozen-warm-basis-corpus	25051f3b77409c45f5ce71c3b3b05aae85b0f8f9	R-CW-MULTI/source-evidence/1cc8f4e3d617ef6f173283ef83d7b739a4995734/R-CW-MULTI/cael-dgx/tempo/search_start_1783179920_end_1783180080_limit_100.json	R-CW-MULTI/source-evidence/1cc8f4e3d617ef6f173283ef83d7b739a4995734/R-CW-MULTI/cael-dgx/tempo/search_start_1783179920_end_1783180080_limit_100.json	4c43a11b052d33d1c74c69a5a3c112cc5a6bd81f19026eb939dcc123eac8fe92	4c43a11b052d33d1c74c69a5a3c112cc5a6bd81f19026eb939dcc123eac8fe92	byte-identical
frozen-warm-basis-corpus	25051f3b77409c45f5ce71c3b3b05aae85b0f8f9	R-CW-MULTI/source-evidence/1cc8f4e3d617ef6f173283ef83d7b739a4995734/R-CW-MULTI/cael-dgx/tempo/search_tags_host.name_3Dcael_start_1783179920_end_1783180080_limit_100.json	R-CW-MULTI/source-evidence/1cc8f4e3d617ef6f173283ef83d7b739a4995734/R-CW-MULTI/cael-dgx/tempo/search_tags_host.name_3Dcael_start_1783179920_end_1783180080_limit_100.json	2f8a2f608fb9d164ac4f50cddb0156e8af7be1ec1ef0763a76be9559e1d066c8	2f8a2f608fb9d164ac4f50cddb0156e8af7be1ec1ef0763a76be9559e1d066c8	byte-identical
frozen-warm-basis-corpus	25051f3b77409c45f5ce71c3b3b05aae85b0f8f9	R-CW-MULTI/source-evidence/1cc8f4e3d617ef6f173283ef83d7b739a4995734/R-CW-MULTI/cael-dgx/tempo/search_tags_service.name_3Dopenclaw_start_1783179920_end_1783180080_limit_100.json	R-CW-MULTI/source-evidence/1cc8f4e3d617ef6f173283ef83d7b739a4995734/R-CW-MULTI/cael-dgx/tempo/search_tags_service.name_3Dopenclaw_start_1783179920_end_1783180080_limit_100.json	3f74f0772e058d339f787081130d5afe19e34ad2b6aeca7caf0512af55baeaa7	3f74f0772e058d339f787081130d5afe19e34ad2b6aeca7caf0512af55baeaa7	byte-identical
frozen-warm-basis-corpus	25051f3b77409c45f5ce71c3b3b05aae85b0f8f9	R-CW-MULTI/source-evidence/1cc8f4e3d617ef6f173283ef83d7b739a4995734/R-CW-MULTI/cael-dgx/tempo/trace-958e0b039d3d1aa2da887f956f976c0.json	R-CW-MULTI/source-evidence/1cc8f4e3d617ef6f173283ef83d7b739a4995734/R-CW-MULTI/cael-dgx/tempo/trace-958e0b039d3d1aa2da887f956f976c0.json	6f39ef503b3ebdfe7766fc52180dc9ece5f8d05882485c430d23657f8aaa9698	6f39ef503b3ebdfe7766fc52180dc9ece5f8d05882485c430d23657f8aaa9698	byte-identical
frozen-warm-basis-corpus	25051f3b77409c45f5ce71c3b3b05aae85b0f8f9	R-CW-MULTI/source-evidence/1cc8f4e3d617ef6f173283ef83d7b739a4995734/R-CW-MULTI/cael-dgx/tempo/trace-summary.jsonl	R-CW-MULTI/source-evidence/1cc8f4e3d617ef6f173283ef83d7b739a4995734/R-CW-MULTI/cael-dgx/tempo/trace-summary.jsonl	40f049325b133efdec012f0f2ba2585a315443f6621260b0967a22fe02a41bbf	40f049325b133efdec012f0f2ba2585a315443f6621260b0967a22fe02a41bbf	byte-identical
frozen-warm-basis-corpus	25051f3b77409c45f5ce71c3b3b05aae85b0f8f9	R-CW-MULTI/source-evidence/1cc8f4e3d617ef6f173283ef83d7b739a4995734/R-CW-MULTI/cael-dgx/version.txt	R-CW-MULTI/source-evidence/1cc8f4e3d617ef6f173283ef83d7b739a4995734/R-CW-MULTI/cael-dgx/version.txt	9a45c28fdc9194d11861964c0d37569e9f8f423464e2095252e1e99e1a5ddf6a	9a45c28fdc9194d11861964c0d37569e9f8f423464e2095252e1e99e1a5ddf6a	byte-identical
frozen-warm-basis-corpus	25051f3b77409c45f5ce71c3b3b05aae85b0f8f9	R-CW-MULTI/source-evidence/1cc8f4e3d617ef6f173283ef83d7b739a4995734/R-CW-MULTI/cael-dgx/wake-and-folded-receipts.txt	R-CW-MULTI/source-evidence/1cc8f4e3d617ef6f173283ef83d7b739a4995734/R-CW-MULTI/cael-dgx/wake-and-folded-receipts.txt	9991fe408bb40d6383036e52ed117f25628140c2563b542e129e5aa53178eb70	9991fe408bb40d6383036e52ed117f25628140c2563b542e129e5aa53178eb70	byte-identical
frozen-warm-basis-corpus	25051f3b77409c45f5ce71c3b3b05aae85b0f8f9	R-CW-TOKEN/EVIDENCE.md	R-CW-TOKEN/EVIDENCE.md	03fbbd4c086aef3035600e9eca1c154b602431881c922db575a292907ac3a74e	161412981b7427d6af9847869ecc97fec6d13ce66ac0bdd99e06f5440342352e	target-rebound
frozen-warm-basis-corpus	25051f3b77409c45f5ce71c3b3b05aae85b0f8f9	R-CW-TOKEN/catalog/live-cw-b-20260825T101014Z-r-cw-token-d849a70d-candidate-run-result.json	R-CW-TOKEN/catalog/live-cw-b-20260825T101014Z-r-cw-token-d849a70d-candidate-run-result.json	6d28cb63d7914c8b1567e1d4cd61e7c6a52af123072c0ed8603f8561e097e9e4	fd9d4f7c1e697ab15e4736ad345913065ade5dd40d1d75ec381b38537f883a91	target-rebound
frozen-warm-basis-corpus	25051f3b77409c45f5ce71c3b3b05aae85b0f8f9	R-CW-TOKEN/catalog/live-cw-b-20260825T101014Z-r-cw-token-d849a70d-evidence.jsonl	R-CW-TOKEN/catalog/live-cw-b-20260825T101014Z-r-cw-token-d849a70d-evidence.jsonl	ce6a6b233b8fb458f10489b3e83d1a36cab7f8500eec089d0dcace6a9659c727	a59f01a5b2d5e9b6f7e393d1d21569c6a45900b0af943725d1af47701d81a2c0	target-rebound
frozen-warm-basis-corpus	25051f3b77409c45f5ce71c3b3b05aae85b0f8f9	R-CW-TOKEN/catalog/live-cw-b-20260825T101014Z-r-cw-token-d849a70d-r-cw-token-bracket-summary.json	R-CW-TOKEN/catalog/live-cw-b-20260825T101014Z-r-cw-token-d849a70d-r-cw-token-bracket-summary.json	aa9d3803bb7306c156c0f02480a735530ccccf83326ff16c51689167c1d90e03	933dbeaf7e7a1dc9ced8f6fb2c98182e8bcb3191e651a8038cd5374b9d173977	target-rebound
frozen-warm-basis-corpus	25051f3b77409c45f5ce71c3b3b05aae85b0f8f9	R-CW-TOKEN/catalog/live-cw-b-20260825T101014Z-r-cw-token-d849a70d-run-result.json	R-CW-TOKEN/catalog/live-cw-b-20260825T101014Z-r-cw-token-d849a70d-run-result.json	d3364d6891a527066eb62752c267f54bcae918397dc24233d2be9d8f975410ff	fe6fd9af63a83a302339c108ce70fb7dcf79b21fc318407469c16c7290a05784	target-rebound
frozen-warm-basis-corpus	25051f3b77409c45f5ce71c3b3b05aae85b0f8f9	R-OBS-1/EVIDENCE.md	R-OBS-1/EVIDENCE.md	337ed27e7a2214b21395d2aae1c6dd486cdd9390866cdb275c2a71be24c4b08e	4b9a0be370ce853680a80d7384a8884d39c72e52ec6d3d9aff4bac40f410241e	target-rebound
frozen-warm-basis-corpus	25051f3b77409c45f5ce71c3b3b05aae85b0f8f9	R-OBS-1/catalog/live-config-c-20260825T101713Z-r-obs-1-1510b1d4-candidate-run-result.json	R-OBS-1/catalog/live-config-c-20260825T101713Z-r-obs-1-1510b1d4-candidate-run-result.json	95097d21dee09905f32e9ba996f04a92082e61326e9223b2265528088361d226	120caeef652cf804405ab42ae11d2c4c9b653287746d4b5a211462eebb338a07	target-rebound
frozen-warm-basis-corpus	25051f3b77409c45f5ce71c3b3b05aae85b0f8f9	R-OBS-1/catalog/live-config-c-20260825T101713Z-r-obs-1-1510b1d4-evidence.jsonl	R-OBS-1/catalog/live-config-c-20260825T101713Z-r-obs-1-1510b1d4-evidence.jsonl	3c4d6e9e4da4266ff3e11f6e86efaa0ddef03b600b0611d2aa4cfba416e34bc2	d4e0d32ffca9146be63818770322d6b7c4695e250ccfef4d5b3fa31a9e6b1ab3	target-rebound
frozen-warm-basis-corpus	25051f3b77409c45f5ce71c3b3b05aae85b0f8f9	R-OBS-1/catalog/live-config-c-20260825T101713Z-r-obs-1-1510b1d4-r-obs-1-summary.json	R-OBS-1/catalog/live-config-c-20260825T101713Z-r-obs-1-1510b1d4-r-obs-1-summary.json	b04991f171152e457856a081bccb303c275233b9d43405376ea7a103dc276354	d2030d1d3eb6ef995be68f08ad258912e7355ba955c31a5c596a51a2aa52b0aa	target-rebound
frozen-warm-basis-corpus	25051f3b77409c45f5ce71c3b3b05aae85b0f8f9	R-OBS-1/catalog/live-config-c-20260825T101713Z-r-obs-1-1510b1d4-run-result.json	R-OBS-1/catalog/live-config-c-20260825T101713Z-r-obs-1-1510b1d4-run-result.json	a8b2fb22bbc122192c37980f62562fd99101d0527fe7dd525667014de34440e6	e3e7f246fb4d6599a56e18d3063829137c47c00b7a1771e1cbf5acf4cb00eb15	target-rebound
frozen-warm-basis-corpus	25051f3b77409c45f5ce71c3b3b05aae85b0f8f9	R-OBS-2/EVIDENCE.md	R-OBS-2/EVIDENCE.md	cc757475c8edc60b8186eaf90fd5d54252bde53274249555cc9f2957d7418228	31712a9c7b9d245dcb52df9133b76e431453e0c150b5bd446ce7f4f691ad360c	target-rebound
frozen-warm-basis-corpus	25051f3b77409c45f5ce71c3b3b05aae85b0f8f9	R-OBS-2/catalog/live-cw-b-20260825T101040Z-r-obs-2-d849a70d-candidate-run-result.json	R-OBS-2/catalog/live-cw-b-20260825T101040Z-r-obs-2-d849a70d-candidate-run-result.json	be6dac363b8ec0d4249826ec6eaebe622bc9a22200c43f155d7fef99f76906bc	3bf861d7e5c3fc83ffc2e2686e590c6d7aa0f4048cbff4339124bc0936d8f301	target-rebound
frozen-warm-basis-corpus	25051f3b77409c45f5ce71c3b3b05aae85b0f8f9	R-OBS-2/catalog/live-cw-b-20260825T101040Z-r-obs-2-d849a70d-evidence.jsonl	R-OBS-2/catalog/live-cw-b-20260825T101040Z-r-obs-2-d849a70d-evidence.jsonl	de7e2e1db89c8cb9a9d6888d16b302b9ecabf4c4ea70f1dfa12598cdc8c33114	515a00eb70c870081d6c3f5f07f57d4ba24b9761c9fdd984ea6fb0839c87081e	target-rebound
frozen-warm-basis-corpus	25051f3b77409c45f5ce71c3b3b05aae85b0f8f9	R-OBS-2/catalog/live-cw-b-20260825T101040Z-r-obs-2-d849a70d-r-obs-2-summary.json	R-OBS-2/catalog/live-cw-b-20260825T101040Z-r-obs-2-d849a70d-r-obs-2-summary.json	1b507cb388dcc7cc879db209c8145287670283a5635fae27e37bb786bea236db	1bfb93a96a8e0e194ac5b2397525950c305a2834db592c3ca1b0ae4e4dd90d83	target-rebound
frozen-warm-basis-corpus	25051f3b77409c45f5ce71c3b3b05aae85b0f8f9	R-OBS-2/catalog/live-cw-b-20260825T101040Z-r-obs-2-d849a70d-run-result.json	R-OBS-2/catalog/live-cw-b-20260825T101040Z-r-obs-2-d849a70d-run-result.json	9f131628b8361cbbfbb4bf5f4e3b46055a61cf9266ba02bb291c03f0798e9b7b	5de411f9da61704bd1fcd19b5a9a83bc84529d94a8de15e04799dafec6d6e76f	target-rebound
frozen-warm-basis-corpus	25051f3b77409c45f5ce71c3b3b05aae85b0f8f9	R-OBS-2/source-evidence/1cc8f4e3d617ef6f173283ef83d7b739a4995734/R-OBS-2/cael-dgx/EVIDENCE.md	R-OBS-2/source-evidence/1cc8f4e3d617ef6f173283ef83d7b739a4995734/R-OBS-2/cael-dgx/EVIDENCE.md	a1eee9d5d0b4e27e3851db7849346ac6bdc323c2b3fb6728b9acafc830114927	a1eee9d5d0b4e27e3851db7849346ac6bdc323c2b3fb6728b9acafc830114927	byte-identical
frozen-warm-basis-corpus	25051f3b77409c45f5ce71c3b3b05aae85b0f8f9	R-OBS-2/source-evidence/1cc8f4e3d617ef6f173283ef83d7b739a4995734/R-OBS-2/cael-dgx/comment-4883587663.json	R-OBS-2/source-evidence/1cc8f4e3d617ef6f173283ef83d7b739a4995734/R-OBS-2/cael-dgx/comment-4883587663.json	4ea6ef8aab69e32a7a3f71f1983972484dce5f97bdb7706595b45d3605d63c44	4ea6ef8aab69e32a7a3f71f1983972484dce5f97bdb7706595b45d3605d63c44	byte-identical
frozen-warm-basis-corpus	25051f3b77409c45f5ce71c3b3b05aae85b0f8f9	R-OBS-2/source-evidence/1cc8f4e3d617ef6f173283ef83d7b739a4995734/R-OBS-2/cael-dgx/docs-issue-233.json	R-OBS-2/source-evidence/1cc8f4e3d617ef6f173283ef83d7b739a4995734/R-OBS-2/cael-dgx/docs-issue-233.json	6783be725e978ab3f0ae86bc1384e1c332f066f3c90f96ce5020fcaee9d30bd0	6783be725e978ab3f0ae86bc1384e1c332f066f3c90f96ce5020fcaee9d30bd0	byte-identical
frozen-warm-basis-corpus	25051f3b77409c45f5ce71c3b3b05aae85b0f8f9	R-OBS-2/source-evidence/1cc8f4e3d617ef6f173283ef83d7b739a4995734/R-OBS-2/cael-dgx/generated/generate-trace-tree.mjs	R-OBS-2/source-evidence/1cc8f4e3d617ef6f173283ef83d7b739a4995734/R-OBS-2/cael-dgx/generated/generate-trace-tree.mjs	6f261f4b2d08d6d919e5d267e23214c7f9890239cbbea57f9c97bb1b6e20325a	6f261f4b2d08d6d919e5d267e23214c7f9890239cbbea57f9c97bb1b6e20325a	byte-identical
frozen-warm-basis-corpus	25051f3b77409c45f5ce71c3b3b05aae85b0f8f9	R-OBS-2/source-evidence/1cc8f4e3d617ef6f173283ef83d7b739a4995734/R-OBS-2/cael-dgx/runtime-version.txt	R-OBS-2/source-evidence/1cc8f4e3d617ef6f173283ef83d7b739a4995734/R-OBS-2/cael-dgx/runtime-version.txt	9a45c28fdc9194d11861964c0d37569e9f8f423464e2095252e1e99e1a5ddf6a	9a45c28fdc9194d11861964c0d37569e9f8f423464e2095252e1e99e1a5ddf6a	byte-identical
frozen-warm-basis-corpus	25051f3b77409c45f5ce71c3b3b05aae85b0f8f9	R-OBS-2/source-evidence/1cc8f4e3d617ef6f173283ef83d7b739a4995734/R-OBS-2/cael-dgx/span-counts.json	R-OBS-2/source-evidence/1cc8f4e3d617ef6f173283ef83d7b739a4995734/R-OBS-2/cael-dgx/span-counts.json	ca6128fc319892db862a0e290be97110b5340aa331ea3553cd2aa8f8d85e82ab	ca6128fc319892db862a0e290be97110b5340aa331ea3553cd2aa8f8d85e82ab	byte-identical
frozen-warm-basis-corpus	25051f3b77409c45f5ce71c3b3b05aae85b0f8f9	R-OBS-2/source-evidence/1cc8f4e3d617ef6f173283ef83d7b739a4995734/R-OBS-2/cael-dgx/span-tree.txt	R-OBS-2/source-evidence/1cc8f4e3d617ef6f173283ef83d7b739a4995734/R-OBS-2/cael-dgx/span-tree.txt	499d505a3aab1242c1611c3f39ed2d549447b64a8fbbf7207a93e289a267de6d	499d505a3aab1242c1611c3f39ed2d549447b64a8fbbf7207a93e289a267de6d	byte-identical
frozen-warm-basis-corpus	25051f3b77409c45f5ce71c3b3b05aae85b0f8f9	R-OBS-2/source-evidence/1cc8f4e3d617ef6f173283ef83d7b739a4995734/R-OBS-2/cael-dgx/trace-tree.json	R-OBS-2/source-evidence/1cc8f4e3d617ef6f173283ef83d7b739a4995734/R-OBS-2/cael-dgx/trace-tree.json	f595c13c5c98fb48b8ead943a8021b1b831666c79b9de22ef4c8ed8a48e993e6	f595c13c5c98fb48b8ead943a8021b1b831666c79b9de22ef4c8ed8a48e993e6	byte-identical
frozen-warm-basis-corpus	25051f3b77409c45f5ce71c3b3b05aae85b0f8f9	R-OBS-2/source-evidence/1cc8f4e3d617ef6f173283ef83d7b739a4995734/R-OBS-2/cael-dgx/trace/source-trace-0cf17ea0b7eab7a5e998f6a581e7b5bf.json	R-OBS-2/source-evidence/1cc8f4e3d617ef6f173283ef83d7b739a4995734/R-OBS-2/cael-dgx/trace/source-trace-0cf17ea0b7eab7a5e998f6a581e7b5bf.json	a7ea5819e3decd1dd8a7df2edf6902f89d3abc00614f2e138c174590db523320	a7ea5819e3decd1dd8a7df2edf6902f89d3abc00614f2e138c174590db523320	byte-identical
frozen-warm-basis-corpus	25051f3b77409c45f5ce71c3b3b05aae85b0f8f9	R-OBS-BACKEND-DISPOSITION/EVIDENCE.md	R-OBS-BACKEND-DISPOSITION/EVIDENCE.md	e43ca9f3d4710daa9284b31228d50ac32d55c4c8881d9065c26ccf0daaf5d674	1028a0b7f6f427f93d85241b652f170ab4cb31a3fe89d79c17559b4eb47d7bcb	target-rebound
frozen-warm-basis-corpus	25051f3b77409c45f5ce71c3b3b05aae85b0f8f9	R-OBS-CONT-PROVENANCE/EVIDENCE.md	R-OBS-CONT-PROVENANCE/EVIDENCE.md	985a998b2f2b4fdbebe2b8002901a652ae6145d50604247a91fe9923ed3c660b	c2b9648c7cd0bb257c61ef7fd58739ff41b3e00c56e32cf3c5435b8ff90c2f9a	target-rebound
frozen-warm-basis-corpus	25051f3b77409c45f5ce71c3b3b05aae85b0f8f9	R-OBS-PROOF-MARKER/EVIDENCE.md	R-OBS-PROOF-MARKER/EVIDENCE.md	0fb6700664fb8ae08b93e1c3f7bd98fcf29ea73e4f8f80634e09e89b4c57e1d4	78843ae2733c7fc9d8af420b884d53cfb8bd171dd9356d87d10150edf67aecfc	target-rebound
frozen-warm-basis-corpus	25051f3b77409c45f5ce71c3b3b05aae85b0f8f9	R-OBS-STATUS/EVIDENCE.md	R-OBS-STATUS/EVIDENCE.md	f215a252984e89667372102675b14bb97acdf400774f4bba16d686745a6fc370	c1bf5657e36eb18e70ca43c62b1ad51dc9eeee20a72654a1a7ca9d5be41a2b31	target-rebound
frozen-warm-basis-corpus	25051f3b77409c45f5ce71c3b3b05aae85b0f8f9	R-OBS-STATUS/catalog/live-cw-b-20260825T101034Z-r-obs-status-d849a70d-candidate-run-result.json	R-OBS-STATUS/catalog/live-cw-b-20260825T101034Z-r-obs-status-d849a70d-candidate-run-result.json	115e2f30ff9a490738ecc653f3d586d034a6d2d8768124e0c0b2282cdc890a1b	07a9eddab563740aece9ce7c30c5f7ec86b0164c3736bf1b8b522b2e5333b57e	target-rebound
frozen-warm-basis-corpus	25051f3b77409c45f5ce71c3b3b05aae85b0f8f9	R-OBS-STATUS/catalog/live-cw-b-20260825T101034Z-r-obs-status-d849a70d-evidence.jsonl	R-OBS-STATUS/catalog/live-cw-b-20260825T101034Z-r-obs-status-d849a70d-evidence.jsonl	38351cfbe6c54a551f4c5613d059ed0590419d0ec9d1019e497e582db6c827c5	e241b7b07666db9e0e705119c6257da85ad08155ef6bf03f8c5c66240a6776e0	target-rebound
frozen-warm-basis-corpus	25051f3b77409c45f5ce71c3b3b05aae85b0f8f9	R-OBS-STATUS/catalog/live-cw-b-20260825T101034Z-r-obs-status-d849a70d-r-obs-status-summary.json	R-OBS-STATUS/catalog/live-cw-b-20260825T101034Z-r-obs-status-d849a70d-r-obs-status-summary.json	456d0cbbea2494162947daeec14c203a13a8ca11b2ac855cb521b74fcad76988	4666d0927e30f94b0372a5b0ca814427b0a0b7380e71dfb2b4c57a0e703901eb	target-rebound
frozen-warm-basis-corpus	25051f3b77409c45f5ce71c3b3b05aae85b0f8f9	R-OBS-STATUS/catalog/live-cw-b-20260825T101034Z-r-obs-status-d849a70d-run-result.json	R-OBS-STATUS/catalog/live-cw-b-20260825T101034Z-r-obs-status-d849a70d-run-result.json	1b2248243f6bbd40ab4068f8b68e37c0ebf35bbd93f59c98c2d483e3509e6c99	e6a9520c1e30bba3e144e4b1caa83e6f64e7d6b302853f806a83b8ca8a891a85	target-rebound
frozen-warm-basis-corpus	25051f3b77409c45f5ce71c3b3b05aae85b0f8f9	R-OBS-TERMINAL-OUTCOME/EVIDENCE.md	R-OBS-TERMINAL-OUTCOME/EVIDENCE.md	b4acb63fe0f4b68699d9cf026f661378ded8c93a82f0d5082bbbd845bd5a7de6	6a061cc817304a619b79c93fe42d32fc4b031271088d6ddb32ca17d7f692155c	target-rebound
frozen-warm-basis-corpus	25051f3b77409c45f5ce71c3b3b05aae85b0f8f9	R-RC-1/EVIDENCE.md	R-RC-1/EVIDENCE.md	5cf9f1e07516e4665805fd3cc9f0fa72bd645c301e4a4171db1fd13c5b567495	7ea39fb3736db034ef3fe63feb4d150f6193c7740b6e1df961885116211e1ac9	target-rebound
frozen-warm-basis-corpus	25051f3b77409c45f5ce71c3b3b05aae85b0f8f9	R-RC-1/catalog/live-config-c-20260825T101733Z-r-rc-1-1510b1d4-candidate-run-result.json	R-RC-1/catalog/live-config-c-20260825T101733Z-r-rc-1-1510b1d4-candidate-run-result.json	be73c09156d8aec430ca55890d1c59748e0573c77b7c3a5c24bb71135280fe81	53e4c474f4104b9e9bc06ed65ba1d003e94193db1c4cf2e360db9562bc963ccf	target-rebound
frozen-warm-basis-corpus	25051f3b77409c45f5ce71c3b3b05aae85b0f8f9	R-RC-1/catalog/live-config-c-20260825T101733Z-r-rc-1-1510b1d4-evidence.jsonl	R-RC-1/catalog/live-config-c-20260825T101733Z-r-rc-1-1510b1d4-evidence.jsonl	40bd732a7edc2d8268d51080c4ff710c200acf3ede91144b24ef66309e78c5a2	bdd2e52ca7085b94bc233ee00a24a6f2cfc62232ee3226ec2929e42d150e59da	target-rebound
frozen-warm-basis-corpus	25051f3b77409c45f5ce71c3b3b05aae85b0f8f9	R-RC-1/catalog/live-config-c-20260825T101733Z-r-rc-1-1510b1d4-r-rc-1-summary.json	R-RC-1/catalog/live-config-c-20260825T101733Z-r-rc-1-1510b1d4-r-rc-1-summary.json	2b5a437473d3c9477428bb55f169478ef628b658d45c31ae08a0ab9d95159882	94ab935a40d389d0535c604142ef2206e6ef3104367f9d285d4b350fa784ae42	target-rebound
frozen-warm-basis-corpus	25051f3b77409c45f5ce71c3b3b05aae85b0f8f9	R-RC-1/catalog/live-config-c-20260825T101733Z-r-rc-1-1510b1d4-run-result.json	R-RC-1/catalog/live-config-c-20260825T101733Z-r-rc-1-1510b1d4-run-result.json	a1840241f726eb989c5517ed44a8553c2c2db83e8ed4dca451e9f4001b633676	7664f8706c723f765b8350710eeb88f7f4e4338968f7b98e53cd3397fb330651	target-rebound
frozen-warm-basis-corpus	25051f3b77409c45f5ce71c3b3b05aae85b0f8f9	R-RC-2/EVIDENCE.md	R-RC-2/EVIDENCE.md	23ac61b9c61b4ce3c00f9b2c5fd8f63f864493aeb36ffc52a7c5e4f2eae49c30	5cb808a3618c2e454791c8efe0c081f0618c6e781dfd103ed9ea17e48f6218ba	target-rebound
frozen-warm-basis-corpus	25051f3b77409c45f5ce71c3b3b05aae85b0f8f9	R-RC-2/catalog/live-rc2-isolated-20260825T103519Z-r-rc-2-489d7712-evidence.jsonl	R-RC-2/catalog/live-rc2-isolated-20260825T103519Z-r-rc-2-489d7712-evidence.jsonl	8675d95f0d2f67322d29b0c4fcc15a504cfaedc7f10975e80ee4be1b5f1677da	2208d0b642f185995820bbad4c48c7ffc77d9b6dcaa2e1a59afbc40d46063756	target-rebound
frozen-warm-basis-corpus	25051f3b77409c45f5ce71c3b3b05aae85b0f8f9	R-RC-2/catalog/live-rc2-isolated-20260825T103519Z-r-rc-2-489d7712-r-rc-2-summary.json	R-RC-2/catalog/live-rc2-isolated-20260825T103519Z-r-rc-2-489d7712-r-rc-2-summary.json	c0f0b56d1c669ff24ffeb60f1e8bbad55d8f7013df307d511149ac606d0ebc13	19933ab9b9d095b4afbceb2dfcdf56c5ccea107bc7a9992642e1bc175ad2536c	target-rebound
frozen-warm-basis-corpus	25051f3b77409c45f5ce71c3b3b05aae85b0f8f9	R-RC-2/catalog/live-rc2-isolated-20260825T103519Z-r-rc-2-489d7712-run-result.json	R-RC-2/catalog/live-rc2-isolated-20260825T103519Z-r-rc-2-489d7712-run-result.json	5f319d3f07a1364433db526c5adde7c4ac471c3866616be54026d7943df36513	d99db7b21f2f53b1c857001ff4c6888183a64a2c97e3cbe13f31de72d140f8a7	target-rebound
frozen-warm-basis-corpus	25051f3b77409c45f5ce71c3b3b05aae85b0f8f9	R-REGRESSION-TRAP-TESTS/EVIDENCE.md	R-REGRESSION-TRAP-TESTS/EVIDENCE.md	34457cb58225a2f5dc6dcf5170795d8659dffe7e6581f2bdfe105e4c7431a128	592cfc24a7a696a7cdda2f36fc928af83898b4d77653fc71f920df15a8b1ac50	target-rebound
frozen-warm-basis-corpus	25051f3b77409c45f5ce71c3b3b05aae85b0f8f9	R-REGRESSION-TRAP-TESTS/catalog/live-cw-b-20260825T101053Z-r-regression-trap-tests-d849a70d-candidate-run-result.json	R-REGRESSION-TRAP-TESTS/catalog/live-cw-b-20260825T101053Z-r-regression-trap-tests-d849a70d-candidate-run-result.json	ef3ee4442f6825f365e648624565daa0448c44b578785f48f3556ae8ca900c60	cfa6ac1e048713b8bf4596ace8365e5e72311f13c72342b8f58f60955b3cdd26	target-rebound
frozen-warm-basis-corpus	25051f3b77409c45f5ce71c3b3b05aae85b0f8f9	R-REGRESSION-TRAP-TESTS/catalog/live-cw-b-20260825T101053Z-r-regression-trap-tests-d849a70d-evidence.jsonl	R-REGRESSION-TRAP-TESTS/catalog/live-cw-b-20260825T101053Z-r-regression-trap-tests-d849a70d-evidence.jsonl	96f7d372e43a9c9e37ec895f78c377ec64a1d3adca3cf5e1002e5c43eb14e400	094a96be478c54f6ad11817d707ee119f1a2b87f61b204835aed8e0b51c8c61f	target-rebound
frozen-warm-basis-corpus	25051f3b77409c45f5ce71c3b3b05aae85b0f8f9	R-REGRESSION-TRAP-TESTS/catalog/live-cw-b-20260825T101053Z-r-regression-trap-tests-d849a70d-r-regression-trap-tests-summary.json	R-REGRESSION-TRAP-TESTS/catalog/live-cw-b-20260825T101053Z-r-regression-trap-tests-d849a70d-r-regression-trap-tests-summary.json	52082113494d7baf71b017ed5b76b40a9b345f7d3801849aa82e27f1d2407074	7c19adc25871e4ad3e75b00f8861fe04f301e6b0f77b43d9f1d45e956d751c6e	target-rebound
frozen-warm-basis-corpus	25051f3b77409c45f5ce71c3b3b05aae85b0f8f9	R-REGRESSION-TRAP-TESTS/catalog/live-cw-b-20260825T101053Z-r-regression-trap-tests-d849a70d-run-result.json	R-REGRESSION-TRAP-TESTS/catalog/live-cw-b-20260825T101053Z-r-regression-trap-tests-d849a70d-run-result.json	48a97c63ef2fdc5cf359a0b3a580ab36c97032f19dbc6bad2d24a16f80f716a0	5dd4b08e8506b07b482fa37beae9df23de0cf3b7d8b84ecea5d5cd99ad319f9e	target-rebound
frozen-warm-basis-corpus	25051f3b77409c45f5ce71c3b3b05aae85b0f8f9	R-REGRESSION-TRAP-TESTS/source-evidence/1cc8f4e3d617ef6f173283ef83d7b739a4995734/R-REGRESSION-TRAP-TESTS/cael-dgx/EVIDENCE.md	R-REGRESSION-TRAP-TESTS/source-evidence/1cc8f4e3d617ef6f173283ef83d7b739a4995734/R-REGRESSION-TRAP-TESTS/cael-dgx/EVIDENCE.md	7f3ccd37523df3ddcea9b72bf9176271a88b15d03d539cd64e1d8e5f77285b75	7f3ccd37523df3ddcea9b72bf9176271a88b15d03d539cd64e1d8e5f77285b75	byte-identical
frozen-warm-basis-corpus	25051f3b77409c45f5ce71c3b3b05aae85b0f8f9	R-REGRESSION-TRAP-TESTS/source-evidence/1cc8f4e3d617ef6f173283ef83d7b739a4995734/R-REGRESSION-TRAP-TESTS/cael-dgx/regression-trap.log	R-REGRESSION-TRAP-TESTS/source-evidence/1cc8f4e3d617ef6f173283ef83d7b739a4995734/R-REGRESSION-TRAP-TESTS/cael-dgx/regression-trap.log	e86ec0b1108d839f6501745e269ece6cfddc9a9f42860eaeaaf7836bb73a612e	e86ec0b1108d839f6501745e269ece6cfddc9a9f42860eaeaaf7836bb73a612e	byte-identical
frozen-warm-basis-corpus	25051f3b77409c45f5ce71c3b3b05aae85b0f8f9	R-REGRESSION-TRAP-TESTS/source-evidence/1cc8f4e3d617ef6f173283ef83d7b739a4995734/R-REGRESSION-TRAP-TESTS/cael-dgx/runtime-version.txt	R-REGRESSION-TRAP-TESTS/source-evidence/1cc8f4e3d617ef6f173283ef83d7b739a4995734/R-REGRESSION-TRAP-TESTS/cael-dgx/runtime-version.txt	9a45c28fdc9194d11861964c0d37569e9f8f423464e2095252e1e99e1a5ddf6a	9a45c28fdc9194d11861964c0d37569e9f8f423464e2095252e1e99e1a5ddf6a	byte-identical
frozen-warm-basis-corpus	25051f3b77409c45f5ce71c3b3b05aae85b0f8f9	R-REGRESSION-TRAP-TESTS/source-evidence/1cc8f4e3d617ef6f173283ef83d7b739a4995734/R-REGRESSION-TRAP-TESTS/cael-dgx/source-git-status.txt	R-REGRESSION-TRAP-TESTS/source-evidence/1cc8f4e3d617ef6f173283ef83d7b739a4995734/R-REGRESSION-TRAP-TESTS/cael-dgx/source-git-status.txt	b594e191a55dca06dc1285b0ed709436bb300180acc84b32771c8b803afb0c22	b594e191a55dca06dc1285b0ed709436bb300180acc84b32771c8b803afb0c22	byte-identical
frozen-warm-basis-corpus	25051f3b77409c45f5ce71c3b3b05aae85b0f8f9	R-REGRESSION-TRAP-TESTS/source-evidence/1cc8f4e3d617ef6f173283ef83d7b739a4995734/R-REGRESSION-TRAP-TESTS/cael-dgx/test-inventory.txt	R-REGRESSION-TRAP-TESTS/source-evidence/1cc8f4e3d617ef6f173283ef83d7b739a4995734/R-REGRESSION-TRAP-TESTS/cael-dgx/test-inventory.txt	dd14bb8ed3870c5c9a60ef7b645fcfb8a210f1c1f2d89460a9476ef48d7b46f3	dd14bb8ed3870c5c9a60ef7b645fcfb8a210f1c1f2d89460a9476ef48d7b46f3	byte-identical
frozen-warm-basis-corpus	25051f3b77409c45f5ce71c3b3b05aae85b0f8f9	R-TRACE-REDACTION-1121/EVIDENCE.md	R-TRACE-REDACTION-1121/EVIDENCE.md	6366dba54b6adeb5acfb8b8cc846cc94288334262783290778b166763fd7515f	a5ae5c75bd406ea3b05c9673832db1aa8c1096a5906545e96801627c0bc34efd	target-rebound
frozen-warm-basis-corpus	25051f3b77409c45f5ce71c3b3b05aae85b0f8f9	R-TRACE-REDACTION-1121/catalog/live-cw-b-20260825T101047Z-r-trace-redaction-1121-d849a70d-candidate-run-result.json	R-TRACE-REDACTION-1121/catalog/live-cw-b-20260825T101047Z-r-trace-redaction-1121-d849a70d-candidate-run-result.json	03250ab97ebf07c2ba6b381bf48d3ab74374f297a42a832a7faafdf903ed8624	0d109379ccedd21b625ec4c736441df3526fe5fbcb9fba7e77bfd8b21677c44a	target-rebound
frozen-warm-basis-corpus	25051f3b77409c45f5ce71c3b3b05aae85b0f8f9	R-TRACE-REDACTION-1121/catalog/live-cw-b-20260825T101047Z-r-trace-redaction-1121-d849a70d-evidence.jsonl	R-TRACE-REDACTION-1121/catalog/live-cw-b-20260825T101047Z-r-trace-redaction-1121-d849a70d-evidence.jsonl	cd454cba83b4270fd48e053badbd91551312f6f4c8b0e05b85cb6d3aad9aa688	164caeaafd8d5bad30c5d835c473baaa295dc5bea1618411c91cfc2f1e03c536	target-rebound
frozen-warm-basis-corpus	25051f3b77409c45f5ce71c3b3b05aae85b0f8f9	R-TRACE-REDACTION-1121/catalog/live-cw-b-20260825T101047Z-r-trace-redaction-1121-d849a70d-r-trace-redaction-1121-summary.json	R-TRACE-REDACTION-1121/catalog/live-cw-b-20260825T101047Z-r-trace-redaction-1121-d849a70d-r-trace-redaction-1121-summary.json	51b2da946f0609060d64c77dadde08739f3135b2315a655cfd7596b18b22afa0	c6650977fd23e67dd234e956ebd85a44e48fefc820f9c4b2ee80ea1539934b17	target-rebound
frozen-warm-basis-corpus	25051f3b77409c45f5ce71c3b3b05aae85b0f8f9	R-TRACE-REDACTION-1121/catalog/live-cw-b-20260825T101047Z-r-trace-redaction-1121-d849a70d-run-result.json	R-TRACE-REDACTION-1121/catalog/live-cw-b-20260825T101047Z-r-trace-redaction-1121-d849a70d-run-result.json	e49ffb4d18fb3fa60f478b0360159654a075342cf7962af354971eb95632e010	d5c947cfac5ffb9360038e3e1003750a9505a9fff4ee4961238b2abd404e2037	target-rebound
frozen-warm-basis-corpus	25051f3b77409c45f5ce71c3b3b05aae85b0f8f9	R-TRACE-REDACTION-1121/source-evidence/1cc8f4e3d617ef6f173283ef83d7b739a4995734/R-TRACE-REDACTION-1121/EVIDENCE.md	R-TRACE-REDACTION-1121/source-evidence/1cc8f4e3d617ef6f173283ef83d7b739a4995734/R-TRACE-REDACTION-1121/EVIDENCE.md	8779f5a383c2db94922e634f9adf65456cc6113006a60ce33017ec3bee4c8cd9	8779f5a383c2db94922e634f9adf65456cc6113006a60ce33017ec3bee4c8cd9	byte-identical
frozen-warm-basis-corpus	25051f3b77409c45f5ce71c3b3b05aae85b0f8f9	README.md	README.md	e1a51cc36c02c6d094fdf0ba92f5d84c3e01d0282a76dec2ae06a5acdf508f45	278659616f851d54619e7668dbd77bda0b90da134da4e7e96799f28488b7336c	target-rebound
frozen-warm-basis-corpus	25051f3b77409c45f5ce71c3b3b05aae85b0f8f9	RESOLVED-SHA.md	RESOLVED-SHA.md	fdb70e52467c578371a0fa5b5ef682b370411240d7d4702b145f20811c361b8b	7351a136e2f7a94851f3446018465484c7fe8421bee5bc2c4172bb1d1181728b	target-rebound
frozen-warm-basis-corpus	25051f3b77409c45f5ce71c3b3b05aae85b0f8f9	TRANSPOSED-FROM.md	TRANSPOSED-FROM.md	b95464e14455cedd8f017a414e3b817035b46f722b9e275c0ca8e1c927ef4973	60012d35187d6827adea1976b973b212151aa07c87c39faa89826c2e20c0b3a7	target-rebound
frozen-warm-basis-corpus	25051f3b77409c45f5ce71c3b3b05aae85b0f8f9	artifacts/gates/C713-HEARTBEAT-REVIEW.md	artifacts/gates/C713-HEARTBEAT-REVIEW.md	034cd562dce47c389e762b9ebfb172515443507032fc0db08bcbbfa7b9d8a786	034cd562dce47c389e762b9ebfb172515443507032fc0db08bcbbfa7b9d8a786	byte-identical
frozen-warm-basis-corpus	25051f3b77409c45f5ce71c3b3b05aae85b0f8f9	artifacts/gates/GATES-2ffc.md	artifacts/gates/GATES-2ffc.md	66473cd3392f8423c050dbdfbb6e75192e635e60be69fc5a44cca07c3ae8e373	66473cd3392f8423c050dbdfbb6e75192e635e60be69fc5a44cca07c3ae8e373	byte-identical
frozen-warm-basis-corpus	25051f3b77409c45f5ce71c3b3b05aae85b0f8f9	artifacts/gates/HEARTBEAT-MERGE-REVIEW.md	artifacts/gates/HEARTBEAT-MERGE-REVIEW.md	fafea9127d52e47ff11e8454aa2bab89fdd3c18c93699e76d7db0606d06cf9dc	fafea9127d52e47ff11e8454aa2bab89fdd3c18c93699e76d7db0606d06cf9dc	byte-identical
frozen-warm-basis-corpus	25051f3b77409c45f5ce71c3b3b05aae85b0f8f9	artifacts/gates/MODE-B-C713.md	artifacts/gates/MODE-B-C713.md	24a7f1bda7e1190a886e7fb9e8ba13aa81e84e7b689bbc93d111af2ceea5dccc	24a7f1bda7e1190a886e7fb9e8ba13aa81e84e7b689bbc93d111af2ceea5dccc	byte-identical
frozen-warm-basis-corpus	25051f3b77409c45f5ce71c3b3b05aae85b0f8f9	artifacts/gates/MODE-B.md	artifacts/gates/MODE-B.md	38c51f900dc1caf06d690e4ce226f1bad5e4cc401c6e4c54e57c69d53179f056	38c51f900dc1caf06d690e4ce226f1bad5e4cc401c6e4c54e57c69d53179f056	byte-identical
frozen-warm-basis-corpus	25051f3b77409c45f5ce71c3b3b05aae85b0f8f9	artifacts/gates/NAMED-REF-CONTRACT.md	artifacts/gates/NAMED-REF-CONTRACT.md	f0825ba82cd329e81b56f06284045c79fee95a133da9bef3e08c5999418ce01a	f28f480749a060df38ac957babba2076effd83fa272a2735dba5bef20755c0a6	target-rebound
frozen-warm-basis-corpus	25051f3b77409c45f5ce71c3b3b05aae85b0f8f9	artifacts/gates/NORMAL-CLONE.md	artifacts/gates/NORMAL-CLONE.md	8d67290eec45677168cffadd54e3efebcb65a55e940bd95da5cfc6455f95f34d	8d67290eec45677168cffadd54e3efebcb65a55e940bd95da5cfc6455f95f34d	byte-identical
frozen-warm-basis-corpus	25051f3b77409c45f5ce71c3b3b05aae85b0f8f9	artifacts/gates/SHA256SUMS	artifacts/gates/SHA256SUMS	658634b2c577f0a9419eeaece3ded4682df953511ce853b9d8ac264eca05f70a	b1317f45ac111777c6ce456acaf91754872f5b9a401e8c1f96052deaa274028a	target-rebound
frozen-warm-basis-corpus	25051f3b77409c45f5ce71c3b3b05aae85b0f8f9	artifacts/gates/WARM-QUALIFICATION.md	artifacts/gates/WARM-QUALIFICATION.md	7dd7bdc9eaf92441995e4ee9202584ca351c19b811d8280f1c268d8796f41fd6	7dd7bdc9eaf92441995e4ee9202584ca351c19b811d8280f1c268d8796f41fd6	byte-identical
frozen-warm-basis-corpus	25051f3b77409c45f5ce71c3b3b05aae85b0f8f9	artifacts/gates/gate-2-feature-cores.log	artifacts/gates/gate-2-feature-cores.log	898e3fb15518fb9d4ef317b9874c2574951168f8806337a8ebf76d63143950e4	898e3fb15518fb9d4ef317b9874c2574951168f8806337a8ebf76d63143950e4	byte-identical
frozen-warm-basis-corpus	25051f3b77409c45f5ce71c3b3b05aae85b0f8f9	artifacts/gates/gate-2.5-overlap-tests.log	artifacts/gates/gate-2.5-overlap-tests.log	3a3982bd2327c4ff19fbcd73a1bc50917fe5ca5b3010fdba9193d7f9c33c9400	3a3982bd2327c4ff19fbcd73a1bc50917fe5ca5b3010fdba9193d7f9c33c9400	byte-identical
frozen-warm-basis-corpus	25051f3b77409c45f5ce71c3b3b05aae85b0f8f9	artifacts/gates/gate-2.7-classification.tsv	artifacts/gates/gate-2.7-classification.tsv	fec79601fe5271b9a6cff8be238a360aba6f8bba759d0223366345dc4e644bf4	fec79601fe5271b9a6cff8be238a360aba6f8bba759d0223366345dc4e644bf4	byte-identical
frozen-warm-basis-corpus	25051f3b77409c45f5ce71c3b3b05aae85b0f8f9	artifacts/gates/mode-b-c713/BLOB-IDENTITY.tsv	artifacts/gates/mode-b-c713/BLOB-IDENTITY.tsv	c127648d2105e4e82af2f4405f63ed7abef21abd3391868523676b578782cf2f	c127648d2105e4e82af2f4405f63ed7abef21abd3391868523676b578782cf2f	byte-identical
frozen-warm-basis-corpus	25051f3b77409c45f5ce71c3b3b05aae85b0f8f9	artifacts/gates/mode-b-c713/README.md	artifacts/gates/mode-b-c713/README.md	f5b157acf8caf78581846636dde0c2422ec3119746a72d9494770a03eba80681	f5b157acf8caf78581846636dde0c2422ec3119746a72d9494770a03eba80681	byte-identical
frozen-warm-basis-corpus	25051f3b77409c45f5ce71c3b3b05aae85b0f8f9	artifacts/gates/mode-b-c713/aggregate/aggregate-summary.json	artifacts/gates/mode-b-c713/aggregate/aggregate-summary.json	cebacce6da32854ca8da5a8e761ea19f53b9c0361e416897d2cf659d1b48cffe	cebacce6da32854ca8da5a8e761ea19f53b9c0361e416897d2cf659d1b48cffe	byte-identical
frozen-warm-basis-corpus	25051f3b77409c45f5ce71c3b3b05aae85b0f8f9	artifacts/gates/mode-b-c713/aggregate/aggregate-summary.md	artifacts/gates/mode-b-c713/aggregate/aggregate-summary.md	6af0af59d42ece293dc00282ef634db0d252020b2c7a14e597eba2e54923f8ac	6af0af59d42ece293dc00282ef634db0d252020b2c7a14e597eba2e54923f8ac	byte-identical
frozen-warm-basis-corpus	25051f3b77409c45f5ce71c3b3b05aae85b0f8f9	artifacts/gates/mode-b-c713/aggregate/job-timings.json	artifacts/gates/mode-b-c713/aggregate/job-timings.json	507479dabfc861ebec2ee5d1b5772bfa9eb23e0d51e834532d6e85b2e7ee3ce3	507479dabfc861ebec2ee5d1b5772bfa9eb23e0d51e834532d6e85b2e7ee3ce3	byte-identical
frozen-warm-basis-corpus	25051f3b77409c45f5ce71c3b3b05aae85b0f8f9	artifacts/gates/mode-b-c713/aggregate/routing-receipts.json	artifacts/gates/mode-b-c713/aggregate/routing-receipts.json	6a8638bcfc41f50f529b1e6ed7ecd7a28bf8b7ebc78ca20481b4977d30e0fbbd	6a8638bcfc41f50f529b1e6ed7ecd7a28bf8b7ebc78ca20481b4977d30e0fbbd	byte-identical
frozen-warm-basis-corpus	25051f3b77409c45f5ce71c3b3b05aae85b0f8f9	artifacts/gates/mode-b-c713/artifacts/openclaw-local-ci-batch-dist-batch-068-c7131791a6d3/dist-core-runtime-tui-pty/confirm-determinism-flakes.txt	artifacts/gates/mode-b-c713/artifacts/openclaw-local-ci-batch-dist-batch-068-c7131791a6d3/dist-core-runtime-tui-pty/confirm-determinism-flakes.txt	1d363c0b915ccfff07e0fbe6c528b07c90d0371a4992e52401a58fc8c083d95f	1d363c0b915ccfff07e0fbe6c528b07c90d0371a4992e52401a58fc8c083d95f	byte-identical
frozen-warm-basis-corpus	25051f3b77409c45f5ce71c3b3b05aae85b0f8f9	artifacts/gates/mode-b-c713/artifacts/openclaw-local-ci-batch-dist-batch-068-c7131791a6d3/dist-core-runtime-tui-pty/gate-test-shard-core-runtime-tui-pty.log	artifacts/gates/mode-b-c713/artifacts/openclaw-local-ci-batch-dist-batch-068-c7131791a6d3/dist-core-runtime-tui-pty/gate-test-shard-core-runtime-tui-pty.log	06a9193c2ebb6f2e57e4bb9794d2437f0ed66851cf6376504ce4852e0f655686	06a9193c2ebb6f2e57e4bb9794d2437f0ed66851cf6376504ce4852e0f655686	byte-identical
frozen-warm-basis-corpus	25051f3b77409c45f5ce71c3b3b05aae85b0f8f9	artifacts/gates/mode-b-c713/artifacts/openclaw-local-ci-batch-dist-batch-068-c7131791a6d3/dist-core-runtime-tui-pty/gates.tsv	artifacts/gates/mode-b-c713/artifacts/openclaw-local-ci-batch-dist-batch-068-c7131791a6d3/dist-core-runtime-tui-pty/gates.tsv	5f7164b2711bce7418163b80a8526a075d1771209a9a77c6124a354d82eaa67d	5f7164b2711bce7418163b80a8526a075d1771209a9a77c6124a354d82eaa67d	byte-identical
frozen-warm-basis-corpus	25051f3b77409c45f5ce71c3b3b05aae85b0f8f9	artifacts/gates/mode-b-c713/artifacts/openclaw-local-ci-batch-dist-batch-068-c7131791a6d3/dist-core-runtime-tui-pty/rc.txt	artifacts/gates/mode-b-c713/artifacts/openclaw-local-ci-batch-dist-batch-068-c7131791a6d3/dist-core-runtime-tui-pty/rc.txt	4355a46b19d348dc2f57c046f8ef63d4538ebb936000f3c9ee954a27460dd865	4355a46b19d348dc2f57c046f8ef63d4538ebb936000f3c9ee954a27460dd865	byte-identical
frozen-warm-basis-corpus	25051f3b77409c45f5ce71c3b3b05aae85b0f8f9	artifacts/gates/mode-b-c713/artifacts/openclaw-local-ci-batch-dist-batch-068-c7131791a6d3/dist-core-runtime-tui-pty/resource-usage.txt	artifacts/gates/mode-b-c713/artifacts/openclaw-local-ci-batch-dist-batch-068-c7131791a6d3/dist-core-runtime-tui-pty/resource-usage.txt	68a3b7d7311bb3bf6382c8da5f1bf57085955f9039b82f3fd14b01abc7745f07	68a3b7d7311bb3bf6382c8da5f1bf57085955f9039b82f3fd14b01abc7745f07	byte-identical
frozen-warm-basis-corpus	25051f3b77409c45f5ce71c3b3b05aae85b0f8f9	artifacts/gates/mode-b-c713/artifacts/openclaw-local-ci-batch-dist-batch-068-c7131791a6d3/dist-core-runtime-tui-pty/result.json	artifacts/gates/mode-b-c713/artifacts/openclaw-local-ci-batch-dist-batch-068-c7131791a6d3/dist-core-runtime-tui-pty/result.json	cadd80c618b26fa50c6a94f4f5bf10e7309c62d91ca5d40ccbb0f3513aec7ce5	cadd80c618b26fa50c6a94f4f5bf10e7309c62d91ca5d40ccbb0f3513aec7ce5	byte-identical
frozen-warm-basis-corpus	25051f3b77409c45f5ce71c3b3b05aae85b0f8f9	artifacts/gates/mode-b-c713/artifacts/openclaw-local-ci-batch-dist-batch-068-c7131791a6d3/dist-core-runtime-tui-pty/summary.json	artifacts/gates/mode-b-c713/artifacts/openclaw-local-ci-batch-dist-batch-068-c7131791a6d3/dist-core-runtime-tui-pty/summary.json	1475930e088855876e28b7f5577d7ca83e4a700bef423db8a8436e1c41376d22	1475930e088855876e28b7f5577d7ca83e4a700bef423db8a8436e1c41376d22	byte-identical
frozen-warm-basis-corpus	25051f3b77409c45f5ce71c3b3b05aae85b0f8f9	artifacts/gates/mode-b-c713/artifacts/openclaw-local-ci-batch-dist-batch-068-c7131791a6d3/dist-core-runtime-tui-pty/summary.md	artifacts/gates/mode-b-c713/artifacts/openclaw-local-ci-batch-dist-batch-068-c7131791a6d3/dist-core-runtime-tui-pty/summary.md	a653d6a34ae8ed54c5aa4fef5196ba9d8eac58ae42e40dabf9de1f1513bcd69f	a653d6a34ae8ed54c5aa4fef5196ba9d8eac58ae42e40dabf9de1f1513bcd69f	byte-identical
frozen-warm-basis-corpus	25051f3b77409c45f5ce71c3b3b05aae85b0f8f9	artifacts/gates/mode-b-c713/artifacts/openclaw-local-ci-batch-hosted-batch-035-c7131791a6d3/node-agentic-commands-doctor/gate-test-shard-agentic-commands-doctor.log	artifacts/gates/mode-b-c713/artifacts/openclaw-local-ci-batch-hosted-batch-035-c7131791a6d3/node-agentic-commands-doctor/gate-test-shard-agentic-commands-doctor.log	5ca0cea8ae1ecb4a7d73feb38ff8dc9d75667e2efacd0f16efa1e7e100c84b5d	5ca0cea8ae1ecb4a7d73feb38ff8dc9d75667e2efacd0f16efa1e7e100c84b5d	byte-identical
frozen-warm-basis-corpus	25051f3b77409c45f5ce71c3b3b05aae85b0f8f9	artifacts/gates/mode-b-c713/artifacts/openclaw-local-ci-batch-hosted-batch-035-c7131791a6d3/node-agentic-commands-doctor/gates.tsv	artifacts/gates/mode-b-c713/artifacts/openclaw-local-ci-batch-hosted-batch-035-c7131791a6d3/node-agentic-commands-doctor/gates.tsv	6895444e3f55bcfcdb067ed17826eb1da04a54e407b3966c9997e96affdadb55	6895444e3f55bcfcdb067ed17826eb1da04a54e407b3966c9997e96affdadb55	byte-identical
frozen-warm-basis-corpus	25051f3b77409c45f5ce71c3b3b05aae85b0f8f9	artifacts/gates/mode-b-c713/artifacts/openclaw-local-ci-batch-hosted-batch-035-c7131791a6d3/node-agentic-commands-doctor/rc.txt	artifacts/gates/mode-b-c713/artifacts/openclaw-local-ci-batch-hosted-batch-035-c7131791a6d3/node-agentic-commands-doctor/rc.txt	4355a46b19d348dc2f57c046f8ef63d4538ebb936000f3c9ee954a27460dd865	4355a46b19d348dc2f57c046f8ef63d4538ebb936000f3c9ee954a27460dd865	byte-identical
frozen-warm-basis-corpus	25051f3b77409c45f5ce71c3b3b05aae85b0f8f9	artifacts/gates/mode-b-c713/artifacts/openclaw-local-ci-batch-hosted-batch-035-c7131791a6d3/node-agentic-commands-doctor/resource-usage.txt	artifacts/gates/mode-b-c713/artifacts/openclaw-local-ci-batch-hosted-batch-035-c7131791a6d3/node-agentic-commands-doctor/resource-usage.txt	d8b8558cb31b71718dbe97532fa1c8d142866fff35d6f48701628c74a47bae9e	d8b8558cb31b71718dbe97532fa1c8d142866fff35d6f48701628c74a47bae9e	byte-identical
frozen-warm-basis-corpus	25051f3b77409c45f5ce71c3b3b05aae85b0f8f9	artifacts/gates/mode-b-c713/artifacts/openclaw-local-ci-batch-hosted-batch-035-c7131791a6d3/node-agentic-commands-doctor/result.json	artifacts/gates/mode-b-c713/artifacts/openclaw-local-ci-batch-hosted-batch-035-c7131791a6d3/node-agentic-commands-doctor/result.json	f2cd586d9b40942bdc2a5db8f47560f721fabfecc1cbab803d763196ee745241	f2cd586d9b40942bdc2a5db8f47560f721fabfecc1cbab803d763196ee745241	byte-identical
frozen-warm-basis-corpus	25051f3b77409c45f5ce71c3b3b05aae85b0f8f9	artifacts/gates/mode-b-c713/artifacts/openclaw-local-ci-batch-hosted-batch-035-c7131791a6d3/node-agentic-commands-doctor/summary.json	artifacts/gates/mode-b-c713/artifacts/openclaw-local-ci-batch-hosted-batch-035-c7131791a6d3/node-agentic-commands-doctor/summary.json	3032405f18d421f46ed09cfab08cfcbe7f96ff565c70efb66b82458e1b022d0e	3032405f18d421f46ed09cfab08cfcbe7f96ff565c70efb66b82458e1b022d0e	byte-identical
frozen-warm-basis-corpus	25051f3b77409c45f5ce71c3b3b05aae85b0f8f9	artifacts/gates/mode-b-c713/artifacts/openclaw-local-ci-batch-hosted-batch-035-c7131791a6d3/node-agentic-commands-doctor/summary.md	artifacts/gates/mode-b-c713/artifacts/openclaw-local-ci-batch-hosted-batch-035-c7131791a6d3/node-agentic-commands-doctor/summary.md	9f230890d97460354a03de0b5bccbfaef2590370f05b023b49ea412f1bf89e20	9f230890d97460354a03de0b5bccbfaef2590370f05b023b49ea412f1bf89e20	byte-identical
frozen-warm-basis-corpus	25051f3b77409c45f5ce71c3b3b05aae85b0f8f9	artifacts/gates/mode-b-c713/artifacts/openclaw-local-ci-batch-local-batch-066-c7131791a6d3/node-agentic-cli/gate-test-shard-agentic-cli.log	artifacts/gates/mode-b-c713/artifacts/openclaw-local-ci-batch-local-batch-066-c7131791a6d3/node-agentic-cli/gate-test-shard-agentic-cli.log	2b8de940f069ca466ccc322c6150c0f11afa00dff803054b0a34f8afb14bc9c7	2b8de940f069ca466ccc322c6150c0f11afa00dff803054b0a34f8afb14bc9c7	byte-identical
frozen-warm-basis-corpus	25051f3b77409c45f5ce71c3b3b05aae85b0f8f9	artifacts/gates/mode-b-c713/artifacts/openclaw-local-ci-batch-local-batch-066-c7131791a6d3/node-agentic-cli/gates.tsv	artifacts/gates/mode-b-c713/artifacts/openclaw-local-ci-batch-local-batch-066-c7131791a6d3/node-agentic-cli/gates.tsv	51824d6987cf79d84d1bae2851331f02aa95292c716f8802c69f1ebca81b8d93	51824d6987cf79d84d1bae2851331f02aa95292c716f8802c69f1ebca81b8d93	byte-identical
frozen-warm-basis-corpus	25051f3b77409c45f5ce71c3b3b05aae85b0f8f9	artifacts/gates/mode-b-c713/artifacts/openclaw-local-ci-batch-local-batch-066-c7131791a6d3/node-agentic-cli/rc.txt	artifacts/gates/mode-b-c713/artifacts/openclaw-local-ci-batch-local-batch-066-c7131791a6d3/node-agentic-cli/rc.txt	4355a46b19d348dc2f57c046f8ef63d4538ebb936000f3c9ee954a27460dd865	4355a46b19d348dc2f57c046f8ef63d4538ebb936000f3c9ee954a27460dd865	byte-identical
frozen-warm-basis-corpus	25051f3b77409c45f5ce71c3b3b05aae85b0f8f9	artifacts/gates/mode-b-c713/artifacts/openclaw-local-ci-batch-local-batch-066-c7131791a6d3/node-agentic-cli/resource-usage.txt	artifacts/gates/mode-b-c713/artifacts/openclaw-local-ci-batch-local-batch-066-c7131791a6d3/node-agentic-cli/resource-usage.txt	d3758129eb632ecd05a5107a155812e46c60729502023a6b75c3857440945db4	d3758129eb632ecd05a5107a155812e46c60729502023a6b75c3857440945db4	byte-identical
frozen-warm-basis-corpus	25051f3b77409c45f5ce71c3b3b05aae85b0f8f9	artifacts/gates/mode-b-c713/artifacts/openclaw-local-ci-batch-local-batch-066-c7131791a6d3/node-agentic-cli/result.json	artifacts/gates/mode-b-c713/artifacts/openclaw-local-ci-batch-local-batch-066-c7131791a6d3/node-agentic-cli/result.json	e836284b0c84a9fe7a261f93bd5f67b9eb2944d7892f024485e600b875a78958	e836284b0c84a9fe7a261f93bd5f67b9eb2944d7892f024485e600b875a78958	byte-identical
frozen-warm-basis-corpus	25051f3b77409c45f5ce71c3b3b05aae85b0f8f9	artifacts/gates/mode-b-c713/artifacts/openclaw-local-ci-batch-local-batch-066-c7131791a6d3/node-agentic-cli/summary.json	artifacts/gates/mode-b-c713/artifacts/openclaw-local-ci-batch-local-batch-066-c7131791a6d3/node-agentic-cli/summary.json	d6255b8ab515f930b685b43d3a61e7c94b9b272ab517eafc4b57d6f309ebd93f	d6255b8ab515f930b685b43d3a61e7c94b9b272ab517eafc4b57d6f309ebd93f	byte-identical
frozen-warm-basis-corpus	25051f3b77409c45f5ce71c3b3b05aae85b0f8f9	artifacts/gates/mode-b-c713/artifacts/openclaw-local-ci-batch-local-batch-066-c7131791a6d3/node-agentic-cli/summary.md	artifacts/gates/mode-b-c713/artifacts/openclaw-local-ci-batch-local-batch-066-c7131791a6d3/node-agentic-cli/summary.md	55a09b86d3a7a927998fb1161755b1d9de4a12830dc502cd2e74bc47298b06d5	55a09b86d3a7a927998fb1161755b1d9de4a12830dc502cd2e74bc47298b06d5	byte-identical
frozen-warm-basis-corpus	25051f3b77409c45f5ce71c3b3b05aae85b0f8f9	artifacts/gates/mode-b-summary.json	artifacts/gates/mode-b-summary.json	116175a68824e6df38beb9e235b2ac270ad89a8c7653053a6e9a9cecc3305c4e	116175a68824e6df38beb9e235b2ac270ad89a8c7653053a6e9a9cecc3305c4e	byte-identical
frozen-warm-basis-corpus	25051f3b77409c45f5ce71c3b3b05aae85b0f8f9	artifacts/gates/mode-b/DIRECT-CONTROLS.md	artifacts/gates/mode-b/DIRECT-CONTROLS.md	bd93f7c0a4ca95ccbbedd3723d09785d21557978045c13cf7a61cec3e60d30d2	bd93f7c0a4ca95ccbbedd3723d09785d21557978045c13cf7a61cec3e60d30d2	byte-identical
frozen-warm-basis-corpus	25051f3b77409c45f5ce71c3b3b05aae85b0f8f9	artifacts/gates/mode-b/README.md	artifacts/gates/mode-b/README.md	58c91d8dcaa416074c8d182e62081d5dc1bb58802e7e90c398b265bfe9dde50f	58c91d8dcaa416074c8d182e62081d5dc1bb58802e7e90c398b265bfe9dde50f	byte-identical
frozen-warm-basis-corpus	25051f3b77409c45f5ce71c3b3b05aae85b0f8f9	artifacts/gates/mode-b/aggregate/aggregate-summary.json	artifacts/gates/mode-b/aggregate/aggregate-summary.json	116175a68824e6df38beb9e235b2ac270ad89a8c7653053a6e9a9cecc3305c4e	116175a68824e6df38beb9e235b2ac270ad89a8c7653053a6e9a9cecc3305c4e	byte-identical
frozen-warm-basis-corpus	25051f3b77409c45f5ce71c3b3b05aae85b0f8f9	artifacts/gates/mode-b/aggregate/aggregate-summary.md	artifacts/gates/mode-b/aggregate/aggregate-summary.md	61438fc199d612e246eb138d89f237918dc63ab21a90934f6a65f159c195a2e2	61438fc199d612e246eb138d89f237918dc63ab21a90934f6a65f159c195a2e2	byte-identical
frozen-warm-basis-corpus	25051f3b77409c45f5ce71c3b3b05aae85b0f8f9	artifacts/gates/mode-b/aggregate/job-timings.json	artifacts/gates/mode-b/aggregate/job-timings.json	504266164f676f01627aa0ce24e65a243bca092d476f50fc79c1b8377caefdfe	504266164f676f01627aa0ce24e65a243bca092d476f50fc79c1b8377caefdfe	byte-identical
frozen-warm-basis-corpus	25051f3b77409c45f5ce71c3b3b05aae85b0f8f9	artifacts/gates/mode-b/aggregate/routing-receipts.json	artifacts/gates/mode-b/aggregate/routing-receipts.json	ffb2f8ea9f96dada203d0ab80d1ba1c0f3781b04a9b9c8076a88c9a098af7b25	ffb2f8ea9f96dada203d0ab80d1ba1c0f3781b04a9b9c8076a88c9a098af7b25	byte-identical
frozen-warm-basis-corpus	25051f3b77409c45f5ce71c3b3b05aae85b0f8f9	artifacts/gates/mode-b/artifacts/openclaw-local-ci-batch-dist-batch-068-2ffc7ca0615f/dist-core-runtime-tui-pty/confirm-determinism-flakes.txt	artifacts/gates/mode-b/artifacts/openclaw-local-ci-batch-dist-batch-068-2ffc7ca0615f/dist-core-runtime-tui-pty/confirm-determinism-flakes.txt	1d363c0b915ccfff07e0fbe6c528b07c90d0371a4992e52401a58fc8c083d95f	1d363c0b915ccfff07e0fbe6c528b07c90d0371a4992e52401a58fc8c083d95f	byte-identical
frozen-warm-basis-corpus	25051f3b77409c45f5ce71c3b3b05aae85b0f8f9	artifacts/gates/mode-b/artifacts/openclaw-local-ci-batch-dist-batch-068-2ffc7ca0615f/dist-core-runtime-tui-pty/gate-test-shard-core-runtime-tui-pty.log	artifacts/gates/mode-b/artifacts/openclaw-local-ci-batch-dist-batch-068-2ffc7ca0615f/dist-core-runtime-tui-pty/gate-test-shard-core-runtime-tui-pty.log	efeea00fbff11d04ed5f0dca3e556136139a575772f95821280f60f4cdbe57f3	efeea00fbff11d04ed5f0dca3e556136139a575772f95821280f60f4cdbe57f3	byte-identical
frozen-warm-basis-corpus	25051f3b77409c45f5ce71c3b3b05aae85b0f8f9	artifacts/gates/mode-b/artifacts/openclaw-local-ci-batch-dist-batch-068-2ffc7ca0615f/dist-core-runtime-tui-pty/gates.tsv	artifacts/gates/mode-b/artifacts/openclaw-local-ci-batch-dist-batch-068-2ffc7ca0615f/dist-core-runtime-tui-pty/gates.tsv	2a0473942f714777dfcb799a3bd3c5515e11a5979a75b8760f30b3a5bf792399	2a0473942f714777dfcb799a3bd3c5515e11a5979a75b8760f30b3a5bf792399	byte-identical
frozen-warm-basis-corpus	25051f3b77409c45f5ce71c3b3b05aae85b0f8f9	artifacts/gates/mode-b/artifacts/openclaw-local-ci-batch-dist-batch-068-2ffc7ca0615f/dist-core-runtime-tui-pty/rc.txt	artifacts/gates/mode-b/artifacts/openclaw-local-ci-batch-dist-batch-068-2ffc7ca0615f/dist-core-runtime-tui-pty/rc.txt	4355a46b19d348dc2f57c046f8ef63d4538ebb936000f3c9ee954a27460dd865	4355a46b19d348dc2f57c046f8ef63d4538ebb936000f3c9ee954a27460dd865	byte-identical
frozen-warm-basis-corpus	25051f3b77409c45f5ce71c3b3b05aae85b0f8f9	artifacts/gates/mode-b/artifacts/openclaw-local-ci-batch-dist-batch-068-2ffc7ca0615f/dist-core-runtime-tui-pty/resource-usage.txt	artifacts/gates/mode-b/artifacts/openclaw-local-ci-batch-dist-batch-068-2ffc7ca0615f/dist-core-runtime-tui-pty/resource-usage.txt	2b06d2c78dc515e98dedde96fcca0c2afc0c6faec079fd133286879ad25f7cc2	2b06d2c78dc515e98dedde96fcca0c2afc0c6faec079fd133286879ad25f7cc2	byte-identical
frozen-warm-basis-corpus	25051f3b77409c45f5ce71c3b3b05aae85b0f8f9	artifacts/gates/mode-b/artifacts/openclaw-local-ci-batch-dist-batch-068-2ffc7ca0615f/dist-core-runtime-tui-pty/result.json	artifacts/gates/mode-b/artifacts/openclaw-local-ci-batch-dist-batch-068-2ffc7ca0615f/dist-core-runtime-tui-pty/result.json	3b9c96f67a8a7c5e247a1e2145a238f68442eb09d3043df818319e9d3d5fafca	3b9c96f67a8a7c5e247a1e2145a238f68442eb09d3043df818319e9d3d5fafca	byte-identical
frozen-warm-basis-corpus	25051f3b77409c45f5ce71c3b3b05aae85b0f8f9	artifacts/gates/mode-b/artifacts/openclaw-local-ci-batch-dist-batch-068-2ffc7ca0615f/dist-core-runtime-tui-pty/summary.json	artifacts/gates/mode-b/artifacts/openclaw-local-ci-batch-dist-batch-068-2ffc7ca0615f/dist-core-runtime-tui-pty/summary.json	29c0a07dc5568b62c4ffdbf3b39e7690182017739f1727d4d529c7f7c60f9636	29c0a07dc5568b62c4ffdbf3b39e7690182017739f1727d4d529c7f7c60f9636	byte-identical
frozen-warm-basis-corpus	25051f3b77409c45f5ce71c3b3b05aae85b0f8f9	artifacts/gates/mode-b/artifacts/openclaw-local-ci-batch-dist-batch-068-2ffc7ca0615f/dist-core-runtime-tui-pty/summary.md	artifacts/gates/mode-b/artifacts/openclaw-local-ci-batch-dist-batch-068-2ffc7ca0615f/dist-core-runtime-tui-pty/summary.md	f09bc9d0f2f07c55200339dc1c87fe8616c1389169d74dfc5407e941c3fac99c	f09bc9d0f2f07c55200339dc1c87fe8616c1389169d74dfc5407e941c3fac99c	byte-identical
frozen-warm-basis-corpus	25051f3b77409c45f5ce71c3b3b05aae85b0f8f9	artifacts/gates/mode-b/artifacts/openclaw-local-ci-batch-hosted-batch-001-2ffc7ca0615f/node-core-unit-fast-isolated/gate-test-shard-core-unit-fast-isolated.log	artifacts/gates/mode-b/artifacts/openclaw-local-ci-batch-hosted-batch-001-2ffc7ca0615f/node-core-unit-fast-isolated/gate-test-shard-core-unit-fast-isolated.log	e4762ad5511b1ba7a8a4bf45431c3d75f48a3f616a5392d090b72f9f962e1439	e4762ad5511b1ba7a8a4bf45431c3d75f48a3f616a5392d090b72f9f962e1439	byte-identical
frozen-warm-basis-corpus	25051f3b77409c45f5ce71c3b3b05aae85b0f8f9	artifacts/gates/mode-b/artifacts/openclaw-local-ci-batch-hosted-batch-001-2ffc7ca0615f/node-core-unit-fast-isolated/gates.tsv	artifacts/gates/mode-b/artifacts/openclaw-local-ci-batch-hosted-batch-001-2ffc7ca0615f/node-core-unit-fast-isolated/gates.tsv	3e627e47274589f12dfc4ce2f9ccfe642f87edc4329b9d58cd1a35f21b5f3bcf	3e627e47274589f12dfc4ce2f9ccfe642f87edc4329b9d58cd1a35f21b5f3bcf	byte-identical
frozen-warm-basis-corpus	25051f3b77409c45f5ce71c3b3b05aae85b0f8f9	artifacts/gates/mode-b/artifacts/openclaw-local-ci-batch-hosted-batch-001-2ffc7ca0615f/node-core-unit-fast-isolated/rc.txt	artifacts/gates/mode-b/artifacts/openclaw-local-ci-batch-hosted-batch-001-2ffc7ca0615f/node-core-unit-fast-isolated/rc.txt	4355a46b19d348dc2f57c046f8ef63d4538ebb936000f3c9ee954a27460dd865	4355a46b19d348dc2f57c046f8ef63d4538ebb936000f3c9ee954a27460dd865	byte-identical
frozen-warm-basis-corpus	25051f3b77409c45f5ce71c3b3b05aae85b0f8f9	artifacts/gates/mode-b/artifacts/openclaw-local-ci-batch-hosted-batch-001-2ffc7ca0615f/node-core-unit-fast-isolated/resource-usage.txt	artifacts/gates/mode-b/artifacts/openclaw-local-ci-batch-hosted-batch-001-2ffc7ca0615f/node-core-unit-fast-isolated/resource-usage.txt	70fb6f49160a57b4844df5e2447aa7e54d6b9c9d3ff2ed02edf0f9a8c9931373	70fb6f49160a57b4844df5e2447aa7e54d6b9c9d3ff2ed02edf0f9a8c9931373	byte-identical
frozen-warm-basis-corpus	25051f3b77409c45f5ce71c3b3b05aae85b0f8f9	artifacts/gates/mode-b/artifacts/openclaw-local-ci-batch-hosted-batch-001-2ffc7ca0615f/node-core-unit-fast-isolated/result.json	artifacts/gates/mode-b/artifacts/openclaw-local-ci-batch-hosted-batch-001-2ffc7ca0615f/node-core-unit-fast-isolated/result.json	3c85682dd61333f276668e179d0de2860fb42b4e4abbff911839d21f9bd30eeb	3c85682dd61333f276668e179d0de2860fb42b4e4abbff911839d21f9bd30eeb	byte-identical
frozen-warm-basis-corpus	25051f3b77409c45f5ce71c3b3b05aae85b0f8f9	artifacts/gates/mode-b/artifacts/openclaw-local-ci-batch-hosted-batch-001-2ffc7ca0615f/node-core-unit-fast-isolated/summary.json	artifacts/gates/mode-b/artifacts/openclaw-local-ci-batch-hosted-batch-001-2ffc7ca0615f/node-core-unit-fast-isolated/summary.json	e73ec8e1118b8ee98912fd8208f8f39bc9f0180971f84a8a3f35393920080fc0	e73ec8e1118b8ee98912fd8208f8f39bc9f0180971f84a8a3f35393920080fc0	byte-identical
frozen-warm-basis-corpus	25051f3b77409c45f5ce71c3b3b05aae85b0f8f9	artifacts/gates/mode-b/artifacts/openclaw-local-ci-batch-hosted-batch-001-2ffc7ca0615f/node-core-unit-fast-isolated/summary.md	artifacts/gates/mode-b/artifacts/openclaw-local-ci-batch-hosted-batch-001-2ffc7ca0615f/node-core-unit-fast-isolated/summary.md	06ec96c1135702618204ca58fee825f1e5b76f20e2d7738322670e19ff252fa7	06ec96c1135702618204ca58fee825f1e5b76f20e2d7738322670e19ff252fa7	byte-identical
frozen-warm-basis-corpus	25051f3b77409c45f5ce71c3b3b05aae85b0f8f9	artifacts/gates/mode-b/artifacts/openclaw-local-ci-batch-hosted-batch-006-2ffc7ca0615f/node-core-unit-fast-1/gate-test-shard-core-unit-fast-1.log	artifacts/gates/mode-b/artifacts/openclaw-local-ci-batch-hosted-batch-006-2ffc7ca0615f/node-core-unit-fast-1/gate-test-shard-core-unit-fast-1.log	4f796d51c6e49caf8748aa4bcae5e83d1e263ab98f6cffc9af2ea9a7393f9a17	4f796d51c6e49caf8748aa4bcae5e83d1e263ab98f6cffc9af2ea9a7393f9a17	byte-identical
frozen-warm-basis-corpus	25051f3b77409c45f5ce71c3b3b05aae85b0f8f9	artifacts/gates/mode-b/artifacts/openclaw-local-ci-batch-hosted-batch-006-2ffc7ca0615f/node-core-unit-fast-1/gates.tsv	artifacts/gates/mode-b/artifacts/openclaw-local-ci-batch-hosted-batch-006-2ffc7ca0615f/node-core-unit-fast-1/gates.tsv	f1799160612f2d852b56685edfc439e18636471fc73f4eddba6179311f6fbb45	f1799160612f2d852b56685edfc439e18636471fc73f4eddba6179311f6fbb45	byte-identical
frozen-warm-basis-corpus	25051f3b77409c45f5ce71c3b3b05aae85b0f8f9	artifacts/gates/mode-b/artifacts/openclaw-local-ci-batch-hosted-batch-006-2ffc7ca0615f/node-core-unit-fast-1/rc.txt	artifacts/gates/mode-b/artifacts/openclaw-local-ci-batch-hosted-batch-006-2ffc7ca0615f/node-core-unit-fast-1/rc.txt	4355a46b19d348dc2f57c046f8ef63d4538ebb936000f3c9ee954a27460dd865	4355a46b19d348dc2f57c046f8ef63d4538ebb936000f3c9ee954a27460dd865	byte-identical
frozen-warm-basis-corpus	25051f3b77409c45f5ce71c3b3b05aae85b0f8f9	artifacts/gates/mode-b/artifacts/openclaw-local-ci-batch-hosted-batch-006-2ffc7ca0615f/node-core-unit-fast-1/resource-usage.txt	artifacts/gates/mode-b/artifacts/openclaw-local-ci-batch-hosted-batch-006-2ffc7ca0615f/node-core-unit-fast-1/resource-usage.txt	08ebf6741450a1b84a1d8066a893488255cf6e93bd2e0cbf6f466606616dce0f	08ebf6741450a1b84a1d8066a893488255cf6e93bd2e0cbf6f466606616dce0f	byte-identical
frozen-warm-basis-corpus	25051f3b77409c45f5ce71c3b3b05aae85b0f8f9	artifacts/gates/mode-b/artifacts/openclaw-local-ci-batch-hosted-batch-006-2ffc7ca0615f/node-core-unit-fast-1/result.json	artifacts/gates/mode-b/artifacts/openclaw-local-ci-batch-hosted-batch-006-2ffc7ca0615f/node-core-unit-fast-1/result.json	f6c622e3ceac2a9249d71da46fa650f4e5a8460ea625a0472a671b76569bab4a	f6c622e3ceac2a9249d71da46fa650f4e5a8460ea625a0472a671b76569bab4a	byte-identical
frozen-warm-basis-corpus	25051f3b77409c45f5ce71c3b3b05aae85b0f8f9	artifacts/gates/mode-b/artifacts/openclaw-local-ci-batch-hosted-batch-006-2ffc7ca0615f/node-core-unit-fast-1/summary.json	artifacts/gates/mode-b/artifacts/openclaw-local-ci-batch-hosted-batch-006-2ffc7ca0615f/node-core-unit-fast-1/summary.json	e8b38cadd2816ffce980ccd983aa38c4083430e35e8730fa00170191966c1281	e8b38cadd2816ffce980ccd983aa38c4083430e35e8730fa00170191966c1281	byte-identical
frozen-warm-basis-corpus	25051f3b77409c45f5ce71c3b3b05aae85b0f8f9	artifacts/gates/mode-b/artifacts/openclaw-local-ci-batch-hosted-batch-006-2ffc7ca0615f/node-core-unit-fast-1/summary.md	artifacts/gates/mode-b/artifacts/openclaw-local-ci-batch-hosted-batch-006-2ffc7ca0615f/node-core-unit-fast-1/summary.md	6859843ebf96338bda6578f4f91419daf081e29f0205cc7cbe60dba41387e8ff	6859843ebf96338bda6578f4f91419daf081e29f0205cc7cbe60dba41387e8ff	byte-identical
frozen-warm-basis-corpus	25051f3b77409c45f5ce71c3b3b05aae85b0f8f9	artifacts/gates/mode-b/artifacts/openclaw-local-ci-batch-hosted-batch-022-2ffc7ca0615f/node-agentic-commands-onboard-config/confirm-determinism-flakes.txt	artifacts/gates/mode-b/artifacts/openclaw-local-ci-batch-hosted-batch-022-2ffc7ca0615f/node-agentic-commands-onboard-config/confirm-determinism-flakes.txt	9f6e7124766883b43c489eead94ed7f514e80a947779caea74345c5e84b74f80	9f6e7124766883b43c489eead94ed7f514e80a947779caea74345c5e84b74f80	byte-identical
frozen-warm-basis-corpus	25051f3b77409c45f5ce71c3b3b05aae85b0f8f9	artifacts/gates/mode-b/artifacts/openclaw-local-ci-batch-hosted-batch-022-2ffc7ca0615f/node-agentic-commands-onboard-config/gate-test-shard-agentic-commands-onboard-config.log	artifacts/gates/mode-b/artifacts/openclaw-local-ci-batch-hosted-batch-022-2ffc7ca0615f/node-agentic-commands-onboard-config/gate-test-shard-agentic-commands-onboard-config.log	272e64828cabada0fd7d26d882b8312803e9cebc5483a9dc376de07e53a24452	272e64828cabada0fd7d26d882b8312803e9cebc5483a9dc376de07e53a24452	byte-identical
frozen-warm-basis-corpus	25051f3b77409c45f5ce71c3b3b05aae85b0f8f9	artifacts/gates/mode-b/artifacts/openclaw-local-ci-batch-hosted-batch-022-2ffc7ca0615f/node-agentic-commands-onboard-config/gates.tsv	artifacts/gates/mode-b/artifacts/openclaw-local-ci-batch-hosted-batch-022-2ffc7ca0615f/node-agentic-commands-onboard-config/gates.tsv	f42a8347df3070eb9b24b5e052ffc63b06d4799025be121237ddc29e8f2b23ad	f42a8347df3070eb9b24b5e052ffc63b06d4799025be121237ddc29e8f2b23ad	byte-identical
frozen-warm-basis-corpus	25051f3b77409c45f5ce71c3b3b05aae85b0f8f9	artifacts/gates/mode-b/artifacts/openclaw-local-ci-batch-hosted-batch-022-2ffc7ca0615f/node-agentic-commands-onboard-config/rc.txt	artifacts/gates/mode-b/artifacts/openclaw-local-ci-batch-hosted-batch-022-2ffc7ca0615f/node-agentic-commands-onboard-config/rc.txt	4355a46b19d348dc2f57c046f8ef63d4538ebb936000f3c9ee954a27460dd865	4355a46b19d348dc2f57c046f8ef63d4538ebb936000f3c9ee954a27460dd865	byte-identical
frozen-warm-basis-corpus	25051f3b77409c45f5ce71c3b3b05aae85b0f8f9	artifacts/gates/mode-b/artifacts/openclaw-local-ci-batch-hosted-batch-022-2ffc7ca0615f/node-agentic-commands-onboard-config/resource-usage.txt	artifacts/gates/mode-b/artifacts/openclaw-local-ci-batch-hosted-batch-022-2ffc7ca0615f/node-agentic-commands-onboard-config/resource-usage.txt	a277983eb68094dbb0dabba2e2faedef422c0fdb7cd2d4cd6ea89ce6302cdac6	a277983eb68094dbb0dabba2e2faedef422c0fdb7cd2d4cd6ea89ce6302cdac6	byte-identical
frozen-warm-basis-corpus	25051f3b77409c45f5ce71c3b3b05aae85b0f8f9	artifacts/gates/mode-b/artifacts/openclaw-local-ci-batch-hosted-batch-022-2ffc7ca0615f/node-agentic-commands-onboard-config/result.json	artifacts/gates/mode-b/artifacts/openclaw-local-ci-batch-hosted-batch-022-2ffc7ca0615f/node-agentic-commands-onboard-config/result.json	9bcea89dcfc76b66ec26fa67f9f8a939a93482c8be21cae3b382ba72897be498	9bcea89dcfc76b66ec26fa67f9f8a939a93482c8be21cae3b382ba72897be498	byte-identical
frozen-warm-basis-corpus	25051f3b77409c45f5ce71c3b3b05aae85b0f8f9	artifacts/gates/mode-b/artifacts/openclaw-local-ci-batch-hosted-batch-022-2ffc7ca0615f/node-agentic-commands-onboard-config/summary.json	artifacts/gates/mode-b/artifacts/openclaw-local-ci-batch-hosted-batch-022-2ffc7ca0615f/node-agentic-commands-onboard-config/summary.json	59ee5ac23c4b71e1623e8c7b9902a9370356cc426d23f745c952d113125cc6d8	59ee5ac23c4b71e1623e8c7b9902a9370356cc426d23f745c952d113125cc6d8	byte-identical
frozen-warm-basis-corpus	25051f3b77409c45f5ce71c3b3b05aae85b0f8f9	artifacts/gates/mode-b/artifacts/openclaw-local-ci-batch-hosted-batch-022-2ffc7ca0615f/node-agentic-commands-onboard-config/summary.md	artifacts/gates/mode-b/artifacts/openclaw-local-ci-batch-hosted-batch-022-2ffc7ca0615f/node-agentic-commands-onboard-config/summary.md	c2f142ad9c1ac3fcfbf4efe6434fcdbedba2ce968411be5f662fba9069b5d418	c2f142ad9c1ac3fcfbf4efe6434fcdbedba2ce968411be5f662fba9069b5d418	byte-identical
frozen-warm-basis-corpus	25051f3b77409c45f5ce71c3b3b05aae85b0f8f9	artifacts/gates/mode-b/artifacts/openclaw-local-ci-batch-hosted-batch-025-2ffc7ca0615f/node-agentic-agents-embedded/gate-test-shard-agentic-agents-embedded.log	artifacts/gates/mode-b/artifacts/openclaw-local-ci-batch-hosted-batch-025-2ffc7ca0615f/node-agentic-agents-embedded/gate-test-shard-agentic-agents-embedded.log	f745d6b438ba299b15284546e56190d67a9cb2c69fef7cfc5f997fc5d274cf32	f745d6b438ba299b15284546e56190d67a9cb2c69fef7cfc5f997fc5d274cf32	byte-identical
frozen-warm-basis-corpus	25051f3b77409c45f5ce71c3b3b05aae85b0f8f9	artifacts/gates/mode-b/artifacts/openclaw-local-ci-batch-hosted-batch-025-2ffc7ca0615f/node-agentic-agents-embedded/gates.tsv	artifacts/gates/mode-b/artifacts/openclaw-local-ci-batch-hosted-batch-025-2ffc7ca0615f/node-agentic-agents-embedded/gates.tsv	39a9900c262369b69bb4a6009a4449b912942a15190769b58c9b1d08ff1774e7	39a9900c262369b69bb4a6009a4449b912942a15190769b58c9b1d08ff1774e7	byte-identical
frozen-warm-basis-corpus	25051f3b77409c45f5ce71c3b3b05aae85b0f8f9	artifacts/gates/mode-b/artifacts/openclaw-local-ci-batch-hosted-batch-025-2ffc7ca0615f/node-agentic-agents-embedded/rc.txt	artifacts/gates/mode-b/artifacts/openclaw-local-ci-batch-hosted-batch-025-2ffc7ca0615f/node-agentic-agents-embedded/rc.txt	4355a46b19d348dc2f57c046f8ef63d4538ebb936000f3c9ee954a27460dd865	4355a46b19d348dc2f57c046f8ef63d4538ebb936000f3c9ee954a27460dd865	byte-identical
frozen-warm-basis-corpus	25051f3b77409c45f5ce71c3b3b05aae85b0f8f9	artifacts/gates/mode-b/artifacts/openclaw-local-ci-batch-hosted-batch-025-2ffc7ca0615f/node-agentic-agents-embedded/resource-usage.txt	artifacts/gates/mode-b/artifacts/openclaw-local-ci-batch-hosted-batch-025-2ffc7ca0615f/node-agentic-agents-embedded/resource-usage.txt	a0f95a3ce196da8465d65b16fc254fb7bdbe5330c82e008d3eae473ed2fe3581	a0f95a3ce196da8465d65b16fc254fb7bdbe5330c82e008d3eae473ed2fe3581	byte-identical
frozen-warm-basis-corpus	25051f3b77409c45f5ce71c3b3b05aae85b0f8f9	artifacts/gates/mode-b/artifacts/openclaw-local-ci-batch-hosted-batch-025-2ffc7ca0615f/node-agentic-agents-embedded/result.json	artifacts/gates/mode-b/artifacts/openclaw-local-ci-batch-hosted-batch-025-2ffc7ca0615f/node-agentic-agents-embedded/result.json	9151d97bca83ebc52e9b2f4c0ade2ac1faec911e95de96a2b61a33ded04d447b	9151d97bca83ebc52e9b2f4c0ade2ac1faec911e95de96a2b61a33ded04d447b	byte-identical
frozen-warm-basis-corpus	25051f3b77409c45f5ce71c3b3b05aae85b0f8f9	artifacts/gates/mode-b/artifacts/openclaw-local-ci-batch-hosted-batch-025-2ffc7ca0615f/node-agentic-agents-embedded/summary.json	artifacts/gates/mode-b/artifacts/openclaw-local-ci-batch-hosted-batch-025-2ffc7ca0615f/node-agentic-agents-embedded/summary.json	62d6284ebfc3c6f9f99fc22cd7ca7f21473ee4ced5baa420b6f803e8adc2d796	62d6284ebfc3c6f9f99fc22cd7ca7f21473ee4ced5baa420b6f803e8adc2d796	byte-identical
frozen-warm-basis-corpus	25051f3b77409c45f5ce71c3b3b05aae85b0f8f9	artifacts/gates/mode-b/artifacts/openclaw-local-ci-batch-hosted-batch-025-2ffc7ca0615f/node-agentic-agents-embedded/summary.md	artifacts/gates/mode-b/artifacts/openclaw-local-ci-batch-hosted-batch-025-2ffc7ca0615f/node-agentic-agents-embedded/summary.md	be4917af7a67154a6acbbf12a7b90313d9238902a03f1448b50f50129e6888c7	be4917af7a67154a6acbbf12a7b90313d9238902a03f1448b50f50129e6888c7	byte-identical
frozen-warm-basis-corpus	25051f3b77409c45f5ce71c3b3b05aae85b0f8f9	artifacts/gates/mode-b/artifacts/openclaw-local-ci-batch-hosted-batch-031-2ffc7ca0615f/supplemental-extension-qa/confirm-determinism-flakes.txt	artifacts/gates/mode-b/artifacts/openclaw-local-ci-batch-hosted-batch-031-2ffc7ca0615f/supplemental-extension-qa/confirm-determinism-flakes.txt	b8b4e873ad6417261457dd3f1e2076b34f9bac13a89588fbc805c133200d37b5	b8b4e873ad6417261457dd3f1e2076b34f9bac13a89588fbc805c133200d37b5	byte-identical
frozen-warm-basis-corpus	25051f3b77409c45f5ce71c3b3b05aae85b0f8f9	artifacts/gates/mode-b/artifacts/openclaw-local-ci-batch-hosted-batch-031-2ffc7ca0615f/supplemental-extension-qa/gate-test-shard-extension-qa.log	artifacts/gates/mode-b/artifacts/openclaw-local-ci-batch-hosted-batch-031-2ffc7ca0615f/supplemental-extension-qa/gate-test-shard-extension-qa.log	33f7c33f4adcf234950dde560b953c8577d9e3a22147159473ea9c363b55f440	33f7c33f4adcf234950dde560b953c8577d9e3a22147159473ea9c363b55f440	byte-identical
frozen-warm-basis-corpus	25051f3b77409c45f5ce71c3b3b05aae85b0f8f9	artifacts/gates/mode-b/artifacts/openclaw-local-ci-batch-hosted-batch-031-2ffc7ca0615f/supplemental-extension-qa/gates.tsv	artifacts/gates/mode-b/artifacts/openclaw-local-ci-batch-hosted-batch-031-2ffc7ca0615f/supplemental-extension-qa/gates.tsv	da54a8b547b52cc217e40eb83c506e38026122e81ac8705ef99d4b0a96415370	da54a8b547b52cc217e40eb83c506e38026122e81ac8705ef99d4b0a96415370	byte-identical
frozen-warm-basis-corpus	25051f3b77409c45f5ce71c3b3b05aae85b0f8f9	artifacts/gates/mode-b/artifacts/openclaw-local-ci-batch-hosted-batch-031-2ffc7ca0615f/supplemental-extension-qa/rc.txt	artifacts/gates/mode-b/artifacts/openclaw-local-ci-batch-hosted-batch-031-2ffc7ca0615f/supplemental-extension-qa/rc.txt	9a271f2a916b0b6ee6cecb2426f0b3206ef074578be55d9bc94f6f3fe3ab86aa	9a271f2a916b0b6ee6cecb2426f0b3206ef074578be55d9bc94f6f3fe3ab86aa	byte-identical
frozen-warm-basis-corpus	25051f3b77409c45f5ce71c3b3b05aae85b0f8f9	artifacts/gates/mode-b/artifacts/openclaw-local-ci-batch-hosted-batch-031-2ffc7ca0615f/supplemental-extension-qa/resource-usage.txt	artifacts/gates/mode-b/artifacts/openclaw-local-ci-batch-hosted-batch-031-2ffc7ca0615f/supplemental-extension-qa/resource-usage.txt	1688559fb1405626152bcd88bb3e9ae9565fc6085221be06c7b1402782e77d09	1688559fb1405626152bcd88bb3e9ae9565fc6085221be06c7b1402782e77d09	byte-identical
frozen-warm-basis-corpus	25051f3b77409c45f5ce71c3b3b05aae85b0f8f9	artifacts/gates/mode-b/artifacts/openclaw-local-ci-batch-hosted-batch-031-2ffc7ca0615f/supplemental-extension-qa/result.json	artifacts/gates/mode-b/artifacts/openclaw-local-ci-batch-hosted-batch-031-2ffc7ca0615f/supplemental-extension-qa/result.json	0f91054be8c04fc0fd9f625d9d13f2f00ac07301da7474c2f83720c2a7c358ce	0f91054be8c04fc0fd9f625d9d13f2f00ac07301da7474c2f83720c2a7c358ce	byte-identical
frozen-warm-basis-corpus	25051f3b77409c45f5ce71c3b3b05aae85b0f8f9	artifacts/gates/mode-b/artifacts/openclaw-local-ci-batch-hosted-batch-031-2ffc7ca0615f/supplemental-extension-qa/summary.json	artifacts/gates/mode-b/artifacts/openclaw-local-ci-batch-hosted-batch-031-2ffc7ca0615f/supplemental-extension-qa/summary.json	d6394f7ae976371ee02ccc2ad5bda81c1faf7e5576bca35a33b02ba71180bc0f	d6394f7ae976371ee02ccc2ad5bda81c1faf7e5576bca35a33b02ba71180bc0f	byte-identical
frozen-warm-basis-corpus	25051f3b77409c45f5ce71c3b3b05aae85b0f8f9	artifacts/gates/mode-b/artifacts/openclaw-local-ci-batch-hosted-batch-031-2ffc7ca0615f/supplemental-extension-qa/summary.md	artifacts/gates/mode-b/artifacts/openclaw-local-ci-batch-hosted-batch-031-2ffc7ca0615f/supplemental-extension-qa/summary.md	2fa08f1545a2567edb4273d3bcfa91c18ec3fad04f8d982f7df3c41f8672411c	2fa08f1545a2567edb4273d3bcfa91c18ec3fad04f8d982f7df3c41f8672411c	byte-identical
frozen-warm-basis-corpus	25051f3b77409c45f5ce71c3b3b05aae85b0f8f9	artifacts/gates/mode-b/artifacts/openclaw-local-ci-batch-hosted-batch-034-2ffc7ca0615f/node-agentic-commands-agent-channel/confirm-determinism-flakes.txt	artifacts/gates/mode-b/artifacts/openclaw-local-ci-batch-hosted-batch-034-2ffc7ca0615f/node-agentic-commands-agent-channel/confirm-determinism-flakes.txt	e8036b9db6564413e000728eb1e5c33ebdb2be7592756d721faf89aac6f24ac1	e8036b9db6564413e000728eb1e5c33ebdb2be7592756d721faf89aac6f24ac1	byte-identical
frozen-warm-basis-corpus	25051f3b77409c45f5ce71c3b3b05aae85b0f8f9	artifacts/gates/mode-b/artifacts/openclaw-local-ci-batch-hosted-batch-034-2ffc7ca0615f/node-agentic-commands-agent-channel/gate-test-shard-agentic-commands-agent-channel.log	artifacts/gates/mode-b/artifacts/openclaw-local-ci-batch-hosted-batch-034-2ffc7ca0615f/node-agentic-commands-agent-channel/gate-test-shard-agentic-commands-agent-channel.log	aad3cf3a924112a3c083a77c2e63ff34b659dea42a17c73f432023bfe957e298	aad3cf3a924112a3c083a77c2e63ff34b659dea42a17c73f432023bfe957e298	byte-identical
frozen-warm-basis-corpus	25051f3b77409c45f5ce71c3b3b05aae85b0f8f9	artifacts/gates/mode-b/artifacts/openclaw-local-ci-batch-hosted-batch-034-2ffc7ca0615f/node-agentic-commands-agent-channel/gates.tsv	artifacts/gates/mode-b/artifacts/openclaw-local-ci-batch-hosted-batch-034-2ffc7ca0615f/node-agentic-commands-agent-channel/gates.tsv	e2948f2f171a7eee3ce416380b6973e7b4dc4d886c0ae425ef8fcd59f2388a3e	e2948f2f171a7eee3ce416380b6973e7b4dc4d886c0ae425ef8fcd59f2388a3e	byte-identical
frozen-warm-basis-corpus	25051f3b77409c45f5ce71c3b3b05aae85b0f8f9	artifacts/gates/mode-b/artifacts/openclaw-local-ci-batch-hosted-batch-034-2ffc7ca0615f/node-agentic-commands-agent-channel/rc.txt	artifacts/gates/mode-b/artifacts/openclaw-local-ci-batch-hosted-batch-034-2ffc7ca0615f/node-agentic-commands-agent-channel/rc.txt	9a271f2a916b0b6ee6cecb2426f0b3206ef074578be55d9bc94f6f3fe3ab86aa	9a271f2a916b0b6ee6cecb2426f0b3206ef074578be55d9bc94f6f3fe3ab86aa	byte-identical
frozen-warm-basis-corpus	25051f3b77409c45f5ce71c3b3b05aae85b0f8f9	artifacts/gates/mode-b/artifacts/openclaw-local-ci-batch-hosted-batch-034-2ffc7ca0615f/node-agentic-commands-agent-channel/resource-usage.txt	artifacts/gates/mode-b/artifacts/openclaw-local-ci-batch-hosted-batch-034-2ffc7ca0615f/node-agentic-commands-agent-channel/resource-usage.txt	63c25e029fbd97dc4f8c7b8acbd39cf87656cdfe6b29c9723b163e13cf6efe6d	63c25e029fbd97dc4f8c7b8acbd39cf87656cdfe6b29c9723b163e13cf6efe6d	byte-identical
frozen-warm-basis-corpus	25051f3b77409c45f5ce71c3b3b05aae85b0f8f9	artifacts/gates/mode-b/artifacts/openclaw-local-ci-batch-hosted-batch-034-2ffc7ca0615f/node-agentic-commands-agent-channel/result.json	artifacts/gates/mode-b/artifacts/openclaw-local-ci-batch-hosted-batch-034-2ffc7ca0615f/node-agentic-commands-agent-channel/result.json	28a34da33d2a84432ecc31808ffab8ad66d5022dd193b1d06048321c4b143a2f	28a34da33d2a84432ecc31808ffab8ad66d5022dd193b1d06048321c4b143a2f	byte-identical
frozen-warm-basis-corpus	25051f3b77409c45f5ce71c3b3b05aae85b0f8f9	artifacts/gates/mode-b/artifacts/openclaw-local-ci-batch-hosted-batch-034-2ffc7ca0615f/node-agentic-commands-agent-channel/summary.json	artifacts/gates/mode-b/artifacts/openclaw-local-ci-batch-hosted-batch-034-2ffc7ca0615f/node-agentic-commands-agent-channel/summary.json	74fe9065eadf4dbe7fc2f498712af80241415719f17f3cae7f5eee7c882df658	74fe9065eadf4dbe7fc2f498712af80241415719f17f3cae7f5eee7c882df658	byte-identical
frozen-warm-basis-corpus	25051f3b77409c45f5ce71c3b3b05aae85b0f8f9	artifacts/gates/mode-b/artifacts/openclaw-local-ci-batch-hosted-batch-034-2ffc7ca0615f/node-agentic-commands-agent-channel/summary.md	artifacts/gates/mode-b/artifacts/openclaw-local-ci-batch-hosted-batch-034-2ffc7ca0615f/node-agentic-commands-agent-channel/summary.md	00fc0f9f264903a03e7e5be89684b040cd3442fc2400234ceb635f5b29bd3c4a	00fc0f9f264903a03e7e5be89684b040cd3442fc2400234ceb635f5b29bd3c4a	byte-identical
frozen-warm-basis-corpus	25051f3b77409c45f5ce71c3b3b05aae85b0f8f9	artifacts/gates/mode-b/artifacts/openclaw-local-ci-batch-hosted-batch-035-2ffc7ca0615f/node-agentic-commands-doctor/gate-test-shard-agentic-commands-doctor.log	artifacts/gates/mode-b/artifacts/openclaw-local-ci-batch-hosted-batch-035-2ffc7ca0615f/node-agentic-commands-doctor/gate-test-shard-agentic-commands-doctor.log	0aed39107f334fd33c065ab4e0eaa277b3baf5c8ef3677bbcd80eb3d5484f582	0aed39107f334fd33c065ab4e0eaa277b3baf5c8ef3677bbcd80eb3d5484f582	byte-identical
frozen-warm-basis-corpus	25051f3b77409c45f5ce71c3b3b05aae85b0f8f9	artifacts/gates/mode-b/artifacts/openclaw-local-ci-batch-hosted-batch-035-2ffc7ca0615f/node-agentic-commands-doctor/gates.tsv	artifacts/gates/mode-b/artifacts/openclaw-local-ci-batch-hosted-batch-035-2ffc7ca0615f/node-agentic-commands-doctor/gates.tsv	5daa8b3c5c702b491f14501bcc36de7276b76da49498d6a0a62628f6825e8df1	5daa8b3c5c702b491f14501bcc36de7276b76da49498d6a0a62628f6825e8df1	byte-identical
frozen-warm-basis-corpus	25051f3b77409c45f5ce71c3b3b05aae85b0f8f9	artifacts/gates/mode-b/artifacts/openclaw-local-ci-batch-hosted-batch-035-2ffc7ca0615f/node-agentic-commands-doctor/rc.txt	artifacts/gates/mode-b/artifacts/openclaw-local-ci-batch-hosted-batch-035-2ffc7ca0615f/node-agentic-commands-doctor/rc.txt	4355a46b19d348dc2f57c046f8ef63d4538ebb936000f3c9ee954a27460dd865	4355a46b19d348dc2f57c046f8ef63d4538ebb936000f3c9ee954a27460dd865	byte-identical
frozen-warm-basis-corpus	25051f3b77409c45f5ce71c3b3b05aae85b0f8f9	artifacts/gates/mode-b/artifacts/openclaw-local-ci-batch-hosted-batch-035-2ffc7ca0615f/node-agentic-commands-doctor/resource-usage.txt	artifacts/gates/mode-b/artifacts/openclaw-local-ci-batch-hosted-batch-035-2ffc7ca0615f/node-agentic-commands-doctor/resource-usage.txt	b9fff2df49a97ed4dddcc779f13f807cafdfef6f71465d80e1922747d13376a7	b9fff2df49a97ed4dddcc779f13f807cafdfef6f71465d80e1922747d13376a7	byte-identical
frozen-warm-basis-corpus	25051f3b77409c45f5ce71c3b3b05aae85b0f8f9	artifacts/gates/mode-b/artifacts/openclaw-local-ci-batch-hosted-batch-035-2ffc7ca0615f/node-agentic-commands-doctor/result.json	artifacts/gates/mode-b/artifacts/openclaw-local-ci-batch-hosted-batch-035-2ffc7ca0615f/node-agentic-commands-doctor/result.json	b7f67924894b00e25c2e10dd31d22e5d94fe334c9841c33b38eed9a293c22ce4	b7f67924894b00e25c2e10dd31d22e5d94fe334c9841c33b38eed9a293c22ce4	byte-identical
frozen-warm-basis-corpus	25051f3b77409c45f5ce71c3b3b05aae85b0f8f9	artifacts/gates/mode-b/artifacts/openclaw-local-ci-batch-hosted-batch-035-2ffc7ca0615f/node-agentic-commands-doctor/summary.json	artifacts/gates/mode-b/artifacts/openclaw-local-ci-batch-hosted-batch-035-2ffc7ca0615f/node-agentic-commands-doctor/summary.json	67637efa44b5023394fe98761668eed55af8f4c2eecb2fa16c82e88edefef6a9	67637efa44b5023394fe98761668eed55af8f4c2eecb2fa16c82e88edefef6a9	byte-identical
frozen-warm-basis-corpus	25051f3b77409c45f5ce71c3b3b05aae85b0f8f9	artifacts/gates/mode-b/artifacts/openclaw-local-ci-batch-hosted-batch-035-2ffc7ca0615f/node-agentic-commands-doctor/summary.md	artifacts/gates/mode-b/artifacts/openclaw-local-ci-batch-hosted-batch-035-2ffc7ca0615f/node-agentic-commands-doctor/summary.md	b966e9935b157b82346cec7f91f7a079ed83e8d771fe5ed966a7524f64ade2c2	b966e9935b157b82346cec7f91f7a079ed83e8d771fe5ed966a7524f64ade2c2	byte-identical
frozen-warm-basis-corpus	25051f3b77409c45f5ce71c3b3b05aae85b0f8f9	artifacts/gates/mode-b/artifacts/openclaw-local-ci-batch-hosted-batch-039-2ffc7ca0615f/node-auto-reply-reply-dispatch/gate-test-shard-auto-reply-reply-dispatch.log	artifacts/gates/mode-b/artifacts/openclaw-local-ci-batch-hosted-batch-039-2ffc7ca0615f/node-auto-reply-reply-dispatch/gate-test-shard-auto-reply-reply-dispatch.log	8860b48345687a4a05a449ebf8b1d7c53ca9b5f24dd9562db09347e774b5c312	8860b48345687a4a05a449ebf8b1d7c53ca9b5f24dd9562db09347e774b5c312	byte-identical
frozen-warm-basis-corpus	25051f3b77409c45f5ce71c3b3b05aae85b0f8f9	artifacts/gates/mode-b/artifacts/openclaw-local-ci-batch-hosted-batch-039-2ffc7ca0615f/node-auto-reply-reply-dispatch/gates.tsv	artifacts/gates/mode-b/artifacts/openclaw-local-ci-batch-hosted-batch-039-2ffc7ca0615f/node-auto-reply-reply-dispatch/gates.tsv	1933b6f2058a1706997d5e4d5662afc48dd056ce6fafa42136e5a311e4201939	1933b6f2058a1706997d5e4d5662afc48dd056ce6fafa42136e5a311e4201939	byte-identical
frozen-warm-basis-corpus	25051f3b77409c45f5ce71c3b3b05aae85b0f8f9	artifacts/gates/mode-b/artifacts/openclaw-local-ci-batch-hosted-batch-039-2ffc7ca0615f/node-auto-reply-reply-dispatch/rc.txt	artifacts/gates/mode-b/artifacts/openclaw-local-ci-batch-hosted-batch-039-2ffc7ca0615f/node-auto-reply-reply-dispatch/rc.txt	4355a46b19d348dc2f57c046f8ef63d4538ebb936000f3c9ee954a27460dd865	4355a46b19d348dc2f57c046f8ef63d4538ebb936000f3c9ee954a27460dd865	byte-identical
frozen-warm-basis-corpus	25051f3b77409c45f5ce71c3b3b05aae85b0f8f9	artifacts/gates/mode-b/artifacts/openclaw-local-ci-batch-hosted-batch-039-2ffc7ca0615f/node-auto-reply-reply-dispatch/resource-usage.txt	artifacts/gates/mode-b/artifacts/openclaw-local-ci-batch-hosted-batch-039-2ffc7ca0615f/node-auto-reply-reply-dispatch/resource-usage.txt	1308b4ab1513db1f04e723f657491133fa2fab525c1cfeb78495b89799abcfca	1308b4ab1513db1f04e723f657491133fa2fab525c1cfeb78495b89799abcfca	byte-identical
frozen-warm-basis-corpus	25051f3b77409c45f5ce71c3b3b05aae85b0f8f9	artifacts/gates/mode-b/artifacts/openclaw-local-ci-batch-hosted-batch-039-2ffc7ca0615f/node-auto-reply-reply-dispatch/result.json	artifacts/gates/mode-b/artifacts/openclaw-local-ci-batch-hosted-batch-039-2ffc7ca0615f/node-auto-reply-reply-dispatch/result.json	1f6229a4e6d6f341b010b5ac164db10d5c98672439f258742dd17a95726c1eae	1f6229a4e6d6f341b010b5ac164db10d5c98672439f258742dd17a95726c1eae	byte-identical
frozen-warm-basis-corpus	25051f3b77409c45f5ce71c3b3b05aae85b0f8f9	artifacts/gates/mode-b/artifacts/openclaw-local-ci-batch-hosted-batch-039-2ffc7ca0615f/node-auto-reply-reply-dispatch/summary.json	artifacts/gates/mode-b/artifacts/openclaw-local-ci-batch-hosted-batch-039-2ffc7ca0615f/node-auto-reply-reply-dispatch/summary.json	387a8b6ef56e0c6f6c46f87bfb7d388a308f000fac09f701ba58cc97194c2b64	387a8b6ef56e0c6f6c46f87bfb7d388a308f000fac09f701ba58cc97194c2b64	byte-identical
frozen-warm-basis-corpus	25051f3b77409c45f5ce71c3b3b05aae85b0f8f9	artifacts/gates/mode-b/artifacts/openclaw-local-ci-batch-hosted-batch-039-2ffc7ca0615f/node-auto-reply-reply-dispatch/summary.md	artifacts/gates/mode-b/artifacts/openclaw-local-ci-batch-hosted-batch-039-2ffc7ca0615f/node-auto-reply-reply-dispatch/summary.md	ddaea0947f1ebd208c62fbffa3ced1698b49c673d8c4c677727e5a8b168d2aaf	ddaea0947f1ebd208c62fbffa3ced1698b49c673d8c4c677727e5a8b168d2aaf	byte-identical
frozen-warm-basis-corpus	25051f3b77409c45f5ce71c3b3b05aae85b0f8f9	artifacts/gates/mode-b/artifacts/openclaw-local-ci-batch-hosted-batch-042-2ffc7ca0615f/node-core-runtime-cron-isolated-agent/gate-test-shard-core-runtime-cron-isolated-agent.log	artifacts/gates/mode-b/artifacts/openclaw-local-ci-batch-hosted-batch-042-2ffc7ca0615f/node-core-runtime-cron-isolated-agent/gate-test-shard-core-runtime-cron-isolated-agent.log	80b7ba8731f7a1bf183684ff578b956d99c30078a016791d943232eabde10ec0	80b7ba8731f7a1bf183684ff578b956d99c30078a016791d943232eabde10ec0	byte-identical
frozen-warm-basis-corpus	25051f3b77409c45f5ce71c3b3b05aae85b0f8f9	artifacts/gates/mode-b/artifacts/openclaw-local-ci-batch-hosted-batch-042-2ffc7ca0615f/node-core-runtime-cron-isolated-agent/gates.tsv	artifacts/gates/mode-b/artifacts/openclaw-local-ci-batch-hosted-batch-042-2ffc7ca0615f/node-core-runtime-cron-isolated-agent/gates.tsv	550f40cd468b9e06e2ef25af3afde518935aad295dfa7796ca779046ab3b92d3	550f40cd468b9e06e2ef25af3afde518935aad295dfa7796ca779046ab3b92d3	byte-identical
frozen-warm-basis-corpus	25051f3b77409c45f5ce71c3b3b05aae85b0f8f9	artifacts/gates/mode-b/artifacts/openclaw-local-ci-batch-hosted-batch-042-2ffc7ca0615f/node-core-runtime-cron-isolated-agent/rc.txt	artifacts/gates/mode-b/artifacts/openclaw-local-ci-batch-hosted-batch-042-2ffc7ca0615f/node-core-runtime-cron-isolated-agent/rc.txt	4355a46b19d348dc2f57c046f8ef63d4538ebb936000f3c9ee954a27460dd865	4355a46b19d348dc2f57c046f8ef63d4538ebb936000f3c9ee954a27460dd865	byte-identical
frozen-warm-basis-corpus	25051f3b77409c45f5ce71c3b3b05aae85b0f8f9	artifacts/gates/mode-b/artifacts/openclaw-local-ci-batch-hosted-batch-042-2ffc7ca0615f/node-core-runtime-cron-isolated-agent/resource-usage.txt	artifacts/gates/mode-b/artifacts/openclaw-local-ci-batch-hosted-batch-042-2ffc7ca0615f/node-core-runtime-cron-isolated-agent/resource-usage.txt	83cb7ff048991341ed88353e2e6bbdf93adff08f24db1cd5b22a7f1f81f1c0b6	83cb7ff048991341ed88353e2e6bbdf93adff08f24db1cd5b22a7f1f81f1c0b6	byte-identical
frozen-warm-basis-corpus	25051f3b77409c45f5ce71c3b3b05aae85b0f8f9	artifacts/gates/mode-b/artifacts/openclaw-local-ci-batch-hosted-batch-042-2ffc7ca0615f/node-core-runtime-cron-isolated-agent/result.json	artifacts/gates/mode-b/artifacts/openclaw-local-ci-batch-hosted-batch-042-2ffc7ca0615f/node-core-runtime-cron-isolated-agent/result.json	3d637147de2b86fb61a59639b384779b9c670bb393f32b6ed42bd82d42b051d8	3d637147de2b86fb61a59639b384779b9c670bb393f32b6ed42bd82d42b051d8	byte-identical
frozen-warm-basis-corpus	25051f3b77409c45f5ce71c3b3b05aae85b0f8f9	artifacts/gates/mode-b/artifacts/openclaw-local-ci-batch-hosted-batch-042-2ffc7ca0615f/node-core-runtime-cron-isolated-agent/summary.json	artifacts/gates/mode-b/artifacts/openclaw-local-ci-batch-hosted-batch-042-2ffc7ca0615f/node-core-runtime-cron-isolated-agent/summary.json	dc4a1b77092d7738149ba14475cdf9e39641e6e9c5ed140edba6a580a0b7f3cd	dc4a1b77092d7738149ba14475cdf9e39641e6e9c5ed140edba6a580a0b7f3cd	byte-identical
frozen-warm-basis-corpus	25051f3b77409c45f5ce71c3b3b05aae85b0f8f9	artifacts/gates/mode-b/artifacts/openclaw-local-ci-batch-hosted-batch-042-2ffc7ca0615f/node-core-runtime-cron-isolated-agent/summary.md	artifacts/gates/mode-b/artifacts/openclaw-local-ci-batch-hosted-batch-042-2ffc7ca0615f/node-core-runtime-cron-isolated-agent/summary.md	427de544717c0d99c337ffdeb03c82c6a4d65e59bb74457934e5ecc323044179	427de544717c0d99c337ffdeb03c82c6a4d65e59bb74457934e5ecc323044179	byte-identical
frozen-warm-basis-corpus	25051f3b77409c45f5ce71c3b3b05aae85b0f8f9	artifacts/gates/mode-b/artifacts/openclaw-local-ci-batch-hosted-batch-043-2ffc7ca0615f/node-auto-reply-reply-agent-runner/confirm-determinism-flakes.txt	artifacts/gates/mode-b/artifacts/openclaw-local-ci-batch-hosted-batch-043-2ffc7ca0615f/node-auto-reply-reply-agent-runner/confirm-determinism-flakes.txt	cf0b23d7848c2e3a894ffef3cd93303e5a3d1ffb54dc9890f3991c9a7b226f67	cf0b23d7848c2e3a894ffef3cd93303e5a3d1ffb54dc9890f3991c9a7b226f67	byte-identical
frozen-warm-basis-corpus	25051f3b77409c45f5ce71c3b3b05aae85b0f8f9	artifacts/gates/mode-b/artifacts/openclaw-local-ci-batch-hosted-batch-043-2ffc7ca0615f/node-auto-reply-reply-agent-runner/gate-test-shard-auto-reply-reply-agent-runner.log	artifacts/gates/mode-b/artifacts/openclaw-local-ci-batch-hosted-batch-043-2ffc7ca0615f/node-auto-reply-reply-agent-runner/gate-test-shard-auto-reply-reply-agent-runner.log	60044937fdee8421227047cabc935115bdac681be7f2ca26e2673520c76833ce	60044937fdee8421227047cabc935115bdac681be7f2ca26e2673520c76833ce	byte-identical
frozen-warm-basis-corpus	25051f3b77409c45f5ce71c3b3b05aae85b0f8f9	artifacts/gates/mode-b/artifacts/openclaw-local-ci-batch-hosted-batch-043-2ffc7ca0615f/node-auto-reply-reply-agent-runner/gates.tsv	artifacts/gates/mode-b/artifacts/openclaw-local-ci-batch-hosted-batch-043-2ffc7ca0615f/node-auto-reply-reply-agent-runner/gates.tsv	e5be6b4e6904a8e325109117cc4fc271dcd1039627e8cad3a07812f9dd3435be	e5be6b4e6904a8e325109117cc4fc271dcd1039627e8cad3a07812f9dd3435be	byte-identical
frozen-warm-basis-corpus	25051f3b77409c45f5ce71c3b3b05aae85b0f8f9	artifacts/gates/mode-b/artifacts/openclaw-local-ci-batch-hosted-batch-043-2ffc7ca0615f/node-auto-reply-reply-agent-runner/rc.txt	artifacts/gates/mode-b/artifacts/openclaw-local-ci-batch-hosted-batch-043-2ffc7ca0615f/node-auto-reply-reply-agent-runner/rc.txt	4355a46b19d348dc2f57c046f8ef63d4538ebb936000f3c9ee954a27460dd865	4355a46b19d348dc2f57c046f8ef63d4538ebb936000f3c9ee954a27460dd865	byte-identical
frozen-warm-basis-corpus	25051f3b77409c45f5ce71c3b3b05aae85b0f8f9	artifacts/gates/mode-b/artifacts/openclaw-local-ci-batch-hosted-batch-043-2ffc7ca0615f/node-auto-reply-reply-agent-runner/resource-usage.txt	artifacts/gates/mode-b/artifacts/openclaw-local-ci-batch-hosted-batch-043-2ffc7ca0615f/node-auto-reply-reply-agent-runner/resource-usage.txt	bfb318c2a330861bc0782b0c4dc76cdb4b6c8ece8b2493d2f3c2df8b0e60ec1b	bfb318c2a330861bc0782b0c4dc76cdb4b6c8ece8b2493d2f3c2df8b0e60ec1b	byte-identical
frozen-warm-basis-corpus	25051f3b77409c45f5ce71c3b3b05aae85b0f8f9	artifacts/gates/mode-b/artifacts/openclaw-local-ci-batch-hosted-batch-043-2ffc7ca0615f/node-auto-reply-reply-agent-runner/result.json	artifacts/gates/mode-b/artifacts/openclaw-local-ci-batch-hosted-batch-043-2ffc7ca0615f/node-auto-reply-reply-agent-runner/result.json	12fb6bb3751e6b15e60075b9f64c017f7ace93690e5ac847e97eb30c296cf714	12fb6bb3751e6b15e60075b9f64c017f7ace93690e5ac847e97eb30c296cf714	byte-identical
frozen-warm-basis-corpus	25051f3b77409c45f5ce71c3b3b05aae85b0f8f9	artifacts/gates/mode-b/artifacts/openclaw-local-ci-batch-hosted-batch-043-2ffc7ca0615f/node-auto-reply-reply-agent-runner/summary.json	artifacts/gates/mode-b/artifacts/openclaw-local-ci-batch-hosted-batch-043-2ffc7ca0615f/node-auto-reply-reply-agent-runner/summary.json	7f8bee1503a900acc7603aeac2e5507891f6c60825bdad7d9d4cd3b8da145f07	7f8bee1503a900acc7603aeac2e5507891f6c60825bdad7d9d4cd3b8da145f07	byte-identical
frozen-warm-basis-corpus	25051f3b77409c45f5ce71c3b3b05aae85b0f8f9	artifacts/gates/mode-b/artifacts/openclaw-local-ci-batch-hosted-batch-043-2ffc7ca0615f/node-auto-reply-reply-agent-runner/summary.md	artifacts/gates/mode-b/artifacts/openclaw-local-ci-batch-hosted-batch-043-2ffc7ca0615f/node-auto-reply-reply-agent-runner/summary.md	5e0b30d5fb4533d21f092ef91588ed68cfd5c614c08d7562f250b9cf797346da	5e0b30d5fb4533d21f092ef91588ed68cfd5c614c08d7562f250b9cf797346da	byte-identical
frozen-warm-basis-corpus	25051f3b77409c45f5ce71c3b3b05aae85b0f8f9	artifacts/gates/mode-b/artifacts/openclaw-local-ci-batch-hosted-batch-045-2ffc7ca0615f/supplemental-extension-discord/confirm-determinism-flakes.txt	artifacts/gates/mode-b/artifacts/openclaw-local-ci-batch-hosted-batch-045-2ffc7ca0615f/supplemental-extension-discord/confirm-determinism-flakes.txt	0652a3bcd7f8a59a389f66ca63d64f6d4ef256952c0fe2ae671b8eb217351cac	0652a3bcd7f8a59a389f66ca63d64f6d4ef256952c0fe2ae671b8eb217351cac	byte-identical
frozen-warm-basis-corpus	25051f3b77409c45f5ce71c3b3b05aae85b0f8f9	artifacts/gates/mode-b/artifacts/openclaw-local-ci-batch-hosted-batch-045-2ffc7ca0615f/supplemental-extension-discord/gate-test-shard-extension-discord.log	artifacts/gates/mode-b/artifacts/openclaw-local-ci-batch-hosted-batch-045-2ffc7ca0615f/supplemental-extension-discord/gate-test-shard-extension-discord.log	9c36259ecf92e96f285904f712c47d694f1dd36659938fdee2ebc2656637860e	9c36259ecf92e96f285904f712c47d694f1dd36659938fdee2ebc2656637860e	byte-identical
frozen-warm-basis-corpus	25051f3b77409c45f5ce71c3b3b05aae85b0f8f9	artifacts/gates/mode-b/artifacts/openclaw-local-ci-batch-hosted-batch-045-2ffc7ca0615f/supplemental-extension-discord/gates.tsv	artifacts/gates/mode-b/artifacts/openclaw-local-ci-batch-hosted-batch-045-2ffc7ca0615f/supplemental-extension-discord/gates.tsv	f336bd9142c231d8a73a7c3dba8bc481bee7c902cdabc984cf6ed4fc6ac38759	f336bd9142c231d8a73a7c3dba8bc481bee7c902cdabc984cf6ed4fc6ac38759	byte-identical
frozen-warm-basis-corpus	25051f3b77409c45f5ce71c3b3b05aae85b0f8f9	artifacts/gates/mode-b/artifacts/openclaw-local-ci-batch-hosted-batch-045-2ffc7ca0615f/supplemental-extension-discord/rc.txt	artifacts/gates/mode-b/artifacts/openclaw-local-ci-batch-hosted-batch-045-2ffc7ca0615f/supplemental-extension-discord/rc.txt	9a271f2a916b0b6ee6cecb2426f0b3206ef074578be55d9bc94f6f3fe3ab86aa	9a271f2a916b0b6ee6cecb2426f0b3206ef074578be55d9bc94f6f3fe3ab86aa	byte-identical
frozen-warm-basis-corpus	25051f3b77409c45f5ce71c3b3b05aae85b0f8f9	artifacts/gates/mode-b/artifacts/openclaw-local-ci-batch-hosted-batch-045-2ffc7ca0615f/supplemental-extension-discord/resource-usage.txt	artifacts/gates/mode-b/artifacts/openclaw-local-ci-batch-hosted-batch-045-2ffc7ca0615f/supplemental-extension-discord/resource-usage.txt	5094e0ca041b30115a4a24bac3dfcaaabd4d1c82e9741e05d6a1054f57b2c653	5094e0ca041b30115a4a24bac3dfcaaabd4d1c82e9741e05d6a1054f57b2c653	byte-identical
frozen-warm-basis-corpus	25051f3b77409c45f5ce71c3b3b05aae85b0f8f9	artifacts/gates/mode-b/artifacts/openclaw-local-ci-batch-hosted-batch-045-2ffc7ca0615f/supplemental-extension-discord/result.json	artifacts/gates/mode-b/artifacts/openclaw-local-ci-batch-hosted-batch-045-2ffc7ca0615f/supplemental-extension-discord/result.json	800f1b7b0734fd3560135ace59b18d92158d9d0b786fe6175a3dbe4270741f32	800f1b7b0734fd3560135ace59b18d92158d9d0b786fe6175a3dbe4270741f32	byte-identical
frozen-warm-basis-corpus	25051f3b77409c45f5ce71c3b3b05aae85b0f8f9	artifacts/gates/mode-b/artifacts/openclaw-local-ci-batch-hosted-batch-045-2ffc7ca0615f/supplemental-extension-discord/summary.json	artifacts/gates/mode-b/artifacts/openclaw-local-ci-batch-hosted-batch-045-2ffc7ca0615f/supplemental-extension-discord/summary.json	e53686ca32aab5fc1014184bec64d9431dbaa4e8f328ff88ceb46f5e3557712e	e53686ca32aab5fc1014184bec64d9431dbaa4e8f328ff88ceb46f5e3557712e	byte-identical
frozen-warm-basis-corpus	25051f3b77409c45f5ce71c3b3b05aae85b0f8f9	artifacts/gates/mode-b/artifacts/openclaw-local-ci-batch-hosted-batch-045-2ffc7ca0615f/supplemental-extension-discord/summary.md	artifacts/gates/mode-b/artifacts/openclaw-local-ci-batch-hosted-batch-045-2ffc7ca0615f/supplemental-extension-discord/summary.md	bc7b0ae6f6370148cbe4807eed1fd46ca52f811b70856f89a4a826164efe497d	bc7b0ae6f6370148cbe4807eed1fd46ca52f811b70856f89a4a826164efe497d	byte-identical
frozen-warm-basis-corpus	25051f3b77409c45f5ce71c3b3b05aae85b0f8f9	artifacts/gates/mode-b/artifacts/openclaw-local-ci-batch-hosted-batch-047-2ffc7ca0615f/node-agentic-agents-core-subagents/confirm-determinism-flakes.txt	artifacts/gates/mode-b/artifacts/openclaw-local-ci-batch-hosted-batch-047-2ffc7ca0615f/node-agentic-agents-core-subagents/confirm-determinism-flakes.txt	24e29ed1f5d85ac29f982949540f151514ea8839b10b7906bc9a19d8de5dcb06	24e29ed1f5d85ac29f982949540f151514ea8839b10b7906bc9a19d8de5dcb06	byte-identical
frozen-warm-basis-corpus	25051f3b77409c45f5ce71c3b3b05aae85b0f8f9	artifacts/gates/mode-b/artifacts/openclaw-local-ci-batch-hosted-batch-047-2ffc7ca0615f/node-agentic-agents-core-subagents/gate-test-shard-agentic-agents-core-subagents.log	artifacts/gates/mode-b/artifacts/openclaw-local-ci-batch-hosted-batch-047-2ffc7ca0615f/node-agentic-agents-core-subagents/gate-test-shard-agentic-agents-core-subagents.log	10f3486a5b64d19249973e3cb5d72e5a4f78ac893258ac41cf84e44c3e3eb578	10f3486a5b64d19249973e3cb5d72e5a4f78ac893258ac41cf84e44c3e3eb578	byte-identical
frozen-warm-basis-corpus	25051f3b77409c45f5ce71c3b3b05aae85b0f8f9	artifacts/gates/mode-b/artifacts/openclaw-local-ci-batch-hosted-batch-047-2ffc7ca0615f/node-agentic-agents-core-subagents/gates.tsv	artifacts/gates/mode-b/artifacts/openclaw-local-ci-batch-hosted-batch-047-2ffc7ca0615f/node-agentic-agents-core-subagents/gates.tsv	f1551086961b83ca9ab21b1bcb4b609058b13db001da115d6d362a8c2e8654a9	f1551086961b83ca9ab21b1bcb4b609058b13db001da115d6d362a8c2e8654a9	byte-identical
frozen-warm-basis-corpus	25051f3b77409c45f5ce71c3b3b05aae85b0f8f9	artifacts/gates/mode-b/artifacts/openclaw-local-ci-batch-hosted-batch-047-2ffc7ca0615f/node-agentic-agents-core-subagents/rc.txt	artifacts/gates/mode-b/artifacts/openclaw-local-ci-batch-hosted-batch-047-2ffc7ca0615f/node-agentic-agents-core-subagents/rc.txt	4355a46b19d348dc2f57c046f8ef63d4538ebb936000f3c9ee954a27460dd865	4355a46b19d348dc2f57c046f8ef63d4538ebb936000f3c9ee954a27460dd865	byte-identical
frozen-warm-basis-corpus	25051f3b77409c45f5ce71c3b3b05aae85b0f8f9	artifacts/gates/mode-b/artifacts/openclaw-local-ci-batch-hosted-batch-047-2ffc7ca0615f/node-agentic-agents-core-subagents/resource-usage.txt	artifacts/gates/mode-b/artifacts/openclaw-local-ci-batch-hosted-batch-047-2ffc7ca0615f/node-agentic-agents-core-subagents/resource-usage.txt	1fc352cd1abcc3c63e5b9b1cb3d0a774b444e0b861d4b00944c75e4cff39951f	1fc352cd1abcc3c63e5b9b1cb3d0a774b444e0b861d4b00944c75e4cff39951f	byte-identical
frozen-warm-basis-corpus	25051f3b77409c45f5ce71c3b3b05aae85b0f8f9	artifacts/gates/mode-b/artifacts/openclaw-local-ci-batch-hosted-batch-047-2ffc7ca0615f/node-agentic-agents-core-subagents/result.json	artifacts/gates/mode-b/artifacts/openclaw-local-ci-batch-hosted-batch-047-2ffc7ca0615f/node-agentic-agents-core-subagents/result.json	3bcf15d0055cb6c2ae815506356b0c44a1f81f682fefe5f83fd3749152566190	3bcf15d0055cb6c2ae815506356b0c44a1f81f682fefe5f83fd3749152566190	byte-identical
frozen-warm-basis-corpus	25051f3b77409c45f5ce71c3b3b05aae85b0f8f9	artifacts/gates/mode-b/artifacts/openclaw-local-ci-batch-hosted-batch-047-2ffc7ca0615f/node-agentic-agents-core-subagents/summary.json	artifacts/gates/mode-b/artifacts/openclaw-local-ci-batch-hosted-batch-047-2ffc7ca0615f/node-agentic-agents-core-subagents/summary.json	72858373c4d748fa7ac1bd4586a07759df99cce7e4c02c014ccc5dad0acb476d	72858373c4d748fa7ac1bd4586a07759df99cce7e4c02c014ccc5dad0acb476d	byte-identical
frozen-warm-basis-corpus	25051f3b77409c45f5ce71c3b3b05aae85b0f8f9	artifacts/gates/mode-b/artifacts/openclaw-local-ci-batch-hosted-batch-047-2ffc7ca0615f/node-agentic-agents-core-subagents/summary.md	artifacts/gates/mode-b/artifacts/openclaw-local-ci-batch-hosted-batch-047-2ffc7ca0615f/node-agentic-agents-core-subagents/summary.md	545a23ba211d80b651ba674eb1acc9d0f7a55916fd8ea91c5a367d91daa08d5c	545a23ba211d80b651ba674eb1acc9d0f7a55916fd8ea91c5a367d91daa08d5c	byte-identical
frozen-warm-basis-corpus	25051f3b77409c45f5ce71c3b3b05aae85b0f8f9	artifacts/gates/mode-b/artifacts/openclaw-local-ci-batch-hosted-batch-055-2ffc7ca0615f/node-core-runtime-config/gate-test-shard-core-runtime-config.log	artifacts/gates/mode-b/artifacts/openclaw-local-ci-batch-hosted-batch-055-2ffc7ca0615f/node-core-runtime-config/gate-test-shard-core-runtime-config.log	304ca6c40d25a181047d131ae88a3099e69b061a6b80d48fbe02cb165946f245	304ca6c40d25a181047d131ae88a3099e69b061a6b80d48fbe02cb165946f245	byte-identical
frozen-warm-basis-corpus	25051f3b77409c45f5ce71c3b3b05aae85b0f8f9	artifacts/gates/mode-b/artifacts/openclaw-local-ci-batch-hosted-batch-055-2ffc7ca0615f/node-core-runtime-config/gates.tsv	artifacts/gates/mode-b/artifacts/openclaw-local-ci-batch-hosted-batch-055-2ffc7ca0615f/node-core-runtime-config/gates.tsv	3d7c862eee99d403c3d1a96b70465965a0f07354df7a656f5f9a347b38137fda	3d7c862eee99d403c3d1a96b70465965a0f07354df7a656f5f9a347b38137fda	byte-identical
frozen-warm-basis-corpus	25051f3b77409c45f5ce71c3b3b05aae85b0f8f9	artifacts/gates/mode-b/artifacts/openclaw-local-ci-batch-hosted-batch-055-2ffc7ca0615f/node-core-runtime-config/rc.txt	artifacts/gates/mode-b/artifacts/openclaw-local-ci-batch-hosted-batch-055-2ffc7ca0615f/node-core-runtime-config/rc.txt	4355a46b19d348dc2f57c046f8ef63d4538ebb936000f3c9ee954a27460dd865	4355a46b19d348dc2f57c046f8ef63d4538ebb936000f3c9ee954a27460dd865	byte-identical
frozen-warm-basis-corpus	25051f3b77409c45f5ce71c3b3b05aae85b0f8f9	artifacts/gates/mode-b/artifacts/openclaw-local-ci-batch-hosted-batch-055-2ffc7ca0615f/node-core-runtime-config/resource-usage.txt	artifacts/gates/mode-b/artifacts/openclaw-local-ci-batch-hosted-batch-055-2ffc7ca0615f/node-core-runtime-config/resource-usage.txt	f05cc4fddb41de2833d33b9fc318a1860f7df6a3aff6b7e7d3a3841159ba8539	f05cc4fddb41de2833d33b9fc318a1860f7df6a3aff6b7e7d3a3841159ba8539	byte-identical
frozen-warm-basis-corpus	25051f3b77409c45f5ce71c3b3b05aae85b0f8f9	artifacts/gates/mode-b/artifacts/openclaw-local-ci-batch-hosted-batch-055-2ffc7ca0615f/node-core-runtime-config/result.json	artifacts/gates/mode-b/artifacts/openclaw-local-ci-batch-hosted-batch-055-2ffc7ca0615f/node-core-runtime-config/result.json	a8d8fd68b037d86ade94883f60eec12a98823226d42a8edf0d391f235fb5b7be	a8d8fd68b037d86ade94883f60eec12a98823226d42a8edf0d391f235fb5b7be	byte-identical
frozen-warm-basis-corpus	25051f3b77409c45f5ce71c3b3b05aae85b0f8f9	artifacts/gates/mode-b/artifacts/openclaw-local-ci-batch-hosted-batch-055-2ffc7ca0615f/node-core-runtime-config/summary.json	artifacts/gates/mode-b/artifacts/openclaw-local-ci-batch-hosted-batch-055-2ffc7ca0615f/node-core-runtime-config/summary.json	3ac8e8a8754a9f116896d1a84abadde53f09b9a5740b74d64f03bdc556582fb2	3ac8e8a8754a9f116896d1a84abadde53f09b9a5740b74d64f03bdc556582fb2	byte-identical
frozen-warm-basis-corpus	25051f3b77409c45f5ce71c3b3b05aae85b0f8f9	artifacts/gates/mode-b/artifacts/openclaw-local-ci-batch-hosted-batch-055-2ffc7ca0615f/node-core-runtime-config/summary.md	artifacts/gates/mode-b/artifacts/openclaw-local-ci-batch-hosted-batch-055-2ffc7ca0615f/node-core-runtime-config/summary.md	d34b9e056eccaef5a3547868658f52b5c3e07e03192ea6f2e0ae6b38be823e20	d34b9e056eccaef5a3547868658f52b5c3e07e03192ea6f2e0ae6b38be823e20	byte-identical
frozen-warm-basis-corpus	25051f3b77409c45f5ce71c3b3b05aae85b0f8f9	artifacts/gates/mode-b/artifacts/openclaw-local-ci-batch-local-batch-057-2ffc7ca0615f/node-core-tooling-3/gate-test-shard-core-tooling-3.log	artifacts/gates/mode-b/artifacts/openclaw-local-ci-batch-local-batch-057-2ffc7ca0615f/node-core-tooling-3/gate-test-shard-core-tooling-3.log	d0db0346644043a0175031b3de12ea9d76007886371df1c583e8aba25b98e00e	d0db0346644043a0175031b3de12ea9d76007886371df1c583e8aba25b98e00e	byte-identical
frozen-warm-basis-corpus	25051f3b77409c45f5ce71c3b3b05aae85b0f8f9	artifacts/gates/mode-b/artifacts/openclaw-local-ci-batch-local-batch-057-2ffc7ca0615f/node-core-tooling-3/gates.tsv	artifacts/gates/mode-b/artifacts/openclaw-local-ci-batch-local-batch-057-2ffc7ca0615f/node-core-tooling-3/gates.tsv	8fe3573f9ae29503d72f7af3e5ca1e02b30838505bb17a82c4fd0a226f96de90	8fe3573f9ae29503d72f7af3e5ca1e02b30838505bb17a82c4fd0a226f96de90	byte-identical
frozen-warm-basis-corpus	25051f3b77409c45f5ce71c3b3b05aae85b0f8f9	artifacts/gates/mode-b/artifacts/openclaw-local-ci-batch-local-batch-057-2ffc7ca0615f/node-core-tooling-3/rc.txt	artifacts/gates/mode-b/artifacts/openclaw-local-ci-batch-local-batch-057-2ffc7ca0615f/node-core-tooling-3/rc.txt	4355a46b19d348dc2f57c046f8ef63d4538ebb936000f3c9ee954a27460dd865	4355a46b19d348dc2f57c046f8ef63d4538ebb936000f3c9ee954a27460dd865	byte-identical
frozen-warm-basis-corpus	25051f3b77409c45f5ce71c3b3b05aae85b0f8f9	artifacts/gates/mode-b/artifacts/openclaw-local-ci-batch-local-batch-057-2ffc7ca0615f/node-core-tooling-3/resource-usage.txt	artifacts/gates/mode-b/artifacts/openclaw-local-ci-batch-local-batch-057-2ffc7ca0615f/node-core-tooling-3/resource-usage.txt	8623ac26f5d6634cdc9fbc6a30ef0b14d547b04470ae824a8566d0a1b905cf91	8623ac26f5d6634cdc9fbc6a30ef0b14d547b04470ae824a8566d0a1b905cf91	byte-identical
frozen-warm-basis-corpus	25051f3b77409c45f5ce71c3b3b05aae85b0f8f9	artifacts/gates/mode-b/artifacts/openclaw-local-ci-batch-local-batch-057-2ffc7ca0615f/node-core-tooling-3/result.json	artifacts/gates/mode-b/artifacts/openclaw-local-ci-batch-local-batch-057-2ffc7ca0615f/node-core-tooling-3/result.json	a1ab89acb23dabcd3ce94c4e520de71587e571d2a3615560c8c5ddd5ecb14d30	a1ab89acb23dabcd3ce94c4e520de71587e571d2a3615560c8c5ddd5ecb14d30	byte-identical
frozen-warm-basis-corpus	25051f3b77409c45f5ce71c3b3b05aae85b0f8f9	artifacts/gates/mode-b/artifacts/openclaw-local-ci-batch-local-batch-057-2ffc7ca0615f/node-core-tooling-3/summary.json	artifacts/gates/mode-b/artifacts/openclaw-local-ci-batch-local-batch-057-2ffc7ca0615f/node-core-tooling-3/summary.json	d8d460f411f40926e8bac83d0b1d11caee68773267d91e35bed13dda769ae068	d8d460f411f40926e8bac83d0b1d11caee68773267d91e35bed13dda769ae068	byte-identical
frozen-warm-basis-corpus	25051f3b77409c45f5ce71c3b3b05aae85b0f8f9	artifacts/gates/mode-b/artifacts/openclaw-local-ci-batch-local-batch-057-2ffc7ca0615f/node-core-tooling-3/summary.md	artifacts/gates/mode-b/artifacts/openclaw-local-ci-batch-local-batch-057-2ffc7ca0615f/node-core-tooling-3/summary.md	7ed680e358686897248b6eb4f408b66a37e0c696672ccd5c09480f6d4c87fd7d	7ed680e358686897248b6eb4f408b66a37e0c696672ccd5c09480f6d4c87fd7d	byte-identical
frozen-warm-basis-corpus	25051f3b77409c45f5ce71c3b3b05aae85b0f8f9	artifacts/gates/mode-b/artifacts/openclaw-local-ci-batch-local-batch-066-2ffc7ca0615f/node-agentic-cli/gate-test-shard-agentic-cli.log	artifacts/gates/mode-b/artifacts/openclaw-local-ci-batch-local-batch-066-2ffc7ca0615f/node-agentic-cli/gate-test-shard-agentic-cli.log	f419f5cfde317cf46e79bccc0875a2c048fcb20dc085608eeddb08af3e154280	f419f5cfde317cf46e79bccc0875a2c048fcb20dc085608eeddb08af3e154280	byte-identical
frozen-warm-basis-corpus	25051f3b77409c45f5ce71c3b3b05aae85b0f8f9	artifacts/gates/mode-b/artifacts/openclaw-local-ci-batch-local-batch-066-2ffc7ca0615f/node-agentic-cli/gates.tsv	artifacts/gates/mode-b/artifacts/openclaw-local-ci-batch-local-batch-066-2ffc7ca0615f/node-agentic-cli/gates.tsv	92f68455e079c0713605064e274bb86e38a48623313f08d4822739864704f424	92f68455e079c0713605064e274bb86e38a48623313f08d4822739864704f424	byte-identical
frozen-warm-basis-corpus	25051f3b77409c45f5ce71c3b3b05aae85b0f8f9	artifacts/gates/mode-b/artifacts/openclaw-local-ci-batch-local-batch-066-2ffc7ca0615f/node-agentic-cli/rc.txt	artifacts/gates/mode-b/artifacts/openclaw-local-ci-batch-local-batch-066-2ffc7ca0615f/node-agentic-cli/rc.txt	4355a46b19d348dc2f57c046f8ef63d4538ebb936000f3c9ee954a27460dd865	4355a46b19d348dc2f57c046f8ef63d4538ebb936000f3c9ee954a27460dd865	byte-identical
frozen-warm-basis-corpus	25051f3b77409c45f5ce71c3b3b05aae85b0f8f9	artifacts/gates/mode-b/artifacts/openclaw-local-ci-batch-local-batch-066-2ffc7ca0615f/node-agentic-cli/resource-usage.txt	artifacts/gates/mode-b/artifacts/openclaw-local-ci-batch-local-batch-066-2ffc7ca0615f/node-agentic-cli/resource-usage.txt	b09c6dfb60693ac73f0642647198d9a350a406563e02597d643894f8bbe663a5	b09c6dfb60693ac73f0642647198d9a350a406563e02597d643894f8bbe663a5	byte-identical
frozen-warm-basis-corpus	25051f3b77409c45f5ce71c3b3b05aae85b0f8f9	artifacts/gates/mode-b/artifacts/openclaw-local-ci-batch-local-batch-066-2ffc7ca0615f/node-agentic-cli/result.json	artifacts/gates/mode-b/artifacts/openclaw-local-ci-batch-local-batch-066-2ffc7ca0615f/node-agentic-cli/result.json	34ae08cb24d4f2f222371081f386ce12e2af8e057167d812dc5179315f78fbec	34ae08cb24d4f2f222371081f386ce12e2af8e057167d812dc5179315f78fbec	byte-identical
frozen-warm-basis-corpus	25051f3b77409c45f5ce71c3b3b05aae85b0f8f9	artifacts/gates/mode-b/artifacts/openclaw-local-ci-batch-local-batch-066-2ffc7ca0615f/node-agentic-cli/summary.json	artifacts/gates/mode-b/artifacts/openclaw-local-ci-batch-local-batch-066-2ffc7ca0615f/node-agentic-cli/summary.json	220d950b64337594b1c3a28d5bdde1ec2beee458154b1a574bd6b4f5bb324281	220d950b64337594b1c3a28d5bdde1ec2beee458154b1a574bd6b4f5bb324281	byte-identical
frozen-warm-basis-corpus	25051f3b77409c45f5ce71c3b3b05aae85b0f8f9	artifacts/gates/mode-b/artifacts/openclaw-local-ci-batch-local-batch-066-2ffc7ca0615f/node-agentic-cli/summary.md	artifacts/gates/mode-b/artifacts/openclaw-local-ci-batch-local-batch-066-2ffc7ca0615f/node-agentic-cli/summary.md	c6bc7468342ed989699fd2bcb337b2878bae283c29fc32f6478616dafd3b72d8	c6bc7468342ed989699fd2bcb337b2878bae283c29fc32f6478616dafd3b72d8	byte-identical
frozen-warm-basis-corpus	25051f3b77409c45f5ce71c3b3b05aae85b0f8f9	artifacts/gates/mode-b/commands-learn-exact-red.log	artifacts/gates/mode-b/commands-learn-exact-red.log	0ce77fa97e642876bdc650dd13784675fbfa3cb72257b04b172b4b0698e1f0ff	0ce77fa97e642876bdc650dd13784675fbfa3cb72257b04b172b4b0698e1f0ff	byte-identical
frozen-warm-basis-corpus	25051f3b77409c45f5ce71c3b3b05aae85b0f8f9	artifacts/gates/mode-b/upstream-blob-identity.txt	artifacts/gates/mode-b/upstream-blob-identity.txt	786cc9b6f38c8b445854082eabdfe7fc5a5102f00f751dc497dce151605bcd46	786cc9b6f38c8b445854082eabdfe7fc5a5102f00f751dc497dce151605bcd46	byte-identical
frozen-warm-basis-corpus	25051f3b77409c45f5ce71c3b3b05aae85b0f8f9	artifacts/live/LIVE-PROOF.public.json	artifacts/live/LIVE-PROOF.public.json	bb821bd1a5f8dfff5f62355460b3f6598ebe44298d5772d777cd730878388d10	10fdecec2c4c34916c98f231b2cd2f2bfb2ee968780996c8d68e2f8961bb1703	target-rebound
frozen-warm-basis-corpus	25051f3b77409c45f5ce71c3b3b05aae85b0f8f9	artifacts/live/a0aa4ec8aefe95ced34342978b64c270c16ec3e9/R-CW-1/README.md	artifacts/live/a0aa4ec8aefe95ced34342978b64c270c16ec3e9/R-CW-1/README.md	f630a61826196e9f1a5fc4fb54ad833bf328a969ce1ee94be7cc803cf7b03616	f630a61826196e9f1a5fc4fb54ad833bf328a969ce1ee94be7cc803cf7b03616	byte-identical
frozen-warm-basis-corpus	25051f3b77409c45f5ce71c3b3b05aae85b0f8f9	artifacts/live/a0aa4ec8aefe95ced34342978b64c270c16ec3e9/R-CW-1/SHA256SUMS	artifacts/live/a0aa4ec8aefe95ced34342978b64c270c16ec3e9/R-CW-1/SHA256SUMS	6580bb6563df65187bace930bc49eaedbe57a0c604c0f133db7072644579b326	6580bb6563df65187bace930bc49eaedbe57a0c604c0f133db7072644579b326	byte-identical
frozen-warm-basis-corpus	25051f3b77409c45f5ce71c3b3b05aae85b0f8f9	artifacts/live/a0aa4ec8aefe95ced34342978b64c270c16ec3e9/R-CW-1/candidate-run-result-validation.error.log	artifacts/live/a0aa4ec8aefe95ced34342978b64c270c16ec3e9/R-CW-1/candidate-run-result-validation.error.log	035422e76458e664bf234c7185662814ec39d18c7f2caa6efa92a6f7c40be534	035422e76458e664bf234c7185662814ec39d18c7f2caa6efa92a6f7c40be534	byte-identical
frozen-warm-basis-corpus	25051f3b77409c45f5ce71c3b3b05aae85b0f8f9	artifacts/live/a0aa4ec8aefe95ced34342978b64c270c16ec3e9/R-CW-1/continuation-trace-collector.error.log	artifacts/live/a0aa4ec8aefe95ced34342978b64c270c16ec3e9/R-CW-1/continuation-trace-collector.error.log	10e3d09cfff7169966062cd292e17108ae148c7a5e7916df751b57e9c1dd5ef8	10e3d09cfff7169966062cd292e17108ae148c7a5e7916df751b57e9c1dd5ef8	byte-identical
frozen-warm-basis-corpus	25051f3b77409c45f5ce71c3b3b05aae85b0f8f9	artifacts/live/a0aa4ec8aefe95ced34342978b64c270c16ec3e9/R-CW-1/evidence-redaction.json	artifacts/live/a0aa4ec8aefe95ced34342978b64c270c16ec3e9/R-CW-1/evidence-redaction.json	a0e773197db72af9d042298465dabf493eee7849a8d3cf6ab68a48e7d63b8647	a0e773197db72af9d042298465dabf493eee7849a8d3cf6ab68a48e7d63b8647	byte-identical
frozen-warm-basis-corpus	25051f3b77409c45f5ce71c3b3b05aae85b0f8f9	artifacts/live/a0aa4ec8aefe95ced34342978b64c270c16ec3e9/R-CW-1/gateway-journal-redaction.json	artifacts/live/a0aa4ec8aefe95ced34342978b64c270c16ec3e9/R-CW-1/gateway-journal-redaction.json	b0b83605d409c78c5b54e52b7098147e57e934105b7fb8fbef5b39cc6eb780e4	b0b83605d409c78c5b54e52b7098147e57e934105b7fb8fbef5b39cc6eb780e4	byte-identical
frozen-warm-basis-corpus	25051f3b77409c45f5ce71c3b3b05aae85b0f8f9	artifacts/live/a0aa4ec8aefe95ced34342978b64c270c16ec3e9/R-CW-1/harness-provenance.json	artifacts/live/a0aa4ec8aefe95ced34342978b64c270c16ec3e9/R-CW-1/harness-provenance.json	e01f99d1975ec199802c6be811b2f91b573944d981e42a376a010bc924ed1c30	e01f99d1975ec199802c6be811b2f91b573944d981e42a376a010bc924ed1c30	byte-identical
frozen-warm-basis-corpus	25051f3b77409c45f5ce71c3b3b05aae85b0f8f9	artifacts/live/a0aa4ec8aefe95ced34342978b64c270c16ec3e9/R-CW-1/metrics-export.json	artifacts/live/a0aa4ec8aefe95ced34342978b64c270c16ec3e9/R-CW-1/metrics-export.json	a2a6c18c96fdaa8f1875c0f556ea805674f6e402721cea1d97b306f2a42ff737	a2a6c18c96fdaa8f1875c0f556ea805674f6e402721cea1d97b306f2a42ff737	byte-identical
frozen-warm-basis-corpus	25051f3b77409c45f5ce71c3b3b05aae85b0f8f9	artifacts/live/a0aa4ec8aefe95ced34342978b64c270c16ec3e9/R-CW-1/openclaw-proofs-k6.otlp.json	artifacts/live/a0aa4ec8aefe95ced34342978b64c270c16ec3e9/R-CW-1/openclaw-proofs-k6.otlp.json	cf8ff4a3ec4b85324a5f7dbd4a7a6a035dfd65b6ec1d012cda626448a77d2721	cf8ff4a3ec4b85324a5f7dbd4a7a6a035dfd65b6ec1d012cda626448a77d2721	byte-identical
frozen-warm-basis-corpus	25051f3b77409c45f5ce71c3b3b05aae85b0f8f9	artifacts/live/a0aa4ec8aefe95ced34342978b64c270c16ec3e9/R-CW-1/r-cw-1-tool-schedule-wake-summary.json	artifacts/live/a0aa4ec8aefe95ced34342978b64c270c16ec3e9/R-CW-1/r-cw-1-tool-schedule-wake-summary.json	49148e3899ff514c7485cbf6dd9d909669ca9dc098fa6d39b720972b67f0d2ad	49148e3899ff514c7485cbf6dd9d909669ca9dc098fa6d39b720972b67f0d2ad	byte-identical
frozen-warm-basis-corpus	25051f3b77409c45f5ce71c3b3b05aae85b0f8f9	artifacts/live/a0aa4ec8aefe95ced34342978b64c270c16ec3e9/R-CW-1/row-manifest.json	artifacts/live/a0aa4ec8aefe95ced34342978b64c270c16ec3e9/R-CW-1/row-manifest.json	af301b22552060aea8a4a8422d067b5e32f91ce255eff8fbe2282b0d15d93652	af301b22552060aea8a4a8422d067b5e32f91ce255eff8fbe2282b0d15d93652	byte-identical
frozen-warm-basis-corpus	25051f3b77409c45f5ce71c3b3b05aae85b0f8f9	artifacts/live/a0aa4ec8aefe95ced34342978b64c270c16ec3e9/R-CW-1/row-scenario.js	artifacts/live/a0aa4ec8aefe95ced34342978b64c270c16ec3e9/R-CW-1/row-scenario.js	a511f5815c9dffe1baf1d14d1a04612bcc3f86c7b0ecb0b4a2659cf39880c2f5	a511f5815c9dffe1baf1d14d1a04612bcc3f86c7b0ecb0b4a2659cf39880c2f5	byte-identical
frozen-warm-basis-corpus	25051f3b77409c45f5ce71c3b3b05aae85b0f8f9	artifacts/live/a0aa4ec8aefe95ced34342978b64c270c16ec3e9/R-CW-1/run-result.json	artifacts/live/a0aa4ec8aefe95ced34342978b64c270c16ec3e9/R-CW-1/run-result.json	2cbcd28547dcb1dd80f9a811cb6012dadbb6c229a4cb662756fac7400ff5f316	2cbcd28547dcb1dd80f9a811cb6012dadbb6c229a4cb662756fac7400ff5f316	byte-identical
frozen-warm-basis-corpus	25051f3b77409c45f5ce71c3b3b05aae85b0f8f9	artifacts/live/a0aa4ec8aefe95ced34342978b64c270c16ec3e9/R-CW-1/runner-metadata.json	artifacts/live/a0aa4ec8aefe95ced34342978b64c270c16ec3e9/R-CW-1/runner-metadata.json	db8e597ffc420dddfcb3d3a23361b11a75e6bc0c667b5a5d1927dcbf98723b40	db8e597ffc420dddfcb3d3a23361b11a75e6bc0c667b5a5d1927dcbf98723b40	byte-identical
frozen-warm-basis-corpus	25051f3b77409c45f5ce71c3b3b05aae85b0f8f9	artifacts/live/a0aa4ec8aefe95ced34342978b64c270c16ec3e9/R-CW-1/runtime-identity-proof.txt	artifacts/live/a0aa4ec8aefe95ced34342978b64c270c16ec3e9/R-CW-1/runtime-identity-proof.txt	e8f4240506bc6c652e064861d3304f9e191362dd524f8a292d3c46f4e9ae0b8a	e8f4240506bc6c652e064861d3304f9e191362dd524f8a292d3c46f4e9ae0b8a	byte-identical
frozen-warm-basis-corpus	25051f3b77409c45f5ce71c3b3b05aae85b0f8f9	artifacts/live/a0aa4ec8aefe95ced34342978b64c270c16ec3e9/R-CW-1/runtime-identity.json	artifacts/live/a0aa4ec8aefe95ced34342978b64c270c16ec3e9/R-CW-1/runtime-identity.json	3994c32bfde27a914caaa0dd167dcd9eb30f2b5013070fccfda4313dfedde009	3994c32bfde27a914caaa0dd167dcd9eb30f2b5013070fccfda4313dfedde009	byte-identical
frozen-warm-basis-corpus	25051f3b77409c45f5ce71c3b3b05aae85b0f8f9	artifacts/live/a0aa4ec8aefe95ced34342978b64c270c16ec3e9/R-CW-1/seat-readiness.json	artifacts/live/a0aa4ec8aefe95ced34342978b64c270c16ec3e9/R-CW-1/seat-readiness.json	31e7d309db98cf69ff4390d4216f1254717e13e32d066fa4a56e0d5fcea89708	31e7d309db98cf69ff4390d4216f1254717e13e32d066fa4a56e0d5fcea89708	byte-identical
frozen-warm-basis-corpus	25051f3b77409c45f5ce71c3b3b05aae85b0f8f9	artifacts/live/fresh-addressed-ingress.json	artifacts/live/fresh-addressed-ingress.json	001e5bcfcedfd14819753fa832602dcf1a02fea695ab028a5e8043ddc3e4ca0e	b65ed6d2f648905465190ab087a511ce39bb45a6e101f055b7b66c1250f15fb3	target-rebound
frozen-warm-basis-corpus	25051f3b77409c45f5ce71c3b3b05aae85b0f8f9	artifacts/live/fresh-addressed.json	artifacts/live/fresh-addressed.json	0fe1c7dc9c38cab87c405a52e8b1218a1e881587c4f867f605ab697fea3132d7	44f81ef1e34d0edaa42fdc8f3e0105de5a8288b34ce6c149befba8c2df42f070	target-rebound
frozen-warm-basis-corpus	25051f3b77409c45f5ce71c3b3b05aae85b0f8f9	artifacts/live/stale-suppression-after.json	artifacts/live/stale-suppression-after.json	c79e61d18c4f82bd9c93954cae2e98a5d8159b39febedcef2a51c790c924c03e	035f5c80aea93014a731ba656868ec4a653d2f64268d1e09c735a0e6340be336	target-rebound
frozen-warm-basis-corpus	25051f3b77409c45f5ce71c3b3b05aae85b0f8f9	artifacts/live/stale-suppression-journal.txt	artifacts/live/stale-suppression-journal.txt	a64a2aeec063126e4dfe38696eda931a308360e1c255ea51381a67d1a261704a	a64a2aeec063126e4dfe38696eda931a308360e1c255ea51381a67d1a261704a	byte-identical
frozen-warm-basis-corpus	25051f3b77409c45f5ce71c3b3b05aae85b0f8f9	artifacts/live/tempo-3cf767738f41a688b8abac16479576e0.public.json	artifacts/live/tempo-3cf767738f41a688b8abac16479576e0.public.json	afe492d294899bcd1d2ac9856f4494fb30c801aa80eb82eeeaee36666c6c52a7	3d6de7549c5833781758eb43b5394b76308b997fa07e7cd9e158ad955a5fdc46	target-rebound
frozen-warm-basis-corpus	25051f3b77409c45f5ce71c3b3b05aae85b0f8f9	artifacts/live/tempo-57442f0e220024f06039bc21648bfe4.public.json	artifacts/live/tempo-57442f0e220024f06039bc21648bfe4.public.json	917d3506fab93d21be6ab95a2f7eaffc061782515181f8386c5836ec5c2ed9c4	b74adbf89211ac6b64b8209af1becdde1ba0f27a57a4ec6f255b4fab2085ba37	target-rebound
frozen-warm-basis-corpus	25051f3b77409c45f5ce71c3b3b05aae85b0f8f9	artifacts/live/tempo-9c06bc96ec2ce77b4eb95062aba48812-final.public.json	artifacts/live/tempo-9c06bc96ec2ce77b4eb95062aba48812-final.public.json	67d7675e4e4795227e0f0358cff838bdb325c1cc4a729ec8a3e1124eef5a9fb3	00c8946691c310ddc36e303319d82ac1d0fc047a8a84ec1a9ba6631c73c05e09	target-rebound
frozen-warm-basis-corpus	25051f3b77409c45f5ce71c3b3b05aae85b0f8f9	artifacts/live/tempo-a9b36f2205260bd7190f6209ac12df91.public.json	artifacts/live/tempo-a9b36f2205260bd7190f6209ac12df91.public.json	d8d67d79bcf498f3fa6fb637ab675f17d8505236e58f9f958cdf9b04912ebd11	b2d44d947f0235fd9932699353f9eb85b5c4b09d986d9fcc46c498bfd2487bf0	target-rebound
frozen-warm-basis-corpus	25051f3b77409c45f5ce71c3b3b05aae85b0f8f9	artifacts/live/tempo-aa1cadb296d16a23c3f0d3fecac03b3f.public.json	artifacts/live/tempo-aa1cadb296d16a23c3f0d3fecac03b3f.public.json	cdc0086037024c15aafe6274f38b3f54b6e9ad8dc8643ee0c9718fe57c6e7e2a	77131bc443331a08fc38b0815dd4d2817f3610ad6e684457a827ed3fed68907d	target-rebound
frozen-warm-basis-corpus	25051f3b77409c45f5ce71c3b3b05aae85b0f8f9	artifacts/live/tempo-f896f09bf24fb4b442d33e9d7af5e59.public.json	artifacts/live/tempo-f896f09bf24fb4b442d33e9d7af5e59.public.json	9c0de0f443822389a80c87db7975a830cfd409d71a4ec5098bdae6a4a40759c6	96c4a9f5295682891e7de91093e5e0e850e06769f6b07ba89791ccd40810e9c2	target-rebound
frozen-warm-basis-corpus	25051f3b77409c45f5ce71c3b3b05aae85b0f8f9	artifacts/promotion/25051f3b77409c45f5ce71c3b3b05aae85b0f8f9/README.md	artifacts/promotion/25051f3b77409c45f5ce71c3b3b05aae85b0f8f9/README.md	c8ca1cf13c4a8402f074a08495745e37f9a37990f0681f3c8c325e78c567f849	c8ca1cf13c4a8402f074a08495745e37f9a37990f0681f3c8c325e78c567f849	byte-identical
frozen-warm-basis-corpus	25051f3b77409c45f5ce71c3b3b05aae85b0f8f9	artifacts/promotion/25051f3b77409c45f5ce71c3b3b05aae85b0f8f9/SHA256SUMS	artifacts/promotion/25051f3b77409c45f5ce71c3b3b05aae85b0f8f9/SHA256SUMS	8e14fee2b8f15edcd597d243846a7949c90fb18e820bbde962ecee53eff8329d	8e14fee2b8f15edcd597d243846a7949c90fb18e820bbde962ecee53eff8329d	byte-identical
frozen-warm-basis-corpus	25051f3b77409c45f5ce71c3b3b05aae85b0f8f9	artifacts/promotion/25051f3b77409c45f5ce71c3b3b05aae85b0f8f9/affected-slice.log	artifacts/promotion/25051f3b77409c45f5ce71c3b3b05aae85b0f8f9/affected-slice.log	669b1b1019ebc553daf4ad11fff5d7aaf2fd007dcc17401f8294cfbd332b0cf5	669b1b1019ebc553daf4ad11fff5d7aaf2fd007dcc17401f8294cfbd332b0cf5	byte-identical
frozen-warm-basis-corpus	25051f3b77409c45f5ce71c3b3b05aae85b0f8f9	artifacts/promotion/25051f3b77409c45f5ce71c3b3b05aae85b0f8f9/materiality.json	artifacts/promotion/25051f3b77409c45f5ce71c3b3b05aae85b0f8f9/materiality.json	92e5af9380895d646cc3259c59761bfa4b027d2ebd83225c31c20dcdb2757bf3	92e5af9380895d646cc3259c59761bfa4b027d2ebd83225c31c20dcdb2757bf3	byte-identical
frozen-warm-basis-corpus	25051f3b77409c45f5ce71c3b3b05aae85b0f8f9	artifacts/promotion/25051f3b77409c45f5ce71c3b3b05aae85b0f8f9/owner-686.log	artifacts/promotion/25051f3b77409c45f5ce71c3b3b05aae85b0f8f9/owner-686.log	39f2b50e343cdad9206e0dd9ec706692284d06582ffe3027b44ee0fe60a56d88	39f2b50e343cdad9206e0dd9ec706692284d06582ffe3027b44ee0fe60a56d88	byte-identical
frozen-warm-basis-corpus	25051f3b77409c45f5ce71c3b3b05aae85b0f8f9	artifacts/promotion/25051f3b77409c45f5ce71c3b3b05aae85b0f8f9/static-types-build.log	artifacts/promotion/25051f3b77409c45f5ce71c3b3b05aae85b0f8f9/static-types-build.log	90877c78b536dbdbf072f9052ab697a1b0c12c7c69a1c5fa8e2d411bce55cc94	90877c78b536dbdbf072f9052ab697a1b0c12c7c69a1c5fa8e2d411bce55cc94	byte-identical
frozen-warm-basis-corpus	25051f3b77409c45f5ce71c3b3b05aae85b0f8f9	artifacts/transposition/IDENTITY-SEMANTICS.md	artifacts/transposition/IDENTITY-SEMANTICS.md	10acdc343d2f70e316de52019bb1b7961eff580a52df04b2fc21ef7d03513167	a85dcf5d172af747500e1025b9961b7122a3880383e92fd2c6d8458cf11e3f2f	target-rebound
frozen-warm-basis-corpus	25051f3b77409c45f5ce71c3b3b05aae85b0f8f9	artifacts/transposition/SOURCE-MAPPING.tsv	artifacts/transposition/SOURCE-MAPPING.tsv	dd20b02b0c5eee72d9b8f746aa08884aebdfb35ee2f074362f3edb6ba95ae775	dd20b02b0c5eee72d9b8f746aa08884aebdfb35ee2f074362f3edb6ba95ae775	byte-identical
frozen-warm-basis-corpus	25051f3b77409c45f5ce71c3b3b05aae85b0f8f9	proofs-manifest.json	proofs-manifest.json	dc49224d1bd0e9af73edb2e2e1db1dc987a04418cda36f16607a7a8f58915c21	d382370c54915180cc6b16706f8f9c771ac194d099405d53cf2e322e1d249b0c	target-rebound
