==========================================================
Project 81: Seat-Aware k6 Proof Runner
Seat: cael
Target Candidate SHA: 5292af40d0ad5303b85a678f6e629503a8725848
Deployed Runtime SHA: OpenClaw 2026.6.11 (5292af4)
Session: p81-5292-cael-r-cd-silent
Artifact root: /home/figs/actions-runner/_work/openclaw-bootstrap/openclaw-bootstrap/openclaw-bootstrap/PROOFS/ffcfeee2dedebb2e8ba68be5c03efc8771aa15c3/project81-k6/20260709T055113Z-cael-dgx-4137805
Rows: R-CD-SILENT
Dry Run: false
==========================================================
Running seat-readiness preflight (k6/tooling/gateway/continuation config)...
SEAT READINESS: /home/figs/actions-runner/_work/openclaw-bootstrap/openclaw-bootstrap/openclaw-bootstrap/PROOFS/ffcfeee2dedebb2e8ba68be5c03efc8771aa15c3/project81-k6/20260709T055113Z-cael-dgx-4137805/seat-readiness.json

----------------------------------------
Row: R-CD-SILENT
Manifest: /home/figs/actions-runner/_work/openclaw-bootstrap/openclaw-bootstrap/karmaterminal-openclaw-docs/tools/k6-proofs/manifests/r-cd-silent.json
Scenario: scenarios/r-cd-silent.js
Status: runnable
Live Safety: k6-runnable
[R-CD-SILENT] RUNNING...

         /\      Grafana   /‾‾/  
    /\  /  \     |\  __   /  /   
   /  \/    \    | |/ /  /   ‾‾\ 
  /          \   |   (  |  (‾)  |
 / __________ \  |_|\_\  \_____/ 


     execution: local
        script: scenarios/r-cd-silent.js
        output: -

     scenarios: (100.00%) 1 scenario, 1 max VUs, 4m0s max duration (incl. graceful stop):
              * r_cd_silent: 1 iterations shared among 1 VUs (maxDuration: 3m30s, gracefulStop: 30s)

time="2026-07-08T22:51:17-07:00" level=info msg="✓ disposable session created: agent:main:r-cd-silent-r-cd-silent-1783576276671-tom8ibmf" source=console
time="2026-07-08T22:51:17-07:00" level=info msg="✓ dispatch sessions.send accepted for mode=silent" source=console

running (0m01.0s), 1/1 VUs, 0 complete and 0 interrupted iterations
r_cd_silent   [   0% ] 1 VUs  0m01.0s/3m30s  0/1 shared iters

running (0m02.0s), 1/1 VUs, 0 complete and 0 interrupted iterations
r_cd_silent   [   0% ] 1 VUs  0m02.0s/3m30s  0/1 shared iters

running (0m03.0s), 1/1 VUs, 0 complete and 0 interrupted iterations
r_cd_silent   [   0% ] 1 VUs  0m03.0s/3m30s  0/1 shared iters

running (0m04.0s), 1/1 VUs, 0 complete and 0 interrupted iterations
r_cd_silent   [   0% ] 1 VUs  0m04.0s/3m30s  0/1 shared iters

running (0m05.0s), 1/1 VUs, 0 complete and 0 interrupted iterations
r_cd_silent   [   0% ] 1 VUs  0m05.0s/3m30s  0/1 shared iters

running (0m06.0s), 1/1 VUs, 0 complete and 0 interrupted iterations
r_cd_silent   [   0% ] 1 VUs  0m06.0s/3m30s  0/1 shared iters

running (0m07.0s), 1/1 VUs, 0 complete and 0 interrupted iterations
r_cd_silent   [   0% ] 1 VUs  0m07.0s/3m30s  0/1 shared iters

running (0m08.0s), 1/1 VUs, 0 complete and 0 interrupted iterations
r_cd_silent   [   0% ] 1 VUs  0m08.0s/3m30s  0/1 shared iters

running (0m09.0s), 1/1 VUs, 0 complete and 0 interrupted iterations
r_cd_silent   [   0% ] 1 VUs  0m09.0s/3m30s  0/1 shared iters

running (0m10.0s), 1/1 VUs, 0 complete and 0 interrupted iterations
r_cd_silent   [   0% ] 1 VUs  0m10.0s/3m30s  0/1 shared iters

running (0m11.0s), 1/1 VUs, 0 complete and 0 interrupted iterations
r_cd_silent   [   0% ] 1 VUs  0m11.0s/3m30s  0/1 shared iters

running (0m12.0s), 1/1 VUs, 0 complete and 0 interrupted iterations
r_cd_silent   [   0% ] 1 VUs  0m12.0s/3m30s  0/1 shared iters

running (0m13.0s), 1/1 VUs, 0 complete and 0 interrupted iterations
r_cd_silent   [   0% ] 1 VUs  0m13.0s/3m30s  0/1 shared iters

running (0m14.0s), 1/1 VUs, 0 complete and 0 interrupted iterations
r_cd_silent   [   0% ] 1 VUs  0m14.0s/3m30s  0/1 shared iters

running (0m15.0s), 1/1 VUs, 0 complete and 0 interrupted iterations
r_cd_silent   [   0% ] 1 VUs  0m15.0s/3m30s  0/1 shared iters

running (0m16.0s), 1/1 VUs, 0 complete and 0 interrupted iterations
r_cd_silent   [   0% ] 1 VUs  0m16.0s/3m30s  0/1 shared iters

running (0m17.0s), 1/1 VUs, 0 complete and 0 interrupted iterations
r_cd_silent   [   0% ] 1 VUs  0m17.0s/3m30s  0/1 shared iters

running (0m18.0s), 1/1 VUs, 0 complete and 0 interrupted iterations
r_cd_silent   [   0% ] 1 VUs  0m18.0s/3m30s  0/1 shared iters
time="2026-07-08T22:51:35-07:00" level=info msg="✓ scheduled sentinel observed" source=console
time="2026-07-08T22:51:35-07:00" level=info msg="✓ scheduled sentinel observed" source=console
time="2026-07-08T22:51:35-07:00" level=info msg="✓ scheduled sentinel observed" source=console
time="2026-07-08T22:51:35-07:00" level=info msg="✓ scheduled sentinel observed" source=console

running (0m19.0s), 1/1 VUs, 0 complete and 0 interrupted iterations
r_cd_silent   [   0% ] 1 VUs  0m19.0s/3m30s  0/1 shared iters

running (0m20.0s), 1/1 VUs, 0 complete and 0 interrupted iterations
r_cd_silent   [   0% ] 1 VUs  0m20.0s/3m30s  0/1 shared iters

running (0m21.0s), 1/1 VUs, 0 complete and 0 interrupted iterations
r_cd_silent   [   0% ] 1 VUs  0m21.0s/3m30s  0/1 shared iters

running (0m22.0s), 1/1 VUs, 0 complete and 0 interrupted iterations
r_cd_silent   [   0% ] 1 VUs  0m22.0s/3m30s  0/1 shared iters

running (0m23.0s), 1/1 VUs, 0 complete and 0 interrupted iterations
r_cd_silent   [   0% ] 1 VUs  0m23.0s/3m30s  0/1 shared iters

running (0m24.0s), 1/1 VUs, 0 complete and 0 interrupted iterations
r_cd_silent   [   0% ] 1 VUs  0m24.0s/3m30s  0/1 shared iters

running (0m25.0s), 1/1 VUs, 0 complete and 0 interrupted iterations
r_cd_silent   [   0% ] 1 VUs  0m25.0s/3m30s  0/1 shared iters

running (0m26.0s), 1/1 VUs, 0 complete and 0 interrupted iterations
r_cd_silent   [   0% ] 1 VUs  0m26.0s/3m30s  0/1 shared iters

running (0m27.0s), 1/1 VUs, 0 complete and 0 interrupted iterations
r_cd_silent   [   0% ] 1 VUs  0m27.0s/3m30s  0/1 shared iters

running (0m28.0s), 1/1 VUs, 0 complete and 0 interrupted iterations
r_cd_silent   [   0% ] 1 VUs  0m28.0s/3m30s  0/1 shared iters

running (0m29.0s), 1/1 VUs, 0 complete and 0 interrupted iterations
r_cd_silent   [   0% ] 1 VUs  0m29.0s/3m30s  0/1 shared iters

running (0m30.0s), 1/1 VUs, 0 complete and 0 interrupted iterations
r_cd_silent   [   0% ] 1 VUs  0m30.0s/3m30s  0/1 shared iters

running (0m31.0s), 1/1 VUs, 0 complete and 0 interrupted iterations
r_cd_silent   [   0% ] 1 VUs  0m31.0s/3m30s  0/1 shared iters

running (0m32.0s), 1/1 VUs, 0 complete and 0 interrupted iterations
r_cd_silent   [   0% ] 1 VUs  0m32.0s/3m30s  0/1 shared iters

running (0m33.0s), 1/1 VUs, 0 complete and 0 interrupted iterations
r_cd_silent   [   0% ] 1 VUs  0m33.0s/3m30s  0/1 shared iters

running (0m34.0s), 1/1 VUs, 0 complete and 0 interrupted iterations
r_cd_silent   [   0% ] 1 VUs  0m34.0s/3m30s  0/1 shared iters

running (0m35.0s), 1/1 VUs, 0 complete and 0 interrupted iterations
r_cd_silent   [   0% ] 1 VUs  0m35.0s/3m30s  0/1 shared iters
time="2026-07-08T22:51:51-07:00" level=info msg="✓ silent child completion observed on internal stream" source=console

running (0m36.0s), 1/1 VUs, 0 complete and 0 interrupted iterations
r_cd_silent   [   0% ] 1 VUs  0m36.0s/3m30s  0/1 shared iters

running (0m37.0s), 1/1 VUs, 0 complete and 0 interrupted iterations
r_cd_silent   [   0% ] 1 VUs  0m37.0s/3m30s  0/1 shared iters

running (0m38.0s), 1/1 VUs, 0 complete and 0 interrupted iterations
r_cd_silent   [   0% ] 1 VUs  0m38.0s/3m30s  0/1 shared iters

running (0m39.0s), 1/1 VUs, 0 complete and 0 interrupted iterations
r_cd_silent   [   0% ] 1 VUs  0m39.0s/3m30s  0/1 shared iters

running (0m40.0s), 1/1 VUs, 0 complete and 0 interrupted iterations
r_cd_silent   [   0% ] 1 VUs  0m40.0s/3m30s  0/1 shared iters
time="2026-07-08T22:51:56-07:00" level=info msg="✓ follow-up sessions.send accepted" source=console

running (0m41.0s), 1/1 VUs, 0 complete and 0 interrupted iterations
r_cd_silent   [   0% ] 1 VUs  0m41.0s/3m30s  0/1 shared iters

running (0m42.0s), 1/1 VUs, 0 complete and 0 interrupted iterations
r_cd_silent   [   0% ] 1 VUs  0m42.0s/3m30s  0/1 shared iters

running (0m43.0s), 1/1 VUs, 0 complete and 0 interrupted iterations
r_cd_silent   [   0% ] 1 VUs  0m43.0s/3m30s  0/1 shared iters

running (0m44.0s), 1/1 VUs, 0 complete and 0 interrupted iterations
r_cd_silent   [   0% ] 1 VUs  0m44.0s/3m30s  0/1 shared iters

running (0m45.0s), 1/1 VUs, 0 complete and 0 interrupted iterations
r_cd_silent   [   0% ] 1 VUs  0m45.0s/3m30s  0/1 shared iters

running (0m46.0s), 1/1 VUs, 0 complete and 0 interrupted iterations
r_cd_silent   [   0% ] 1 VUs  0m46.0s/3m30s  0/1 shared iters

running (0m47.0s), 1/1 VUs, 0 complete and 0 interrupted iterations
r_cd_silent   [   0% ] 1 VUs  0m47.0s/3m30s  0/1 shared iters

running (0m48.0s), 1/1 VUs, 0 complete and 0 interrupted iterations
r_cd_silent   [   0% ] 1 VUs  0m48.0s/3m30s  0/1 shared iters

running (0m49.0s), 1/1 VUs, 0 complete and 0 interrupted iterations
r_cd_silent   [   0% ] 1 VUs  0m49.0s/3m30s  0/1 shared iters

running (0m50.0s), 1/1 VUs, 0 complete and 0 interrupted iterations
r_cd_silent   [   0% ] 1 VUs  0m50.0s/3m30s  0/1 shared iters

running (0m51.0s), 1/1 VUs, 0 complete and 0 interrupted iterations
r_cd_silent   [   0% ] 1 VUs  0m51.0s/3m30s  0/1 shared iters
time="2026-07-08T22:52:07-07:00" level=info msg="✓ parent reported silent child token from internal context" source=console
time="2026-07-08T22:52:07-07:00" level=info msg="All required R-CD-SILENT evidence gathered, closing early" source=console
time="2026-07-08T22:52:07-07:00" level=info msg="R_CD_SILENT_EVIDENCE {\"row\":\"R-CD-SILENT\",\"manifest_loaded\":true,\"nonce\":\"R-CD-SILENT-1783576276671-tom8ibmf\",\"seat\":\"cael\",\"requestedSessionKey\":\"p81-5292-cael-r-cd-silent\",\"sessionKey\":\"agent:main:r-cd-silent-r-cd-silent-1783576276671-tom8ibmf\",\"session_created\":true,\"created_session_key\":\"agent:main:r-cd-silent-r-cd-silent-1783576276671-tom8ibmf\",\"candidateSha\":\"5292af40d0ad5303b85a678f6e629503a8725848\",\"started\":\"2026-07-09T05:51:16.671Z\",\"dispatch_accepted\":true,\"scheduled_sentinel\":true,\"child_completion_observed\":true,\"followup_accepted\":true,\"parent_internal_context_observed\":true,\"no_channel_delivery\":true,\"child_channel_delivery_observed\":false,\"dispatch_accepted_at_ms\":1783576277582,\"followup_sent_at_ms\":1783576316769,\"trace_id\":null,\"redacted_events\":[{\"ts\":1783576276672,\"kind\":\"event\",\"method\":null,\"event\":\"connect.challenge\",\"ok\":null,\"data\":{\"ts\":1783576276672}},{\"ts\":1783576276674,\"kind\":\"other\",\"method\":null,\"event\":null,\"ok\":null,\"data\":{}},{\"ts\":1783576276747,\"kind\":\"event\",\"method\":null,\"event\":\"health\",\"ok\":null,\"data\":{\"ok\":true,\"ts\":1783576276747}},{\"ts\":1783576277038,\"kind\":\"response\",\"method\":\"sessions.create\",\"event\":null,\"ok\":true,\"data\":{\"ok\":true}},{\"ts\":1783576277072,\"kind\":\"response\",\"method\":\"sessions.messages.subscribe\",\"event\":null,\"ok\":true,\"data\":{}},{\"ts\":1783576277582,\"kind\":\"response\",\"method\":\"sessions.send\",\"event\":null,\"ok\":true,\"data\":{\"runId\":\"R-CD-SILENT-DISPATCH-R-CD-SILENT-1783576276671-tom8ibmf\",\"status\":\"started\"}},{\"ts\":1783576279112,\"kind\":\"event\",\"method\":null,\"event\":\"agent\",\"ok\":null,\"data\":{\"runId\":\"announce:v1:agent:main:subagent:001df598-d244-4962-bdd8-28c48dfd537e:4dd778fd-599c-4105-b3e6-8b2b027999bb\",\"sessionKey\":\"agent:main:r-cd-model-token-r-cd-model-token-1783576230524-sff8vgaw\",\"ts\":1783576279111}},{\"ts\":1783576279112,\"kind\":\"event\",\"method\":null,\"event\":\"chat\",\"ok\":null,\"data\":{\"runId\":\"announce:v1:agent:main:subagent:001df598-d244-4962-bdd8-28c48dfd537e:4dd778fd-599c-4105-b3e6-8b2b027999bb\",\"sessionKey\":\"agent:main:r-cd-model-token-r-cd-model-token-1783576230524-sff8vgaw\",\"state\":\"delta\"}},{\"ts\":1783576279325,\"kind\":\"event\",\"method\":null,\"event\":\"agent\",\"ok\":null,\"data\":{\"runId\":\"announce:v1:agent:main:subagent:001df598-d244-4962-bdd8-28c48dfd537e:4dd778fd-599c-4105-b3e6-8b2b027999bb\",\"sessionKey\":\"agent:main:r-cd-model-token-r-cd-model-token-1783576230524-sff8vgaw\",\"ts\":1783576279116}},{\"ts\":1783576279325,\"kind\":\"event\",\"method\":null,\"event\":\"agent\",\"ok\":null,\"data\":{\"runId\":\"announce:v1:agent:main:subagent:001df598-d244-4962-bdd8-28c48dfd537e:4dd778fd-599c-4105-b3e6-8b2b027999bb\",\"sessionKey\":\"agent:main:r-cd-model-token-r-cd-model-token-1783576230524-sff8vgaw\",\"ts\":1783576279324}},{\"ts\":1783576279325,\"kind\":\"event\",\"method\":null,\"event\":\"chat\",\"ok\":null,\"data\":{\"runId\":\"announce:v1:agent:main:subagent:001df598-d244-4962-bdd8-28c48dfd537e:4dd778fd-599c-4105-b3e6-8b2b027999bb\",\"sessionKey\":\"agent:main:r-cd-model-token-r-cd-model-token-1783576230524-sff8vgaw\",\"state\":\"delta\"}},{\"ts\":1783576279389,\"kind\":\"event\",\"method\":null,\"event\":\"agent\",\"ok\":null,\"data\":{\"runId\":\"announce:v1:agent:main:subagent:001df598-d244-4962-bdd8-28c48dfd537e:4dd778fd-599c-4105-b3e6-8b2b027999bb\",\"sessionKey\":\"agent:main:r-cd-model-token-r-cd-model-token-1783576230524-sff8vgaw\",\"ts\":1783576279371}},{\"ts\":1783576279389,\"kind\":\"event\",\"method\":null,\"event\":\"agent\",\"ok\":null,\"data\":{\"runId\":\"announce:v1:agent:main:subagent:001df598-d244-4962-bdd8-28c48dfd537e:4dd778fd-599c-4105-b3e6-8b2b027999bb\",\"sessionKey\":\"agent:main:r-cd-model-token-r-cd-model-token-1783576230524-sff8vgaw\",\"ts\":1783576279388}},{\"ts\":1783576279629,\"kind\":\"event\",\"method\":null,\"event\":\"agent\",\"ok\":null,\"data\":{\"runId\":\"announce:v1:agent:main:subagent:001df598-d244-4962-bdd8-28c48dfd537e:4dd778fd-599c-4105-b3e6-8b2b027999bb\",\"sessionKey\":\"agent:main:r-cd-model-token-r-cd-model-token-1783576230524-sff8vgaw\",\"ts\":1783576279588}},{\"ts\":1783576279629,\"kind\":\"event\",\"method\":null,\"event\":\"chat\",\"ok\":null,\"data\":{\"runId\":\"announce:v1:agent:main:subagent:001df598-d244-4962-bdd8-28c48dfd537e:4dd778fd-599c-4105-b3e6-8b2b027999bb\",\"sessionKey\":\"agent:main:r-cd-model-token-r-cd-model-token-1783576230524-sff8vgaw\",\"state\":\"delta\"}},{\"ts\":1783576279629,\"kind\":\"event\",\"method\":null,\"event\":\"chat\",\"ok\":null,\"data\":{\"runId\":\"announce:v1:agent:main:subagent:001df598-d244-4962-bdd8-28c48dfd537e:4dd778fd-599c-4105-b3e6-8b2b027999bb\",\"sessionKey\":\"agent:main:r-cd-model-token-r-cd-model-token-1783576230524-sff8vgaw\",\"state\":\"final\"}},{\"ts\":1783576279811,\"kind\":\"event\",\"method\":null,\"event\":\"health\",\"ok\":null,\"data\":{\"ok\":true,\"ts\":1783576279811}},{\"ts\":1783576279880,\"kind\":\"event\",\"method\":null,\"event\":\"tick\",\"ok\":null,\"data\":{\"ts\":1783576279880}},{\"ts\":1783576279928,\"kind\":\"event\",\"method\":null,\"event\":\"health\",\"ok\":null,\"data\":{\"ok\":true,\"ts\":1783576279927}},{\"ts\":1783576280101,\"kind\":\"event\",\"method\":null,\"event\":\"agent\",\"ok\":null,\"data\":{\"runId\":\"active-memory-mrd39dbe-6562002f\",\"sessionKey\":\"agent:main:subagent:continuation-2c17967b44c42d398f46235c8ab91c20:active-memory:cd1c066de4a7\",\"ts\":1783576280060}},{\"ts\":1783576280101,\"kind\":\"event\",\"method\":null,\"event\":\"chat\",\"ok\":null,\"data\":{\"runId\":\"active-memory-mrd39dbe-6562002f\",\"sessionKey\":\"agent:main:subagent:continuation-2c17967b44c42d398f46235c8ab91c20:active-memory:cd1c066de4a7\",\"state\":\"error\"}},{\"ts\":1783576280130,\"kind\":\"event\",\"method\":null,\"event\":\"presence\",\"ok\":null,\"data\":{}},{\"ts\":1783576280242,\"kind\":\"event\",\"method\":null,\"event\":\"health\",\"ok\":null,\"data\":{\"ok\":true,\"ts\":1783576280241}},{\"ts\":1783576280537,\"kind\":\"event\",\"method\":null,\"event\":\"presence\",\"ok\":null,\"data\":{}},{\"ts\":1783576280574,\"kind\":\"event\",\"method\":null,\"event\":\"task\",\"ok\":null,\"data\":{}},{\"ts\":1783576280833,\"kind\":\"event\",\"method\":null,\"event\":\"agent\",\"ok\":null,\"data\":{\"runId\":\"active-memory-mrd39k2e-f11a4132\",\"sessionKey\":\"agent:main:r-cd-silent-r-cd-silent-1783576276671-tom8ibmf:active-memory:40de33afd75f\",\"ts\":1783576280832}},{\"ts\":1783576280838,\"kind\":\"event\",\"method\":null,\"event\":\"task\",\"ok\":null,\"data\":{}},{\"ts\":1783576280839,\"kind\":\"event\",\"method\":null,\"event\":\"task\",\"ok\":null,\"data\":{}},{\"ts\":1783576280846,\"kind\":\"event\",\"method\":null,\"event\":\"agent\",\"ok\":null,\"data\":{\"runId\":\"continuation-delegate-2c17967b44c42d398f46235c8ab91c20\",\"sessionKey\":\"agent:main:subagent:continuation-2c17967b44c42d398f46235c8ab91c20\",\"ts\":1783576280837}},{\"ts\":1783576281726,\"kind\":\"event\",\"method\":null,\"event\":\"task\",\"ok\":null,\"data\":{}},{\"ts\":1783576281727,\"kind\":\"event\",\"method\":null,\"event\":\"task\",\"ok\":null,\"data\":{}},{\"ts\":1783576281737,\"kind\":\"event\",\"method\":null,\"event\":\"agent\",\"ok\":null,\"data\":{\"runId\":\"continuation-delegate-2c17967b44c42d398f46235c8ab91c20\",\"sessionKey\":\"agent:main:subagent:continuation-2c17967b44c42d398f46235c8ab91c20\",\"ts\":1783576281725}},{\"ts\":1783576281739,\"kind\":\"event\",\"method\":null,\"event\":\"task\",\"ok\":null,\"data\":{}},{\"ts\":1783576281739,\"kind\":\"event\",\"method\":null,\"event\":\"task\",\"ok\":null,\"data\":{}},{\"ts\":1783576281739,\"kind\":\"event\",\"method\":null,\"event\":\"agent\",\"ok\":null,\"data\":{\"runId\":\"continuation-delegate-2c17967b44c42d398f46235c8ab91c20\",\"sessionKey\":\"agent:main:subagent:continuation-2c17967b44c42d398f46235c8ab91c20\",\"ts\":1783576281738}},{\"ts\":1783576281786,\"kind\":\"event\",\"method\":null,\"event\":\"task\",\"ok\":null,\"data\":{}},{\"ts\":1783576281787,\"kind\":\"event\",\"method\":null,\"event\":\"task\",\"ok\":null,\"data\":{}},{\"ts\":1783576281788,\"kind\":\"event\",\"method\":null,\"event\":\"agent\",\"ok\":null,\"data\":{\"runId\":\"continuation-delegate-2c17967b44c42d398f46235c8ab91c20\",\"sessionKey\":\"agent:main:subagent:continuation-2c17967b44c42d398f46235c8ab91c20\",\"ts\":1783576281753}},{\"ts\":1783576282586,\"kind\":\"event\",\"method\":null,\"event\":\"task\",\"ok\":null,\"data\":{}},{\"ts\":1783576282587,\"kind\":\"event\",\"method\":null,\"event\":\"task\",\"ok\":null,\"data\":{}},{\"ts\":1783576282587,\"kind\":\"event\",\"method\":null,\"event\":\"agent\",\"ok\":null,\"data\":{\"runId\":\"continuation-delegate-2c17967b44c42d398f46235c8ab91c20\",\"sessionKey\":\"agent:main:subagent:continuation-2c17967b44c42d398f46235c8ab91c20\",\"ts\":1783576282585}},{\"ts\":1783576282588,\"kind\":\"event\",\"method\":null,\"event\":\"task\",\"ok\":null,\"data\":{}},{\"ts\":1783576282589,\"kind\":\"event\",\"method\":null,\"event\":\"task\",\"ok\":null,\"data\":{}},{\"ts\":1783576282589,\"kind\":\"event\",\"method\":null,\"event\":\"agent\",\"ok\":null,\"data\":{\"runId\":\"continuation-delegate-2c17967b44c42d398f46235c8ab91c20\",\"sessionKey\":\"agent:main:subagent:continuation-2c17967b44c42d398f46235c8ab91c20\",\"ts\":1783576282588}},{\"ts\":1783576284399,\"kind\":\"event\",\"method\":null,\"event\":\"task\",\"ok\":null,\"data\":{}},{\"ts\":1783576284399,\"kind\":\"event\",\"method\":null,\"event\":\"task\",\"ok\":null,\"data\":{}},{\"ts\":1783576284400,\"kind\":\"event\",\"method\":null,\"event\":\"agent\",\"ok\":null,\"data\":{\"runId\":\"continuation-delegate-2c17967b44c42d398f46235c8ab91c20\",\"sessionKey\":\"agent:main:subagent:continuation-2c17967b44c42d398f46235c8ab91c20\",\"ts\":1783576284398}},{\"ts\":1783576284400,\"kind\":\"event\",\"method\":null,\"event\":\"task\",\"ok\":null,\"data\":{}},{\"ts\":1783576284401,\"kind\":\"event\",\"method\":null,\"event\":\"task\",\"ok\":null,\"data\":{}},{\"ts\":1783576284401,\"kind\":\"event\",\"method\":null,\"event\":\"agent\",\"ok\":null,\"data\":{\"runId\":\"continuation-delegate-2c17967b44c42d398f46235c8ab91c20\",\"sessionKey\":\"agent:main:subagent:continuation-2c17967b44c42d398f46235c8ab91c20\",\"ts\":1783576284400}},{\"ts\":1783576284489,\"kind\":\"event\",\"method\":null,\"event\":\"agent\",\"ok\":null,\"data\":{\"runId\":\"active-memory-mrd39k2e-f11a4132\",\"sessionKey\":\"agent:main:r-cd-silent-r-cd-silent-1783576276671-tom8ibmf:active-memory:40de33afd75f\",\"ts\":1783576284455}},{\"ts\":1783576285900,\"kind\":\"event\",\"method\":null,\"event\":\"health\",\"ok\":null,\"data\":{\"ok\":true,\"ts\":1783576285900}},{\"ts\":1783576285902,\"kind\":\"event\",\"method\":null,\"event\":\"task\",\"ok\":null,\"data\":{}},{\"ts\":1783576285902,\"kind\":\"event\",\"method\":null,\"event\":\"task\",\"ok\":null,\"data\":{}},{\"ts\":1783576285902,\"kind\":\"event\",\"method\":null,\"event\":\"agent\",\"ok\":null,\"data\":{\"runId\":\"continuation-delegate-2c17967b44c42d398f46235c8ab91c20\",\"sessionKey\":\"agent:main:subagent:continuation-2c17967b44c42d398f46235c8ab91c20\",\"ts\":1783576285901}},{\"ts\":1783576285903,\"kind\":\"event\",\"method\":null,\"event\":\"task\",\"ok\":null,\"data\":{}},{\"ts\":1783576285903,\"kind\":\"event\",\"method\":null,\"event\":\"task\",\"ok\":null,\"data\":{}},{\"ts\":1783576285903,\"kind\":\"event\",\"method\":null,\"event\":\"agent\",\"ok\":null,\"data\":{\"runId\":\"continuation-delegate-2c17967b44c42d398f46235c8ab91c20\",\"sessionKey\":\"agent:main:subagent:continuation-2c17967b44c42d398f46235c8ab91c20\",\"ts\":1783576285902}},{\"ts\":1783576285914,\"kind\":\"event\",\"method\":null,\"event\":\"task\",\"ok\":null,\"data\":{}},{\"ts\":1783576285914,\"kind\":\"event\",\"method\":null,\"event\":\"task\",\"ok\":null,\"data\":{}},{\"ts\":1783576285915,\"kind\":\"event\",\"method\":null,\"event\":\"agent\",\"ok\":null,\"data\":{\"runId\":\"continuation-delegate-2c17967b44c42d398f46235c8ab91c20\",\"sessionKey\":\"agent:main:subagent:continuation-2c17967b44c42d398f46235c8ab91c20\",\"ts\":1783576285913}},{\"ts\":1783576285915,\"kind\":\"event\",\"method\":null,\"event\":\"task\",\"ok\":null,\"data\":{}},{\"ts\":1783576285916,\"kind\":\"event\",\"method\":null,\"event\":\"task\",\"ok\":null,\"data\":{}},{\"ts\":1783576285916,\"kind\":\"event\",\"method\":null,\"event\":\"agent\",\"ok\":null,\"data\":{\"runId\":\"continuation-delegate-2c17967b44c42d398f46235c8ab91c20\",\"sessionKey\":\"agent:main:subagent:continuation-2c17967b44c42d398f46235c8ab91c20\",\"ts\":1783576285915}},{\"ts\":1783576285916,\"kind\":\"event\",\"method\":null,\"event\":\"chat\",\"ok\":null,\"data\":{\"runId\":\"continuation-delegate-2c17967b44c42d398f46235c8ab91c20\",\"sessionKey\":\"agent:main:subagent:continuation-2c17967b44c42d398f46235c8ab91c20\",\"state\":\"delta\"}},{\"ts\":1783576285917,\"kind\":\"event\",\"method\":null,\"event\":\"task\",\"ok\":null,\"data\":{}},{\"ts\":1783576285917,\"kind\":\"event\",\"method\":null,\"event\":\"task\",\"ok\":null,\"data\":{}},{\"ts\":1783576285918,\"kind\":\"event\",\"method\":null,\"event\":\"task\",\"ok\":null,\"data\":{}},{\"ts\":1783576285918,\"kind\":\"event\",\"method\":null,\"event\":\"task\",\"ok\":null,\"data\":{}},{\"ts\":1783576285919,\"kind\":\"event\",\"method\":null,\"event\":\"presence\",\"ok\":null,\"data\":{}},{\"ts\":1783576285924,\"kind\":\"event\",\"method\":null,\"event\":\"task\",\"ok\":null,\"data\":{}},{\"ts\":1783576285924,\"kind\":\"event\",\"method\":null,\"event\":\"task\",\"ok\":null,\"data\":{}},{\"ts\":1783576285959,\"kind\":\"event\",\"method\":null,\"event\":\"agent\",\"ok\":null,\"data\":{\"runId\":\"active-memory-mrd39k2e-f11a4132\",\"sessionKey\":\"agent:main:r-cd-silent-r-cd-silent-1783576276671-tom8ibmf:active-memory:40de33afd75f\",\"ts\":1783576285943}},{\"ts\":1783576285960,\"kind\":\"event\",\"method\":null,\"event\":\"task\",\"ok\":null,\"data\":{}},{\"ts\":1783576285961,\"kind\":\"event\",\"method\":null,\"event\":\"task\",\"ok\":null,\"data\":{}},{\"ts\":1783576285962,\"kind\":\"event\",\"method\":null,\"event\":\"task\",\"ok\":null,\"data\":{}},{\"ts\":1783576285962,\"kind\":\"event\",\"method\":null,\"event\":\"task\",\"ok\":null,\"data\":{}},{\"ts\":1783576285980,\"kind\":\"event\",\"method\":null,\"event\":\"task\",\"ok\":null,\"data\":{}},{\"ts\":1783576285980,\"kind\":\"event\",\"method\":null,\"event\":\"task\",\"ok\":null,\"data\":{}},{\"ts\":1783576285982,\"kind\":\"event\",\"method\":null,\"event\":\"task\",\"ok\":null,\"data\":{}},{\"ts\":1783576285982,\"kind\":\"event\",\"method\":null,\"event\":\"task\",\"ok\":null,\"data\":{}},{\"ts\":1783576286006,\"kind\":\"event\",\"method\":null,\"event\":\"task\",\"ok\":null,\"data\":{}},{\"ts\":1783576286006,\"kind\":\"event\",\"method\":null,\"event\":\"task\",\"ok\":null,\"data\":{}},{\"ts\":1783576286008,\"kind\":\"event\",\"method\":null,\"event\":\"task\",\"ok\":null,\"data\":{}},{\"ts\":1783576286009,\"kind\":\"event\",\"method\":null,\"event\":\"task\",\"ok\":null,\"data\":{}},{\"ts\":1783576286010,\"kind\":\"event\",\"method\":null,\"event\":\"task\",\"ok\":null,\"data\":{}},{\"ts\":1783576286010,\"kind\":\"event\",\"method\":null,\"event\":\"task\",\"ok\":null,\"data\":{}},{\"ts\":1783576286034,\"kind\":\"event\",\"method\":null,\"event\":\"task\",\"ok\":null,\"data\":{}},{\"ts\":1783576286034,\"kind\":\"event\",\"method\":null,\"event\":\"task\",\"ok\":null,\"data\":{}},{\"ts\":1783576286048,\"kind\":\"event\",\"method\":null,\"event\":\"task\",\"ok\":null,\"data\":{}},{\"ts\":1783576286048,\"kind\":\"event\",\"method\":null,\"event\":\"task\",\"ok\":null,\"data\":{}},{\"ts\":1783576286053,\"kind\":\"event\",\"method\":null,\"event\":\"task\",\"ok\":null,\"data\":{}},{\"ts\":1783576286054,\"kind\":\"event\",\"method\":null,\"event\":\"task\",\"ok\":null,\"data\":{}},{\"ts\":1783576286056,\"kind\":\"event\",\"method\":null,\"event\":\"task\",\"ok\":null,\"data\":{}},{\"ts\":1783576286057,\"kind\":\"event\",\"method\":null,\"event\":\"task\",\"ok\":null,\"data\":{}},{\"ts\":1783576286059,\"kind\":\"event\",\"method\":null,\"event\":\"task\",\"ok\":null,\"data\":{}},{\"ts\":1783576286059,\"kind\":\"event\",\"method\":null,\"event\":\"task\",\"ok\":null,\"data\":{}},{\"ts\":1783576286061,\"kind\":\"event\",\"method\":null,\"event\":\"task\",\"ok\":null,\"data\":{}},{\"ts\":1783576286062,\"kind\":\"event\",\"method\":null,\"event\":\"task\",\"ok\":null,\"data\":{}},{\"ts\":1783576286063,\"kind\":\"event\",\"method\":null,\"event\":\"task\",\"ok\":null,\"data\":{}},{\"ts\":1783576286064,\"kind\":\"event\",\"method\":null,\"event\":\"task\",\"ok\":null,\"data\":{}},{\"ts\":1783576286066,\"kind\":\"event\",\"method\":null,\"event\":\"task\",\"ok\":null,\"data\":{}},{\"ts\":1783576286066,\"kind\":\"event\",\"method\":null,\"event\":\"task\",\"ok\":null,\"data\":{}},{\"ts\":1783576286067,\"kind\":\"event\",\"method\":null,\"event\":\"agent\",\"ok\":null,\"data\":{\"runId\":\"continuation-delegate-2c17967b44c42d398f46235c8ab91c20\",\"sessionKey\":\"agent:main:subagent:continuation-2c17967b44c42d398f46235c8ab91c20\",\"ts\":1783576286062}},{\"ts\":1783576286067,\"kind\":\"event\",\"method\":null,\"event\":\"agent\",\"ok\":null,\"data\":{\"runId\":\"continuation-delegate-2c17967b44c42d398f46235c8ab91c20\",\"sessionKey\":\"agent:main:subagent:continuation-2c17967b44c42d398f46235c8ab91c20\",\"ts\":1783576286065}},{\"ts\":1783576286067,\"kind\":\"event\",\"method\":null,\"event\":\"chat\",\"ok\":null,\"data\":{\"runId\":\"continuation-delegate-2c17967b44c42d398f46235c8ab91c20\",\"sessionKey\":\"agent:main:subagent:continuation-2c17967b44c42d398f46235c8ab91c20\",\"state\":\"delta\"}},{\"ts\":1783576286113,\"kind\":\"event\",\"method\":null,\"event\":\"task\",\"ok\":null,\"data\":{}},{\"ts\":1783576286114,\"kind\":\"event\",\"method\":null,\"event\":\"task\",\"ok\":null,\"data\":{}},{\"ts\":1783576286123,\"kind\":\"event\",\"method\":null,\"event\":\"task\",\"ok\":null,\"data\":{}},{\"ts\":1783576286123,\"kind\":\"event\",\"method\":null,\"event\":\"task\",\"ok\":null,\"data\":{}},{\"ts\":1783576286125,\"kind\":\"event\",\"method\":null,\"event\":\"task\",\"ok\":null,\"data\":{}},{\"ts\":1783576286126,\"kind\":\"event\",\"method\":null,\"event\":\"task\",\"ok\":null,\"data\":{}},{\"ts\":1783576286128,\"kind\":\"event\",\"method\":null,\"event\":\"task\",\"ok\":null,\"data\":{}},{\"ts\":1783576286129,\"kind\":\"event\",\"method\":null,\"event\":\"task\",\"ok\":null,\"data\":{}},{\"ts\":1783576286131,\"kind\":\"event\",\"method\":null,\"event\":\"task\",\"ok\":null,\"data\":{}},{\"ts\":1783576286131,\"kind\":\"event\",\"method\":null,\"event\":\"task\",\"ok\":null,\"data\":{}},{\"ts\":1783576286141,\"kind\":\"event\",\"method\":null,\"event\":\"task\",\"ok\":null,\"data\":{}},{\"ts\":1783576286141,\"kind\":\"event\",\"method\":null,\"event\":\"task\",\"ok\":null,\"data\":{}},{\"ts\":1783576286163,\"kind\":\"event\",\"method\":null,\"event\":\"task\",\"ok\":null,\"data\":{}},{\"ts\":1783576286163,\"kind\":\"event\",\"method\":null,\"event\":\"task\",\"ok\":null,\"data\":{}},{\"ts\":1783576286180,\"kind\":\"event\",\"method\":null,\"event\":\"task\",\"ok\":null,\"data\":{}},{\"ts\":1783576286180,\"kind\":\"event\",\"method\":null,\"event\":\"task\",\"ok\":null,\"data\":{}},{\"ts\":1783576286216,\"kind\":\"event\",\"method\":null,\"event\":\"task\",\"ok\":null,\"data\":{}},{\"ts\":1783576286216,\"kind\":\"event\",\"method\":null,\"event\":\"task\",\"ok\":null,\"data\":{}},{\"ts\":1783576286216,\"kind\":\"event\",\"method\":null,\"event\":\"agent\",\"ok\":null,\"data\":{\"runId\":\"continuation-delegate-2c17967b44c42d398f46235c8ab91c20\",\"sessionKey\":\"agent:main:subagent:continuation-2c17967b44c42d398f46235c8ab91c20\",\"ts\":1783576286179}},{\"ts\":1783576286216,\"kind\":\"event\",\"method\":null,\"event\":\"agent\",\"ok\":null,\"data\":{\"runId\":\"continuation-delegate-2c17967b44c42d398f46235c8ab91c20\",\"sessionKey\":\"agent:main:subagent:continuation-2c17967b44c42d398f46235c8ab91c20\",\"ts\":1783576286214}},{\"ts\":1783576286217,\"kind\":\"event\",\"method\":null,\"event\":\"task\",\"ok\":null,\"data\":{}},{\"ts\":1783576286217,\"kind\":\"event\",\"method\":null,\"event\":\"task\",\"ok\":null,\"data\":{}},{\"ts\":1783576286217,\"kind\":\"event\",\"method\":null,\"event\":\"chat\",\"ok\":null,\"data\":{\"runId\":\"continuation-delegate-2c17967b44c42d398f46235c8ab91c20\",\"sessionKey\":\"agent:main:subagent:continuation-2c17967b44c42d398f46235c8ab91c20\",\"state\":\"delta\"}},{\"ts\":1783576286331,\"kind\":\"event\",\"method\":null,\"event\":\"task\",\"ok\":null,\"data\":{}},{\"ts\":1783576286331,\"kind\":\"event\",\"method\":null,\"event\":\"task\",\"ok\":null,\"data\":{}},{\"ts\":1783576286331,\"kind\":\"event\",\"method\":null,\"event\":\"agent\",\"ok\":null,\"data\":{\"runId\":\"continuation-delegate-2c17967b44c42d398f46235c8ab91c20\",\"sessionKey\":\"agent:main:subagent:continuation-2c17967b44c42d398f46235c8ab91c20\",\"ts\":1783576286216}},{\"ts\":1783576286331,\"kind\":\"event\",\"method\":null,\"event\":\"agent\",\"ok\":null,\"data\":{\"runId\":\"continuation-delegate-2c17967b44c42d398f46235c8ab91c20\",\"sessionKey\":\"agent:main:subagent:continuation-2c17967b44c42d398f46235c8ab91c20\",\"ts\":1783576286330}},{\"ts\":1783576286373,\"kind\":\"event\",\"method\":null,\"event\":\"task\",\"ok\":null,\"data\":{}},{\"ts\":1783576286374,\"kind\":\"event\",\"method\":null,\"event\":\"task\",\"ok\":null,\"data\":{}},{\"ts\":1783576286374,\"kind\":\"event\",\"method\":null,\"event\":\"agent\",\"ok\":null,\"data\":{\"runId\":\"continuation-delegate-2c17967b44c42d398f46235c8ab91c20\",\"sessionKey\":\"agent:main:subagent:continuation-2c17967b44c42d398f46235c8ab91c20\",\"ts\":1783576286372}},{\"ts\":1783576286564,\"kind\":\"event\",\"method\":null,\"event\":\"task\",\"ok\":null,\"data\":{}},{\"ts\":1783576286564,\"kind\":\"event\",\"method\":null,\"event\":\"task\",\"ok\":null,\"data\":{}},{\"ts\":1783576286606,\"kind\":\"event\",\"method\":null,\"event\":\"agent\",\"ok\":null,\"data\":{\"runId\":\"continuation-delegate-2c17967b44c42d398f46235c8ab91c20\",\"sessionKey\":\"agent:main:subagent:continuation-2c17967b44c42d398f46235c8ab91c20\",\"ts\":1783576286562}},{\"ts\":1783576286606,\"kind\":\"event\",\"method\":null,\"event\":\"chat\",\"ok\":null,\"data\":{\"runId\":\"continuation-delegate-2c17967b44c42d398f46235c8ab91c20\",\"sessionKey\":\"agent:main:subagent:continuation-2c17967b44c42d398f46235c8ab91c20\",\"state\":\"final\"}},{\"ts\":1783576286611,\"kind\":\"event\",\"method\":null,\"event\":\"task\",\"ok\":null,\"data\":{}},{\"ts\":1783576286658,\"kind\":\"event\",\"method\":null,\"event\":\"presence\",\"ok\":null,\"data\":{}},{\"ts\":1783576286811,\"kind\":\"event\",\"method\":null,\"event\":\"health\",\"ok\":null,\"data\":{\"ok\":true,\"ts\":1783576286811}},{\"ts\":1783576286832,\"kind\":\"event\",\"method\":null,\"event\":\"presence\",\"ok\":null,\"data\":{}},{\"ts\":1783576286865,\"kind\":\"event\",\"method\":null,\"event\":\"task\",\"ok\":null,\"data\":{}},{\"ts\":1783576286904,\"kind\":\"event\",\"method\":null,\"event\":\"task\",\"ok\":null,\"data\":{}},{\"ts\":1783576287801,\"kind\":\"event\",\"method\":null,\"event\":\"agent\",\"ok\":null,\"data\":{\"runId\":\"active-memory-mrd39k2e-f11a4132\",\"sessionKey\":\"agent:main:r-cd-silent-r-cd-silent-1783576276671-tom8ibmf:active-memory:40de33afd75f\",\"ts\":1783576287801}},{\"ts\":1783576287801,\"kind\":\"event\",\"method\":null,\"event\":\"chat\",\"ok\":null,\"data\":{\"runId\":\"active-memory-mrd39k2e-f11a4132\",\"sessionKey\":\"agent:main:r-cd-silent-r-cd-silent-1783576276671-tom8ibmf:active-memory:40de33afd75f\",\"state\":\"error\"}},{\"ts\":1783576288154,\"kind\":\"event\",\"method\":null,\"event\":\"agent\",\"ok\":null,\"data\":{\"runId\":\"active-memory-mrd39rfy-1aa6e761\",\"sessionKey\":\"agent:main:r-cd-model-token-r-cd-model-token-1783576230524-sff8vgaw:active-memory:3cc27450fe22\",\"ts\":1783576288153}},{\"ts\":1783576288170,\"kind\":\"event\",\"method\":null,\"event\":\"agent\",\"ok\":null,\"data\":{\"runId\":\"R-CD-SILENT-DISPATCH-R-CD-SILENT-1783576276671-tom8ibmf\",\"sessionKey\":\"agent:main:r-cd-silent-r-cd-silent-1783576276671-tom8ibmf\",\"ts\":1783576288169}},{\"ts\":1783576288222,\"kind\":\"event\",\"method\":null,\"event\":\"session.message\",\"ok\":null,\"data\":{\"sessionKey\":\"agent:main:r-cd-silent-r-cd-silent-1783576276671-tom8ibmf\"}},{\"ts\":1783576291576,\"kind\":\"event\",\"method\":null,\"event\":\"agent\",\"ok\":null,\"data\":{\"runId\":\"active-memory-mrd39rfy-1aa6e761\",\"sessionKey\":\"agent:main:r-cd-model-token-r-cd-model-token-1783576230524-sff8vgaw:active-memory:3cc27450fe22\",\"ts\":1783576291541}},{\"ts\":1783576292176,\"kind\":\"event\",\"method\":null,\"event\":\"session.message\",\"ok\":null,\"data\":{\"sessionKey\":\"agent:main:r-cd-silent-r-cd-silent-1783576276671-tom8ibmf\",\"status\":\"running\",\"startedAt\":1783576288169}},{\"ts\":1783576292204,\"kind\":\"event\",\"method\":null,\"event\":\"agent\",\"ok\":null,\"data\":{\"runId\":\"R-CD-SILENT-DISPATCH-R-CD-SILENT-1783576276671-tom8ibmf\",\"sessionKey\":\"agent:main:r-cd-silent-r-cd-silent-1783576276671-tom8ibmf\",\"ts\":1783576292190}},{\"ts\":1783576292243,\"kind\":\"event\",\"method\":null,\"event\":\"agent\",\"ok\":null,\"data\":{\"runId\":\"R-CD-SILENT-DISPATCH-R-CD-SILENT-1783576276671-tom8ibmf\",\"sessionKey\":\"agent:main:r-cd-silent-r-cd-silent-1783576276671-tom8ibmf\",\"ts\":1783576292228}},{\"ts\":1783576293095,\"kind\":\"event\",\"method\":null,\"event\":\"health\",\"ok\":null,\"data\":{\"ok\":true,\"ts\":1783576293095}},{\"ts\":1783576293106,\"kind\":\"event\",\"method\":null,\"event\":\"presence\",\"ok\":null,\"data\":{}},{\"ts\":1783576293335,\"kind\":\"event\",\"method\":null,\"event\":\"agent\",\"ok\":null,\"data\":{\"runId\":\"active-memory-mrd39rfy-1aa6e761\",\"sessionKey\":\"agent:main:r-cd-model-token-r-cd-model-token-1783576230524-sff8vgaw:active-memory:3cc27450fe22\",\"ts\":1783576293320}},{\"ts\":1783576295311,\"kind\":\"event\",\"method\":null,\"event\":\"agent\",\"ok\":null,\"data\":{\"runId\":\"R-CD-SILENT-DISPATCH-R-CD-SILENT-1783576276671-tom8ibmf\",\"sessionKey\":\"agent:main:r-cd-silent-r-cd-silent-1783576276671-tom8ibmf\",\"ts\":1783576295310}},{\"ts\":1783576295311,\"kind\":\"event\",\"method\":null,\"event\":\"chat\",\"ok\":null,\"data\":{\"runId\":\"R-CD-SILENT-DISPATCH-R-CD-SILENT-1783576276671-tom8ibmf\",\"sessionKey\":\"agent:main:r-cd-silent-r-cd-silent-1783576276671-tom8ibmf\",\"state\":\"delta\"}},{\"ts\":1783576295481,\"kind\":\"event\",\"method\":null,\"event\":\"agent\",\"ok\":null,\"data\":{\"runId\":\"R-CD-SILENT-DISPATCH-R-CD-SILENT-1783576276671-tom8ibmf\",\"sessionKey\":\"agent:main:r-cd-silent-r-cd-silent-1783576276671-tom8ibmf\",\"ts\":1783576295429}},{\"ts\":1783576295481,\"kind\":\"event\",\"method\":null,\"event\":\"agent\",\"ok\":null,\"data\":{\"runId\":\"R-CD-SILENT-DISPATCH-R-CD-SILENT-1783576276671-tom8ibmf\",\"sessionKey\":\"agent:main:r-cd-silent-r-cd-silent-1783576276671-tom8ibmf\",\"ts\":1783576295480}},{\"ts\":1783576295481,\"kind\":\"event\",\"method\":null,\"event\":\"chat\",\"ok\":null,\"data\":{\"runId\":\"R-CD-SILENT-DISPATCH-R-CD-SILENT-1783576276671-tom8ibmf\",\"sessionKey\":\"agent:main:r-cd-silent-r-cd-silent-1783576276671-tom8ibmf\",\"state\":\"delta\"}},{\"ts\":1783576295500,\"kind\":\"event\",\"method\":null,\"event\":\"session.message\",\"ok\":null,\"data\":{\"sessionKey\":\"agent:main:r-cd-silent-r-cd-silent-1783576276671-tom8ibmf\",\"status\":\"running\",\"startedAt\":1783576288169}},{\"ts\":1783576295503,\"kind\":\"event\",\"method\":null,\"event\":\"agent\",\"ok\":null,\"data\":{\"runId\":\"R-CD-SILENT-DISPATCH-R-CD-SILENT-1783576276671-tom8ibmf\",\"sessionKey\":\"agent:main:r-cd-silent-r-cd-silent-1783576276671-tom8ibmf\",\"ts\":1783576295481}},{\"ts\":1783576295503,\"kind\":\"event\",\"method\":null,\"event\":\"agent\",\"ok\":null,\"data\":{\"runId\":\"R-CD-SILENT-DISPATCH-R-CD-SILENT-1783576276671-tom8ibmf\",\"sessionKey\":\"agent:main:r-cd-silent-r-cd-silent-1783576276671-tom8ibmf\",\"ts\":1783576295503}},{\"ts\":1783576295624,\"kind\":\"event\",\"method\":null,\"event\":\"agent\",\"ok\":null,\"data\":{\"runId\":\"R-CD-SILENT-DISPATCH-R-CD-SILENT-1783576276671-tom8ibmf\",\"sessionKey\":\"agent:main:r-cd-silent-r-cd-silent-1783576276671-tom8ibmf\",\"ts\":1783576295624}},{\"ts\":1783576295624,\"kind\":\"event\",\"method\":null,\"event\":\"chat\",\"ok\":null,\"data\":{\"runId\":\"R-CD-SILENT-DISPATCH-R-CD-SILENT-1783576276671-tom8ibmf\",\"sessionKey\":\"agent:main:r-cd-silent-r-cd-silent-1783576276671-tom8ibmf\",\"state\":\"delta\"}},{\"ts\":1783576295625,\"kind\":\"event\",\"method\":null,\"event\":\"chat\",\"ok\":null,\"data\":{\"runId\":\"R-CD-SILENT-DISPATCH-R-CD-SILENT-1783576276671-tom8ibmf\",\"sessionKey\":\"agent:main:r-cd-silent-r-cd-silent-1783576276671-tom8ibmf\",\"state\":\"final\"}},{\"ts\":1783576297760,\"kind\":\"event\",\"method\":null,\"event\":\"task\",\"ok\":null,\"data\":{}},{\"ts\":1783576297761,\"kind\":\"event\",\"method\":null,\"event\":\"task\",\"ok\":null,\"data\":{}},{\"ts\":1783576297805,\"kind\":\"event\",\"method\":null,\"event\":\"task\",\"ok\":null,\"data\":{}},{\"ts\":1783576297997,\"kind\":\"event\",\"method\":null,\"event\":\"health\",\"ok\":null,\"data\":{\"ok\":true,\"ts\":1783576297996}},{\"ts\":1783576299719,\"kind\":\"event\",\"method\":null,\"event\":\"agent\",\"ok\":null,\"data\":{\"runId\":\"active-memory-mrd39rfy-1aa6e761\",\"sessionKey\":\"agent:main:r-cd-model-token-r-cd-model-token-1783576230524-sff8vgaw:active-memory:3cc27450fe22\",\"ts\":1783576299719}},{\"ts\":1783576299720,\"kind\":\"event\",\"method\":null,\"event\":\"chat\",\"ok\":null,\"data\":{\"runId\":\"active-memory-mrd39rfy-1aa6e761\",\"sessionKey\":\"agent:main:r-cd-model-token-r-cd-model-token-1783576230524-sff8vgaw:active-memory:3cc27450fe22\",\"state\":\"error\"}},{\"ts\":1783576300115,\"kind\":\"event\",\"method\":null,\"event\":\"agent\",\"ok\":null,\"data\":{\"runId\":\"announce:v1:agent:main:subagent:continuation-2c17967b44c42d398f46235c8ab91c20:continuation-delegate-2c17967b44c42d398f46235c8ab91c20\",\"sessionKey\":\"agent:main:r-cd-model-token-r-cd-model-token-1783576230524-sff8vgaw\",\"ts\":1783576300114}},{\"ts\":1783576300262,\"kind\":\"event\",\"method\":null,\"event\":\"agent\",\"ok\":null,\"data\":{\"runId\":\"active-memory-mrd39zqb-9ea9b941\",\"sessionKey\":\"agent:main:subagent:continuation-736fde166eb2c00e52d93a88ad31e5d9:active-memory:aa8e30f43f06\",\"ts\":1783576300262}},{\"ts\":1783576304093,\"kind\":\"event\",\"method\":null,\"event\":\"agent\",\"ok\":null,\"data\":{\"runId\":\"active-memory-mrd39zqb-9ea9b941\",\"sessionKey\":\"agent:main:subagent:continuation-736fde166eb2c00e52d93a88ad31e5d9:active-memory:aa8e30f43f06\",\"ts\":1783576304080}},{\"ts\":1783576305460,\"kind\":\"event\",\"method\":null,\"event\":\"health\",\"ok\":null,\"data\":{\"ok\":true,\"ts\":1783576305459}},{\"ts\":1783576305474,\"kind\":\"event\",\"method\":null,\"event\":\"presence\",\"ok\":null,\"data\":{}},{\"ts\":1783576305709,\"kind\":\"event\",\"method\":null,\"event\":\"agent\",\"ok\":null,\"data\":{\"runId\":\"active-memory-mrd39zqb-9ea9b941\",\"sessionKey\":\"agent:main:subagent:continuation-736fde166eb2c00e52d93a88ad31e5d9:active-memory:aa8e30f43f06\",\"ts\":1783576305695}},{\"ts\":1783576307487,\"kind\":\"event\",\"method\":null,\"event\":\"agent\",\"ok\":null,\"data\":{\"runId\":\"announce:v1:agent:main:subagent:continuation-2c17967b44c42d398f46235c8ab91c20:continuation-delegate-2c17967b44c42d398f46235c8ab91c20\",\"sessionKey\":\"agent:main:r-cd-model-token-r-cd-model-token-1783576230524-sff8vgaw\",\"ts\":1783576307486}},{\"ts\":1783576307487,\"kind\":\"event\",\"method\":null,\"event\":\"chat\",\"ok\":null,\"data\":{\"runId\":\"announce:v1:agent:main:subagent:continuation-2c17967b44c42d398f46235c8ab91c20:continuation-delegate-2c17967b44c42d398f46235c8ab91c20\",\"sessionKey\":\"agent:main:r-cd-model-token-r-cd-model-token-1783576230524-sff8vgaw\",\"state\":\"delta\"}},{\"ts\":1783576307637,\"kind\":\"event\",\"method\":null,\"event\":\"agent\",\"ok\":null,\"data\":{\"runId\":\"announce:v1:agent:main:subagent:continuation-2c17967b44c42d398f46235c8ab91c20:continuation-delegate-2c17967b44c42d398f46235c8ab91c20\",\"sessionKey\":\"agent:main:r-cd-model-token-r-cd-model-token-1783576230524-sff8vgaw\",\"ts\":1783576307591}},{\"ts\":1783576307637,\"kind\":\"event\",\"method\":null,\"event\":\"agent\",\"ok\":null,\"data\":{\"runId\":\"announce:v1:agent:main:subagent:continuation-2c17967b44c42d398f46235c8ab91c20:continuation-delegate-2c17967b44c42d398f46235c8ab91c20\",\"sessionKey\":\"agent:main:r-cd-model-token-r-cd-model-token-1783576230524-sff8vgaw\",\"ts\":1783576307636}},{\"ts\":1783576307637,\"kind\":\"event\",\"method\":null,\"event\":\"chat\",\"ok\":null,\"data\":{\"runId\":\"announce:v1:agent:main:subagent:continuation-2c17967b44c42d398f46235c8ab91c20:continuation-delegate-2c17967b44c42d398f46235c8ab91c20\",\"sessionKey\":\"agent:main:r-cd-model-token-r-cd-model-token-1783576230524-sff8vgaw\",\"state\":\"delta\"}},{\"ts\":1783576307652,\"kind\":\"event\",\"method\":null,\"event\":\"agent\",\"ok\":null,\"data\":{\"runId\":\"announce:v1:agent:main:subagent:continuation-2c17967b44c42d398f46235c8ab91c20:continuation-delegate-2c17967b44c42d398f46235c8ab91c20\",\"sessionKey\":\"agent:main:r-cd-model-token-r-cd-model-token-1783576230524-sff8vgaw\",\"ts\":1783576307651}},{\"ts\":1783576307873,\"kind\":\"event\",\"method\":null,\"event\":\"agent\",\"ok\":null,\"data\":{\"runId\":\"announce:v1:agent:main:subagent:continuation-2c17967b44c42d398f46235c8ab91c20:continuation-delegate-2c17967b44c42d398f46235c8ab91c20\",\"sessionKey\":\"agent:main:r-cd-model-token-r-cd-model-token-1783576230524-sff8vgaw\",\"ts\":1783576307832}},{\"ts\":1783576307873,\"kind\":\"event\",\"method\":null,\"event\":\"chat\",\"ok\":null,\"data\":{\"runId\":\"announce:v1:agent:main:subagent:continuation-2c17967b44c42d398f46235c8ab91c20:continuation-delegate-2c17967b44c42d398f46235c8ab91c20\",\"sessionKey\":\"agent:main:r-cd-model-token-r-cd-model-token-1783576230524-sff8vgaw\",\"state\":\"final\"}},{\"ts\":1783576307955,\"kind\":\"event\",\"method\":null,\"event\":\"task\",\"ok\":null,\"data\":{}},{\"ts\":1783576308125,\"kind\":\"event\",\"method\":null,\"event\":\"agent\",\"ok\":null,\"data\":{\"runId\":\"active-memory-mrd39zqb-9ea9b941\",\"sessionKey\":\"agent:main:subagent:continuation-736fde166eb2c00e52d93a88ad31e5d9:active-memory:aa8e30f43f06\",\"ts\":1783576308085}},{\"ts\":1783576308125,\"kind\":\"event\",\"method\":null,\"event\":\"chat\",\"ok\":null,\"data\":{\"runId\":\"active-memory-mrd39zqb-9ea9b941\",\"sessionKey\":\"agent:main:subagent:continuation-736fde166eb2c00e52d93a88ad31e5d9:active-memory:aa8e30f43f06\",\"state\":\"error\"}},{\"ts\":1783576308319,\"kind\":\"event\",\"method\":null,\"event\":\"task\",\"ok\":null,\"data\":{}},{\"ts\":1783576308320,\"kind\":\"event\",\"method\":null,\"event\":\"task\",\"ok\":null,\"data\":{}},{\"ts\":1783576308321,\"kind\":\"event\",\"method\":null,\"event\":\"agent\",\"ok\":null,\"data\":{\"runId\":\"continuation-delegate-736fde166eb2c00e52d93a88ad31e5d9\",\"sessionKey\":\"agent:main:subagent:continuation-736fde166eb2c00e52d93a88ad31e5d9\",\"ts\":1783576308265}},{\"ts\":1783576309880,\"kind\":\"event\",\"method\":null,\"event\":\"tick\",\"ok\":null,\"data\":{\"ts\":1783576309879}},{\"ts\":1783576311445,\"kind\":\"event\",\"method\":null,\"event\":\"task\",\"ok\":null,\"data\":{}},{\"ts\":1783576311445,\"kind\":\"event\",\"method\":null,\"event\":\"task\",\"ok\":null,\"data\":{}},{\"ts\":1783576311446,\"kind\":\"event\",\"method\":null,\"event\":\"agent\",\"ok\":null,\"data\":{\"runId\":\"continuation-delegate-736fde166eb2c00e52d93a88ad31e5d9\",\"sessionKey\":\"agent:main:subagent:continuation-736fde166eb2c00e52d93a88ad31e5d9\",\"ts\":1783576311444}},{\"ts\":1783576311446,\"kind\":\"event\",\"method\":null,\"event\":\"chat\",\"ok\":null,\"data\":{\"runId\":\"continuation-delegate-736fde166eb2c00e52d93a88ad31e5d9\",\"sessionKey\":\"agent:main:subagent:continuation-736fde166eb2c00e52d93a88ad31e5d9\",\"state\":\"delta\"}},{\"ts\":1783576311446,\"kind\":\"event\",\"method\":null,\"event\":\"task\",\"ok\":null,\"data\":{}},{\"ts\":1783576311447,\"kind\":\"event\",\"method\":null,\"event\":\"task\",\"ok\":null,\"data\":{}},{\"ts\":1783576311447,\"kind\":\"event\",\"method\":null,\"event\":\"task\",\"ok\":null,\"data\":{}},{\"ts\":1783576311447,\"kind\":\"event\",\"method\":null,\"event\":\"task\",\"ok\":null,\"data\":{}},{\"ts\":1783576311448,\"kind\":\"event\",\"method\":null,\"event\":\"task\",\"ok\":null,\"data\":{}},{\"ts\":1783576311448,\"kind\":\"event\",\"method\":null,\"event\":\"task\",\"ok\":null,\"data\":{}},{\"ts\":1783576311449,\"kind\":\"event\",\"method\":null,\"event\":\"task\",\"ok\":null,\"data\":{}},{\"ts\":1783576311449,\"kind\":\"event\",\"method\":null,\"event\":\"task\",\"ok\":null,\"data\":{}},{\"ts\":1783576311449,\"kind\":\"event\",\"method\":null,\"event\":\"task\",\"ok\":null,\"data\":{}},{\"ts\":1783576311449,\"kind\":\"event\",\"method\":null,\"event\":\"task\",\"ok\":null,\"data\":{}},{\"ts\":1783576311450,\"kind\":\"event\",\"method\":null,\"event\":\"task\",\"ok\":null,\"data\":{}},{\"ts\":1783576311450,\"kind\":\"event\",\"method\":null,\"event\":\"task\",\"ok\":null,\"data\":{}},{\"ts\":1783576311451,\"kind\":\"event\",\"method\":null,\"event\":\"task\",\"ok\":null,\"data\":{}},{\"ts\":1783576311451,\"kind\":\"event\",\"method\":null,\"event\":\"task\",\"ok\":null,\"data\":{}},{\"ts\":1783576311452,\"kind\":\"event\",\"method\":null,\"event\":\"task\",\"ok\":null,\"data\":{}},{\"ts\":1783576311452,\"kind\":\"event\",\"method\":null,\"event\":\"task\",\"ok\":null,\"data\":{}},{\"ts\":1783576311452,\"kind\":\"event\",\"method\":null,\"event\":\"task\",\"ok\":null,\"data\":{}},{\"ts\":1783576311452,\"kind\":\"event\",\"method\":null,\"event\":\"task\",\"ok\":null,\"data\":{}},{\"ts\":1783576311453,\"kind\":\"event\",\"method\":null,\"event\":\"task\",\"ok\":null,\"data\":{}},{\"ts\":1783576311453,\"kind\":\"event\",\"method\":null,\"event\":\"task\",\"ok\":null,\"data\":{}},{\"ts\":1783576311454,\"kind\":\"event\",\"method\":null,\"event\":\"task\",\"ok\":null,\"data\":{}},{\"ts\":1783576311454,\"kind\":\"event\",\"method\":null,\"event\":\"task\",\"ok\":null,\"data\":{}},{\"ts\":1783576311455,\"kind\":\"event\",\"method\":null,\"event\":\"task\",\"ok\":null,\"data\":{}},{\"ts\":1783576311455,\"kind\":\"event\",\"method\":null,\"event\":\"task\",\"ok\":null,\"data\":{}},{\"ts\":1783576311455,\"kind\":\"event\",\"method\":null,\"event\":\"task\",\"ok\":null,\"data\":{}},{\"ts\":1783576311455,\"kind\":\"event\",\"method\":null,\"event\":\"task\",\"ok\":null,\"data\":{}},{\"ts\":1783576311465,\"kind\":\"event\",\"method\":null,\"event\":\"task\",\"ok\":null,\"data\":{}},{\"ts\":1783576311465,\"kind\":\"event\",\"method\":null,\"event\":\"task\",\"ok\":null,\"data\":{}},{\"ts\":1783576311466,\"kind\":\"event\",\"method\":null,\"event\":\"task\",\"ok\":null,\"data\":{}},{\"ts\":1783576311467,\"kind\":\"event\",\"method\":null,\"event\":\"task\",\"ok\":null,\"data\":{}},{\"ts\":1783576311467,\"kind\":\"event\",\"method\":null,\"event\":\"task\",\"ok\":null,\"data\":{}},{\"ts\":1783576311468,\"kind\":\"event\",\"method\":null,\"event\":\"task\",\"ok\":null,\"data\":{}},{\"ts\":1783576311469,\"kind\":\"event\",\"method\":null,\"event\":\"task\",\"ok\":null,\"data\":{}},{\"ts\":1783576311469,\"kind\":\"event\",\"method\":null,\"event\":\"task\",\"ok\":null,\"data\":{}},{\"ts\":1783576311470,\"kind\":\"event\",\"method\":null,\"event\":\"task\",\"ok\":null,\"data\":{}},{\"ts\":1783576311471,\"kind\":\"event\",\"method\":null,\"event\":\"task\",\"ok\":null,\"data\":{}},{\"ts\":1783576311471,\"kind\":\"event\",\"method\":null,\"event\":\"task\",\"ok\":null,\"data\":{}},{\"ts\":1783576311472,\"kind\":\"event\",\"method\":null,\"event\":\"task\",\"ok\":null,\"data\":{}},{\"ts\":1783576311473,\"kind\":\"event\",\"method\":null,\"event\":\"task\",\"ok\":null,\"data\":{}},{\"ts\":1783576311473,\"kind\":\"event\",\"method\":null,\"event\":\"task\",\"ok\":null,\"data\":{}},{\"ts\":1783576311474,\"kind\":\"event\",\"method\":null,\"event\":\"task\",\"ok\":null,\"data\":{}},{\"ts\":1783576311475,\"kind\":\"event\",\"method\":null,\"event\":\"task\",\"ok\":null,\"data\":{}},{\"ts\":1783576311528,\"kind\":\"event\",\"method\":null,\"event\":\"task\",\"ok\":null,\"data\":{}},{\"ts\":1783576311528,\"kind\":\"event\",\"method\":null,\"event\":\"task\",\"ok\":null,\"data\":{}},{\"ts\":1783576311529,\"kind\":\"event\",\"method\":null,\"event\":\"task\",\"ok\":null,\"data\":{}},{\"ts\":1783576311530,\"kind\":\"event\",\"method\":null,\"event\":\"task\",\"ok\":null,\"data\":{}},{\"ts\":1783576311531,\"kind\":\"event\",\"method\":null,\"event\":\"task\",\"ok\":null,\"data\":{}},{\"ts\":1783576311531,\"kind\":\"event\",\"method\":null,\"event\":\"task\",\"ok\":null,\"data\":{}},{\"ts\":1783576311532,\"kind\":\"event\",\"method\":null,\"event\":\"task\",\"ok\":null,\"data\":{}},{\"ts\":1783576311533,\"kind\":\"event\",\"method\":null,\"event\":\"task\",\"ok\":null,\"data\":{}},{\"ts\":1783576311602,\"kind\":\"event\",\"method\":null,\"event\":\"task\",\"ok\":null,\"data\":{}},{\"ts\":1783576311603,\"kind\":\"event\",\"method\":null,\"event\":\"task\",\"ok\":null,\"data\":{}},{\"ts\":1783576311603,\"kind\":\"event\",\"method\":null,\"event\":\"agent\",\"ok\":null,\"data\":{\"runId\":\"continuation-delegate-736fde166eb2c00e52d93a88ad31e5d9\",\"sessionKey\":\"agent:main:subagent:continuation-736fde166eb2c00e52d93a88ad31e5d9\",\"ts\":1783576311531}},{\"ts\":1783576311603,\"kind\":\"event\",\"method\":null,\"event\":\"agent\",\"ok\":null,\"data\":{\"runId\":\"continuation-delegate-736fde166eb2c00e52d93a88ad31e5d9\",\"sessionKey\":\"agent:main:subagent:continuation-736fde166eb2c00e52d93a88ad31e5d9\",\"ts\":1783576311601}},{\"ts\":1783576311728,\"kind\":\"event\",\"method\":null,\"event\":\"task\",\"ok\":null,\"data\":{}},{\"ts\":1783576311728,\"kind\":\"event\",\"method\":null,\"event\":\"task\",\"ok\":null,\"data\":{}},{\"ts\":1783576311768,\"kind\":\"event\",\"method\":null,\"event\":\"agent\",\"ok\":null,\"data\":{\"runId\":\"continuation-delegate-736fde166eb2c00e52d93a88ad31e5d9\",\"sessionKey\":\"agent:main:subagent:continuation-736fde166eb2c00e52d93a88ad31e5d9\",\"ts\":1783576311727}},{\"ts\":1783576311768,\"kind\":\"event\",\"method\":null,\"event\":\"chat\",\"ok\":null,\"data\":{\"runId\":\"continuation-delegate-736fde166eb2c00e52d93a88ad31e5d9\",\"sessionKey\":\"agent:main:subagent:continuation-736fde166eb2c00e52d93a88ad31e5d9\",\"state\":\"delta\"}},{\"ts\":1783576311769,\"kind\":\"event\",\"method\":null,\"event\":\"chat\",\"ok\":null,\"data\":{\"runId\":\"continuation-delegate-736fde166eb2c00e52d93a88ad31e5d9\",\"sessionKey\":\"agent:main:subagent:continuation-736fde166eb2c00e52d93a88ad31e5d9\",\"state\":\"final\"}},{\"ts\":1783576311773,\"kind\":\"event\",\"method\":null,\"event\":\"task\",\"ok\":null,\"data\":{}},{\"ts\":1783576311816,\"kind\":\"event\",\"method\":null,\"event\":\"presence\",\"ok\":null,\"data\":{}},{\"ts\":1783576311953,\"kind\":\"event\",\"method\":null,\"event\":\"health\",\"ok\":null,\"data\":{\"ok\":true,\"ts\":1783576311953}},{\"ts\":1783576311995,\"kind\":\"event\",\"method\":null,\"event\":\"presence\",\"ok\":null,\"data\":{}},{\"ts\":1783576312024,\"kind\":\"event\",\"method\":null,\"event\":\"task\",\"ok\":null,\"data\":{}},{\"ts\":1783576312059,\"kind\":\"event\",\"method\":null,\"event\":\"task\",\"ok\":null,\"data\":{}},{\"ts\":1783576312423,\"kind\":\"event\",\"method\":null,\"event\":\"task\",\"ok\":null,\"data\":{}},{\"ts\":1783576316825,\"kind\":\"response\",\"method\":\"sessions.send\",\"event\":null,\"ok\":true,\"data\":{\"runId\":\"R-CD-SILENT-FOLLOWUP-R-CD-SILENT-1783576276671-tom8ibmf\",\"status\":\"started\"}},{\"ts\":1783576317740,\"kind\":\"event\",\"method\":null,\"event\":\"agent\",\"ok\":null,\"data\":{\"runId\":\"active-memory-mrd3aeg7-8e4488f5\",\"sessionKey\":\"agent:main:r-cd-silent-r-cd-silent-1783576276671-tom8ibmf:active-memory:1cee128ef3a2\",\"ts\":1783576317739}},{\"ts\":1783576321979,\"kind\":\"event\",\"method\":null,\"event\":\"agent\",\"ok\":null,\"data\":{\"runId\":\"active-memory-mrd3aeg7-8e4488f5\",\"sessionKey\":\"agent:main:r-cd-silent-r-cd-silent-1783576276671-tom8ibmf:active-memory:1cee128ef3a2\",\"ts\":1783576321964}},{\"ts\":1783576323250,\"kind\":\"event\",\"method\":null,\"event\":\"health\",\"ok\":null,\"data\":{\"ok\":true,\"ts\":1783576323249}},{\"ts\":1783576323277,\"kind\":\"event\",\"method\":null,\"event\":\"presence\",\"ok\":null,\"data\":{}},{\"ts\":1783576323311,\"kind\":\"event\",\"method\":null,\"event\":\"agent\",\"ok\":null,\"data\":{\"runId\":\"active-memory-mrd3aeg7-8e4488f5\",\"sessionKey\":\"agent:main:r-cd-silent-r-cd-silent-1783576276671-tom8ibmf:active-memory:1cee128ef3a2\",\"ts\":1783576323297}},{\"ts\":1783576324618,\"kind\":\"event\",\"method\":null,\"event\":\"agent\",\"ok\":null,\"data\":{\"runId\":\"active-memory-mrd3aeg7-8e4488f5\",\"sessionKey\":\"agent:main:r-cd-silent-r-cd-silent-1783576276671-tom8ibmf:active-memory:1cee128ef3a2\",\"ts\":1783576324618}},{\"ts\":1783576324619,\"kind\":\"event\",\"method\":null,\"event\":\"chat\",\"ok\":null,\"data\":{\"runId\":\"active-memory-mrd3aeg7-8e4488f5\",\"sessionKey\":\"agent:main:r-cd-silent-r-cd-silent-1783576276671-tom8ibmf:active-memory:1cee128ef3a2\",\"state\":\"error\"}},{\"ts\":1783576324769,\"kind\":\"event\",\"method\":null,\"event\":\"agent\",\"ok\":null,\"data\":{\"runId\":\"R-CD-SILENT-FOLLOWUP-R-CD-SILENT-1783576276671-tom8ibmf\",\"sessionKey\":\"agent:main:r-cd-silent-r-cd-silent-1783576276671-tom8ibmf\",\"ts\":1783576324769}},{\"ts\":1783576324818,\"kind\":\"event\",\"method\":null,\"event\":\"session.message\",\"ok\":null,\"data\":{\"sessionKey\":\"agent:main:r-cd-silent-r-cd-silent-1783576276671-tom8ibmf\",\"status\":\"done\",\"startedAt\":1783576288169}},{\"ts\":1783576327269,\"kind\":\"event\",\"method\":null,\"event\":\"health\",\"ok\":null,\"data\":{\"ok\":true,\"ts\":1783576327268}},{\"ts\":1783576327303,\"kind\":\"event\",\"method\":null,\"event\":\"presence\",\"ok\":null,\"data\":{}},{\"ts\":1783576327369,\"kind\":\"event\",\"method\":null,\"event\":\"health\",\"ok\":null,\"data\":{\"ok\":true,\"ts\":1783576327368}},{\"ts\":1783576327387,\"kind\":\"event\",\"method\":null,\"event\":\"presence\",\"ok\":null,\"data\":{}},{\"ts\":1783576327437,\"kind\":\"event\",\"method\":null,\"event\":\"health\",\"ok\":null,\"data\":{\"ok\":true,\"ts\":1783576327437}},{\"ts\":1783576327441,\"kind\":\"event\",\"method\":null,\"event\":\"presence\",\"ok\":null,\"data\":{}},{\"ts\":1783576327711,\"kind\":\"event\",\"method\":null,\"event\":\"agent\",\"ok\":null,\"data\":{\"runId\":\"R-CD-SILENT-FOLLOWUP-R-CD-SILENT-1783576276671-tom8ibmf\",\"sessionKey\":\"agent:main:r-cd-silent-r-cd-silent-1783576276671-tom8ibmf\",\"ts\":1783576327710}},{\"ts\":1783576327711,\"kind\":\"event\",\"method\":null,\"event\":\"chat\",\"ok\":null,\"data\":{\"runId\":\"R-CD-SILENT-FOLLOWUP-R-CD-SILENT-1783576276671-tom8ibmf\",\"sessionKey\":\"agent:main:r-cd-silent-r-cd-silent-1783576276671-tom8ibmf\",\"state\":\"delta\"}},{\"ts\":1783576327948,\"kind\":\"event\",\"method\":null,\"event\":\"session.message\",\"ok\":null,\"data\":{\"sessionKey\":\"agent:main:r-cd-silent-r-cd-silent-1783576276671-tom8ibmf\",\"status\":\"running\",\"startedAt\":1783576324769}}],\"ended\":\"2026-07-09T05:52:07.948Z\",\"duration_ms\":51277}" source=console
time="2026-07-08T22:52:07-07:00" level=info msg="\n--- R-CD-SILENT EVIDENCE SUMMARY ---" source=console
time="2026-07-08T22:52:07-07:00" level=info msg="{\n  \"row\": \"R-CD-SILENT\",\n  \"manifest_loaded\": true,\n  \"nonce\": \"R-CD-SILENT-1783576276671-tom8ibmf\",\n  \"seat\": \"cael\",\n  \"requestedSessionKey\": \"p81-5292-cael-r-cd-silent\",\n  \"sessionKey\": \"agent:main:r-cd-silent-r-cd-silent-1783576276671-tom8ibmf\",\n  \"session_created\": true,\n  \"created_session_key\": \"agent:main:r-cd-silent-r-cd-silent-1783576276671-tom8ibmf\",\n  \"candidateSha\": \"5292af40d0ad5303b85a678f6e629503a8725848\",\n  \"started\": \"2026-07-09T05:51:16.671Z\",\n  \"dispatch_accepted\": true,\n  \"scheduled_sentinel\": true,\n  \"child_completion_observed\": true,\n  \"followup_accepted\": true,\n  \"parent_internal_context_observed\": true,\n  \"no_channel_delivery\": true,\n  \"child_channel_delivery_observed\": false,\n  \"dispatch_accepted_at_ms\": 1783576277582,\n  \"followup_sent_at_ms\": 1783576316769,\n  \"trace_id\": null,\n  \"redacted_events\": [\n    {\n      \"ts\": 1783576276672,\n      \"kind\": \"event\",\n      \"method\": null,\n      \"event\": \"connect.challenge\",\n      \"ok\": null,\n      \"data\": {\n        \"ts\": 1783576276672\n      }\n    },\n    {\n      \"ts\": 1783576276674,\n      \"kind\": \"other\",\n      \"method\": null,\n      \"event\": null,\n      \"ok\": null,\n      \"data\": {}\n    },\n    {\n      \"ts\": 1783576276747,\n      \"kind\": \"event\",\n      \"method\": null,\n      \"event\": \"health\",\n      \"ok\": null,\n      \"data\": {\n        \"ok\": true,\n        \"ts\": 1783576276747\n      }\n    },\n    {\n      \"ts\": 1783576277038,\n      \"kind\": \"response\",\n      \"method\": \"sessions.create\",\n      \"event\": null,\n      \"ok\": true,\n      \"data\": {\n        \"ok\": true\n      }\n    },\n    {\n      \"ts\": 1783576277072,\n      \"kind\": \"response\",\n      \"method\": \"sessions.messages.subscribe\",\n      \"event\": null,\n      \"ok\": true,\n      \"data\": {}\n    },\n    {\n      \"ts\": 1783576277582,\n      \"kind\": \"response\",\n      \"method\": \"sessions.send\",\n      \"event\": null,\n      \"ok\": true,\n      \"data\": {\n        \"runId\": \"R-CD-SILENT-DISPATCH-R-CD-SILENT-1783576276671-tom8ibmf\",\n        \"status\": \"started\"\n      }\n    },\n    {\n      \"ts\": 1783576279112,\n      \"kind\": \"event\",\n      \"method\": null,\n      \"event\": \"agent\",\n      \"ok\": null,\n      \"data\": {\n        \"runId\": \"announce:v1:agent:main:subagent:001df598-d244-4962-bdd8-28c48dfd537e:4dd778fd-599c-4105-b3e6-8b2b027999bb\",\n        \"sessionKey\": \"agent:main:r-cd-model-token-r-cd-model-token-1783576230524-sff8vgaw\",\n        \"ts\": 1783576279111\n      }\n    },\n    {\n      \"ts\": 1783576279112,\n      \"kind\": \"event\",\n      \"method\": null,\n      \"event\": \"chat\",\n      \"ok\": null,\n      \"data\": {\n        \"runId\": \"announce:v1:agent:main:subagent:001df598-d244-4962-bdd8-28c48dfd537e:4dd778fd-599c-4105-b3e6-8b2b027999bb\",\n        \"sessionKey\": \"agent:main:r-cd-model-token-r-cd-model-token-1783576230524-sff8vgaw\",\n        \"state\": \"delta\"\n      }\n    },\n    {\n      \"ts\": 1783576279325,\n      \"kind\": \"event\",\n      \"method\": null,\n      \"event\": \"agent\",\n      \"ok\": null,\n      \"data\": {\n        \"runId\": \"announce:v1:agent:main:subagent:001df598-d244-4962-bdd8-28c48dfd537e:4dd778fd-599c-4105-b3e6-8b2b027999bb\",\n        \"sessionKey\": \"agent:main:r-cd-model-token-r-cd-model-token-1783576230524-sff8vgaw\",\n        \"ts\": 1783576279116\n      }\n    },\n    {\n      \"ts\": 1783576279325,\n      \"kind\": \"event\",\n      \"method\": null,\n      \"event\": \"agent\",\n      \"ok\": null,\n      \"data\": {\n        \"runId\": \"announce:v1:agent:main:subagent:001df598-d244-4962-bdd8-28c48dfd537e:4dd778fd-599c-4105-b3e6-8b2b027999bb\",\n        \"sessionKey\": \"agent:main:r-cd-model-token-r-cd-model-token-1783576230524-sff8vgaw\",\n        \"ts\": 1783576279324\n      }\n    },\n    {\n      \"ts\": 1783576279325,\n      \"kind\": \"event\",\n      \"method\": null,\n      \"event\": \"chat\",\n      \"ok\": null,\n      \"data\": {\n        \"runId\": \"announce:v1:agent:main:subagent:001df598-d244-4962-bdd8-28c48dfd537e:4dd778fd-599c-4105-b3e6-8b2b027999bb\",\n        \"sessionKey\": \"agent:main:r-cd-model-token-r-cd-model-token-1783576230524-sff8vgaw\",\n        \"state\": \"delta\"\n      }\n    },\n    {\n      \"ts\": 1783576279389,\n      \"kind\": \"event\",\n      \"method\": null,\n      \"event\": \"agent\",\n      \"ok\": null,\n      \"data\": {\n        \"runId\": \"announce:v1:agent:main:subagent:001df598-d244-4962-bdd8-28c48dfd537e:4dd778fd-599c-4105-b3e6-8b2b027999bb\",\n        \"sessionKey\": \"agent:main:r-cd-model-token-r-cd-model-token-1783576230524-sff8vgaw\",\n        \"ts\": 1783576279371\n      }\n    },\n    {\n      \"ts\": 1783576279389,\n      \"kind\": \"event\",\n      \"method\": null,\n      \"event\": \"agent\",\n      \"ok\": null,\n      \"data\": {\n        \"runId\": \"announce:v1:agent:main:subagent:001df598-d244-4962-bdd8-28c48dfd537e:4dd778fd-599c-4105-b3e6-8b2b027999bb\",\n        \"sessionKey\": \"agent:main:r-cd-model-token-r-cd-model-token-1783576230524-sff8vgaw\",\n        \"ts\": 1783576279388\n      }\n    },\n    {\n      \"ts\": 1783576279629,\n      \"kind\": \"event\",\n      \"method\": null,\n      \"event\": \"agent\",\n      \"ok\": null,\n      \"data\": {\n        \"runId\": \"announce:v1:agent:main:subagent:001df598-d244-4962-bdd8-28c48dfd537e:4dd778fd-599c-4105-b3e6-8b2b027999bb\",\n        \"sessionKey\": \"agent:main:r-cd-model-token-r-cd-model-token-1783576230524-sff8vgaw\",\n        \"ts\": 1783576279588\n      }\n    },\n    {\n      \"ts\": 1783576279629,\n      \"kind\": \"event\",\n      \"method\": null,\n      \"event\": \"chat\",\n      \"ok\": null,\n      \"data\": {\n        \"runId\": \"announce:v1:agent:main:subagent:001df598-d244-4962-bdd8-28c48dfd537e:4dd778fd-599c-4105-b3e6-8b2b027999bb\",\n        \"sessionKey\": \"agent:main:r-cd-model-token-r-cd-model-token-1783576230524-sff8vgaw\",\n        \"state\": \"delta\"\n      }\n    },\n    {\n      \"ts\": 1783576279629,\n      \"kind\": \"event\",\n      \"method\": null,\n      \"event\": \"chat\",\n      \"ok\": null,\n      \"data\": {\n        \"runId\": \"announce:v1:agent:main:subagent:001df598-d244-4962-bdd8-28c48dfd537e:4dd778fd-599c-4105-b3e6-8b2b027999bb\",\n        \"sessionKey\": \"agent:main:r-cd-model-token-r-cd-model-token-1783576230524-sff8vgaw\",\n        \"state\": \"final\"\n      }\n    },\n    {\n      \"ts\": 1783576279811,\n      \"kind\": \"event\",\n      \"method\": null,\n      \"event\": \"health\",\n      \"ok\": null,\n      \"data\": {\n        \"ok\": true,\n        \"ts\": 1783576279811\n      }\n    },\n    {\n      \"ts\": 1783576279880,\n      \"kind\": \"event\",\n      \"method\": null,\n      \"event\": \"tick\",\n      \"ok\": null,\n      \"data\": {\n        \"ts\": 1783576279880\n      }\n    },\n    {\n      \"ts\": 1783576279928,\n      \"kind\": \"event\",\n      \"method\": null,\n      \"event\": \"health\",\n      \"ok\": null,\n      \"data\": {\n        \"ok\": true,\n        \"ts\": 1783576279927\n      }\n    },\n    {\n      \"ts\": 1783576280101,\n      \"kind\": \"event\",\n      \"method\": null,\n      \"event\": \"agent\",\n      \"ok\": null,\n      \"data\": {\n        \"runId\": \"active-memory-mrd39dbe-6562002f\",\n        \"sessionKey\": \"agent:main:subagent:continuation-2c17967b44c42d398f46235c8ab91c20:active-memory:cd1c066de4a7\",\n        \"ts\": 1783576280060\n      }\n    },\n    {\n      \"ts\": 1783576280101,\n      \"kind\": \"event\",\n      \"method\": null,\n      \"event\": \"chat\",\n      \"ok\": null,\n      \"data\": {\n        \"runId\": \"active-memory-mrd39dbe-6562002f\",\n        \"sessionKey\": \"agent:main:subagent:continuation-2c17967b44c42d398f46235c8ab91c20:active-memory:cd1c066de4a7\",\n        \"state\": \"error\"\n      }\n    },\n    {\n      \"ts\": 1783576280130,\n      \"kind\": \"event\",\n      \"method\": null,\n      \"event\": \"presence\",\n      \"ok\": null,\n      \"data\": {}\n    },\n    {\n      \"ts\": 1783576280242,\n      \"kind\": \"event\",\n      \"method\": null,\n      \"event\": \"health\",\n      \"ok\": null,\n      \"data\": {\n        \"ok\": true,\n        \"ts\": 1783576280241\n      }\n    },\n    {\n      \"ts\": 1783576280537,\n      \"kind\": \"event\",\n      \"method\": null,\n      \"event\": \"presence\",\n      \"ok\": null,\n      \"data\": {}\n    },\n    {\n      \"ts\": 1783576280574,\n      \"kind\": \"event\",\n      \"method\": null,\n      \"event\": \"task\",\n      \"ok\": null,\n      \"data\": {}\n    },\n    {\n      \"ts\": 1783576280833,\n      \"kind\": \"event\",\n      \"method\": null,\n      \"event\": \"agent\",\n      \"ok\": null,\n      \"data\": {\n        \"runId\": \"active-memory-mrd39k2e-f11a4132\",\n        \"sessionKey\": \"agent:main:r-cd-silent-r-cd-silent-1783576276671-tom8ibmf:active-memory:40de33afd75f\",\n        \"ts\": 1783576280832\n      }\n    },\n    {\n      \"ts\": 1783576280838,\n      \"kind\": \"event\",\n      \"method\": null,\n      \"event\": \"task\",\n      \"ok\": null,\n      \"data\": {}\n    },\n    {\n      \"ts\": 1783576280839,\n      \"kind\": \"event\",\n      \"method\": null,\n      \"event\": \"task\",\n      \"ok\": null,\n      \"data\": {}\n    },\n    {\n      \"ts\": 1783576280846,\n      \"kind\": \"event\",\n      \"method\": null,\n      \"event\": \"agent\",\n      \"ok\": null,\n      \"data\": {\n        \"runId\": \"continuation-delegate-2c17967b44c42d398f46235c8ab91c20\",\n        \"sessionKey\": \"agent:main:subagent:continuation-2c17967b44c42d398f46235c8ab91c20\",\n        \"ts\": 1783576280837\n      }\n    },\n    {\n      \"ts\": 1783576281726,\n      \"kind\": \"event\",\n      \"method\": null,\n      \"event\": \"task\",\n      \"ok\": null,\n      \"data\": {}\n    },\n    {\n      \"ts\": 1783576281727,\n      \"kind\": \"event\",\n      \"method\": null,\n      \"event\": \"task\",\n      \"ok\": null,\n      \"data\": {}\n    },\n    {\n      \"ts\": 1783576281737,\n      \"kind\": \"event\",\n      \"method\": null,\n      \"event\": \"agent\",\n      \"ok\": null,\n      \"data\": {\n        \"runId\": \"continuation-delegate-2c17967b44c42d398f46235c8ab91c20\",\n        \"sessionKey\": \"agent:main:subagent:continuation-2c17967b44c42d398f46235c8ab91c20\",\n        \"ts\": 1783576281725\n      }\n    },\n    {\n      \"ts\": 1783576281739,\n      \"kind\": \"event\",\n      \"method\": null,\n      \"event\": \"task\",\n      \"ok\": null,\n      \"data\": {}\n    },\n    {\n      \"ts\": 1783576281739,\n      \"kind\": \"event\",\n      \"method\": null,\n      \"event\": \"task\",\n      \"ok\": null,\n      \"data\": {}\n    },\n    {\n      \"ts\": 1783576281739,\n      \"kind\": \"event\",\n      \"method\": null,\n      \"event\": \"agent\",\n      \"ok\": null,\n      \"data\": {\n        \"runId\": \"continuation-delegate-2c17967b44c42d398f46235c8ab91c20\",\n        \"sessionKey\": \"agent:main:subagent:continuation-2c17967b44c42d398f46235c8ab91c20\",\n        \"ts\": 1783576281738\n      }\n    },\n    {\n      \"ts\": 1783576281786,\n      \"kind\": \"event\",\n      \"method\": null,\n      \"event\": \"task\",\n      \"ok\": null,\n      \"data\": {}\n    },\n    {\n      \"ts\": 1783576281787,\n      \"kind\": \"event\",\n      \"method\": null,\n      \"event\": \"task\",\n      \"ok\": null,\n      \"data\": {}\n    },\n    {\n      \"ts\": 1783576281788,\n      \"kind\": \"event\",\n      \"method\": null,\n      \"event\": \"agent\",\n      \"ok\": null,\n      \"data\": {\n        \"runId\": \"continuation-delegate-2c17967b44c42d398f46235c8ab91c20\",\n        \"sessionKey\": \"agent:main:subagent:continuation-2c17967b44c42d398f46235c8ab91c20\",\n        \"ts\": 1783576281753\n      }\n    },\n    {\n      \"ts\": 1783576282586,\n      \"kind\": \"event\",\n      \"method\": null,\n      \"event\": \"task\",\n      \"ok\": null,\n      \"data\": {}\n    },\n    {\n      \"ts\": 1783576282587,\n      \"kind\": \"event\",\n      \"method\": null,\n      \"event\": \"task\",\n      \"ok\": null,\n      \"data\": {}\n    },\n    {\n      \"ts\": 1783576282587,\n      \"kind\": \"event\",\n      \"method\": null,\n      \"event\": \"agent\",\n      \"ok\": null,\n      \"data\": {\n        \"runId\": \"continuation-delegate-2c17967b44c42d398f46235c8ab91c20\",\n        \"sessionKey\": \"agent:main:subagent:continuation-2c17967b44c42d398f46235c8ab91c20\",\n        \"ts\": 1783576282585\n      }\n    },\n    {\n      \"ts\": 1783576282588,\n      \"kind\": \"event\",\n      \"method\": null,\n      \"event\": \"task\",\n      \"ok\": null,\n      \"data\": {}\n    },\n    {\n      \"ts\": 1783576282589,\n      \"kind\": \"event\",\n      \"method\": null,\n      \"event\": \"task\",\n      \"ok\": null,\n      \"data\": {}\n    },\n    {\n      \"ts\": 1783576282589,\n      \"kind\": \"event\",\n      \"method\": null,\n      \"event\": \"agent\",\n      \"ok\": null,\n      \"data\": {\n        \"runId\": \"continuation-delegate-2c17967b44c42d398f46235c8ab91c20\",\n        \"sessionKey\": \"agent:main:subagent:continuation-2c17967b44c42d398f46235c8ab91c20\",\n        \"ts\": 1783576282588\n      }\n    },\n    {\n      \"ts\": 1783576284399,\n      \"kind\": \"event\",\n      \"method\": null,\n      \"event\": \"task\",\n      \"ok\": null,\n      \"data\": {}\n    },\n    {\n      \"ts\": 1783576284399,\n      \"kind\": \"event\",\n      \"method\": null,\n      \"event\": \"task\",\n      \"ok\": null,\n      \"data\": {}\n    },\n    {\n      \"ts\": 1783576284400,\n      \"kind\": \"event\",\n      \"method\": null,\n      \"event\": \"agent\",\n      \"ok\": null,\n      \"data\": {\n        \"runId\": \"continuation-delegate-2c17967b44c42d398f46235c8ab91c20\",\n        \"sessionKey\": \"agent:main:subagent:continuation-2c17967b44c42d398f46235c8ab91c20\",\n        \"ts\": 1783576284398\n      }\n    },\n    {\n      \"ts\": 1783576284400,\n      \"kind\": \"event\",\n      \"method\": null,\n      \"event\": \"task\",\n      \"ok\": null,\n      \"data\": {}\n    },\n    {\n      \"ts\": 1783576284401,\n      \"kind\": \"event\",\n      \"method\": null,\n      \"event\": \"task\",\n      \"ok\": null,\n      \"data\": {}\n    },\n    {\n      \"ts\": 1783576284401,\n      \"kind\": \"event\",\n      \"method\": null,\n      \"event\": \"agent\",\n      \"ok\": null,\n      \"data\": {\n        \"runId\": \"continuation-delegate-2c17967b44c42d398f46235c8ab91c20\",\n        \"sessionKey\": \"agent:main:subagent:continuation-2c17967b44c42d398f46235c8ab91c20\",\n        \"ts\": 1783576284400\n      }\n    },\n    {\n      \"ts\": 1783576284489,\n      \"kind\": \"event\",\n      \"method\": null,\n      \"event\": \"agent\",\n      \"ok\": null,\n      \"data\": {\n        \"runId\": \"active-memory-mrd39k2e-f11a4132\",\n        \"sessionKey\": \"agent:main:r-cd-silent-r-cd-silent-1783576276671-tom8ibmf:active-memory:40de33afd75f\",\n        \"ts\": 1783576284455\n      }\n    },\n    {\n      \"ts\": 1783576285900,\n      \"kind\": \"event\",\n      \"method\": null,\n      \"event\": \"health\",\n      \"ok\": null,\n      \"data\": {\n        \"ok\": true,\n        \"ts\": 1783576285900\n      }\n    },\n    {\n      \"ts\": 1783576285902,\n      \"kind\": \"event\",\n      \"method\": null,\n      \"event\": \"task\",\n      \"ok\": null,\n      \"data\": {}\n    },\n    {\n      \"ts\": 1783576285902,\n      \"kind\": \"event\",\n      \"method\": null,\n      \"event\": \"task\",\n      \"ok\": null,\n      \"data\": {}\n    },\n    {\n      \"ts\": 1783576285902,\n      \"kind\": \"event\",\n      \"method\": null,\n      \"event\": \"agent\",\n      \"ok\": null,\n      \"data\": {\n        \"runId\": \"continuation-delegate-2c17967b44c42d398f46235c8ab91c20\",\n        \"sessionKey\": \"agent:main:subagent:continuation-2c17967b44c42d398f46235c8ab91c20\",\n        \"ts\": 1783576285901\n      }\n    },\n    {\n      \"ts\": 1783576285903,\n      \"kind\": \"event\",\n      \"method\": null,\n      \"event\": \"task\",\n      \"ok\": null,\n      \"data\": {}\n    },\n    {\n      \"ts\": 1783576285903,\n      \"kind\": \"event\",\n      \"method\": null,\n      \"event\": \"task\",\n      \"ok\": null,\n      \"data\": {}\n    },\n    {\n      \"ts\": 1783576285903,\n      \"kind\": \"event\",\n      \"method\": null,\n      \"event\": \"agent\",\n      \"ok\": null,\n      \"data\": {\n        \"runId\": \"continuation-delegate-2c17967b44c42d398f46235c8ab91c20\",\n        \"sessionKey\": \"agent:main:subagent:continuation-2c17967b44c42d398f46235c8ab91c20\",\n        \"ts\": 1783576285902\n      }\n    },\n    {\n      \"ts\": 1783576285914,\n      \"kind\": \"event\",\n      \"method\": null,\n      \"event\": \"task\",\n      \"ok\": null,\n      \"data\": {}\n    },\n    {\n      \"ts\": 1783576285914,\n      \"kind\": \"event\",\n      \"method\": null,\n      \"event\": \"task\",\n      \"ok\": null,\n      \"data\": {}\n    },\n    {\n      \"ts\": 1783576285915,\n      \"kind\": \"event\",\n      \"method\": null,\n      \"event\": \"agent\",\n      \"ok\": null,\n      \"data\": {\n        \"runId\": \"continuation-delegate-2c17967b44c42d398f46235c8ab91c20\",\n        \"sessionKey\": \"agent:main:subagent:continuation-2c17967b44c42d398f46235c8ab91c20\",\n        \"ts\": 1783576285913\n      }\n    },\n    {\n      \"ts\": 1783576285915,\n      \"kind\": \"event\",\n      \"method\": null,\n      \"event\": \"task\",\n      \"ok\": null,\n      \"data\": {}\n    },\n    {\n      \"ts\": 1783576285916,\n      \"kind\": \"event\",\n      \"method\": null,\n      \"event\": \"task\",\n      \"ok\": null,\n      \"data\": {}\n    },\n    {\n      \"ts\": 1783576285916,\n      \"kind\": \"event\",\n      \"method\": null,\n      \"event\": \"agent\",\n      \"ok\": null,\n      \"data\": {\n        \"runId\": \"continuation-delegate-2c17967b44c42d398f46235c8ab91c20\",\n        \"sessionKey\": \"agent:main:subagent:continuation-2c17967b44c42d398f46235c8ab91c20\",\n        \"ts\": 1783576285915\n      }\n    },\n    {\n      \"ts\": 1783576285916,\n      \"kind\": \"event\",\n      \"method\": null,\n      \"event\": \"chat\",\n      \"ok\": null,\n      \"data\": {\n        \"runId\": \"continuation-delegate-2c17967b44c42d398f46235c8ab91c20\",\n        \"sessionKey\": \"agent:main:subagent:continuation-2c17967b44c42d398f46235c8ab91c20\",\n        \"state\": \"delta\"\n      }\n    },\n    {\n      \"ts\": 1783576285917,\n      \"kind\": \"event\",\n      \"method\": null,\n      \"event\": \"task\",\n      \"ok\": null,\n      \"data\": {}\n    },\n    {\n      \"ts\": 1783576285917,\n      \"kind\": \"event\",\n      \"method\": null,\n      \"event\": \"task\",\n      \"ok\": null,\n      \"data\": {}\n    },\n    {\n      \"ts\": 1783576285918,\n      \"kind\": \"event\",\n      \"method\": null,\n      \"event\": \"task\",\n      \"ok\": null,\n      \"data\": {}\n    },\n    {\n      \"ts\": 1783576285918,\n      \"kind\": \"event\",\n      \"method\": null,\n      \"event\": \"task\",\n      \"ok\": null,\n      \"data\": {}\n    },\n    {\n      \"ts\": 1783576285919,\n      \"kind\": \"event\",\n      \"method\": null,\n      \"event\": \"presence\",\n      \"ok\": null,\n      \"data\": {}\n    },\n    {\n      \"ts\": 1783576285924,\n      \"kind\": \"event\",\n      \"method\": null,\n      \"event\": \"task\",\n      \"ok\": null,\n      \"data\": {}\n    },\n    {\n      \"ts\": 1783576285924,\n      \"kind\": \"event\",\n      \"method\": null,\n      \"event\": \"task\",\n      \"ok\": null,\n      \"data\": {}\n    },\n    {\n      \"ts\": 1783576285959,\n      \"kind\": \"event\",\n      \"method\": null,\n      \"event\": \"agent\",\n      \"ok\": null,\n      \"data\": {\n        \"runId\": \"active-memory-mrd39k2e-f11a4132\",\n        \"sessionKey\": \"agent:main:r-cd-silent-r-cd-silent-1783576276671-tom8ibmf:active-memory:40de33afd75f\",\n        \"ts\": 1783576285943\n      }\n    },\n    {\n      \"ts\": 1783576285960,\n      \"kind\": \"event\",\n      \"method\": null,\n      \"event\": \"task\",\n      \"ok\": null,\n      \"data\": {}\n    },\n    {\n      \"ts\": 1783576285961,\n      \"kind\": \"event\",\n      \"method\": null,\n      \"event\": \"task\",\n      \"ok\": null,\n      \"data\": {}\n    },\n    {\n      \"ts\": 1783576285962,\n      \"kind\": \"event\",\n      \"method\": null,\n      \"event\": \"task\",\n      \"ok\": null,\n      \"data\": {}\n    },\n    {\n      \"ts\": 1783576285962,\n      \"kind\": \"event\",\n      \"method\": null,\n      \"event\": \"task\",\n      \"ok\": null,\n      \"data\": {}\n    },\n    {\n      \"ts\": 1783576285980,\n      \"kind\": \"event\",\n      \"method\": null,\n      \"event\": \"task\",\n      \"ok\": null,\n      \"data\": {}\n    },\n    {\n      \"ts\": 1783576285980,\n      \"kind\": \"event\",\n      \"method\": null,\n      \"event\": \"task\",\n      \"ok\": null,\n      \"data\": {}\n    },\n    {\n      \"ts\": 1783576285982,\n      \"kind\": \"event\",\n      \"method\": null,\n      \"event\": \"task\",\n      \"ok\": null,\n      \"data\": {}\n    },\n    {\n      \"ts\": 1783576285982,\n      \"kind\": \"event\",\n      \"method\": null,\n      \"event\": \"task\",\n      \"ok\": null,\n      \"data\": {}\n    },\n    {\n      \"ts\": 1783576286006,\n      \"kind\": \"event\",\n      \"method\": null,\n      \"event\": \"task\",\n      \"ok\": null,\n      \"data\": {}\n    },\n    {\n      \"ts\": 1783576286006,\n      \"kind\": \"event\",\n      \"method\": null,\n      \"event\": \"task\",\n      \"ok\": null,\n      \"data\": {}\n    },\n    {\n      \"ts\": 1783576286008,\n      \"kind\": \"event\",\n      \"method\": null,\n      \"event\": \"task\",\n      \"ok\": null,\n      \"data\": {}\n    },\n    {\n      \"ts\": 1783576286009,\n      \"kind\": \"event\",\n      \"method\": null,\n      \"event\": \"task\",\n      \"ok\": null,\n      \"data\": {}\n    },\n    {\n      \"ts\": 1783576286010,\n      \"kind\": \"event\",\n      \"method\": null,\n      \"event\": \"task\",\n      \"ok\": null,\n      \"data\": {}\n    },\n    {\n      \"ts\": 1783576286010,\n      \"kind\": \"event\",\n      \"method\": null,\n      \"event\": \"task\",\n      \"ok\": null,\n      \"data\": {}\n    },\n    {\n      \"ts\": 1783576286034,\n      \"kind\": \"event\",\n      \"method\": null,\n      \"event\": \"task\",\n      \"ok\": null,\n      \"data\": {}\n    },\n    {\n      \"ts\": 1783576286034,\n      \"kind\": \"event\",\n      \"method\": null,\n      \"event\": \"task\",\n      \"ok\": null,\n      \"data\": {}\n    },\n    {\n      \"ts\": 1783576286048,\n      \"kind\": \"event\",\n      \"method\": null,\n      \"event\": \"task\",\n      \"ok\": null,\n      \"data\": {}\n    },\n    {\n      \"ts\": 1783576286048,\n      \"kind\": \"event\",\n      \"method\": null,\n      \"event\": \"task\",\n      \"ok\": null,\n      \"data\": {}\n    },\n    {\n      \"ts\": 1783576286053,\n      \"kind\": \"event\",\n      \"method\": null,\n      \"event\": \"task\",\n      \"ok\": null,\n      \"data\": {}\n    },\n    {\n      \"ts\": 1783576286054,\n      \"kind\": \"event\",\n      \"method\": null,\n      \"event\": \"task\",\n      \"ok\": null,\n      \"data\": {}\n    },\n    {\n      \"ts\": 1783576286056,\n      \"kind\": \"event\",\n      \"method\": null,\n      \"event\": \"task\",\n      \"ok\": null,\n      \"data\": {}\n    },\n    {\n      \"ts\": 1783576286057,\n      \"kind\": \"event\",\n      \"method\": null,\n      \"event\": \"task\",\n      \"ok\": null,\n      \"data\": {}\n    },\n    {\n      \"ts\": 1783576286059,\n      \"kind\": \"event\",\n      \"method\": null,\n      \"event\": \"task\",\n      \"ok\": null,\n      \"data\": {}\n    },\n    {\n      \"ts\": 1783576286059,\n      \"kind\": \"event\",\n      \"method\": null,\n      \"event\": \"task\",\n      \"ok\": null,\n      \"data\": {}\n    },\n    {\n      \"ts\": 1783576286061,\n      \"kind\": \"event\",\n      \"method\": null,\n      \"event\": \"task\",\n      \"ok\": null,\n      \"data\": {}\n    },\n    {\n      \"ts\": 1783576286062,\n      \"kind\": \"event\",\n      \"method\": null,\n      \"event\": \"task\",\n      \"ok\": null,\n      \"data\": {}\n    },\n    {\n      \"ts\": 1783576286063,\n      \"kind\": \"event\",\n      \"method\": null,\n      \"event\": \"task\",\n      \"ok\": null,\n      \"data\": {}\n    },\n    {\n      \"ts\": 1783576286064,\n      \"kind\": \"event\",\n      \"method\": null,\n      \"event\": \"task\",\n      \"ok\": null,\n      \"data\": {}\n    },\n    {\n      \"ts\": 1783576286066,\n      \"kind\": \"event\",\n      \"method\": null,\n      \"event\": \"task\",\n      \"ok\": null,\n      \"data\": {}\n    },\n    {\n      \"ts\": 1783576286066,\n      \"kind\": \"event\",\n      \"method\": null,\n      \"event\": \"task\",\n      \"ok\": null,\n      \"data\": {}\n    },\n    {\n      \"ts\": 1783576286067,\n      \"kind\": \"event\",\n      \"method\": null,\n      \"event\": \"agent\",\n      \"ok\": null,\n      \"data\": {\n        \"runId\": \"continuation-delegate-2c17967b44c42d398f46235c8ab91c20\",\n        \"sessionKey\": \"agent:main:subagent:continuation-2c17967b44c42d398f46235c8ab91c20\",\n        \"ts\": 1783576286062\n      }\n    },\n    {\n      \"ts\": 1783576286067,\n      \"kind\": \"event\",\n      \"method\": null,\n      \"event\": \"agent\",\n      \"ok\": null,\n      \"data\": {\n        \"runId\": \"continuation-delegate-2c17967b44c42d398f46235c8ab91c20\",\n        \"sessionKey\": \"agent:main:subagent:continuation-2c17967b44c42d398f46235c8ab91c20\",\n        \"ts\": 1783576286065\n      }\n    },\n    {\n      \"ts\": 1783576286067,\n      \"kind\": \"event\",\n      \"method\": null,\n      \"event\": \"chat\",\n      \"ok\": null,\n      \"data\": {\n        \"runId\": \"continuation-delegate-2c17967b44c42d398f46235c8ab91c20\",\n        \"sessionKey\": \"agent:main:subagent:continuation-2c17967b44c42d398f46235c8ab91c20\",\n        \"state\": \"delta\"\n      }\n    },\n    {\n      \"ts\": 1783576286113,\n      \"kind\": \"event\",\n      \"method\": null,\n      \"event\": \"task\",\n      \"ok\": null,\n      \"data\": {}\n    },\n    {\n      \"ts\": 1783576286114,\n      \"kind\": \"event\",\n      \"method\": null,\n      \"event\": \"task\",\n      \"ok\": null,\n      \"data\": {}\n    },\n    {\n      \"ts\": 1783576286123,\n      \"kind\": \"event\",\n      \"method\": null,\n      \"event\": \"task\",\n      \"ok\": null,\n      \"data\": {}\n    },\n    {\n      \"ts\": 1783576286123,\n      \"kind\": \"event\",\n      \"method\": null,\n      \"event\": \"task\",\n      \"ok\": null,\n      \"data\": {}\n    },\n    {\n      \"ts\": 1783576286125,\n      \"kind\": \"event\",\n      \"method\": null,\n      \"event\": \"task\",\n      \"ok\": null,\n      \"data\": {}\n    },\n    {\n      \"ts\": 1783576286126,\n      \"kind\": \"event\",\n      \"method\": null,\n      \"event\": \"task\",\n      \"ok\": null,\n      \"data\": {}\n    },\n    {\n      \"ts\": 1783576286128,\n      \"kind\": \"event\",\n      \"method\": null,\n      \"event\": \"task\",\n      \"ok\": null,\n      \"data\": {}\n    },\n    {\n      \"ts\": 1783576286129,\n      \"kind\": \"event\",\n      \"method\": null,\n      \"event\": \"task\",\n      \"ok\": null,\n      \"data\": {}\n    },\n    {\n      \"ts\": 1783576286131,\n      \"kind\": \"event\",\n      \"method\": null,\n      \"event\": \"task\",\n      \"ok\": null,\n      \"data\": {}\n    },\n    {\n      \"ts\": 1783576286131,\n      \"kind\": \"event\",\n      \"method\": null,\n      \"event\": \"task\",\n      \"ok\": null,\n      \"data\": {}\n    },\n    {\n      \"ts\": 1783576286141,\n      \"kind\": \"event\",\n      \"method\": null,\n      \"event\": \"task\",\n      \"ok\": null,\n      \"data\": {}\n    },\n    {\n      \"ts\": 1783576286141,\n      \"kind\": \"event\",\n      \"method\": null,\n      \"event\": \"task\",\n      \"ok\": null,\n      \"data\": {}\n    },\n    {\n      \"ts\": 1783576286163,\n      \"kind\": \"event\",\n      \"method\": null,\n      \"event\": \"task\",\n      \"ok\": null,\n      \"data\": {}\n    },\n    {\n      \"ts\": 1783576286163,\n      \"kind\": \"event\",\n      \"method\": null,\n      \"event\": \"task\",\n      \"ok\": null,\n      \"data\": {}\n    },\n    {\n      \"ts\": 1783576286180,\n      \"kind\": \"event\",\n      \"method\": null,\n      \"event\": \"task\",\n      \"ok\": null,\n      \"data\": {}\n    },\n    {\n      \"ts\": 1783576286180,\n      \"kind\": \"event\",\n      \"method\": null,\n      \"event\": \"task\",\n      \"ok\": null,\n      \"data\": {}\n    },\n    {\n      \"ts\": 1783576286216,\n      \"kind\": \"event\",\n      \"method\": null,\n      \"event\": \"task\",\n      \"ok\": null,\n      \"data\": {}\n    },\n    {\n      \"ts\": 1783576286216,\n      \"kind\": \"event\",\n      \"method\": null,\n      \"event\": \"task\",\n      \"ok\": null,\n      \"data\": {}\n    },\n    {\n      \"ts\": 1783576286216,\n      \"kind\": \"event\",\n      \"method\": null,\n      \"event\": \"agent\",\n      \"ok\": null,\n      \"data\": {\n        \"runId\": \"continuation-delegate-2c17967b44c42d398f46235c8ab91c20\",\n        \"sessionKey\": \"agent:main:subagent:continuation-2c17967b44c42d398f46235c8ab91c20\",\n        \"ts\": 1783576286179\n      }\n    },\n    {\n      \"ts\": 1783576286216,\n      \"kind\": \"event\",\n      \"method\": null,\n      \"event\": \"agent\",\n      \"ok\": null,\n      \"data\": {\n        \"runId\": \"continuation-delegate-2c17967b44c42d398f46235c8ab91c20\",\n        \"sessionKey\": \"agent:main:subagent:continuation-2c17967b44c42d398f46235c8ab91c20\",\n        \"ts\": 1783576286214\n      }\n    },\n    {\n      \"ts\": 1783576286217,\n      \"kind\": \"event\",\n      \"method\": null,\n      \"event\": \"task\",\n      \"ok\": null,\n      \"data\": {}\n    },\n    {\n      \"ts\": 1783576286217,\n      \"kind\": \"event\",\n      \"method\": null,\n      \"event\": \"task\",\n      \"ok\": null,\n      \"data\": {}\n    },\n    {\n      \"ts\": 1783576286217,\n      \"kind\": \"event\",\n      \"method\": null,\n      \"event\": \"chat\",\n      \"ok\": null,\n      \"data\": {\n        \"runId\": \"continuation-delegate-2c17967b44c42d398f46235c8ab91c20\",\n        \"sessionKey\": \"agent:main:subagent:continuation-2c17967b44c42d398f46235c8ab91c20\",\n        \"state\": \"delta\"\n      }\n    },\n    {\n      \"ts\": 1783576286331,\n      \"kind\": \"event\",\n      \"method\": null,\n      \"event\": \"task\",\n      \"ok\": null,\n      \"data\": {}\n    },\n    {\n      \"ts\": 1783576286331,\n      \"kind\": \"event\",\n      \"method\": null,\n      \"event\": \"task\",\n      \"ok\": null,\n      \"data\": {}\n    },\n    {\n      \"ts\": 1783576286331,\n      \"kind\": \"event\",\n      \"method\": null,\n      \"event\": \"agent\",\n      \"ok\": null,\n      \"data\": {\n        \"runId\": \"continuation-delegate-2c17967b44c42d398f46235c8ab91c20\",\n        \"sessionKey\": \"agent:main:subagent:continuation-2c17967b44c42d398f46235c8ab91c20\",\n        \"ts\": 1783576286216\n      }\n    },\n    {\n      \"ts\": 1783576286331,\n      \"kind\": \"event\",\n      \"method\": null,\n      \"event\": \"agent\",\n      \"ok\": null,\n      \"data\": {\n        \"runId\": \"continuation-delegate-2c17967b44c42d398f46235c8ab91c20\",\n        \"sessionKey\": \"agent:main:subagent:continuation-2c17967b44c42d398f46235c8ab91c20\",\n        \"ts\": 1783576286330\n      }\n    },\n    {\n      \"ts\": 1783576286373,\n      \"kind\": \"event\",\n      \"method\": null,\n      \"event\": \"task\",\n      \"ok\": null,\n      \"data\": {}\n    },\n    {\n      \"ts\": 1783576286374,\n      \"kind\": \"event\",\n      \"method\": null,\n      \"event\": \"task\",\n      \"ok\": null,\n      \"data\": {}\n    },\n    {\n      \"ts\": 1783576286374,\n      \"kind\": \"event\",\n      \"method\": null,\n      \"event\": \"agent\",\n      \"ok\": null,\n      \"data\": {\n        \"runId\": \"continuation-delegate-2c17967b44c42d398f46235c8ab91c20\",\n        \"sessionKey\": \"agent:main:subagent:continuation-2c17967b44c42d398f46235c8ab91c20\",\n        \"ts\": 1783576286372\n      }\n    },\n    {\n      \"ts\": 1783576286564,\n      \"kind\": \"event\",\n      \"method\": null,\n      \"event\": \"task\",\n      \"ok\": null,\n      \"data\": {}\n    },\n    {\n      \"ts\": 1783576286564,\n      \"kind\": \"event\",\n      \"method\": null,\n      \"event\": \"task\",\n      \"ok\": null,\n      \"data\": {}\n    },\n    {\n      \"ts\": 1783576286606,\n      \"kind\": \"event\",\n      \"method\": null,\n      \"event\": \"agent\",\n      \"ok\": null,\n      \"data\": {\n        \"runId\": \"continuation-delegate-2c17967b44c42d398f46235c8ab91c20\",\n        \"sessionKey\": \"agent:main:subagent:continuation-2c17967b44c42d398f46235c8ab91c20\",\n        \"ts\": 1783576286562\n      }\n    },\n    {\n      \"ts\": 1783576286606,\n      \"kind\": \"event\",\n      \"method\": null,\n      \"event\": \"chat\",\n      \"ok\": null,\n      \"data\": {\n        \"runId\": \"continuation-delegate-2c17967b44c42d398f46235c8ab91c20\",\n        \"sessionKey\": \"agent:main:subagent:continuation-2c17967b44c42d398f46235c8ab91c20\",\n        \"state\": \"final\"\n      }\n    },\n    {\n      \"ts\": 1783576286611,\n      \"kind\": \"event\",\n      \"method\": null,\n      \"event\": \"task\",\n      \"ok\": null,\n      \"data\": {}\n    },\n    {\n      \"ts\": 1783576286658,\n      \"kind\": \"event\",\n      \"method\": null,\n      \"event\": \"presence\",\n      \"ok\": null,\n      \"data\": {}\n    },\n    {\n      \"ts\": 1783576286811,\n      \"kind\": \"event\",\n      \"method\": null,\n      \"event\": \"health\",\n      \"ok\": null,\n      \"data\": {\n        \"ok\": true,\n        \"ts\": 1783576286811\n      }\n    },\n    {\n      \"ts\": 1783576286832,\n      \"kind\": \"event\",\n      \"method\": null,\n      \"event\": \"presence\",\n      \"ok\": null,\n      \"data\": {}\n    },\n    {\n      \"ts\": 1783576286865,\n      \"kind\": \"event\",\n      \"method\": null,\n      \"event\": \"task\",\n      \"ok\": null,\n      \"data\": {}\n    },\n    {\n      \"ts\": 1783576286904,\n      \"kind\": \"event\",\n      \"method\": null,\n      \"event\": \"task\",\n      \"ok\": null,\n      \"data\": {}\n    },\n    {\n      \"ts\": 1783576287801,\n      \"kind\": \"event\",\n      \"method\": null,\n      \"event\": \"agent\",\n      \"ok\": null,\n      \"data\": {\n        \"runId\": \"active-memory-mrd39k2e-f11a4132\",\n        \"sessionKey\": \"agent:main:r-cd-silent-r-cd-silent-1783576276671-tom8ibmf:active-memory:40de33afd75f\",\n        \"ts\": 1783576287801\n      }\n    },\n    {\n      \"ts\": 1783576287801,\n      \"kind\": \"event\",\n      \"method\": null,\n      \"event\": \"chat\",\n      \"ok\": null,\n      \"data\": {\n        \"runId\": \"active-memory-mrd39k2e-f11a4132\",\n        \"sessionKey\": \"agent:main:r-cd-silent-r-cd-silent-1783576276671-tom8ibmf:active-memory:40de33afd75f\",\n        \"state\": \"error\"\n      }\n    },\n    {\n      \"ts\": 1783576288154,\n      \"kind\": \"event\",\n      \"method\": null,\n      \"event\": \"agent\",\n      \"ok\": null,\n      \"data\": {\n        \"runId\": \"active-memory-mrd39rfy-1aa6e761\",\n        \"sessionKey\": \"agent:main:r-cd-model-token-r-cd-model-token-1783576230524-sff8vgaw:active-memory:3cc27450fe22\",\n        \"ts\": 1783576288153\n      }\n    },\n    {\n      \"ts\": 1783576288170,\n      \"kind\": \"event\",\n      \"method\": null,\n      \"event\": \"agent\",\n      \"ok\": null,\n      \"data\": {\n        \"runId\": \"R-CD-SILENT-DISPATCH-R-CD-SILENT-1783576276671-tom8ibmf\",\n        \"sessionKey\": \"agent:main:r-cd-silent-r-cd-silent-1783576276671-tom8ibmf\",\n        \"ts\": 1783576288169\n      }\n    },\n    {\n      \"ts\": 1783576288222,\n      \"kind\": \"event\",\n      \"method\": null,\n      \"event\": \"session.message\",\n      \"ok\": null,\n      \"data\": {\n        \"sessionKey\": \"agent:main:r-cd-silent-r-cd-silent-1783576276671-tom8ibmf\"\n      }\n    },\n    {\n      \"ts\": 1783576291576,\n      \"kind\": \"event\",\n      \"method\": null,\n      \"event\": \"agent\",\n      \"ok\": null,\n      \"data\": {\n        \"runId\": \"active-memory-mrd39rfy-1aa6e761\",\n        \"sessionKey\": \"agent:main:r-cd-model-token-r-cd-model-token-1783576230524-sff8vgaw:active-memory:3cc27450fe22\",\n        \"ts\": 1783576291541\n      }\n    },\n    {\n      \"ts\": 1783576292176,\n      \"kind\": \"event\",\n      \"method\": null,\n      \"event\": \"session.message\",\n      \"ok\": null,\n      \"data\": {\n        \"sessionKey\": \"agent:main:r-cd-silent-r-cd-silent-1783576276671-tom8ibmf\",\n        \"status\": \"running\",\n        \"startedAt\": 1783576288169\n      }\n    },\n    {\n      \"ts\": 1783576292204,\n      \"kind\": \"event\",\n      \"method\": null,\n      \"event\": \"agent\",\n      \"ok\": null,\n      \"data\": {\n        \"runId\": \"R-CD-SILENT-DISPATCH-R-CD-SILENT-1783576276671-tom8ibmf\",\n        \"sessionKey\": \"agent:main:r-cd-silent-r-cd-silent-1783576276671-tom8ibmf\",\n        \"ts\": 1783576292190\n      }\n    },\n    {\n      \"ts\": 1783576292243,\n      \"kind\": \"event\",\n      \"method\": null,\n      \"event\": \"agent\",\n      \"ok\": null,\n      \"data\": {\n        \"runId\": \"R-CD-SILENT-DISPATCH-R-CD-SILENT-1783576276671-tom8ibmf\",\n        \"sessionKey\": \"agent:main:r-cd-silent-r-cd-silent-1783576276671-tom8ibmf\",\n        \"ts\": 1783576292228\n      }\n    },\n    {\n      \"ts\": 1783576293095,\n      \"kind\": \"event\",\n      \"method\": null,\n      \"event\": \"health\",\n      \"ok\": null,\n      \"data\": {\n        \"ok\": true,\n        \"ts\": 1783576293095\n      }\n    },\n    {\n      \"ts\": 1783576293106,\n      \"kind\": \"event\",\n      \"method\": null,\n      \"event\": \"presence\",\n      \"ok\": null,\n      \"data\": {}\n    },\n    {\n      \"ts\": 1783576293335,\n      \"kind\": \"event\",\n      \"method\": null,\n      \"event\": \"agent\",\n      \"ok\": null,\n      \"data\": {\n        \"runId\": \"active-memory-mrd39rfy-1aa6e761\",\n        \"sessionKey\": \"agent:main:r-cd-model-token-r-cd-model-token-1783576230524-sff8vgaw:active-memory:3cc27450fe22\",\n        \"ts\": 1783576293320\n      }\n    },\n    {\n      \"ts\": 1783576295311,\n      \"kind\": \"event\",\n      \"method\": null,\n      \"event\": \"agent\",\n      \"ok\": null,\n      \"data\": {\n        \"runId\": \"R-CD-SILENT-DISPATCH-R-CD-SILENT-1783576276671-tom8ibmf\",\n        \"sessionKey\": \"agent:main:r-cd-silent-r-cd-silent-1783576276671-tom8ibmf\",\n        \"ts\": 1783576295310\n      }\n    },\n    {\n      \"ts\": 1783576295311,\n      \"kind\": \"event\",\n      \"method\": null,\n      \"event\": \"chat\",\n      \"ok\": null,\n      \"data\": {\n        \"runId\": \"R-CD-SILENT-DISPATCH-R-CD-SILENT-1783576276671-tom8ibmf\",\n        \"sessionKey\": \"agent:main:r-cd-silent-r-cd-silent-1783576276671-tom8ibmf\",\n        \"state\": \"delta\"\n      }\n    },\n    {\n      \"ts\": 1783576295481,\n      \"kind\": \"event\",\n      \"method\": null,\n      \"event\": \"agent\",\n      \"ok\": null,\n      \"data\": {\n        \"runId\": \"R-CD-SILENT-DISPATCH-R-CD-SILENT-1783576276671-tom8ibmf\",\n        \"sessionKey\": \"agent:main:r-cd-silent-r-cd-silent-1783576276671-tom8ibmf\",\n        \"ts\": 1783576295429\n      }\n    },\n    {\n      \"ts\": 1783576295481,\n      \"kind\": \"event\",\n      \"method\": null,\n      \"event\": \"agent\",\n      \"ok\": null,\n      \"data\": {\n        \"runId\": \"R-CD-SILENT-DISPATCH-R-CD-SILENT-1783576276671-tom8ibmf\",\n        \"sessionKey\": \"agent:main:r-cd-silent-r-cd-silent-1783576276671-tom8ibmf\",\n        \"ts\": 1783576295480\n      }\n    },\n    {\n      \"ts\": 1783576295481,\n      \"kind\": \"event\",\n      \"method\": null,\n      \"event\": \"chat\",\n      \"ok\": null,\n      \"data\": {\n        \"runId\": \"R-CD-SILENT-DISPATCH-R-CD-SILENT-1783576276671-tom8ibmf\",\n        \"sessionKey\": \"agent:main:r-cd-silent-r-cd-silent-1783576276671-tom8ibmf\",\n        \"state\": \"delta\"\n      }\n    },\n    {\n      \"ts\": 1783576295500,\n      \"kind\": \"event\",\n      \"method\": null,\n      \"event\": \"session.message\",\n      \"ok\": null,\n      \"data\": {\n        \"sessionKey\": \"agent:main:r-cd-silent-r-cd-silent-1783576276671-tom8ibmf\",\n        \"status\": \"running\",\n        \"startedAt\": 1783576288169\n      }\n    },\n    {\n      \"ts\": 1783576295503,\n      \"kind\": \"event\",\n      \"method\": null,\n      \"event\": \"agent\",\n      \"ok\": null,\n      \"data\": {\n        \"runId\": \"R-CD-SILENT-DISPATCH-R-CD-SILENT-1783576276671-tom8ibmf\",\n        \"sessionKey\": \"agent:main:r-cd-silent-r-cd-silent-1783576276671-tom8ibmf\",\n        \"ts\": 1783576295481\n      }\n    },\n    {\n      \"ts\": 1783576295503,\n      \"kind\": \"event\",\n      \"method\": null,\n      \"event\": \"agent\",\n      \"ok\": null,\n      \"data\": {\n        \"runId\": \"R-CD-SILENT-DISPATCH-R-CD-SILENT-1783576276671-tom8ibmf\",\n        \"sessionKey\": \"agent:main:r-cd-silent-r-cd-silent-1783576276671-tom8ibmf\",\n        \"ts\": 1783576295503\n      }\n    },\n    {\n      \"ts\": 1783576295624,\n      \"kind\": \"event\",\n      \"method\": null,\n      \"event\": \"agent\",\n      \"ok\": null,\n      \"data\": {\n        \"runId\": \"R-CD-SILENT-DISPATCH-R-CD-SILENT-1783576276671-tom8ibmf\",\n        \"sessionKey\": \"agent:main:r-cd-silent-r-cd-silent-1783576276671-tom8ibmf\",\n        \"ts\": 1783576295624\n      }\n    },\n    {\n      \"ts\": 1783576295624,\n      \"kind\": \"event\",\n      \"method\": null,\n      \"event\": \"chat\",\n      \"ok\": null,\n      \"data\": {\n        \"runId\": \"R-CD-SILENT-DISPATCH-R-CD-SILENT-1783576276671-tom8ibmf\",\n        \"sessionKey\": \"agent:main:r-cd-silent-r-cd-silent-1783576276671-tom8ibmf\",\n        \"state\": \"delta\"\n      }\n    },\n    {\n      \"ts\": 1783576295625,\n      \"kind\": \"event\",\n      \"method\": null,\n      \"event\": \"chat\",\n      \"ok\": null,\n      \"data\": {\n        \"runId\": \"R-CD-SILENT-DISPATCH-R-CD-SILENT-1783576276671-tom8ibmf\",\n        \"sessionKey\": \"agent:main:r-cd-silent-r-cd-silent-1783576276671-tom8ibmf\",\n        \"state\": \"final\"\n      }\n    },\n    {\n      \"ts\": 1783576297760,\n      \"kind\": \"event\",\n      \"method\": null,\n      \"event\": \"task\",\n      \"ok\": null,\n      \"data\": {}\n    },\n    {\n      \"ts\": 1783576297761,\n      \"kind\": \"event\",\n      \"method\": null,\n      \"event\": \"task\",\n      \"ok\": null,\n      \"data\": {}\n    },\n    {\n      \"ts\": 1783576297805,\n      \"kind\": \"event\",\n      \"method\": null,\n      \"event\": \"task\",\n      \"ok\": null,\n      \"data\": {}\n    },\n    {\n      \"ts\": 1783576297997,\n      \"kind\": \"event\",\n      \"method\": null,\n      \"event\": \"health\",\n      \"ok\": null,\n      \"data\": {\n        \"ok\": true,\n        \"ts\": 1783576297996\n      }\n    },\n    {\n      \"ts\": 1783576299719,\n      \"kind\": \"event\",\n      \"method\": null,\n      \"event\": \"agent\",\n      \"ok\": null,\n      \"data\": {\n        \"runId\": \"active-memory-mrd39rfy-1aa6e761\",\n        \"sessionKey\": \"agent:main:r-cd-model-token-r-cd-model-token-1783576230524-sff8vgaw:active-memory:3cc27450fe22\",\n        \"ts\": 1783576299719\n      }\n    },\n    {\n      \"ts\": 1783576299720,\n      \"kind\": \"event\",\n      \"method\": null,\n      \"event\": \"chat\",\n      \"ok\": null,\n      \"data\": {\n        \"runId\": \"active-memory-mrd39rfy-1aa6e761\",\n        \"sessionKey\": \"agent:main:r-cd-model-token-r-cd-model-token-1783576230524-sff8vgaw:active-memory:3cc27450fe22\",\n        \"state\": \"error\"\n      }\n    },\n    {\n      \"ts\": 1783576300115,\n      \"kind\": \"event\",\n      \"method\": null,\n      \"event\": \"agent\",\n      \"ok\": null,\n      \"data\": {\n        \"runId\": \"announce:v1:agent:main:subagent:continuation-2c17967b44c42d398f46235c8ab91c20:continuation-delegate-2c17967b44c42d398f46235c8ab91c20\",\n        \"sessionKey\": \"agent:main:r-cd-model-token-r-cd-model-token-1783576230524-sff8vgaw\",\n        \"ts\": 1783576300114\n      }\n    },\n    {\n      \"ts\": 1783576300262,\n      \"kind\": \"event\",\n      \"method\": null,\n      \"event\": \"agent\",\n      \"ok\": null,\n      \"data\": {\n        \"runId\": \"active-memory-mrd39zqb-9ea9b941\",\n        \"sessionKey\": \"agent:main:subagent:continuation-736fde166eb2c00e52d93a88ad31e5d9:active-memory:aa8e30f43f06\",\n        \"ts\": 1783576300262\n      }\n    },\n    {\n      \"ts\": 1783576304093,\n      \"kind\": \"event\",\n      \"method\": null,\n      \"event\": \"agent\",\n      \"ok\": null,\n      \"data\": {\n        \"runId\": \"active-memory-mrd39zqb-9ea9b941\",\n        \"sessionKey\": \"agent:main:subagent:continuation-736fde166eb2c00e52d93a88ad31e5d9:active-memory:aa8e30f43f06\",\n        \"ts\": 1783576304080\n      }\n    },\n    {\n      \"ts\": 1783576305460,\n      \"kind\": \"event\",\n      \"method\": null,\n      \"event\": \"health\",\n      \"ok\": null,\n      \"data\": {\n        \"ok\": true,\n        \"ts\": 1783576305459\n      }\n    },\n    {\n      \"ts\": 1783576305474,\n      \"kind\": \"event\",\n      \"method\": null,\n      \"event\": \"presence\",\n      \"ok\": null,\n      \"data\": {}\n    },\n    {\n      \"ts\": 1783576305709,\n      \"kind\": \"event\",\n      \"method\": null,\n      \"event\": \"agent\",\n      \"ok\": null,\n      \"data\": {\n        \"runId\": \"active-memory-mrd39zqb-9ea9b941\",\n        \"sessionKey\": \"agent:main:subagent:continuation-736fde166eb2c00e52d93a88ad31e5d9:active-memory:aa8e30f43f06\",\n        \"ts\": 1783576305695\n      }\n    },\n    {\n      \"ts\": 1783576307487,\n      \"kind\": \"event\",\n      \"method\": null,\n      \"event\": \"agent\",\n      \"ok\": null,\n      \"data\": {\n        \"runId\": \"announce:v1:agent:main:subagent:continuation-2c17967b44c42d398f46235c8ab91c20:continuation-delegate-2c17967b44c42d398f46235c8ab91c20\",\n        \"sessionKey\": \"agent:main:r-cd-model-token-r-cd-model-token-1783576230524-sff8vgaw\",\n        \"ts\": 1783576307486\n      }\n    },\n    {\n      \"ts\": 1783576307487,\n      \"kind\": \"event\",\n      \"method\": null,\n      \"event\": \"chat\",\n      \"ok\": null,\n      \"data\": {\n        \"runId\": \"announce:v1:agent:main:subagent:continuation-2c17967b44c42d398f46235c8ab91c20:continuation-delegate-2c17967b44c42d398f46235c8ab91c20\",\n        \"sessionKey\": \"agent:main:r-cd-model-token-r-cd-model-token-1783576230524-sff8vgaw\",\n        \"state\": \"delta\"\n      }\n    },\n    {\n      \"ts\": 1783576307637,\n      \"kind\": \"event\",\n      \"method\": null,\n      \"event\": \"agent\",\n      \"ok\": null,\n      \"data\": {\n        \"runId\": \"announce:v1:agent:main:subagent:continuation-2c17967b44c42d398f46235c8ab91c20:continuation-delegate-2c17967b44c42d398f46235c8ab91c20\",\n        \"sessionKey\": \"agent:main:r-cd-model-token-r-cd-model-token-1783576230524-sff8vgaw\",\n        \"ts\": 1783576307591\n      }\n    },\n    {\n      \"ts\": 1783576307637,\n      \"kind\": \"event\",\n      \"method\": null,\n      \"event\": \"agent\",\n      \"ok\": null,\n      \"data\": {\n        \"runId\": \"announce:v1:agent:main:subagent:continuation-2c17967b44c42d398f46235c8ab91c20:continuation-delegate-2c17967b44c42d398f46235c8ab91c20\",\n        \"sessionKey\": \"agent:main:r-cd-model-token-r-cd-model-token-1783576230524-sff8vgaw\",\n        \"ts\": 1783576307636\n      }\n    },\n    {\n      \"ts\": 1783576307637,\n      \"kind\": \"event\",\n      \"method\": null,\n      \"event\": \"chat\",\n      \"ok\": null,\n      \"data\": {\n        \"runId\": \"announce:v1:agent:main:subagent:continuation-2c17967b44c42d398f46235c8ab91c20:continuation-delegate-2c17967b44c42d398f46235c8ab91c20\",\n        \"sessionKey\": \"agent:main:r-cd-model-token-r-cd-model-token-1783576230524-sff8vgaw\",\n        \"state\": \"delta\"\n      }\n    },\n    {\n      \"ts\": 1783576307652,\n      \"kind\": \"event\",\n      \"method\": null,\n      \"event\": \"agent\",\n      \"ok\": null,\n      \"data\": {\n        \"runId\": \"announce:v1:agent:main:subagent:continuation-2c17967b44c42d398f46235c8ab91c20:continuation-delegate-2c17967b44c42d398f46235c8ab91c20\",\n        \"sessionKey\": \"agent:main:r-cd-model-token-r-cd-model-token-1783576230524-sff8vgaw\",\n        \"ts\": 1783576307651\n      }\n    },\n    {\n      \"ts\": 1783576307873,\n      \"kind\": \"event\",\n      \"method\": null,\n      \"event\": \"agent\",\n      \"ok\": null,\n      \"data\": {\n        \"runId\": \"announce:v1:agent:main:subagent:continuation-2c17967b44c42d398f46235c8ab91c20:continuation-delegate-2c17967b44c42d398f46235c8ab91c20\",\n        \"sessionKey\": \"agent:main:r-cd-model-token-r-cd-model-token-1783576230524-sff8vgaw\",\n        \"ts\": 1783576307832\n      }\n    },\n    {\n      \"ts\": 1783576307873,\n      \"kind\": \"event\",\n      \"method\": null,\n      \"event\": \"chat\",\n      \"ok\": null,\n      \"data\": {\n        \"runId\": \"announce:v1:agent:main:subagent:continuation-2c17967b44c42d398f46235c8ab91c20:continuation-delegate-2c17967b44c42d398f46235c8ab91c20\",\n        \"sessionKey\": \"agent:main:r-cd-model-token-r-cd-model-token-1783576230524-sff8vgaw\",\n        \"state\": \"final\"\n      }\n    },\n    {\n      \"ts\": 1783576307955,\n      \"kind\": \"event\",\n      \"method\": null,\n      \"event\": \"task\",\n      \"ok\": null,\n      \"data\": {}\n    },\n    {\n      \"ts\": 1783576308125,\n      \"kind\": \"event\",\n      \"method\": null,\n      \"event\": \"agent\",\n      \"ok\": null,\n      \"data\": {\n        \"runId\": \"active-memory-mrd39zqb-9ea9b941\",\n        \"sessionKey\": \"agent:main:subagent:continuation-736fde166eb2c00e52d93a88ad31e5d9:active-memory:aa8e30f43f06\",\n        \"ts\": 1783576308085\n      }\n    },\n    {\n      \"ts\": 1783576308125,\n      \"kind\": \"event\",\n      \"method\": null,\n      \"event\": \"chat\",\n      \"ok\": null,\n      \"data\": {\n        \"runId\": \"active-memory-mrd39zqb-9ea9b941\",\n        \"sessionKey\": \"agent:main:subagent:continuation-736fde166eb2c00e52d93a88ad31e5d9:active-memory:aa8e30f43f06\",\n        \"state\": \"error\"\n      }\n    },\n    {\n      \"ts\": 1783576308319,\n      \"kind\": \"event\",\n      \"method\": null,\n      \"event\": \"task\",\n      \"ok\": null,\n      \"data\": {}\n    },\n    {\n      \"ts\": 1783576308320,\n      \"kind\": \"event\",\n      \"method\": null,\n      \"event\": \"task\",\n      \"ok\": null,\n      \"data\": {}\n    },\n    {\n      \"ts\": 1783576308321,\n      \"kind\": \"event\",\n      \"method\": null,\n      \"event\": \"agent\",\n      \"ok\": null,\n      \"data\": {\n        \"runId\": \"continuation-delegate-736fde166eb2c00e52d93a88ad31e5d9\",\n        \"sessionKey\": \"agent:main:subagent:continuation-736fde166eb2c00e52d93a88ad31e5d9\",\n        \"ts\": 1783576308265\n      }\n    },\n    {\n      \"ts\": 1783576309880,\n      \"kind\": \"event\",\n      \"method\": null,\n      \"event\": \"tick\",\n      \"ok\": null,\n      \"data\": {\n        \"ts\": 1783576309879\n      }\n    },\n    {\n      \"ts\": 1783576311445,\n      \"kind\": \"event\",\n      \"method\": null,\n      \"event\": \"task\",\n      \"ok\": null,\n      \"data\": {}\n    },\n    {\n      \"ts\": 1783576311445,\n      \"kind\": \"event\",\n      \"method\": null,\n      \"event\": \"task\",\n      \"ok\": null,\n      \"data\": {}\n    },\n    {\n      \"ts\": 1783576311446,\n      \"kind\": \"event\",\n      \"method\": null,\n      \"event\": \"agent\",\n      \"ok\": null,\n      \"data\": {\n        \"runId\": \"continuation-delegate-736fde166eb2c00e52d93a88ad31e5d9\",\n        \"sessionKey\": \"agent:main:subagent:continuation-736fde166eb2c00e52d93a88ad31e5d9\",\n        \"ts\": 1783576311444\n      }\n    },\n    {\n      \"ts\": 1783576311446,\n      \"kind\": \"event\",\n      \"method\": null,\n      \"event\": \"chat\",\n      \"ok\": null,\n      \"data\": {\n        \"runId\": \"continuation-delegate-736fde166eb2c00e52d93a88ad31e5d9\",\n        \"sessionKey\": \"agent:main:subagent:continuation-736fde166eb2c00e52d93a88ad31e5d9\",\n        \"state\": \"delta\"\n      }\n    },\n    {\n      \"ts\": 1783576311446,\n      \"kind\": \"event\",\n      \"method\": null,\n      \"event\": \"task\",\n      \"ok\": null,\n      \"data\": {}\n    },\n    {\n      \"ts\": 1783576311447,\n      \"kind\": \"event\",\n      \"method\": null,\n      \"event\": \"task\",\n      \"ok\": null,\n      \"data\": {}\n    },\n    {\n      \"ts\": 1783576311447,\n      \"kind\": \"event\",\n      \"method\": null,\n      \"event\": \"task\",\n      \"ok\": null,\n      \"data\": {}\n    },\n    {\n      \"ts\": 1783576311447,\n      \"kind\": \"event\",\n      \"method\": null,\n      \"event\": \"task\",\n      \"ok\": null,\n      \"data\": {}\n    },\n    {\n      \"ts\": 1783576311448,\n      \"kind\": \"event\",\n      \"method\": null,\n      \"event\": \"task\",\n      \"ok\": null,\n      \"data\": {}\n    },\n    {\n      \"ts\": 1783576311448,\n      \"kind\": \"event\",\n      \"method\": null,\n      \"event\": \"task\",\n      \"ok\": null,\n      \"data\": {}\n    },\n    {\n      \"ts\": 1783576311449,\n      \"kind\": \"event\",\n      \"method\": null,\n      \"event\": \"task\",\n      \"ok\": null,\n      \"data\": {}\n    },\n    {\n      \"ts\": 1783576311449,\n      \"kind\": \"event\",\n      \"method\": null,\n      \"event\": \"task\",\n      \"ok\": null,\n      \"data\": {}\n    },\n    {\n      \"ts\": 1783576311449,\n      \"kind\": \"event\",\n      \"method\": null,\n      \"event\": \"task\",\n      \"ok\": null,\n      \"data\": {}\n    },\n    {\n      \"ts\": 1783576311449,\n      \"kind\": \"event\",\n      \"method\": null,\n      \"event\": \"task\",\n      \"ok\": null,\n      \"data\": {}\n    },\n    {\n      \"ts\": 1783576311450,\n      \"kind\": \"event\",\n      \"method\": null,\n      \"event\": \"task\",\n      \"ok\": null,\n      \"data\": {}\n    },\n    {\n      \"ts\": 1783576311450,\n      \"kind\": \"event\",\n      \"method\": null,\n      \"event\": \"task\",\n      \"ok\": null,\n      \"data\": {}\n    },\n    {\n      \"ts\": 1783576311451,\n      \"kind\": \"event\",\n      \"method\": null,\n      \"event\": \"task\",\n      \"ok\": null,\n      \"data\": {}\n    },\n    {\n      \"ts\": 1783576311451,\n      \"kind\": \"event\",\n      \"method\": null,\n      \"event\": \"task\",\n      \"ok\": null,\n      \"data\": {}\n    },\n    {\n      \"ts\": 1783576311452,\n      \"kind\": \"event\",\n      \"method\": null,\n      \"event\": \"task\",\n      \"ok\": null,\n      \"data\": {}\n    },\n    {\n      \"ts\": 1783576311452,\n      \"kind\": \"event\",\n      \"method\": null,\n      \"event\": \"task\",\n      \"ok\": null,\n      \"data\": {}\n    },\n    {\n      \"ts\": 1783576311452,\n      \"kind\": \"event\",\n      \"method\": null,\n      \"event\": \"task\",\n      \"ok\": null,\n      \"data\": {}\n    },\n    {\n      \"ts\": 1783576311452,\n      \"kind\": \"event\",\n      \"method\": null,\n      \"event\": \"task\",\n      \"ok\": null,\n      \"data\": {}\n    },\n    {\n      \"ts\": 1783576311453,\n      \"kind\": \"event\",\n      \"method\": null,\n      \"event\": \"task\",\n      \"ok\": null,\n      \"data\": {}\n    },\n    {\n      \"ts\": 1783576311453,\n      \"kind\": \"event\",\n      \"method\": null,\n      \"event\": \"task\",\n      \"ok\": null,\n      \"data\": {}\n    },\n    {\n      \"ts\": 1783576311454,\n      \"kind\": \"event\",\n      \"method\": null,\n      \"event\": \"task\",\n      \"ok\": null,\n      \"data\": {}\n    },\n    {\n      \"ts\": 1783576311454,\n      \"kind\": \"event\",\n      \"method\": null,\n      \"event\": \"task\",\n      \"ok\": null,\n      \"data\": {}\n    },\n    {\n      \"ts\": 1783576311455,\n      \"kind\": \"event\",\n      \"method\": null,\n      \"event\": \"task\",\n      \"ok\": null,\n      \"data\": {}\n    },\n    {\n      \"ts\": 1783576311455,\n      \"kind\": \"event\",\n      \"method\": null,\n      \"event\": \"task\",\n      \"ok\": null,\n      \"data\": {}\n    },\n    {\n      \"ts\": 1783576311455,\n      \"kind\": \"event\",\n      \"method\": null,\n      \"event\": \"task\",\n      \"ok\": null,\n      \"data\": {}\n    },\n    {\n      \"ts\": 1783576311455,\n      \"kind\": \"event\",\n      \"method\": null,\n      \"event\": \"task\",\n      \"ok\": null,\n      \"data\": {}\n    },\n    {\n      \"ts\": 1783576311465,\n      \"kind\": \"event\",\n      \"method\": null,\n      \"event\": \"task\",\n      \"ok\": null,\n      \"data\": {}\n    },\n    {\n      \"ts\": 1783576311465,\n      \"kind\": \"event\",\n      \"method\": null,\n      \"event\": \"task\",\n      \"ok\": null,\n      \"data\": {}\n    },\n    {\n      \"ts\": 1783576311466,\n      \"kind\": \"event\",\n      \"method\": null,\n      \"event\": \"task\",\n      \"ok\": null,\n      \"data\": {}\n    },\n    {\n      \"ts\": 1783576311467,\n      \"kind\": \"event\",\n      \"method\": null,\n      \"event\": \"task\",\n      \"ok\": null,\n      \"data\": {}\n    },\n    {\n      \"ts\": 1783576311467,\n      \"kind\": \"event\",\n      \"method\": null,\n      \"event\": \"task\",\n      \"ok\": null,\n      \"data\": {}\n    },\n    {\n      \"ts\": 1783576311468,\n      \"kind\": \"event\",\n      \"method\": null,\n      \"event\": \"task\",\n      \"ok\": null,\n      \"data\": {}\n    },\n    {\n      \"ts\": 1783576311469,\n      \"kind\": \"event\",\n      \"method\": null,\n      \"event\": \"task\",\n      \"ok\": null,\n      \"data\": {}\n    },\n    {\n      \"ts\": 1783576311469,\n      \"kind\": \"event\",\n      \"method\": null,\n      \"event\": \"task\",\n      \"ok\": null,\n      \"data\": {}\n    },\n    {\n      \"ts\": 1783576311470,\n      \"kind\": \"event\",\n      \"method\": null,\n      \"event\": \"task\",\n      \"ok\": null,\n      \"data\": {}\n    },\n    {\n      \"ts\": 1783576311471,\n      \"kind\": \"event\",\n      \"method\": null,\n      \"event\": \"task\",\n      \"ok\": null,\n      \"data\": {}\n    },\n    {\n      \"ts\": 1783576311471,\n      \"kind\": \"event\",\n      \"method\": null,\n      \"event\": \"task\",\n      \"ok\": null,\n      \"data\": {}\n    },\n    {\n      \"ts\": 1783576311472,\n      \"kind\": \"event\",\n      \"method\": null,\n      \"event\": \"task\",\n      \"ok\": null,\n      \"data\": {}\n    },\n    {\n      \"ts\": 1783576311473,\n      \"kind\": \"event\",\n      \"method\": null,\n      \"event\": \"task\",\n      \"ok\": null,\n      \"data\": {}\n    },\n    {\n      \"ts\": 1783576311473,\n      \"kind\": \"event\",\n      \"method\": null,\n      \"event\": \"task\",\n      \"ok\": null,\n      \"data\": {}\n    },\n    {\n      \"ts\": 1783576311474,\n      \"kind\": \"event\",\n      \"method\": null,\n      \"event\": \"task\",\n      \"ok\": null,\n      \"data\": {}\n    },\n    {\n      \"ts\": 1783576311475,\n      \"kind\": \"event\",\n      \"method\": null,\n      \"event\": \"task\",\n      \"ok\": null,\n      \"data\": {}\n    },\n    {\n      \"ts\": 1783576311528,\n      \"kind\": \"event\",\n      \"method\": null,\n      \"event\": \"task\",\n      \"ok\": null,\n      \"data\": {}\n    },\n    {\n      \"ts\": 1783576311528,\n      \"kind\": \"event\",\n      \"method\": null,\n      \"event\": \"task\",\n      \"ok\": null,\n      \"data\": {}\n    },\n    {\n      \"ts\": 1783576311529,\n      \"kind\": \"event\",\n      \"method\": null,\n      \"event\": \"task\",\n      \"ok\": null,\n      \"data\": {}\n    },\n    {\n      \"ts\": 1783576311530,\n      \"kind\": \"event\",\n      \"method\": null,\n      \"event\": \"task\",\n      \"ok\": null,\n      \"data\": {}\n    },\n    {\n      \"ts\": 1783576311531,\n      \"kind\": \"event\",\n      \"method\": null,\n      \"event\": \"task\",\n      \"ok\": null,\n      \"data\": {}\n    },\n    {\n      \"ts\": 1783576311531,\n      \"kind\": \"event\",\n      \"method\": null,\n      \"event\": \"task\",\n      \"ok\": null,\n      \"data\": {}\n    },\n    {\n      \"ts\": 1783576311532,\n      \"kind\": \"event\",\n      \"method\": null,\n      \"event\": \"task\",\n      \"ok\": null,\n      \"data\": {}\n    },\n    {\n      \"ts\": 1783576311533,\n      \"kind\": \"event\",\n      \"method\": null,\n      \"event\": \"task\",\n      \"ok\": null,\n      \"data\": {}\n    },\n    {\n      \"ts\": 1783576311602,\n      \"kind\": \"event\",\n      \"method\": null,\n      \"event\": \"task\",\n      \"ok\": null,\n      \"data\": {}\n    },\n    {\n      \"ts\": 1783576311603,\n      \"kind\": \"event\",\n      \"method\": null,\n      \"event\": \"task\",\n      \"ok\": null,\n      \"data\": {}\n    },\n    {\n      \"ts\": 1783576311603,\n      \"kind\": \"event\",\n      \"method\": null,\n      \"event\": \"agent\",\n      \"ok\": null,\n      \"data\": {\n        \"runId\": \"continuation-delegate-736fde166eb2c00e52d93a88ad31e5d9\",\n        \"sessionKey\": \"agent:main:subagent:continuation-736fde166eb2c00e52d93a88ad31e5d9\",\n        \"ts\": 1783576311531\n      }\n    },\n    {\n      \"ts\": 1783576311603,\n      \"kind\": \"event\",\n      \"method\": null,\n      \"event\": \"agent\",\n      \"ok\": null,\n      \"data\": {\n        \"runId\": \"continuation-delegate-736fde166eb2c00e52d93a88ad31e5d9\",\n        \"sessionKey\": \"agent:main:subagent:continuation-736fde166eb2c00e52d93a88ad31e5d9\",\n        \"ts\": 1783576311601\n      }\n    },\n    {\n      \"ts\": 1783576311728,\n      \"kind\": \"event\",\n      \"method\": null,\n      \"event\": \"task\",\n      \"ok\": null,\n      \"data\": {}\n    },\n    {\n      \"ts\": 1783576311728,\n      \"kind\": \"event\",\n      \"method\": null,\n      \"event\": \"task\",\n      \"ok\": null,\n      \"data\": {}\n    },\n    {\n      \"ts\": 1783576311768,\n      \"kind\": \"event\",\n      \"method\": null,\n      \"event\": \"agent\",\n      \"ok\": null,\n      \"data\": {\n        \"runId\": \"continuation-delegate-736fde166eb2c00e52d93a88ad31e5d9\",\n        \"sessionKey\": \"agent:main:subagent:continuation-736fde166eb2c00e52d93a88ad31e5d9\",\n        \"ts\": 1783576311727\n      }\n    },\n    {\n      \"ts\": 1783576311768,\n      \"kind\": \"event\",\n      \"method\": null,\n      \"event\": \"chat\",\n      \"ok\": null,\n      \"data\": {\n        \"runId\": \"continuation-delegate-736fde166eb2c00e52d93a88ad31e5d9\",\n        \"sessionKey\": \"agent:main:subagent:continuation-736fde166eb2c00e52d93a88ad31e5d9\",\n        \"state\": \"delta\"\n      }\n    },\n    {\n      \"ts\": 1783576311769,\n      \"kind\": \"event\",\n      \"method\": null,\n      \"event\": \"chat\",\n      \"ok\": null,\n      \"data\": {\n        \"runId\": \"continuation-delegate-736fde166eb2c00e52d93a88ad31e5d9\",\n        \"sessionKey\": \"agent:main:subagent:continuation-736fde166eb2c00e52d93a88ad31e5d9\",\n        \"state\": \"final\"\n      }\n    },\n    {\n      \"ts\": 1783576311773,\n      \"kind\": \"event\",\n      \"method\": null,\n      \"event\": \"task\",\n      \"ok\": null,\n      \"data\": {}\n    },\n    {\n      \"ts\": 1783576311816,\n      \"kind\": \"event\",\n      \"method\": null,\n      \"event\": \"presence\",\n      \"ok\": null,\n      \"data\": {}\n    },\n    {\n      \"ts\": 1783576311953,\n      \"kind\": \"event\",\n      \"method\": null,\n      \"event\": \"health\",\n      \"ok\": null,\n      \"data\": {\n        \"ok\": true,\n        \"ts\": 1783576311953\n      }\n    },\n    {\n      \"ts\": 1783576311995,\n      \"kind\": \"event\",\n      \"method\": null,\n      \"event\": \"presence\",\n      \"ok\": null,\n      \"data\": {}\n    },\n    {\n      \"ts\": 1783576312024,\n      \"kind\": \"event\",\n      \"method\": null,\n      \"event\": \"task\",\n      \"ok\": null,\n      \"data\": {}\n    },\n    {\n      \"ts\": 1783576312059,\n      \"kind\": \"event\",\n      \"method\": null,\n      \"event\": \"task\",\n      \"ok\": null,\n      \"data\": {}\n    },\n    {\n      \"ts\": 1783576312423,\n      \"kind\": \"event\",\n      \"method\": null,\n      \"event\": \"task\",\n      \"ok\": null,\n      \"data\": {}\n    },\n    {\n      \"ts\": 1783576316825,\n      \"kind\": \"response\",\n      \"method\": \"sessions.send\",\n      \"event\": null,\n      \"ok\": true,\n      \"data\": {\n        \"runId\": \"R-CD-SILENT-FOLLOWUP-R-CD-SILENT-1783576276671-tom8ibmf\",\n        \"status\": \"started\"\n      }\n    },\n    {\n      \"ts\": 1783576317740,\n      \"kind\": \"event\",\n      \"method\": null,\n      \"event\": \"agent\",\n      \"ok\": null,\n      \"data\": {\n        \"runId\": \"active-memory-mrd3aeg7-8e4488f5\",\n        \"sessionKey\": \"agent:main:r-cd-silent-r-cd-silent-1783576276671-tom8ibmf:active-memory:1cee128ef3a2\",\n        \"ts\": 1783576317739\n      }\n    },\n    {\n      \"ts\": 1783576321979,\n      \"kind\": \"event\",\n      \"method\": null,\n      \"event\": \"agent\",\n      \"ok\": null,\n      \"data\": {\n        \"runId\": \"active-memory-mrd3aeg7-8e4488f5\",\n        \"sessionKey\": \"agent:main:r-cd-silent-r-cd-silent-1783576276671-tom8ibmf:active-memory:1cee128ef3a2\",\n        \"ts\": 1783576321964\n      }\n    },\n    {\n      \"ts\": 1783576323250,\n      \"kind\": \"event\",\n      \"method\": null,\n      \"event\": \"health\",\n      \"ok\": null,\n      \"data\": {\n        \"ok\": true,\n        \"ts\": 1783576323249\n      }\n    },\n    {\n      \"ts\": 1783576323277,\n      \"kind\": \"event\",\n      \"method\": null,\n      \"event\": \"presence\",\n      \"ok\": null,\n      \"data\": {}\n    },\n    {\n      \"ts\": 1783576323311,\n      \"kind\": \"event\",\n      \"method\": null,\n      \"event\": \"agent\",\n      \"ok\": null,\n      \"data\": {\n        \"runId\": \"active-memory-mrd3aeg7-8e4488f5\",\n        \"sessionKey\": \"agent:main:r-cd-silent-r-cd-silent-1783576276671-tom8ibmf:active-memory:1cee128ef3a2\",\n        \"ts\": 1783576323297\n      }\n    },\n    {\n      \"ts\": 1783576324618,\n      \"kind\": \"event\",\n      \"method\": null,\n      \"event\": \"agent\",\n      \"ok\": null,\n      \"data\": {\n        \"runId\": \"active-memory-mrd3aeg7-8e4488f5\",\n        \"sessionKey\": \"agent:main:r-cd-silent-r-cd-silent-1783576276671-tom8ibmf:active-memory:1cee128ef3a2\",\n        \"ts\": 1783576324618\n      }\n    },\n    {\n      \"ts\": 1783576324619,\n      \"kind\": \"event\",\n      \"method\": null,\n      \"event\": \"chat\",\n      \"ok\": null,\n      \"data\": {\n        \"runId\": \"active-memory-mrd3aeg7-8e4488f5\",\n        \"sessionKey\": \"agent:main:r-cd-silent-r-cd-silent-1783576276671-tom8ibmf:active-memory:1cee128ef3a2\",\n        \"state\": \"error\"\n      }\n    },\n    {\n      \"ts\": 1783576324769,\n      \"kind\": \"event\",\n      \"method\": null,\n      \"event\": \"agent\",\n      \"ok\": null,\n      \"data\": {\n        \"runId\": \"R-CD-SILENT-FOLLOWUP-R-CD-SILENT-1783576276671-tom8ibmf\",\n        \"sessionKey\": \"agent:main:r-cd-silent-r-cd-silent-1783576276671-tom8ibmf\",\n        \"ts\": 1783576324769\n      }\n    },\n    {\n      \"ts\": 1783576324818,\n      \"kind\": \"event\",\n      \"method\": null,\n      \"event\": \"session.message\",\n      \"ok\": null,\n      \"data\": {\n        \"sessionKey\": \"agent:main:r-cd-silent-r-cd-silent-1783576276671-tom8ibmf\",\n        \"status\": \"done\",\n        \"startedAt\": 1783576288169\n      }\n    },\n    {\n      \"ts\": 1783576327269,\n      \"kind\": \"event\",\n      \"method\": null,\n      \"event\": \"health\",\n      \"ok\": null,\n      \"data\": {\n        \"ok\": true,\n        \"ts\": 1783576327268\n      }\n    },\n    {\n      \"ts\": 1783576327303,\n      \"kind\": \"event\",\n      \"method\": null,\n      \"event\": \"presence\",\n      \"ok\": null,\n      \"data\": {}\n    },\n    {\n      \"ts\": 1783576327369,\n      \"kind\": \"event\",\n      \"method\": null,\n      \"event\": \"health\",\n      \"ok\": null,\n      \"data\": {\n        \"ok\": true,\n        \"ts\": 1783576327368\n      }\n    },\n    {\n      \"ts\": 1783576327387,\n      \"kind\": \"event\",\n      \"method\": null,\n      \"event\": \"presence\",\n      \"ok\": null,\n      \"data\": {}\n    },\n    {\n      \"ts\": 1783576327437,\n      \"kind\": \"event\",\n      \"method\": null,\n      \"event\": \"health\",\n      \"ok\": null,\n      \"data\": {\n        \"ok\": true,\n        \"ts\": 1783576327437\n      }\n    },\n    {\n      \"ts\": 1783576327441,\n      \"kind\": \"event\",\n      \"method\": null,\n      \"event\": \"presence\",\n      \"ok\": null,\n      \"data\": {}\n    },\n    {\n      \"ts\": 1783576327711,\n      \"kind\": \"event\",\n      \"method\": null,\n      \"event\": \"agent\",\n      \"ok\": null,\n      \"data\": {\n        \"runId\": \"R-CD-SILENT-FOLLOWUP-R-CD-SILENT-1783576276671-tom8ibmf\",\n        \"sessionKey\": \"agent:main:r-cd-silent-r-cd-silent-1783576276671-tom8ibmf\",\n        \"ts\": 1783576327710\n      }\n    },\n    {\n      \"ts\": 1783576327711,\n      \"kind\": \"event\",\n      \"method\": null,\n      \"event\": \"chat\",\n      \"ok\": null,\n      \"data\": {\n        \"runId\": \"R-CD-SILENT-FOLLOWUP-R-CD-SILENT-1783576276671-tom8ibmf\",\n        \"sessionKey\": \"agent:main:r-cd-silent-r-cd-silent-1783576276671-tom8ibmf\",\n        \"state\": \"delta\"\n      }\n    },\n    {\n      \"ts\": 1783576327948,\n      \"kind\": \"event\",\n      \"method\": null,\n      \"event\": \"session.message\",\n      \"ok\": null,\n      \"data\": {\n        \"sessionKey\": \"agent:main:r-cd-silent-r-cd-silent-1783576276671-tom8ibmf\",\n        \"status\": \"running\",\n        \"startedAt\": 1783576324769\n      }\n    }\n  ],\n  \"ended\": \"2026-07-09T05:52:07.948Z\",\n  \"duration_ms\": 51277\n}" source=console
time="2026-07-08T22:52:07-07:00" level=info msg="--- END EVIDENCE ---" source=console
time="2026-07-08T22:52:07-07:00" level=info msg="\n[R-CD-SILENT] VERDICT: PASS-candidate" source=console

[R-CD-SILENT] Summary: PASS-candidate | SHA: 5292af40d0ad5303b85a678f6e629503a8725848 | Seat: cael

running (0m51.3s), 0/1 VUs, 1 complete and 0 interrupted iterations
r_cd_silent ✓ [ 100% ] 1 VUs  0m51.3s/3m30s  1/1 shared iters
./r-cd-silent-summary.json
[R-CD-SILENT] METRICS: /home/figs/actions-runner/_work/openclaw-bootstrap/openclaw-bootstrap/openclaw-bootstrap/PROOFS/ffcfeee2dedebb2e8ba68be5c03efc8771aa15c3/project81-k6/20260709T055113Z-cael-dgx-4137805/5292af40d0ad5303b85a678f6e629503a8725848/R-CD-SILENT/cael/20260709T055116Z-r-cd-silent/openclaw-proofs-k6.prom
[R-CD-SILENT] ARTIFACTS: /home/figs/actions-runner/_work/openclaw-bootstrap/openclaw-bootstrap/openclaw-bootstrap/PROOFS/ffcfeee2dedebb2e8ba68be5c03efc8771aa15c3/project81-k6/20260709T055113Z-cael-dgx-4137805/5292af40d0ad5303b85a678f6e629503a8725848/R-CD-SILENT/cael/20260709T055116Z-r-cd-silent
[R-CD-SILENT] COMPLETED.
Observability check: query Grafana for run/nonce or review Tempo traces if trace ID was emitted.
REPORT: /home/figs/actions-runner/_work/openclaw-bootstrap/openclaw-bootstrap/openclaw-bootstrap/PROOFS/ffcfeee2dedebb2e8ba68be5c03efc8771aa15c3/project81-k6/20260709T055113Z-cael-dgx-4137805/report.html

==========================================================
Runner execution finished.
