project81 k6 proof on ronan	Set up job	﻿2026-07-09T05:13:03.0032546Z Current runner version: '2.335.1'
project81 k6 proof on ronan	Set up job	2026-07-09T05:13:03.0036535Z Runner name: 'ronan'
project81 k6 proof on ronan	Set up job	2026-07-09T05:13:03.0037037Z Runner group name: 'thornfield'
project81 k6 proof on ronan	Set up job	2026-07-09T05:13:03.0037614Z Machine name: 'ronan'
project81 k6 proof on ronan	Set up job	2026-07-09T05:13:03.0039034Z ##[group]GITHUB_TOKEN Permissions
project81 k6 proof on ronan	Set up job	2026-07-09T05:13:03.0040555Z Contents: read
project81 k6 proof on ronan	Set up job	2026-07-09T05:13:03.0040882Z Metadata: read
project81 k6 proof on ronan	Set up job	2026-07-09T05:13:03.0041194Z ##[endgroup]
project81 k6 proof on ronan	Set up job	2026-07-09T05:13:03.0042352Z Secret source: Actions
project81 k6 proof on ronan	Set up job	2026-07-09T05:13:03.0042775Z Prepare workflow directory
project81 k6 proof on ronan	Set up job	2026-07-09T05:13:03.1015734Z Prepare all required actions
project81 k6 proof on ronan	Set up job	2026-07-09T05:13:03.1041733Z Getting action download info
project81 k6 proof on ronan	Set up job	2026-07-09T05:13:03.4565254Z Download action repository 'actions/checkout@v4' (SHA:34e114876b0b11c390a56381ad16ebd13914f8d5)
project81 k6 proof on ronan	Set up job	2026-07-09T05:13:03.8735696Z Download action repository 'actions/upload-artifact@v4' (SHA:ea165f8d65b6e75b540449e92b4886f43607fa02)
project81 k6 proof on ronan	Set up job	2026-07-09T05:13:04.5865633Z Complete job name: project81 k6 proof on ronan
project81 k6 proof on ronan	Checkout bootstrap	﻿2026-07-09T05:13:04.7337523Z Node 20 is being deprecated. This workflow is running with Node 24 by default. If you need to temporarily use Node 20, you can set the ACTIONS_ALLOW_USE_UNSECURE_NODE_VERSION=true environment variable. For more information see: https://github.blog/changelog/2025-09-19-deprecation-of-node-20-on-github-actions-runners/
project81 k6 proof on ronan	Checkout bootstrap	2026-07-09T05:13:04.7343720Z ##[group]Run actions/checkout@v4
project81 k6 proof on ronan	Checkout bootstrap	2026-07-09T05:13:04.7344306Z with:
project81 k6 proof on ronan	Checkout bootstrap	2026-07-09T05:13:04.7344848Z   path: openclaw-bootstrap
project81 k6 proof on ronan	Checkout bootstrap	2026-07-09T05:13:04.7345381Z   repository: karmaterminal/openclaw-bootstrap
project81 k6 proof on ronan	Checkout bootstrap	2026-07-09T05:13:04.7349300Z   token: ***
project81 k6 proof on ronan	Checkout bootstrap	2026-07-09T05:13:04.7349740Z   ssh-strict: true
project81 k6 proof on ronan	Checkout bootstrap	2026-07-09T05:13:04.7350169Z   ssh-user: git
project81 k6 proof on ronan	Checkout bootstrap	2026-07-09T05:13:04.7350682Z   persist-credentials: true
project81 k6 proof on ronan	Checkout bootstrap	2026-07-09T05:13:04.7351154Z   clean: true
project81 k6 proof on ronan	Checkout bootstrap	2026-07-09T05:13:04.7351584Z   sparse-checkout-cone-mode: true
project81 k6 proof on ronan	Checkout bootstrap	2026-07-09T05:13:04.7352127Z   fetch-depth: 1
project81 k6 proof on ronan	Checkout bootstrap	2026-07-09T05:13:04.7352552Z   fetch-tags: false
project81 k6 proof on ronan	Checkout bootstrap	2026-07-09T05:13:04.7353047Z   show-progress: true
project81 k6 proof on ronan	Checkout bootstrap	2026-07-09T05:13:04.7353545Z   lfs: false
project81 k6 proof on ronan	Checkout bootstrap	2026-07-09T05:13:04.7354032Z   submodules: false
project81 k6 proof on ronan	Checkout bootstrap	2026-07-09T05:13:04.7354496Z   set-safe-directory: true
project81 k6 proof on ronan	Checkout bootstrap	2026-07-09T05:13:04.7355056Z env:
project81 k6 proof on ronan	Checkout bootstrap	2026-07-09T05:13:04.7355539Z   TARGET_PRINCE: ronan
project81 k6 proof on ronan	Checkout bootstrap	2026-07-09T05:13:04.7356077Z   CANDIDATE_SHA: 5292af40d0ad5303b85a678f6e629503a8725848
project81 k6 proof on ronan	Checkout bootstrap	2026-07-09T05:13:04.7356700Z   TARGET_REF: 
project81 k6 proof on ronan	Checkout bootstrap	2026-07-09T05:13:04.7360005Z   ROWS: preflight,R-CD-1,R-CD-2,R-CD-3,R-CD-4,R-CD-CHAINED-DEPTH-2,R-CD-MODEL-CHAINED-ALT,R-CD-MODEL-DEFAULT,R-CD-MODEL-TOKEN,R-CD-MODEL-TOOL,R-CD-RETURN-OVERLAP,R-CD-SILENT,R-CD-TOKEN,R-CONFIG-defaults,R-CONFIG-INTERSESSION,R-CW-1,R-CW-2,R-CW-3,R-CW-4,R-CW-DELEGATE-SELF-CONTINUATION,R-CW-TOKEN,R-OBS-1,R-OBS-2,R-OBS-status,R-RC-1,R-RC-2,R-REGRESSION-TRAP-TESTS,R-TRACE-REDACTION-1121
project81 k6 proof on ronan	Checkout bootstrap	2026-07-09T05:13:04.7363382Z   K6SCENARIOS: 
project81 k6 proof on ronan	Checkout bootstrap	2026-07-09T05:13:04.7363894Z   SESSION_SELECTOR: p81-5292-ronan-live
project81 k6 proof on ronan	Checkout bootstrap	2026-07-09T05:13:04.7364448Z   MANIFEST_PATH: project81-k6/manifest.json
project81 k6 proof on ronan	Checkout bootstrap	2026-07-09T05:13:04.7365012Z   DOCS_REF: scribe/20260708/proofs-5292-rerun
project81 k6 proof on ronan	Checkout bootstrap	2026-07-09T05:13:04.7365606Z   USE_DOCS_CATALOG: true
project81 k6 proof on ronan	Checkout bootstrap	2026-07-09T05:13:04.7366063Z   DRY_RUN: false
project81 k6 proof on ronan	Checkout bootstrap	2026-07-09T05:13:04.7366593Z   PROOFS_METRICS_PUSH: true
project81 k6 proof on ronan	Checkout bootstrap	2026-07-09T05:13:04.7367211Z   PROOFS_METRICS_OTLP_ENDPOINT: http://10.0.0.99:4318/v1/metrics
project81 k6 proof on ronan	Checkout bootstrap	2026-07-09T05:13:04.7367842Z   OPENCLAW_ALT_MODEL: 
project81 k6 proof on ronan	Checkout bootstrap	2026-07-09T05:13:04.7368339Z   OPENCLAW_CREATE_DISPOSABLE_SESSION: true
project81 k6 proof on ronan	Checkout bootstrap	2026-07-09T05:13:04.7369017Z   OPENCLAW_CREATE_DISPOSABLE_SESSIONS: true
project81 k6 proof on ronan	Checkout bootstrap	2026-07-09T05:13:04.7370076Z   REASON: P81 rerun live/non-static rows for safe assembly SHA 5292af40d0ad5303b85a678f6e629503a8725848; static corpus rows carried separately
project81 k6 proof on ronan	Checkout bootstrap	2026-07-09T05:13:04.7371108Z ##[endgroup]
project81 k6 proof on ronan	Checkout bootstrap	2026-07-09T05:13:04.8069480Z Syncing repository: karmaterminal/openclaw-bootstrap
project81 k6 proof on ronan	Checkout bootstrap	2026-07-09T05:13:04.8072338Z ##[group]Getting Git version info
project81 k6 proof on ronan	Checkout bootstrap	2026-07-09T05:13:04.8074056Z Working directory is '/home/figs/actions-runner/_work/openclaw-bootstrap/openclaw-bootstrap/openclaw-bootstrap'
project81 k6 proof on ronan	Checkout bootstrap	2026-07-09T05:13:04.8076380Z [command]/usr/bin/git version
project81 k6 proof on ronan	Checkout bootstrap	2026-07-09T05:13:04.8077363Z git version 2.43.0
project81 k6 proof on ronan	Checkout bootstrap	2026-07-09T05:13:04.8080280Z ##[endgroup]
project81 k6 proof on ronan	Checkout bootstrap	2026-07-09T05:13:04.8086243Z Copying '/home/figs/.gitconfig' to '/home/figs/actions-runner/_work/_temp/224dbd51-b3d8-448e-9e21-2af77d4e010a/.gitconfig'
project81 k6 proof on ronan	Checkout bootstrap	2026-07-09T05:13:04.8089179Z Temporarily overriding HOME='/home/figs/actions-runner/_work/_temp/224dbd51-b3d8-448e-9e21-2af77d4e010a' before making global git config changes
project81 k6 proof on ronan	Checkout bootstrap	2026-07-09T05:13:04.8091545Z Adding repository directory to the temporary git global config as a safe directory
project81 k6 proof on ronan	Checkout bootstrap	2026-07-09T05:13:04.8093931Z [command]/usr/bin/git config --global --add safe.directory /home/figs/actions-runner/_work/openclaw-bootstrap/openclaw-bootstrap/openclaw-bootstrap
project81 k6 proof on ronan	Checkout bootstrap	2026-07-09T05:13:04.8097188Z [command]/usr/bin/git config --local --get remote.origin.url
project81 k6 proof on ronan	Checkout bootstrap	2026-07-09T05:13:04.8098489Z https://github.com/karmaterminal/openclaw-bootstrap
project81 k6 proof on ronan	Checkout bootstrap	2026-07-09T05:13:04.8101150Z ##[group]Removing previously created refs, to avoid conflicts
project81 k6 proof on ronan	Checkout bootstrap	2026-07-09T05:13:04.8102608Z [command]/usr/bin/git rev-parse --symbolic-full-name --verify --quiet HEAD
project81 k6 proof on ronan	Checkout bootstrap	2026-07-09T05:13:04.8127552Z refs/heads/main
project81 k6 proof on ronan	Checkout bootstrap	2026-07-09T05:13:04.8132800Z [command]/usr/bin/git checkout --detach
project81 k6 proof on ronan	Checkout bootstrap	2026-07-09T05:13:04.8199002Z HEAD is now at 997d742 Add prince MinIO filesharing runbook (#1259)
project81 k6 proof on ronan	Checkout bootstrap	2026-07-09T05:13:04.8234564Z [command]/usr/bin/git branch --delete --force main
project81 k6 proof on ronan	Checkout bootstrap	2026-07-09T05:13:04.8256194Z Deleted branch main (was 997d742).
project81 k6 proof on ronan	Checkout bootstrap	2026-07-09T05:13:04.8288954Z ##[endgroup]
project81 k6 proof on ronan	Checkout bootstrap	2026-07-09T05:13:04.8290719Z [command]/usr/bin/git submodule status
project81 k6 proof on ronan	Checkout bootstrap	2026-07-09T05:13:04.8525791Z ##[group]Cleaning the repository
project81 k6 proof on ronan	Checkout bootstrap	2026-07-09T05:13:04.8527376Z [command]/usr/bin/git clean -ffdx
project81 k6 proof on ronan	Checkout bootstrap	2026-07-09T05:13:04.8615379Z Removing PROOFS/
project81 k6 proof on ronan	Checkout bootstrap	2026-07-09T05:13:04.8622747Z [command]/usr/bin/git reset --hard HEAD
project81 k6 proof on ronan	Checkout bootstrap	2026-07-09T05:13:04.8682120Z HEAD is now at 997d742 Add prince MinIO filesharing runbook (#1259)
project81 k6 proof on ronan	Checkout bootstrap	2026-07-09T05:13:04.8687763Z ##[endgroup]
project81 k6 proof on ronan	Checkout bootstrap	2026-07-09T05:13:04.8690835Z ##[group]Disabling automatic garbage collection
project81 k6 proof on ronan	Checkout bootstrap	2026-07-09T05:13:04.8695246Z [command]/usr/bin/git config --local gc.auto 0
project81 k6 proof on ronan	Checkout bootstrap	2026-07-09T05:13:04.8725535Z ##[endgroup]
project81 k6 proof on ronan	Checkout bootstrap	2026-07-09T05:13:04.8727031Z ##[group]Setting up auth
project81 k6 proof on ronan	Checkout bootstrap	2026-07-09T05:13:04.8729309Z [command]/usr/bin/git config --local --name-only --get-regexp core\.sshCommand
project81 k6 proof on ronan	Checkout bootstrap	2026-07-09T05:13:04.8755983Z [command]/usr/bin/git submodule foreach --recursive sh -c "git config --local --name-only --get-regexp 'core\.sshCommand' && git config --local --unset-all 'core.sshCommand' || :"
project81 k6 proof on ronan	Checkout bootstrap	2026-07-09T05:13:04.8971823Z [command]/usr/bin/git config --local --name-only --get-regexp http\.https\:\/\/github\.com\/\.extraheader
project81 k6 proof on ronan	Checkout bootstrap	2026-07-09T05:13:04.9002091Z [command]/usr/bin/git submodule foreach --recursive sh -c "git config --local --name-only --get-regexp 'http\.https\:\/\/github\.com\/\.extraheader' && git config --local --unset-all 'http.https://github.com/.extraheader' || :"
project81 k6 proof on ronan	Checkout bootstrap	2026-07-09T05:13:04.9200984Z [command]/usr/bin/git config --local --name-only --get-regexp ^includeIf\.gitdir:
project81 k6 proof on ronan	Checkout bootstrap	2026-07-09T05:13:04.9232951Z [command]/usr/bin/git submodule foreach --recursive git config --local --show-origin --name-only --get-regexp remote.origin.url
project81 k6 proof on ronan	Checkout bootstrap	2026-07-09T05:13:04.9448877Z [command]/usr/bin/git config --local http.https://github.com/.extraheader AUTHORIZATION: basic ***
project81 k6 proof on ronan	Checkout bootstrap	2026-07-09T05:13:04.9483886Z ##[endgroup]
project81 k6 proof on ronan	Checkout bootstrap	2026-07-09T05:13:04.9485155Z ##[group]Fetching the repository
project81 k6 proof on ronan	Checkout bootstrap	2026-07-09T05:13:04.9489693Z [command]/usr/bin/git -c protocol.version=2 fetch --no-tags --prune --no-recurse-submodules --depth=1 origin +997d7423b6d29af4e4e899ff23295831e7c08718:refs/remotes/origin/main
project81 k6 proof on ronan	Checkout bootstrap	2026-07-09T05:13:05.4043376Z ##[endgroup]
project81 k6 proof on ronan	Checkout bootstrap	2026-07-09T05:13:05.4044079Z ##[group]Determining the checkout info
project81 k6 proof on ronan	Checkout bootstrap	2026-07-09T05:13:05.4044840Z ##[endgroup]
project81 k6 proof on ronan	Checkout bootstrap	2026-07-09T05:13:05.4049423Z [command]/usr/bin/git sparse-checkout disable
project81 k6 proof on ronan	Checkout bootstrap	2026-07-09T05:13:05.4094018Z [command]/usr/bin/git config --local --unset-all extensions.worktreeConfig
project81 k6 proof on ronan	Checkout bootstrap	2026-07-09T05:13:05.4115276Z ##[group]Checking out the ref
project81 k6 proof on ronan	Checkout bootstrap	2026-07-09T05:13:05.4119503Z [command]/usr/bin/git checkout --progress --force -B main refs/remotes/origin/main
project81 k6 proof on ronan	Checkout bootstrap	2026-07-09T05:13:05.4164931Z Switched to a new branch 'main'
project81 k6 proof on ronan	Checkout bootstrap	2026-07-09T05:13:05.4166035Z branch 'main' set up to track 'origin/main'.
project81 k6 proof on ronan	Checkout bootstrap	2026-07-09T05:13:05.4170083Z ##[endgroup]
project81 k6 proof on ronan	Checkout bootstrap	2026-07-09T05:13:05.4200921Z [command]/usr/bin/git log -1 --format=%H
project81 k6 proof on ronan	Checkout bootstrap	2026-07-09T05:13:05.4234251Z 997d7423b6d29af4e4e899ff23295831e7c08718
project81 k6 proof on ronan	Checkout proof catalog	﻿2026-07-09T05:13:05.4944191Z Node 20 is being deprecated. This workflow is running with Node 24 by default. If you need to temporarily use Node 20, you can set the ACTIONS_ALLOW_USE_UNSECURE_NODE_VERSION=true environment variable. For more information see: https://github.blog/changelog/2025-09-19-deprecation-of-node-20-on-github-actions-runners/
project81 k6 proof on ronan	Checkout proof catalog	2026-07-09T05:13:05.4946899Z ##[group]Run actions/checkout@v4
project81 k6 proof on ronan	Checkout proof catalog	2026-07-09T05:13:05.4947305Z with:
project81 k6 proof on ronan	Checkout proof catalog	2026-07-09T05:13:05.4947699Z   repository: karmaterminal/karmaterminal-openclaw-docs
project81 k6 proof on ronan	Checkout proof catalog	2026-07-09T05:13:05.4948206Z   ref: scribe/20260708/proofs-5292-rerun
project81 k6 proof on ronan	Checkout proof catalog	2026-07-09T05:13:05.4948652Z   path: karmaterminal-openclaw-docs
project81 k6 proof on ronan	Checkout proof catalog	2026-07-09T05:13:05.4952079Z   token: ***
project81 k6 proof on ronan	Checkout proof catalog	2026-07-09T05:13:05.4952399Z   ssh-strict: true
project81 k6 proof on ronan	Checkout proof catalog	2026-07-09T05:13:05.4952735Z   ssh-user: git
project81 k6 proof on ronan	Checkout proof catalog	2026-07-09T05:13:05.4953091Z   persist-credentials: true
project81 k6 proof on ronan	Checkout proof catalog	2026-07-09T05:13:05.4953460Z   clean: true
project81 k6 proof on ronan	Checkout proof catalog	2026-07-09T05:13:05.4953800Z   sparse-checkout-cone-mode: true
project81 k6 proof on ronan	Checkout proof catalog	2026-07-09T05:13:05.4954196Z   fetch-depth: 1
project81 k6 proof on ronan	Checkout proof catalog	2026-07-09T05:13:05.4954525Z   fetch-tags: false
project81 k6 proof on ronan	Checkout proof catalog	2026-07-09T05:13:05.4954904Z   show-progress: true
project81 k6 proof on ronan	Checkout proof catalog	2026-07-09T05:13:05.4955244Z   lfs: false
project81 k6 proof on ronan	Checkout proof catalog	2026-07-09T05:13:05.4955564Z   submodules: false
project81 k6 proof on ronan	Checkout proof catalog	2026-07-09T05:13:05.4955906Z   set-safe-directory: true
project81 k6 proof on ronan	Checkout proof catalog	2026-07-09T05:13:05.4956282Z env:
project81 k6 proof on ronan	Checkout proof catalog	2026-07-09T05:13:05.4956635Z   TARGET_PRINCE: ronan
project81 k6 proof on ronan	Checkout proof catalog	2026-07-09T05:13:05.4957053Z   CANDIDATE_SHA: 5292af40d0ad5303b85a678f6e629503a8725848
project81 k6 proof on ronan	Checkout proof catalog	2026-07-09T05:13:05.4957532Z   TARGET_REF: 
project81 k6 proof on ronan	Checkout proof catalog	2026-07-09T05:13:05.4960596Z   ROWS: preflight,R-CD-1,R-CD-2,R-CD-3,R-CD-4,R-CD-CHAINED-DEPTH-2,R-CD-MODEL-CHAINED-ALT,R-CD-MODEL-DEFAULT,R-CD-MODEL-TOKEN,R-CD-MODEL-TOOL,R-CD-RETURN-OVERLAP,R-CD-SILENT,R-CD-TOKEN,R-CONFIG-defaults,R-CONFIG-INTERSESSION,R-CW-1,R-CW-2,R-CW-3,R-CW-4,R-CW-DELEGATE-SELF-CONTINUATION,R-CW-TOKEN,R-OBS-1,R-OBS-2,R-OBS-status,R-RC-1,R-RC-2,R-REGRESSION-TRAP-TESTS,R-TRACE-REDACTION-1121
project81 k6 proof on ronan	Checkout proof catalog	2026-07-09T05:13:05.4963779Z   K6SCENARIOS: 
project81 k6 proof on ronan	Checkout proof catalog	2026-07-09T05:13:05.4970590Z   SESSION_SELECTOR: p81-5292-ronan-live
project81 k6 proof on ronan	Checkout proof catalog	2026-07-09T05:13:05.4971050Z   MANIFEST_PATH: project81-k6/manifest.json
project81 k6 proof on ronan	Checkout proof catalog	2026-07-09T05:13:05.4971524Z   DOCS_REF: scribe/20260708/proofs-5292-rerun
project81 k6 proof on ronan	Checkout proof catalog	2026-07-09T05:13:05.4971968Z   USE_DOCS_CATALOG: true
project81 k6 proof on ronan	Checkout proof catalog	2026-07-09T05:13:05.4972335Z   DRY_RUN: false
project81 k6 proof on ronan	Checkout proof catalog	2026-07-09T05:13:05.4972674Z   PROOFS_METRICS_PUSH: true
project81 k6 proof on ronan	Checkout proof catalog	2026-07-09T05:13:05.4973151Z   PROOFS_METRICS_OTLP_ENDPOINT: http://10.0.0.99:4318/v1/metrics
project81 k6 proof on ronan	Checkout proof catalog	2026-07-09T05:13:05.4973687Z   OPENCLAW_ALT_MODEL: 
project81 k6 proof on ronan	Checkout proof catalog	2026-07-09T05:13:05.4974059Z   OPENCLAW_CREATE_DISPOSABLE_SESSION: true
project81 k6 proof on ronan	Checkout proof catalog	2026-07-09T05:13:05.4974517Z   OPENCLAW_CREATE_DISPOSABLE_SESSIONS: true
project81 k6 proof on ronan	Checkout proof catalog	2026-07-09T05:13:05.4975395Z   REASON: P81 rerun live/non-static rows for safe assembly SHA 5292af40d0ad5303b85a678f6e629503a8725848; static corpus rows carried separately
project81 k6 proof on ronan	Checkout proof catalog	2026-07-09T05:13:05.4976273Z ##[endgroup]
project81 k6 proof on ronan	Checkout proof catalog	2026-07-09T05:13:05.5564956Z Syncing repository: karmaterminal/karmaterminal-openclaw-docs
project81 k6 proof on ronan	Checkout proof catalog	2026-07-09T05:13:05.5565872Z ##[group]Getting Git version info
project81 k6 proof on ronan	Checkout proof catalog	2026-07-09T05:13:05.5566774Z Working directory is '/home/figs/actions-runner/_work/openclaw-bootstrap/openclaw-bootstrap/karmaterminal-openclaw-docs'
project81 k6 proof on ronan	Checkout proof catalog	2026-07-09T05:13:05.5600137Z [command]/usr/bin/git version
project81 k6 proof on ronan	Checkout proof catalog	2026-07-09T05:13:05.5631731Z git version 2.43.0
project81 k6 proof on ronan	Checkout proof catalog	2026-07-09T05:13:05.5640848Z ##[endgroup]
project81 k6 proof on ronan	Checkout proof catalog	2026-07-09T05:13:05.5648716Z Copying '/home/figs/.gitconfig' to '/home/figs/actions-runner/_work/_temp/a801e272-1d7f-4921-927e-d4977d234650/.gitconfig'
project81 k6 proof on ronan	Checkout proof catalog	2026-07-09T05:13:05.5658125Z Temporarily overriding HOME='/home/figs/actions-runner/_work/_temp/a801e272-1d7f-4921-927e-d4977d234650' before making global git config changes
project81 k6 proof on ronan	Checkout proof catalog	2026-07-09T05:13:05.5660406Z Adding repository directory to the temporary git global config as a safe directory
project81 k6 proof on ronan	Checkout proof catalog	2026-07-09T05:13:05.5662769Z [command]/usr/bin/git config --global --add safe.directory /home/figs/actions-runner/_work/openclaw-bootstrap/openclaw-bootstrap/karmaterminal-openclaw-docs
project81 k6 proof on ronan	Checkout proof catalog	2026-07-09T05:13:05.5769497Z [command]/usr/bin/git config --local --get remote.origin.url
project81 k6 proof on ronan	Checkout proof catalog	2026-07-09T05:13:05.5798777Z https://github.com/karmaterminal/karmaterminal-openclaw-docs
project81 k6 proof on ronan	Checkout proof catalog	2026-07-09T05:13:05.5808576Z ##[group]Removing previously created refs, to avoid conflicts
project81 k6 proof on ronan	Checkout proof catalog	2026-07-09T05:13:05.5811079Z [command]/usr/bin/git rev-parse --symbolic-full-name --verify --quiet HEAD
project81 k6 proof on ronan	Checkout proof catalog	2026-07-09T05:13:05.5839183Z refs/heads/scribe/20260708/proofs-5292-rerun
project81 k6 proof on ronan	Checkout proof catalog	2026-07-09T05:13:05.5846765Z [command]/usr/bin/git checkout --detach
project81 k6 proof on ronan	Checkout proof catalog	2026-07-09T05:13:05.6179675Z HEAD is now at cc408f7 PROOFS: seed Project 81 rerun corpus for 5292af40
project81 k6 proof on ronan	Checkout proof catalog	2026-07-09T05:13:05.6220359Z [command]/usr/bin/git branch --delete --force scribe/20260708/proofs-5292-rerun
project81 k6 proof on ronan	Checkout proof catalog	2026-07-09T05:13:05.6262626Z Deleted branch scribe/20260708/proofs-5292-rerun (was cc408f7).
project81 k6 proof on ronan	Checkout proof catalog	2026-07-09T05:13:05.6296515Z ##[endgroup]
project81 k6 proof on ronan	Checkout proof catalog	2026-07-09T05:13:05.6297015Z [command]/usr/bin/git submodule status
project81 k6 proof on ronan	Checkout proof catalog	2026-07-09T05:13:05.6549762Z ##[group]Cleaning the repository
project81 k6 proof on ronan	Checkout proof catalog	2026-07-09T05:13:05.6550422Z [command]/usr/bin/git clean -ffdx
project81 k6 proof on ronan	Checkout proof catalog	2026-07-09T05:13:05.6900268Z [command]/usr/bin/git reset --hard HEAD
project81 k6 proof on ronan	Checkout proof catalog	2026-07-09T05:13:05.7213637Z HEAD is now at cc408f7 PROOFS: seed Project 81 rerun corpus for 5292af40
project81 k6 proof on ronan	Checkout proof catalog	2026-07-09T05:13:05.7220258Z ##[endgroup]
project81 k6 proof on ronan	Checkout proof catalog	2026-07-09T05:13:05.7222353Z ##[group]Disabling automatic garbage collection
project81 k6 proof on ronan	Checkout proof catalog	2026-07-09T05:13:05.7224848Z [command]/usr/bin/git config --local gc.auto 0
project81 k6 proof on ronan	Checkout proof catalog	2026-07-09T05:13:05.7261029Z ##[endgroup]
project81 k6 proof on ronan	Checkout proof catalog	2026-07-09T05:13:05.7261548Z ##[group]Setting up auth
project81 k6 proof on ronan	Checkout proof catalog	2026-07-09T05:13:05.7264653Z [command]/usr/bin/git config --local --name-only --get-regexp core\.sshCommand
project81 k6 proof on ronan	Checkout proof catalog	2026-07-09T05:13:05.7290923Z [command]/usr/bin/git submodule foreach --recursive sh -c "git config --local --name-only --get-regexp 'core\.sshCommand' && git config --local --unset-all 'core.sshCommand' || :"
project81 k6 proof on ronan	Checkout proof catalog	2026-07-09T05:13:05.7514004Z [command]/usr/bin/git config --local --name-only --get-regexp http\.https\:\/\/github\.com\/\.extraheader
project81 k6 proof on ronan	Checkout proof catalog	2026-07-09T05:13:05.7541265Z [command]/usr/bin/git submodule foreach --recursive sh -c "git config --local --name-only --get-regexp 'http\.https\:\/\/github\.com\/\.extraheader' && git config --local --unset-all 'http.https://github.com/.extraheader' || :"
project81 k6 proof on ronan	Checkout proof catalog	2026-07-09T05:13:05.7757355Z [command]/usr/bin/git config --local --name-only --get-regexp ^includeIf\.gitdir:
project81 k6 proof on ronan	Checkout proof catalog	2026-07-09T05:13:05.7782798Z [command]/usr/bin/git submodule foreach --recursive git config --local --show-origin --name-only --get-regexp remote.origin.url
project81 k6 proof on ronan	Checkout proof catalog	2026-07-09T05:13:05.8036105Z [command]/usr/bin/git config --local http.https://github.com/.extraheader AUTHORIZATION: basic ***
project81 k6 proof on ronan	Checkout proof catalog	2026-07-09T05:13:05.8067253Z ##[endgroup]
project81 k6 proof on ronan	Checkout proof catalog	2026-07-09T05:13:05.8067833Z ##[group]Fetching the repository
project81 k6 proof on ronan	Checkout proof catalog	2026-07-09T05:13:05.8071599Z [command]/usr/bin/git -c protocol.version=2 fetch --no-tags --prune --no-recurse-submodules --depth=1 origin +refs/heads/scribe/20260708/proofs-5292-rerun*:refs/remotes/origin/scribe/20260708/proofs-5292-rerun* +refs/tags/scribe/20260708/proofs-5292-rerun*:refs/tags/scribe/20260708/proofs-5292-rerun*
project81 k6 proof on ronan	Checkout proof catalog	2026-07-09T05:13:06.4440952Z ##[endgroup]
project81 k6 proof on ronan	Checkout proof catalog	2026-07-09T05:13:06.4441467Z ##[group]Determining the checkout info
project81 k6 proof on ronan	Checkout proof catalog	2026-07-09T05:13:06.4441973Z [command]/usr/bin/git branch --list --remote origin/scribe/20260708/proofs-5292-rerun
project81 k6 proof on ronan	Checkout proof catalog	2026-07-09T05:13:06.4462837Z   origin/scribe/20260708/proofs-5292-rerun
project81 k6 proof on ronan	Checkout proof catalog	2026-07-09T05:13:06.4464273Z ##[endgroup]
project81 k6 proof on ronan	Checkout proof catalog	2026-07-09T05:13:06.4468912Z [command]/usr/bin/git sparse-checkout disable
project81 k6 proof on ronan	Checkout proof catalog	2026-07-09T05:13:06.4571085Z [command]/usr/bin/git config --local --unset-all extensions.worktreeConfig
project81 k6 proof on ronan	Checkout proof catalog	2026-07-09T05:13:06.4592600Z ##[group]Checking out the ref
project81 k6 proof on ronan	Checkout proof catalog	2026-07-09T05:13:06.4593410Z [command]/usr/bin/git checkout --progress --force -B scribe/20260708/proofs-5292-rerun refs/remotes/origin/scribe/20260708/proofs-5292-rerun
project81 k6 proof on ronan	Checkout proof catalog	2026-07-09T05:13:06.4817345Z Switched to a new branch 'scribe/20260708/proofs-5292-rerun'
project81 k6 proof on ronan	Checkout proof catalog	2026-07-09T05:13:06.4817996Z branch 'scribe/20260708/proofs-5292-rerun' set up to track 'origin/scribe/20260708/proofs-5292-rerun'.
project81 k6 proof on ronan	Checkout proof catalog	2026-07-09T05:13:06.4820222Z ##[endgroup]
project81 k6 proof on ronan	Checkout proof catalog	2026-07-09T05:13:06.4843364Z [command]/usr/bin/git log -1 --format=%H
project81 k6 proof on ronan	Checkout proof catalog	2026-07-09T05:13:06.4866093Z cc408f75eaf760d01224a93f3326f9a8a837e114
project81 k6 proof on ronan	Run Project 81 k6 proof wrapper	﻿2026-07-09T05:13:06.5189140Z ##[group]Run set -euo pipefail
project81 k6 proof on ronan	Run Project 81 k6 proof wrapper	2026-07-09T05:13:06.5189423Z [36;1mset -euo pipefail[0m
project81 k6 proof on ronan	Run Project 81 k6 proof wrapper	2026-07-09T05:13:06.5189553Z [36;1mcd openclaw-bootstrap[0m
project81 k6 proof on ronan	Run Project 81 k6 proof wrapper	2026-07-09T05:13:06.5189746Z [36;1msummary_output="$(scripts/project81-k6-proof/run.sh)"[0m
project81 k6 proof on ronan	Run Project 81 k6 proof wrapper	2026-07-09T05:13:06.5189990Z [36;1msummary_path="$(printf '%s\n' "${summary_output}" | tail -n 1)"[0m
project81 k6 proof on ronan	Run Project 81 k6 proof wrapper	2026-07-09T05:13:06.5190190Z [36;1mtest -f "${summary_path}"[0m
project81 k6 proof on ronan	Run Project 81 k6 proof wrapper	2026-07-09T05:13:06.5190363Z [36;1mecho "summary_path=${summary_path}" >> "$GITHUB_OUTPUT"[0m
project81 k6 proof on ronan	Run Project 81 k6 proof wrapper	2026-07-09T05:13:06.5190581Z [36;1mecho "### Project 81 k6 proof" >> "$GITHUB_STEP_SUMMARY"[0m
project81 k6 proof on ronan	Run Project 81 k6 proof wrapper	2026-07-09T05:13:06.5190764Z [36;1mecho "" >> "$GITHUB_STEP_SUMMARY"[0m
project81 k6 proof on ronan	Run Project 81 k6 proof wrapper	2026-07-09T05:13:06.5190969Z [36;1mecho "- target prince: ${TARGET_PRINCE}" >> "$GITHUB_STEP_SUMMARY"[0m
project81 k6 proof on ronan	Run Project 81 k6 proof wrapper	2026-07-09T05:13:06.5191190Z [36;1mecho "- rows: ${ROWS}" >> "$GITHUB_STEP_SUMMARY"[0m
project81 k6 proof on ronan	Run Project 81 k6 proof wrapper	2026-07-09T05:13:06.5191398Z [36;1mecho "- dry run: ${DRY_RUN}" >> "$GITHUB_STEP_SUMMARY"[0m
project81 k6 proof on ronan	Run Project 81 k6 proof wrapper	2026-07-09T05:13:06.5191628Z [36;1mecho "- alt model: ${OPENCLAW_ALT_MODEL:-}" >> "$GITHUB_STEP_SUMMARY"[0m
project81 k6 proof on ronan	Run Project 81 k6 proof wrapper	2026-07-09T05:13:06.5191878Z [36;1mecho "- reason: ${REASON:-}" >> "$GITHUB_STEP_SUMMARY"[0m
project81 k6 proof on ronan	Run Project 81 k6 proof wrapper	2026-07-09T05:13:06.5192089Z [36;1mecho "- summary: \`${summary_path}\`" >> "$GITHUB_STEP_SUMMARY"[0m
project81 k6 proof on ronan	Run Project 81 k6 proof wrapper	2026-07-09T05:13:06.5192303Z [36;1mecho "" >> "$GITHUB_STEP_SUMMARY"[0m
project81 k6 proof on ronan	Run Project 81 k6 proof wrapper	2026-07-09T05:13:06.5192500Z [36;1mecho '```json' >> "$GITHUB_STEP_SUMMARY"[0m
project81 k6 proof on ronan	Run Project 81 k6 proof wrapper	2026-07-09T05:13:06.5192678Z [36;1mjq . "${summary_path}" >> "$GITHUB_STEP_SUMMARY"[0m
project81 k6 proof on ronan	Run Project 81 k6 proof wrapper	2026-07-09T05:13:06.5192851Z [36;1mecho '```' >> "$GITHUB_STEP_SUMMARY"[0m
project81 k6 proof on ronan	Run Project 81 k6 proof wrapper	2026-07-09T05:13:06.5222160Z shell: /usr/bin/bash -e {0}
project81 k6 proof on ronan	Run Project 81 k6 proof wrapper	2026-07-09T05:13:06.5222315Z env:
project81 k6 proof on ronan	Run Project 81 k6 proof wrapper	2026-07-09T05:13:06.5222415Z   TARGET_PRINCE: ronan
project81 k6 proof on ronan	Run Project 81 k6 proof wrapper	2026-07-09T05:13:06.5222556Z   CANDIDATE_SHA: 5292af40d0ad5303b85a678f6e629503a8725848
project81 k6 proof on ronan	Run Project 81 k6 proof wrapper	2026-07-09T05:13:06.5222721Z   TARGET_REF: 
project81 k6 proof on ronan	Run Project 81 k6 proof wrapper	2026-07-09T05:13:06.5224361Z   ROWS: preflight,R-CD-1,R-CD-2,R-CD-3,R-CD-4,R-CD-CHAINED-DEPTH-2,R-CD-MODEL-CHAINED-ALT,R-CD-MODEL-DEFAULT,R-CD-MODEL-TOKEN,R-CD-MODEL-TOOL,R-CD-RETURN-OVERLAP,R-CD-SILENT,R-CD-TOKEN,R-CONFIG-defaults,R-CONFIG-INTERSESSION,R-CW-1,R-CW-2,R-CW-3,R-CW-4,R-CW-DELEGATE-SELF-CONTINUATION,R-CW-TOKEN,R-OBS-1,R-OBS-2,R-OBS-status,R-RC-1,R-RC-2,R-REGRESSION-TRAP-TESTS,R-TRACE-REDACTION-1121
project81 k6 proof on ronan	Run Project 81 k6 proof wrapper	2026-07-09T05:13:06.5226005Z   K6SCENARIOS: 
project81 k6 proof on ronan	Run Project 81 k6 proof wrapper	2026-07-09T05:13:06.5226118Z   SESSION_SELECTOR: p81-5292-ronan-live
project81 k6 proof on ronan	Run Project 81 k6 proof wrapper	2026-07-09T05:13:06.5226288Z   MANIFEST_PATH: project81-k6/manifest.json
project81 k6 proof on ronan	Run Project 81 k6 proof wrapper	2026-07-09T05:13:06.5226502Z   DOCS_REF: scribe/20260708/proofs-5292-rerun
project81 k6 proof on ronan	Run Project 81 k6 proof wrapper	2026-07-09T05:13:06.5226650Z   USE_DOCS_CATALOG: true
project81 k6 proof on ronan	Run Project 81 k6 proof wrapper	2026-07-09T05:13:06.5226761Z   DRY_RUN: false
project81 k6 proof on ronan	Run Project 81 k6 proof wrapper	2026-07-09T05:13:06.5226867Z   PROOFS_METRICS_PUSH: true
project81 k6 proof on ronan	Run Project 81 k6 proof wrapper	2026-07-09T05:13:06.5227061Z   PROOFS_METRICS_OTLP_ENDPOINT: http://10.0.0.99:4318/v1/metrics
project81 k6 proof on ronan	Run Project 81 k6 proof wrapper	2026-07-09T05:13:06.5227244Z   OPENCLAW_ALT_MODEL: 
project81 k6 proof on ronan	Run Project 81 k6 proof wrapper	2026-07-09T05:13:06.5227363Z   OPENCLAW_CREATE_DISPOSABLE_SESSION: true
project81 k6 proof on ronan	Run Project 81 k6 proof wrapper	2026-07-09T05:13:06.5227521Z   OPENCLAW_CREATE_DISPOSABLE_SESSIONS: true
project81 k6 proof on ronan	Run Project 81 k6 proof wrapper	2026-07-09T05:13:06.5227858Z   REASON: P81 rerun live/non-static rows for safe assembly SHA 5292af40d0ad5303b85a678f6e629503a8725848; static corpus rows carried separately
project81 k6 proof on ronan	Run Project 81 k6 proof wrapper	2026-07-09T05:13:06.5228189Z ##[endgroup]
project81 k6 proof on ronan	Run Project 81 k6 proof wrapper	2026-07-09T05:13:07.6442640Z [project81-k6] proof metrics OTLP push enabled for live run
project81 k6 proof on ronan	Run Project 81 k6 proof wrapper	2026-07-09T05:13:07.6443669Z [project81-k6] using docs catalog at /home/figs/actions-runner/_work/openclaw-bootstrap/openclaw-bootstrap/openclaw-bootstrap/../karmaterminal-openclaw-docs ref=scribe/20260708/proofs-5292-rerun
project81 k6 proof on ronan	Run Project 81 k6 proof wrapper	2026-07-09T05:13:09.2589478Z ==========================================================
project81 k6 proof on ronan	Run Project 81 k6 proof wrapper	2026-07-09T05:13:09.2590447Z Project 81: Seat-Aware k6 Proof Runner
project81 k6 proof on ronan	Run Project 81 k6 proof wrapper	2026-07-09T05:13:09.2590739Z Seat: ronan
project81 k6 proof on ronan	Run Project 81 k6 proof wrapper	2026-07-09T05:13:09.2591002Z Target Candidate SHA: 5292af40d0ad5303b85a678f6e629503a8725848
project81 k6 proof on ronan	Run Project 81 k6 proof wrapper	2026-07-09T05:13:09.2591379Z Deployed Runtime SHA: OpenClaw 2026.6.11 (5292af4)
project81 k6 proof on ronan	Run Project 81 k6 proof wrapper	2026-07-09T05:13:09.2591679Z Session: p81-5292-ronan-live
project81 k6 proof on ronan	Run Project 81 k6 proof wrapper	2026-07-09T05:13:09.2593157Z Artifact root: /home/figs/actions-runner/_work/openclaw-bootstrap/openclaw-bootstrap/openclaw-bootstrap/PROOFS/ee9295cc6bb4fb27b135c3c21252ef9e815e2766/project81-k6/20260709T051307Z-ronan-dgx-4013874
project81 k6 proof on ronan	Run Project 81 k6 proof wrapper	2026-07-09T05:13:09.2596817Z Rows: preflight,R-CD-1,R-CD-2,R-CD-3,R-CD-4,R-CD-CHAINED-DEPTH-2,R-CD-MODEL-CHAINED-ALT,R-CD-MODEL-DEFAULT,R-CD-MODEL-TOKEN,R-CD-MODEL-TOOL,R-CD-RETURN-OVERLAP,R-CD-SILENT,R-CD-TOKEN,R-CONFIG-defaults,R-CONFIG-INTERSESSION,R-CW-1,R-CW-2,R-CW-3,R-CW-4,R-CW-DELEGATE-SELF-CONTINUATION,R-CW-TOKEN,R-OBS-1,R-OBS-2,R-OBS-status,R-RC-1,R-RC-2,R-REGRESSION-TRAP-TESTS,R-TRACE-REDACTION-1121
project81 k6 proof on ronan	Run Project 81 k6 proof wrapper	2026-07-09T05:13:09.2599467Z Dry Run: false
project81 k6 proof on ronan	Run Project 81 k6 proof wrapper	2026-07-09T05:13:09.2599675Z ==========================================================
project81 k6 proof on ronan	Run Project 81 k6 proof wrapper	2026-07-09T05:13:09.2604184Z Running seat-readiness preflight (k6/tooling/gateway/continuation config)...
project81 k6 proof on ronan	Run Project 81 k6 proof wrapper	2026-07-09T05:13:10.2012818Z SEAT READINESS: /home/figs/actions-runner/_work/openclaw-bootstrap/openclaw-bootstrap/openclaw-bootstrap/PROOFS/ee9295cc6bb4fb27b135c3c21252ef9e815e2766/project81-k6/20260709T051307Z-ronan-dgx-4013874/seat-readiness.json
project81 k6 proof on ronan	Run Project 81 k6 proof wrapper	2026-07-09T05:13:10.2124106Z 
project81 k6 proof on ronan	Run Project 81 k6 proof wrapper	2026-07-09T05:13:10.2124477Z ----------------------------------------
project81 k6 proof on ronan	Run Project 81 k6 proof wrapper	2026-07-09T05:13:10.2124800Z Row: PREFLIGHT
project81 k6 proof on ronan	Run Project 81 k6 proof wrapper	2026-07-09T05:13:10.2125470Z Manifest: /home/figs/actions-runner/_work/openclaw-bootstrap/openclaw-bootstrap/karmaterminal-openclaw-docs/tools/k6-proofs/manifests/preflight.example.json
project81 k6 proof on ronan	Run Project 81 k6 proof wrapper	2026-07-09T05:13:10.2126345Z Scenario: scenarios/preflight.js
project81 k6 proof on ronan	Run Project 81 k6 proof wrapper	2026-07-09T05:13:10.2126702Z Status: runnable
project81 k6 proof on ronan	Run Project 81 k6 proof wrapper	2026-07-09T05:13:10.2126911Z Live Safety: static-preflight-only
project81 k6 proof on ronan	Run Project 81 k6 proof wrapper	2026-07-09T05:13:10.2127409Z [PREFLIGHT] SKIPPED: liveRunSafety classification (static-preflight-only) rejects unattended live fire.
project81 k6 proof on ronan	Run Project 81 k6 proof wrapper	2026-07-09T05:13:10.2257108Z 
project81 k6 proof on ronan	Run Project 81 k6 proof wrapper	2026-07-09T05:13:10.2257478Z ----------------------------------------
project81 k6 proof on ronan	Run Project 81 k6 proof wrapper	2026-07-09T05:13:10.2257795Z Row: R-CD-1
project81 k6 proof on ronan	Run Project 81 k6 proof wrapper	2026-07-09T05:13:10.2258421Z Manifest: /home/figs/actions-runner/_work/openclaw-bootstrap/openclaw-bootstrap/karmaterminal-openclaw-docs/tools/k6-proofs/manifests/r-cd-1.json
project81 k6 proof on ronan	Run Project 81 k6 proof wrapper	2026-07-09T05:13:10.2268819Z Scenario: scenarios/r-cd-1-typed-delegate.js
project81 k6 proof on ronan	Run Project 81 k6 proof wrapper	2026-07-09T05:13:10.2269203Z Status: runnable
project81 k6 proof on ronan	Run Project 81 k6 proof wrapper	2026-07-09T05:13:10.2467082Z Live Safety: k6-runnable
project81 k6 proof on ronan	Run Project 81 k6 proof wrapper	2026-07-09T05:13:10.2467395Z [R-CD-1] RUNNING...
project81 k6 proof on ronan	Run Project 81 k6 proof wrapper	2026-07-09T05:13:10.2467522Z 
project81 k6 proof on ronan	Run Project 81 k6 proof wrapper	2026-07-09T05:13:10.2467849Z          /\      Grafana   /‾‾/  
project81 k6 proof on ronan	Run Project 81 k6 proof wrapper	2026-07-09T05:13:10.2468094Z     /\  /  \     |\  __   /  /   
project81 k6 proof on ronan	Run Project 81 k6 proof wrapper	2026-07-09T05:13:10.2468360Z    /  \/    \    | |/ /  /   ‾‾\ 
project81 k6 proof on ronan	Run Project 81 k6 proof wrapper	2026-07-09T05:13:10.2468706Z   /          \   |   (  |  (‾)  |
project81 k6 proof on ronan	Run Project 81 k6 proof wrapper	2026-07-09T05:13:10.2468931Z  / __________ \  |_|\_\  \_____/ 
project81 k6 proof on ronan	Run Project 81 k6 proof wrapper	2026-07-09T05:13:10.2469082Z 
project81 k6 proof on ronan	Run Project 81 k6 proof wrapper	2026-07-09T05:13:10.2469088Z 
project81 k6 proof on ronan	Run Project 81 k6 proof wrapper	2026-07-09T05:13:10.2469170Z      execution: local
project81 k6 proof on ronan	Run Project 81 k6 proof wrapper	2026-07-09T05:13:10.2469418Z         script: scenarios/r-cd-1-typed-delegate.js
project81 k6 proof on ronan	Run Project 81 k6 proof wrapper	2026-07-09T05:13:10.2469711Z         output: -
project81 k6 proof on ronan	Run Project 81 k6 proof wrapper	2026-07-09T05:13:10.2469825Z 
project81 k6 proof on ronan	Run Project 81 k6 proof wrapper	2026-07-09T05:13:10.2470068Z      scenarios: (100.00%) 1 scenario, 1 max VUs, 3m0s max duration (incl. graceful stop):
project81 k6 proof on ronan	Run Project 81 k6 proof wrapper	2026-07-09T05:13:10.2470731Z               * r_cd_1_typed_delegate: 1 iterations shared among 1 VUs (maxDuration: 2m30s, gracefulStop: 30s)
project81 k6 proof on ronan	Run Project 81 k6 proof wrapper	2026-07-09T05:13:10.2471123Z 
project81 k6 proof on ronan	Run Project 81 k6 proof wrapper	2026-07-09T05:13:11.0814918Z time="2026-07-08T22:13:11-07:00" level=info msg="✓ disposable session created: agent:main:r-cd-1-r-cd-1-1783573990248-6jb0e53v" source=console
project81 k6 proof on ronan	Run Project 81 k6 proof wrapper	2026-07-09T05:13:11.2476983Z 
project81 k6 proof on ronan	Run Project 81 k6 proof wrapper	2026-07-09T05:13:11.2478311Z running (0m01.0s), 1/1 VUs, 0 complete and 0 interrupted iterations
project81 k6 proof on ronan	Run Project 81 k6 proof wrapper	2026-07-09T05:13:11.2478605Z r_cd_1_typed_delegate   [   0% ] 1 VUs  0m01.0s/2m30s  0/1 shared iters
project81 k6 proof on ronan	Run Project 81 k6 proof wrapper	2026-07-09T05:13:11.8331981Z time="2026-07-08T22:13:11-07:00" level=info msg="✓ sessions.send accepted — agent turn triggered (will call continue_delegate)" source=console
project81 k6 proof on ronan	Run Project 81 k6 proof wrapper	2026-07-09T05:13:12.2468462Z 
project81 k6 proof on ronan	Run Project 81 k6 proof wrapper	2026-07-09T05:13:12.2469015Z running (0m02.0s), 1/1 VUs, 0 complete and 0 interrupted iterations
project81 k6 proof on ronan	Run Project 81 k6 proof wrapper	2026-07-09T05:13:12.2469317Z r_cd_1_typed_delegate   [   0% ] 1 VUs  0m02.0s/2m30s  0/1 shared iters
project81 k6 proof on ronan	Run Project 81 k6 proof wrapper	2026-07-09T05:13:13.2475030Z 
project81 k6 proof on ronan	Run Project 81 k6 proof wrapper	2026-07-09T05:13:13.2475583Z running (0m03.0s), 1/1 VUs, 0 complete and 0 interrupted iterations
project81 k6 proof on ronan	Run Project 81 k6 proof wrapper	2026-07-09T05:13:13.2476804Z r_cd_1_typed_delegate   [   0% ] 1 VUs  0m03.0s/2m30s  0/1 shared iters
project81 k6 proof on ronan	Run Project 81 k6 proof wrapper	2026-07-09T05:13:14.2474140Z 
project81 k6 proof on ronan	Run Project 81 k6 proof wrapper	2026-07-09T05:13:14.2475714Z running (0m04.0s), 1/1 VUs, 0 complete and 0 interrupted iterations
project81 k6 proof on ronan	Run Project 81 k6 proof wrapper	2026-07-09T05:13:14.2476362Z r_cd_1_typed_delegate   [   0% ] 1 VUs  0m04.0s/2m30s  0/1 shared iters
project81 k6 proof on ronan	Run Project 81 k6 proof wrapper	2026-07-09T05:13:15.2485693Z 
project81 k6 proof on ronan	Run Project 81 k6 proof wrapper	2026-07-09T05:13:15.2487190Z running (0m05.0s), 1/1 VUs, 0 complete and 0 interrupted iterations
project81 k6 proof on ronan	Run Project 81 k6 proof wrapper	2026-07-09T05:13:15.2487679Z r_cd_1_typed_delegate   [   0% ] 1 VUs  0m05.0s/2m30s  0/1 shared iters
project81 k6 proof on ronan	Run Project 81 k6 proof wrapper	2026-07-09T05:13:16.2474264Z 
project81 k6 proof on ronan	Run Project 81 k6 proof wrapper	2026-07-09T05:13:16.2474752Z running (0m06.0s), 1/1 VUs, 0 complete and 0 interrupted iterations
project81 k6 proof on ronan	Run Project 81 k6 proof wrapper	2026-07-09T05:13:16.2475052Z r_cd_1_typed_delegate   [   0% ] 1 VUs  0m06.0s/2m30s  0/1 shared iters
project81 k6 proof on ronan	Run Project 81 k6 proof wrapper	2026-07-09T05:13:17.2477738Z 
project81 k6 proof on ronan	Run Project 81 k6 proof wrapper	2026-07-09T05:13:17.2479125Z running (0m07.0s), 1/1 VUs, 0 complete and 0 interrupted iterations
project81 k6 proof on ronan	Run Project 81 k6 proof wrapper	2026-07-09T05:13:17.2479407Z r_cd_1_typed_delegate   [   0% ] 1 VUs  0m07.0s/2m30s  0/1 shared iters
project81 k6 proof on ronan	Run Project 81 k6 proof wrapper	2026-07-09T05:13:18.2479048Z 
project81 k6 proof on ronan	Run Project 81 k6 proof wrapper	2026-07-09T05:13:18.2479622Z running (0m08.0s), 1/1 VUs, 0 complete and 0 interrupted iterations
project81 k6 proof on ronan	Run Project 81 k6 proof wrapper	2026-07-09T05:13:18.2479947Z r_cd_1_typed_delegate   [   0% ] 1 VUs  0m08.0s/2m30s  0/1 shared iters
project81 k6 proof on ronan	Run Project 81 k6 proof wrapper	2026-07-09T05:13:19.2474403Z 
project81 k6 proof on ronan	Run Project 81 k6 proof wrapper	2026-07-09T05:13:19.2474862Z running (0m09.0s), 1/1 VUs, 0 complete and 0 interrupted iterations
project81 k6 proof on ronan	Run Project 81 k6 proof wrapper	2026-07-09T05:13:19.2475344Z r_cd_1_typed_delegate   [   0% ] 1 VUs  0m09.0s/2m30s  0/1 shared iters
project81 k6 proof on ronan	Run Project 81 k6 proof wrapper	2026-07-09T05:13:20.2478836Z 
project81 k6 proof on ronan	Run Project 81 k6 proof wrapper	2026-07-09T05:13:20.2479462Z running (0m10.0s), 1/1 VUs, 0 complete and 0 interrupted iterations
project81 k6 proof on ronan	Run Project 81 k6 proof wrapper	2026-07-09T05:13:20.2479948Z r_cd_1_typed_delegate   [   0% ] 1 VUs  0m10.0s/2m30s  0/1 shared iters
project81 k6 proof on ronan	Run Project 81 k6 proof wrapper	2026-07-09T05:13:21.2482520Z 
project81 k6 proof on ronan	Run Project 81 k6 proof wrapper	2026-07-09T05:13:21.2483850Z running (0m11.0s), 1/1 VUs, 0 complete and 0 interrupted iterations
project81 k6 proof on ronan	Run Project 81 k6 proof wrapper	2026-07-09T05:13:21.2484404Z r_cd_1_typed_delegate   [   0% ] 1 VUs  0m11.0s/2m30s  0/1 shared iters
project81 k6 proof on ronan	Run Project 81 k6 proof wrapper	2026-07-09T05:13:22.2480406Z 
project81 k6 proof on ronan	Run Project 81 k6 proof wrapper	2026-07-09T05:13:22.2481963Z running (0m12.0s), 1/1 VUs, 0 complete and 0 interrupted iterations
project81 k6 proof on ronan	Run Project 81 k6 proof wrapper	2026-07-09T05:13:22.2482273Z r_cd_1_typed_delegate   [   0% ] 1 VUs  0m12.0s/2m30s  0/1 shared iters
project81 k6 proof on ronan	Run Project 81 k6 proof wrapper	2026-07-09T05:13:23.2473170Z 
project81 k6 proof on ronan	Run Project 81 k6 proof wrapper	2026-07-09T05:13:23.2474610Z running (0m13.0s), 1/1 VUs, 0 complete and 0 interrupted iterations
project81 k6 proof on ronan	Run Project 81 k6 proof wrapper	2026-07-09T05:13:23.2474894Z r_cd_1_typed_delegate   [   0% ] 1 VUs  0m13.0s/2m30s  0/1 shared iters
project81 k6 proof on ronan	Run Project 81 k6 proof wrapper	2026-07-09T05:13:24.2480204Z 
project81 k6 proof on ronan	Run Project 81 k6 proof wrapper	2026-07-09T05:13:24.2481749Z running (0m14.0s), 1/1 VUs, 0 complete and 0 interrupted iterations
project81 k6 proof on ronan	Run Project 81 k6 proof wrapper	2026-07-09T05:13:24.2482056Z r_cd_1_typed_delegate   [   0% ] 1 VUs  0m14.0s/2m30s  0/1 shared iters
project81 k6 proof on ronan	Run Project 81 k6 proof wrapper	2026-07-09T05:13:25.2478524Z 
project81 k6 proof on ronan	Run Project 81 k6 proof wrapper	2026-07-09T05:13:25.2480255Z running (0m15.0s), 1/1 VUs, 0 complete and 0 interrupted iterations
project81 k6 proof on ronan	Run Project 81 k6 proof wrapper	2026-07-09T05:13:25.2480742Z r_cd_1_typed_delegate   [   0% ] 1 VUs  0m15.0s/2m30s  0/1 shared iters
project81 k6 proof on ronan	Run Project 81 k6 proof wrapper	2026-07-09T05:13:25.3985897Z time="2026-07-08T22:13:25-07:00" level=info msg="ℹ Ignoring harness prompt echo event" source=console
project81 k6 proof on ronan	Run Project 81 k6 proof wrapper	2026-07-09T05:13:26.2474414Z 
project81 k6 proof on ronan	Run Project 81 k6 proof wrapper	2026-07-09T05:13:26.2474984Z running (0m16.0s), 1/1 VUs, 0 complete and 0 interrupted iterations
project81 k6 proof on ronan	Run Project 81 k6 proof wrapper	2026-07-09T05:13:26.2475551Z r_cd_1_typed_delegate   [   0% ] 1 VUs  0m16.0s/2m30s  0/1 shared iters
project81 k6 proof on ronan	Run Project 81 k6 proof wrapper	2026-07-09T05:13:27.2471915Z 
project81 k6 proof on ronan	Run Project 81 k6 proof wrapper	2026-07-09T05:13:27.2472469Z running (0m17.0s), 1/1 VUs, 0 complete and 0 interrupted iterations
project81 k6 proof on ronan	Run Project 81 k6 proof wrapper	2026-07-09T05:13:27.2472753Z r_cd_1_typed_delegate   [   0% ] 1 VUs  0m17.0s/2m30s  0/1 shared iters
project81 k6 proof on ronan	Run Project 81 k6 proof wrapper	2026-07-09T05:13:28.0755296Z time="2026-07-08T22:13:28-07:00" level=info msg="ℹ Ignoring harness prompt echo event" source=console
project81 k6 proof on ronan	Run Project 81 k6 proof wrapper	2026-07-09T05:13:28.2480216Z 
project81 k6 proof on ronan	Run Project 81 k6 proof wrapper	2026-07-09T05:13:28.2481671Z running (0m18.0s), 1/1 VUs, 0 complete and 0 interrupted iterations
project81 k6 proof on ronan	Run Project 81 k6 proof wrapper	2026-07-09T05:13:28.2482216Z r_cd_1_typed_delegate   [   0% ] 1 VUs  0m18.0s/2m30s  0/1 shared iters
project81 k6 proof on ronan	Run Project 81 k6 proof wrapper	2026-07-09T05:13:29.2486780Z 
project81 k6 proof on ronan	Run Project 81 k6 proof wrapper	2026-07-09T05:13:29.2488269Z running (0m19.0s), 1/1 VUs, 0 complete and 0 interrupted iterations
project81 k6 proof on ronan	Run Project 81 k6 proof wrapper	2026-07-09T05:13:29.2488817Z r_cd_1_typed_delegate   [   0% ] 1 VUs  0m19.0s/2m30s  0/1 shared iters
project81 k6 proof on ronan	Run Project 81 k6 proof wrapper	2026-07-09T05:13:30.2475912Z 
project81 k6 proof on ronan	Run Project 81 k6 proof wrapper	2026-07-09T05:13:30.2477708Z running (0m20.0s), 1/1 VUs, 0 complete and 0 interrupted iterations
project81 k6 proof on ronan	Run Project 81 k6 proof wrapper	2026-07-09T05:13:30.2478193Z r_cd_1_typed_delegate   [   0% ] 1 VUs  0m20.0s/2m30s  0/1 shared iters
project81 k6 proof on ronan	Run Project 81 k6 proof wrapper	2026-07-09T05:13:31.2475834Z 
project81 k6 proof on ronan	Run Project 81 k6 proof wrapper	2026-07-09T05:13:31.2476283Z running (0m21.0s), 1/1 VUs, 0 complete and 0 interrupted iterations
project81 k6 proof on ronan	Run Project 81 k6 proof wrapper	2026-07-09T05:13:31.2476922Z r_cd_1_typed_delegate   [   0% ] 1 VUs  0m21.0s/2m30s  0/1 shared iters
project81 k6 proof on ronan	Run Project 81 k6 proof wrapper	2026-07-09T05:13:32.2474221Z 
project81 k6 proof on ronan	Run Project 81 k6 proof wrapper	2026-07-09T05:13:32.2475820Z running (0m22.0s), 1/1 VUs, 0 complete and 0 interrupted iterations
project81 k6 proof on ronan	Run Project 81 k6 proof wrapper	2026-07-09T05:13:32.2476299Z r_cd_1_typed_delegate   [   0% ] 1 VUs  0m22.0s/2m30s  0/1 shared iters
project81 k6 proof on ronan	Run Project 81 k6 proof wrapper	2026-07-09T05:13:33.2473768Z 
project81 k6 proof on ronan	Run Project 81 k6 proof wrapper	2026-07-09T05:13:33.2475322Z running (0m23.0s), 1/1 VUs, 0 complete and 0 interrupted iterations
project81 k6 proof on ronan	Run Project 81 k6 proof wrapper	2026-07-09T05:13:33.2475868Z r_cd_1_typed_delegate   [   0% ] 1 VUs  0m23.0s/2m30s  0/1 shared iters
project81 k6 proof on ronan	Run Project 81 k6 proof wrapper	2026-07-09T05:13:33.5214042Z time="2026-07-08T22:13:33-07:00" level=info msg="ℹ Ignoring harness prompt echo event" source=console
project81 k6 proof on ronan	Run Project 81 k6 proof wrapper	2026-07-09T05:13:34.2479326Z 
project81 k6 proof on ronan	Run Project 81 k6 proof wrapper	2026-07-09T05:13:34.2479995Z running (0m24.0s), 1/1 VUs, 0 complete and 0 interrupted iterations
project81 k6 proof on ronan	Run Project 81 k6 proof wrapper	2026-07-09T05:13:34.2480276Z r_cd_1_typed_delegate   [   0% ] 1 VUs  0m24.0s/2m30s  0/1 shared iters
project81 k6 proof on ronan	Run Project 81 k6 proof wrapper	2026-07-09T05:13:35.2482682Z 
project81 k6 proof on ronan	Run Project 81 k6 proof wrapper	2026-07-09T05:13:35.2484294Z running (0m25.0s), 1/1 VUs, 0 complete and 0 interrupted iterations
project81 k6 proof on ronan	Run Project 81 k6 proof wrapper	2026-07-09T05:13:35.2484603Z r_cd_1_typed_delegate   [   0% ] 1 VUs  0m25.0s/2m30s  0/1 shared iters
project81 k6 proof on ronan	Run Project 81 k6 proof wrapper	2026-07-09T05:13:36.2481276Z 
project81 k6 proof on ronan	Run Project 81 k6 proof wrapper	2026-07-09T05:13:36.2482823Z running (0m26.0s), 1/1 VUs, 0 complete and 0 interrupted iterations
project81 k6 proof on ronan	Run Project 81 k6 proof wrapper	2026-07-09T05:13:36.2483309Z r_cd_1_typed_delegate   [   0% ] 1 VUs  0m26.0s/2m30s  0/1 shared iters
project81 k6 proof on ronan	Run Project 81 k6 proof wrapper	2026-07-09T05:13:37.2477935Z 
project81 k6 proof on ronan	Run Project 81 k6 proof wrapper	2026-07-09T05:13:37.2478369Z running (0m27.0s), 1/1 VUs, 0 complete and 0 interrupted iterations
project81 k6 proof on ronan	Run Project 81 k6 proof wrapper	2026-07-09T05:13:37.2478848Z r_cd_1_typed_delegate   [   0% ] 1 VUs  0m27.0s/2m30s  0/1 shared iters
project81 k6 proof on ronan	Run Project 81 k6 proof wrapper	2026-07-09T05:13:37.4785845Z time="2026-07-08T22:13:37-07:00" level=info msg="✓ CD1-DONE/delegate return evidence observed post-dispatch: session.message" source=console
project81 k6 proof on ronan	Run Project 81 k6 proof wrapper	2026-07-09T05:13:37.4787045Z time="2026-07-08T22:13:37-07:00" level=info msg="ℹ Channel message from delegate return (expected for mode=normal)" source=console
project81 k6 proof on ronan	Run Project 81 k6 proof wrapper	2026-07-09T05:13:37.4919411Z time="2026-07-08T22:13:37-07:00" level=info msg="✓ CD1-DONE/delegate return evidence observed post-dispatch: agent" source=console
project81 k6 proof on ronan	Run Project 81 k6 proof wrapper	2026-07-09T05:13:37.5302910Z time="2026-07-08T22:13:37-07:00" level=info msg="✓ CD1-DONE/delegate return evidence observed post-dispatch: agent" source=console
project81 k6 proof on ronan	Run Project 81 k6 proof wrapper	2026-07-09T05:13:38.2479259Z 
project81 k6 proof on ronan	Run Project 81 k6 proof wrapper	2026-07-09T05:13:38.2480759Z running (0m28.0s), 1/1 VUs, 0 complete and 0 interrupted iterations
project81 k6 proof on ronan	Run Project 81 k6 proof wrapper	2026-07-09T05:13:38.2481244Z r_cd_1_typed_delegate   [   0% ] 1 VUs  0m28.0s/2m30s  0/1 shared iters
project81 k6 proof on ronan	Run Project 81 k6 proof wrapper	2026-07-09T05:13:39.2476424Z 
project81 k6 proof on ronan	Run Project 81 k6 proof wrapper	2026-07-09T05:13:39.2478019Z running (0m29.0s), 1/1 VUs, 0 complete and 0 interrupted iterations
project81 k6 proof on ronan	Run Project 81 k6 proof wrapper	2026-07-09T05:13:39.2478575Z r_cd_1_typed_delegate   [   0% ] 1 VUs  0m29.0s/2m30s  0/1 shared iters
project81 k6 proof on ronan	Run Project 81 k6 proof wrapper	2026-07-09T05:13:40.2477134Z 
project81 k6 proof on ronan	Run Project 81 k6 proof wrapper	2026-07-09T05:13:40.2477713Z running (0m30.0s), 1/1 VUs, 0 complete and 0 interrupted iterations
project81 k6 proof on ronan	Run Project 81 k6 proof wrapper	2026-07-09T05:13:40.2478208Z r_cd_1_typed_delegate   [   0% ] 1 VUs  0m30.0s/2m30s  0/1 shared iters
project81 k6 proof on ronan	Run Project 81 k6 proof wrapper	2026-07-09T05:13:40.9236309Z time="2026-07-08T22:13:40-07:00" level=info msg="✓ CD1-DELEGATE-SCHEDULED sentinel observed post-dispatch: session.message" source=console
project81 k6 proof on ronan	Run Project 81 k6 proof wrapper	2026-07-09T05:13:40.9237513Z time="2026-07-08T22:13:40-07:00" level=info msg="ℹ Channel message from delegate return (expected for mode=normal)" source=console
project81 k6 proof on ronan	Run Project 81 k6 proof wrapper	2026-07-09T05:13:40.9238289Z time="2026-07-08T22:13:40-07:00" level=info msg="Required R-CD-1 receipts gathered, closing early" source=console
project81 k6 proof on ronan	Run Project 81 k6 proof wrapper	2026-07-09T05:13:40.9238987Z time="2026-07-08T22:13:40-07:00" level=info msg="\n--- R-CD-1 EVIDENCE SUMMARY ---" source=console
project81 k6 proof on ronan	Run Project 81 k6 proof wrapper	2026-07-09T05:13:40.9325046Z time="2026-07-08T22:13:40-07:00" level=info msg="{\n  \"row\": \"R-CD-1\",\n  \"manifest_loaded\": true,\n  \"nonce\": \"R-CD-1-1783573990248-6jb0e53v\",\n  \"seat\": \"ronan\",\n  \"requestedSessionKey\": \"p81-5292-ronan-live\",\n  \"sessionKey\": \"agent:main:r-cd-1-r-cd-1-1783573990248-6jb0e53v\",\n  \"session_created\": true,\n  \"created_session_key\": \"agent:main:r-cd-1-r-cd-1-1783573990248-6jb0e53v\",\n  \"candidateSha\": \"5292af40d0ad5303b85a678f6e629503a8725848\",\n  \"started\": \"2026-07-09T05:13:10.248Z\",\n  \"tool_invoke_accepted\": true,\n  \"delegate_scheduled_sentinel\": true,\n  \"parent_return_event\": true,\n  \"task_ledger_entry_optional\": false,\n  \"child_session_key\": null,\n  \"channel_message_observed\": true,\n  \"dispatch_accepted_at_ms\": 1783573991832,\n  \"wake_gate_ms\": 5000,\n  \"trace_id\": null,\n  \"redacted_events\": [\n    {\n      \"ts\": 1783573990317,\n      \"kind\": \"event\",\n      \"method\": null,\n      \"event\": \"connect.challenge\",\n      \"ok\": null,\n      \"data\": null\n    },\n    {\n      \"ts\": 1783573990331,\n      \"kind\": \"other\",\n      \"method\": null,\n      \"event\": null,\n      \"ok\": null,\n      \"data\": null\n    },\n    {\n      \"ts\": 1783573990373,\n      \"kind\": \"event\",\n      \"method\": null,\n      \"event\": \"health\",\n      \"ok\": null,\n      \"data\": null\n    },\n    {\n      \"ts\": 1783573990376,\n      \"kind\": \"event\",\n      \"method\": null,\n      \"event\": \"presence\",\n      \"ok\": null,\n      \"data\": null\n    },\n    {\n      \"ts\": 1783573990840,\n      \"kind\": \"event\",\n      \"method\": null,\n      \"event\": \"presence\",\n      \"ok\": null,\n      \"data\": null\n    },\n    {\n      \"ts\": 1783573990878,\n      \"kind\": \"event\",\n      \"method\": null,\n      \"event\": \"agent\",\n      \"ok\": null,\n      \"data\": null\n    },\n    {\n      \"ts\": 1783573991080,\n      \"kind\": \"response\",\n      \"method\": \"sessions.create\",\n      \"event\": null,\n      \"ok\": true,\n      \"data\": {\n        \"ok\": true\n      }\n    },\n    {\n      \"ts\": 1783573991168,\n      \"kind\": \"response\",\n      \"method\": \"sessions.messages.subscribe\",\n      \"event\": null,\n      \"ok\": true,\n      \"data\": {}\n    },\n    {\n      \"ts\": 1783573991435,\n      \"kind\": \"event\",\n      \"method\": null,\n      \"event\": \"health\",\n      \"ok\": null,\n      \"data\": null\n    },\n    {\n      \"ts\": 1783573991457,\n      \"kind\": \"event\",\n      \"method\": null,\n      \"event\": \"presence\",\n      \"ok\": null,\n      \"data\": null\n    },\n    {\n      \"ts\": 1783573991506,\n      \"kind\": \"event\",\n      \"method\": null,\n      \"event\": \"task\",\n      \"ok\": null,\n      \"data\": null\n    },\n    {\n      \"ts\": 1783573991507,\n      \"kind\": \"event\",\n      \"method\": null,\n      \"event\": \"task\",\n      \"ok\": null,\n      \"data\": null\n    },\n    {\n      \"ts\": 1783573991562,\n      \"kind\": \"event\",\n      \"method\": null,\n      \"event\": \"task\",\n      \"ok\": null,\n      \"data\": null\n    },\n    {\n      \"ts\": 1783573991798,\n      \"kind\": \"event\",\n      \"method\": null,\n      \"event\": \"health\",\n      \"ok\": null,\n      \"data\": null\n    },\n    {\n      \"ts\": 1783573991807,\n      \"kind\": \"event\",\n      \"method\": null,\n      \"event\": \"agent\",\n      \"ok\": null,\n      \"data\": null\n    },\n    {\n      \"ts\": 1783573991807,\n      \"kind\": \"event\",\n      \"method\": null,\n      \"event\": \"chat\",\n      \"ok\": null,\n      \"data\": null\n    },\n    {\n      \"ts\": 1783573991832,\n      \"kind\": \"response\",\n      \"method\": \"sessions.send\",\n      \"event\": null,\n      \"ok\": true,\n      \"data\": {\n        \"runId\": \"R-CD-1-DISPATCH-R-CD-1-1783573990248-6jb0e53v\",\n        \"status\": \"started\"\n      }\n    },\n    {\n      \"ts\": 1783573991912,\n      \"kind\": \"event\",\n      \"method\": null,\n      \"event\": \"presence\",\n      \"ok\": null,\n      \"data\": null\n    },\n    {\n      \"ts\": 1783573991914,\n      \"kind\": \"event\",\n      \"method\": null,\n      \"event\": \"agent\",\n      \"ok\": null,\n      \"data\": null\n    },\n    {\n      \"ts\": 1783573991914,\n      \"kind\": \"event\",\n      \"method\": null,\n      \"event\": \"agent\",\n      \"ok\": null,\n      \"data\": null\n    },\n    {\n      \"ts\": 1783573992156,\n      \"kind\": \"event\",\n      \"method\": null,\n      \"event\": \"agent\",\n      \"ok\": null,\n      \"data\": null\n    },\n    {\n      \"ts\": 1783573992156,\n      \"kind\": \"event\",\n      \"method\": null,\n      \"event\": \"chat\",\n      \"ok\": null,\n      \"data\": null\n    },\n    {\n      \"ts\": 1783573992156,\n      \"kind\": \"event\",\n      \"method\": null,\n      \"event\": \"chat\",\n      \"ok\": null,\n      \"data\": null\n    },\n    {\n      \"ts\": 1783573992797,\n      \"kind\": \"event\",\n      \"method\": null,\n      \"event\": \"health\",\n      \"ok\": null,\n      \"data\": null\n    },\n    {\n      \"ts\": 1783573992819,\n      \"kind\": \"event\",\n      \"method\": null,\n      \"event\": \"agent\",\n      \"ok\": null,\n      \"data\": null\n    },\n    {\n      \"ts\": 1783573992819,\n      \"kind\": \"event\",\n      \"method\": null,\n      \"event\": \"chat\",\n      \"ok\": null,\n      \"data\": null\n    },\n    {\n      \"ts\": 1783573992827,\n      \"kind\": \"event\",\n      \"method\": null,\n      \"event\": \"presence\",\n      \"ok\": null,\n      \"data\": null\n    },\n    {\n      \"ts\": 1783573993264,\n      \"kind\": \"event\",\n      \"method\": null,\n      \"event\": \"health\",\n      \"ok\": null,\n      \"data\": null\n    },\n    {\n      \"ts\": 1783573993678,\n      \"kind\": \"event\",\n      \"method\": null,\n      \"event\": \"agent\",\n      \"ok\": null,\n      \"data\": null\n    },\n    {\n      \"ts\": 1783573993776,\n      \"kind\": \"event\",\n      \"method\": null,\n      \"event\": \"agent\",\n      \"ok\": null,\n      \"data\": null\n    },\n    {\n      \"ts\": 1783573993886,\n      \"kind\": \"event\",\n      \"method\": null,\n      \"event\": \"health\",\n      \"ok\": null,\n      \"data\": null\n    },\n    {\n      \"ts\": 1783573993905,\n      \"kind\": \"event\",\n      \"method\": null,\n      \"event\": \"presence\",\n      \"ok\": null,\n      \"data\": null\n    },\n    {\n      \"ts\": 1783573995013,\n      \"kind\": \"event\",\n      \"method\": null,\n      \"event\": \"health\",\n      \"ok\": null,\n      \"data\": null\n    },\n    {\n      \"ts\": 1783573995033,\n      \"kind\": \"event\",\n      \"method\": null,\n      \"event\": \"presence\",\n      \"ok\": null,\n      \"data\": null\n    },\n    {\n      \"ts\": 1783573996090,\n      \"kind\": \"event\",\n      \"method\": null,\n      \"event\": \"health\",\n      \"ok\": null,\n      \"data\": null\n    },\n    {\n      \"ts\": 1783573996094,\n      \"kind\": \"response\",\n      \"method\": \"tasks.list\",\n      \"event\": null,\n      \"ok\": true,\n      \"data\": {}\n    },\n    {\n      \"ts\": 1783573996099,\n      \"kind\": \"event\",\n      \"method\": null,\n      \"event\": \"presence\",\n      \"ok\": null,\n      \"data\": null\n    },\n    {\n      \"ts\": 1783573997181,\n      \"kind\": \"event\",\n      \"method\": null,\n      \"event\": \"health\",\n      \"ok\": null,\n      \"data\": null\n    },\n    {\n      \"ts\": 1783573997186,\n      \"kind\": \"event\",\n      \"method\": null,\n      \"event\": \"presence\",\n      \"ok\": null,\n      \"data\": null\n    },\n    {\n      \"ts\": 1783573997242,\n      \"kind\": \"event\",\n      \"method\": null,\n      \"event\": \"agent\",\n      \"ok\": null,\n      \"data\": null\n    },\n    {\n      \"ts\": 1783573997518,\n      \"kind\": \"event\",\n      \"method\": null,\n      \"event\": \"health\",\n      \"ok\": null,\n      \"data\": null\n    },\n    {\n      \"ts\": 1783573997528,\n      \"kind\": \"event\",\n      \"method\": null,\n      \"event\": \"presence\",\n      \"ok\": null,\n      \"data\": null\n    },\n    {\n      \"ts\": 1783573997588,\n      \"kind\": \"event\",\n      \"method\": null,\n      \"event\": \"health\",\n      \"ok\": null,\n      \"data\": null\n    },\n    {\n      \"ts\": 1783573997622,\n      \"kind\": \"event\",\n      \"method\": null,\n      \"event\": \"presence\",\n      \"ok\": null,\n      \"data\": null\n    },\n    {\n      \"ts\": 1783573997674,\n      \"kind\": \"event\",\n      \"method\": null,\n      \"event\": \"health\",\n      \"ok\": null,\n      \"data\": null\n    },\n    {\n      \"ts\": 1783573997709,\n      \"kind\": \"event\",\n      \"method\": null,\n      \"event\": \"presence\",\n      \"ok\": null,\n      \"data\": null\n    },\n    {\n      \"ts\": 1783573998279,\n      \"kind\": \"event\",\n      \"method\": null,\n      \"event\": \"health\",\n      \"ok\": null,\n      \"data\": null\n    },\n    {\n      \"ts\": 1783573998318,\n      \"kind\": \"event\",\n      \"method\": null,\n      \"event\": \"presence\",\n      \"ok\": null,\n      \"data\": null\n    },\n    {\n      \"ts\": 1783573999299,\n      \"kind\": \"event\",\n      \"method\": null,\n      \"event\": \"health\",\n      \"ok\": null,\n      \"data\": null\n    },\n    {\n      \"ts\": 1783573999318,\n      \"kind\": \"event\",\n      \"method\": null,\n      \"event\": \"presence\",\n      \"ok\": null,\n      \"data\": null\n    },\n    {\n      \"ts\": 1783573999906,\n      \"kind\": \"event\",\n      \"method\": null,\n      \"event\": \"health\",\n      \"ok\": null,\n      \"data\": null\n    },\n    {\n      \"ts\": 1783573999921,\n      \"kind\": \"event\",\n      \"method\": null,\n      \"event\": \"agent\",\n      \"ok\": null,\n      \"data\": null\n    },\n    {\n      \"ts\": 1783573999931,\n      \"kind\": \"event\",\n      \"method\": null,\n      \"event\": \"presence\",\n      \"ok\": null,\n      \"data\": null\n    },\n    {\n      \"ts\": 1783574001016,\n      \"kind\": \"event\",\n      \"method\": null,\n      \"event\": \"health\",\n      \"ok\": null,\n      \"data\": null\n    },\n    {\n      \"ts\": 1783574001021,\n      \"kind\": \"event\",\n      \"method\": null,\n      \"event\": \"presence\",\n      \"ok\": null,\n      \"data\": null\n    },\n    {\n      \"ts\": 1783574002067,\n      \"kind\": \"event\",\n      \"method\": null,\n      \"event\": \"health\",\n      \"ok\": null,\n      \"data\": null\n    },\n    {\n      \"ts\": 1783574002075,\n      \"kind\": \"event\",\n      \"method\": null,\n      \"event\": \"presence\",\n      \"ok\": null,\n      \"data\": null\n    },\n    {\n      \"ts\": 1783574002201,\n      \"kind\": \"event\",\n      \"method\": null,\n      \"event\": \"agent\",\n      \"ok\": null,\n      \"data\": null\n    },\n    {\n      \"ts\": 1783574002201,\n      \"kind\": \"event\",\n      \"method\": null,\n      \"event\": \"chat\",\n      \"ok\": null,\n      \"data\": null\n    },\n    {\n      \"ts\": 1783574002537,\n      \"kind\": \"event\",\n      \"method\": null,\n      \"event\": \"agent\",\n      \"ok\": null,\n      \"data\": null\n    },\n    {\n      \"ts\": 1783574002604,\n      \"kind\": \"event\",\n      \"method\": null,\n      \"event\": \"task\",\n      \"ok\": null,\n      \"data\": null\n    },\n    {\n      \"ts\": 1783574002604,\n      \"kind\": \"event\",\n      \"method\": null,\n      \"event\": \"task\",\n      \"ok\": null,\n      \"data\": null\n    },\n    {\n      \"ts\": 1783574002606,\n      \"kind\": \"event\",\n      \"method\": null,\n      \"event\": \"agent\",\n      \"ok\": null,\n      \"data\": null\n    },\n    {\n      \"ts\": 1783574003143,\n      \"kind\": \"event\",\n      \"method\": null,\n      \"event\": \"health\",\n      \"ok\": null,\n      \"data\": null\n    },\n    {\n      \"ts\": 1783574003154,\n      \"kind\": \"event\",\n      \"method\": null,\n      \"event\": \"presence\",\n      \"ok\": null,\n      \"data\": null\n    },\n    {\n      \"ts\": 1783574004235,\n      \"kind\": \"event\",\n      \"method\": null,\n      \"event\": \"health\",\n      \"ok\": null,\n      \"data\": null\n    },\n    {\n      \"ts\": 1783574004242,\n      \"kind\": \"event\",\n      \"method\": null,\n      \"event\": \"presence\",\n      \"ok\": null,\n      \"data\": null\n    },\n    {\n      \"ts\": 1783574005344,\n      \"kind\": \"event\",\n      \"method\": null,\n      \"event\": \"health\",\n      \"ok\": null,\n      \"data\": null\n    },\n    {\n      \"ts\": 1783574005348,\n      \"kind\": \"event\",\n      \"method\": null,\n      \"event\": \"presence\",\n      \"ok\": null,\n      \"data\": null\n    },\n    {\n      \"ts\": 1783574005398,\n      \"kind\": \"event\",\n      \"method\": null,\n      \"event\": \"agent\",\n      \"ok\": null,\n      \"data\": null\n    },\n    {\n      \"ts\": 1783574006092,\n      \"kind\": \"response\",\n      \"method\": \"tasks.list\",\n      \"event\": null,\n      \"ok\": true,\n      \"data\": {}\n    },\n    {\n      \"ts\": 1783574006428,\n      \"kind\": \"event\",\n      \"method\": null,\n      \"event\": \"health\",\n      \"ok\": null,\n      \"data\": null\n    },\n    {\n      \"ts\": 1783574006433,\n      \"kind\": \"event\",\n      \"method\": null,\n      \"event\": \"presence\",\n      \"ok\": null,\n      \"data\": null\n    },\n    {\n      \"ts\": 1783574006774,\n      \"kind\": \"event\",\n      \"method\": null,\n      \"event\": \"agent\",\n      \"ok\": null,\n      \"data\": null\n    },\n    {\n      \"ts\": 1783574006990,\n      \"kind\": \"event\",\n      \"method\": null,\n      \"event\": \"agent\",\n      \"ok\": null,\n      \"data\": null\n    },\n    {\n      \"ts\": 1783574006990,\n      \"kind\": \"event\",\n      \"method\": null,\n      \"event\": \"chat\",\n      \"ok\": null,\n      \"data\": null\n    },\n    {\n      \"ts\": 1783574007796,\n      \"kind\": \"event\",\n      \"method\": null,\n      \"event\": \"health\",\n      \"ok\": null,\n      \"data\": null\n    },\n    {\n      \"ts\": 1783574007810,\n      \"kind\": \"event\",\n      \"method\": null,\n      \"event\": \"task\",\n      \"ok\": null,\n      \"data\": null\n    },\n    {\n      \"ts\": 1783574007811,\n      \"kind\": \"event\",\n      \"method\": null,\n      \"event\": \"task\",\n      \"ok\": null,\n      \"data\": null\n    },\n    {\n      \"ts\": 1783574007811,\n      \"kind\": \"event\",\n      \"method\": null,\n      \"event\": \"agent\",\n      \"ok\": null,\n      \"data\": null\n    },\n    {\n      \"ts\": 1783574007811,\n      \"kind\": \"event\",\n      \"method\": null,\n      \"event\": \"chat\",\n      \"ok\": null,\n      \"data\": null\n    },\n    {\n      \"ts\": 1783574007812,\n      \"kind\": \"event\",\n      \"method\": null,\n      \"event\": \"task\",\n      \"ok\": null,\n      \"data\": null\n    },\n    {\n      \"ts\": 1783574007812,\n      \"kind\": \"event\",\n      \"method\": null,\n      \"event\": \"task\",\n      \"ok\": null,\n      \"data\": null\n    },\n    {\n      \"ts\": 1783574007812,\n      \"kind\": \"event\",\n      \"method\": null,\n      \"event\": \"task\",\n      \"ok\": null,\n      \"data\": null\n    },\n    {\n      \"ts\": 1783574007813,\n      \"kind\": \"event\",\n      \"method\": null,\n      \"event\": \"task\",\n      \"ok\": null,\n      \"data\": null\n    },\n    {\n      \"ts\": 1783574007813,\n      \"kind\": \"event\",\n      \"method\": null,\n      \"event\": \"task\",\n      \"ok\": null,\n      \"data\": null\n    },\n    {\n      \"ts\": 1783574007814,\n      \"kind\": \"event\",\n      \"method\": null,\n      \"event\": \"task\",\n      \"ok\": null,\n      \"data\": null\n    },\n    {\n      \"ts\": 1783574007815,\n      \"kind\": \"event\",\n      \"method\": null,\n      \"event\": \"task\",\n      \"ok\": null,\n      \"data\": null\n    },\n    {\n      \"ts\": 1783574007815,\n      \"kind\": \"event\",\n      \"method\": null,\n      \"event\": \"task\",\n      \"ok\": null,\n      \"data\": null\n    },\n    {\n      \"ts\": 1783574007815,\n      \"kind\": \"event\",\n      \"method\": null,\n      \"event\": \"task\",\n      \"ok\": null,\n      \"data\": null\n    },\n    {\n      \"ts\": 1783574007815,\n      \"kind\": \"event\",\n      \"method\": null,\n      \"event\": \"task\",\n      \"ok\": null,\n      \"data\": null\n    },\n    {\n      \"ts\": 1783574007816,\n      \"kind\": \"event\",\n      \"method\": null,\n      \"event\": \"task\",\n      \"ok\": null,\n      \"data\": null\n    },\n    {\n      \"ts\": 1783574007816,\n      \"kind\": \"event\",\n      \"method\": null,\n      \"event\": \"task\",\n      \"ok\": null,\n      \"data\": null\n    },\n    {\n      \"ts\": 1783574007817,\n      \"kind\": \"event\",\n      \"method\": null,\n      \"event\": \"task\",\n      \"ok\": null,\n      \"data\": null\n    },\n    {\n      \"ts\": 1783574007817,\n      \"kind\": \"event\",\n      \"method\": null,\n      \"event\": \"task\",\n      \"ok\": null,\n      \"data\": null\n    },\n    {\n      \"ts\": 1783574007818,\n      \"kind\": \"event\",\n      \"method\": null,\n      \"event\": \"task\",\n      \"ok\": null,\n      \"data\": null\n    },\n    {\n      \"ts\": 1783574007818,\n      \"kind\": \"event\",\n      \"method\": null,\n      \"event\": \"task\",\n      \"ok\": null,\n      \"data\": null\n    },\n    {\n      \"ts\": 1783574007818,\n      \"kind\": \"event\",\n      \"method\": null,\n      \"event\": \"task\",\n      \"ok\": null,\n      \"data\": null\n    },\n    {\n      \"ts\": 1783574007819,\n      \"kind\": \"event\",\n      \"method\": null,\n      \"event\": \"task\",\n      \"ok\": null,\n      \"data\": null\n    },\n    {\n      \"ts\": 1783574007819,\n      \"kind\": \"event\",\n      \"method\": null,\n      \"event\": \"task\",\n      \"ok\": null,\n      \"data\": null\n    },\n    {\n      \"ts\": 1783574007819,\n      \"kind\": \"event\",\n      \"method\": null,\n      \"event\": \"task\",\n      \"ok\": null,\n      \"data\": null\n    },\n    {\n      \"ts\": 1783574007820,\n      \"kind\": \"event\",\n      \"method\": null,\n      \"event\": \"task\",\n      \"ok\": null,\n      \"data\": null\n    },\n    {\n      \"ts\": 1783574007820,\n      \"kind\": \"event\",\n      \"method\": null,\n      \"event\": \"task\",\n      \"ok\": null,\n      \"data\": null\n    },\n    {\n      \"ts\": 1783574007844,\n      \"kind\": \"event\",\n      \"method\": null,\n      \"event\": \"task\",\n      \"ok\": null,\n      \"data\": null\n    },\n    {\n      \"ts\": 1783574007845,\n      \"kind\": \"event\",\n      \"method\": null,\n      \"event\": \"task\",\n      \"ok\": null,\n      \"data\": null\n    },\n    {\n      \"ts\": 1783574007846,\n      \"kind\": \"event\",\n      \"method\": null,\n      \"event\": \"task\",\n      \"ok\": null,\n      \"data\": null\n    },\n    {\n      \"ts\": 1783574007846,\n      \"kind\": \"event\",\n      \"method\": null,\n      \"event\": \"task\",\n      \"ok\": null,\n      \"data\": null\n    },\n    {\n      \"ts\": 1783574007847,\n      \"kind\": \"event\",\n      \"method\": null,\n      \"event\": \"task\",\n      \"ok\": null,\n      \"data\": null\n    },\n    {\n      \"ts\": 1783574007847,\n      \"kind\": \"event\",\n      \"method\": null,\n      \"event\": \"task\",\n      \"ok\": null,\n      \"data\": null\n    },\n    {\n      \"ts\": 1783574007850,\n      \"kind\": \"event\",\n      \"method\": null,\n      \"event\": \"task\",\n      \"ok\": null,\n      \"data\": null\n    },\n    {\n      \"ts\": 1783574007851,\n      \"kind\": \"event\",\n      \"method\": null,\n      \"event\": \"task\",\n      \"ok\": null,\n      \"data\": null\n    },\n    {\n      \"ts\": 1783574007851,\n      \"kind\": \"event\",\n      \"method\": null,\n      \"event\": \"task\",\n      \"ok\": null,\n      \"data\": null\n    },\n    {\n      \"ts\": 1783574007851,\n      \"kind\": \"event\",\n      \"method\": null,\n      \"event\": \"task\",\n      \"ok\": null,\n      \"data\": null\n    },\n    {\n      \"ts\": 1783574007852,\n      \"kind\": \"event\",\n      \"method\": null,\n      \"event\": \"task\",\n      \"ok\": null,\n      \"data\": null\n    },\n    {\n      \"ts\": 1783574007852,\n      \"kind\": \"event\",\n      \"method\": null,\n      \"event\": \"task\",\n      \"ok\": null,\n      \"data\": null\n    },\n    {\n      \"ts\": 1783574007853,\n      \"kind\": \"event\",\n      \"method\": null,\n      \"event\": \"task\",\n      \"ok\": null,\n      \"data\": null\n    },\n    {\n      \"ts\": 1783574007853,\n      \"kind\": \"event\",\n      \"method\": null,\n      \"event\": \"task\",\n      \"ok\": null,\n      \"data\": null\n    },\n    {\n      \"ts\": 1783574007854,\n      \"kind\": \"event\",\n      \"method\": null,\n      \"event\": \"task\",\n      \"ok\": null,\n      \"data\": null\n    },\n    {\n      \"ts\": 1783574007854,\n      \"kind\": \"event\",\n      \"method\": null,\n      \"event\": \"task\",\n      \"ok\": null,\n      \"data\": null\n    },\n    {\n      \"ts\": 1783574007855,\n      \"kind\": \"event\",\n      \"method\": null,\n      \"event\": \"task\",\n      \"ok\": null,\n      \"data\": null\n    },\n    {\n      \"ts\": 1783574007855,\n      \"kind\": \"event\",\n      \"method\": null,\n      \"event\": \"task\",\n      \"ok\": null,\n      \"data\": null\n    },\n    {\n      \"ts\": 1783574007855,\n      \"kind\": \"event\",\n      \"method\": null,\n      \"event\": \"task\",\n      \"ok\": null,\n      \"data\": null\n    },\n    {\n      \"ts\": 1783574007856,\n      \"kind\": \"event\",\n      \"method\": null,\n      \"event\": \"task\",\n      \"ok\": null,\n      \"data\": null\n    },\n    {\n      \"ts\": 1783574007909,\n      \"kind\": \"event\",\n      \"method\": null,\n      \"event\": \"health\",\n      \"ok\": null,\n      \"data\": null\n    },\n    {\n      \"ts\": 1783574007964,\n      \"kind\": \"event\",\n      \"method\": null,\n      \"event\": \"health\",\n      \"ok\": null,\n      \"data\": null\n    },\n    {\n      \"ts\": 1783574008029,\n      \"kind\": \"event\",\n      \"method\": null,\n      \"event\": \"presence\",\n      \"ok\": null,\n      \"data\": null\n    },\n    {\n      \"ts\": 1783574008034,\n      \"kind\": \"event\",\n      \"method\": null,\n      \"event\": \"presence\",\n      \"ok\": null,\n      \"data\": null\n    },\n    {\n      \"ts\": 1783574008035,\n      \"kind\": \"event\",\n      \"method\": null,\n      \"event\": \"task\",\n      \"ok\": null,\n      \"data\": null\n    },\n    {\n      \"ts\": 1783574008035,\n      \"kind\": \"event\",\n      \"method\": null,\n      \"event\": \"task\",\n      \"ok\": null,\n      \"data\": null\n    },\n    {\n      \"ts\": 1783574008035,\n      \"kind\": \"event\",\n      \"method\": null,\n      \"event\": \"agent\",\n      \"ok\": null,\n      \"data\": null\n    },\n    {\n      \"ts\": 1783574008035,\n      \"kind\": \"event\",\n      \"method\": null,\n      \"event\": \"agent\",\n      \"ok\": null,\n      \"data\": null\n    },\n    {\n      \"ts\": 1783574008074,\n      \"kind\": \"event\",\n      \"method\": null,\n      \"event\": \"agent\",\n      \"ok\": null,\n      \"data\": null\n    },\n    {\n      \"ts\": 1783574008174,\n      \"kind\": \"event\",\n      \"method\": null,\n      \"event\": \"presence\",\n      \"ok\": null,\n      \"data\": null\n    },\n    {\n      \"ts\": 1783574008307,\n      \"kind\": \"event\",\n      \"method\": null,\n      \"event\": \"health\",\n      \"ok\": null,\n      \"data\": null\n    },\n    {\n      \"ts\": 1783574008541,\n      \"kind\": \"event\",\n      \"method\": null,\n      \"event\": \"presence\",\n      \"ok\": null,\n      \"data\": null\n    },\n    {\n      \"ts\": 1783574008661,\n      \"kind\": \"event\",\n      \"method\": null,\n      \"event\": \"health\",\n      \"ok\": null,\n      \"data\": null\n    },\n    {\n      \"ts\": 1783574008678,\n      \"kind\": \"event\",\n      \"method\": null,\n      \"event\": \"presence\",\n      \"ok\": null,\n      \"data\": null\n    },\n    {\n      \"ts\": 1783574008744,\n      \"kind\": \"event\",\n      \"method\": null,\n      \"event\": \"task\",\n      \"ok\": null,\n      \"data\": null\n    },\n    {\n      \"ts\": 1783574008744,\n      \"kind\": \"event\",\n      \"method\": null,\n      \"event\": \"task\",\n      \"ok\": null,\n      \"data\": null\n    },\n    {\n      \"ts\": 1783574008779,\n      \"kind\": \"event\",\n      \"method\": null,\n      \"event\": \"agent\",\n      \"ok\": null,\n      \"data\": null\n    },\n    {\n      \"ts\": 1783574008779,\n      \"kind\": \"event\",\n      \"method\": null,\n      \"event\": \"chat\",\n      \"ok\": null,\n      \"data\": null\n    },\n    {\n      \"ts\": 1783574008779,\n      \"kind\": \"event\",\n      \"method\": null,\n      \"event\": \"chat\",\n      \"ok\": null,\n      \"data\": null\n    },\n    {\n      \"ts\": 1783574008784,\n      \"kind\": \"event\",\n      \"method\": null,\n      \"event\": \"task\",\n      \"ok\": null,\n      \"data\": null\n    },\n    {\n      \"ts\": 1783574008834,\n      \"kind\": \"event\",\n      \"method\": null,\n      \"event\": \"presence\",\n      \"ok\": null,\n      \"data\": null\n    },\n    {\n      \"ts\": 1783574008949,\n      \"kind\": \"event\",\n      \"method\": null,\n      \"event\": \"health\",\n      \"ok\": null,\n      \"data\": null\n    },\n    {\n      \"ts\": 1783574008965,\n      \"kind\": \"event\",\n      \"method\": null,\n      \"event\": \"presence\",\n      \"ok\": null,\n      \"data\": null\n    },\n    {\n      \"ts\": 1783574009015,\n      \"kind\": \"event\",\n      \"method\": null,\n      \"event\": \"task\",\n      \"ok\": null,\n      \"data\": null\n    },\n    {\n      \"ts\": 1783574009057,\n      \"kind\": \"event\",\n      \"method\": null,\n      \"event\": \"task\",\n      \"ok\": null,\n      \"data\": null\n    },\n    {\n      \"ts\": 1783574009110,\n      \"kind\": \"event\",\n      \"method\": null,\n      \"event\": \"health\",\n      \"ok\": null,\n      \"data\": null\n    },\n    {\n      \"ts\": 1783574009117,\n      \"kind\": \"event\",\n      \"method\": null,\n      \"event\": \"presence\",\n      \"ok\": null,\n      \"data\": null\n    },\n    {\n      \"ts\": 1783574010172,\n      \"kind\": \"event\",\n      \"method\": null,\n      \"event\": \"health\",\n      \"ok\": null,\n      \"data\": null\n    },\n    {\n      \"ts\": 1783574010177,\n      \"kind\": \"event\",\n      \"method\": null,\n      \"event\": \"presence\",\n      \"ok\": null,\n      \"data\": null\n    },\n    {\n      \"ts\": 1783574011234,\n      \"kind\": \"event\",\n      \"method\": null,\n      \"event\": \"health\",\n      \"ok\": null,\n      \"data\": null\n    },\n    {\n      \"ts\": 1783574011243,\n      \"kind\": \"event\",\n      \"method\": null,\n      \"event\": \"presence\",\n      \"ok\": null,\n      \"data\": null\n    },\n    {\n      \"ts\": 1783574011560,\n      \"kind\": \"event\",\n      \"method\": null,\n      \"event\": \"health\",\n      \"ok\": null,\n      \"data\": null\n    },\n    {\n      \"ts\": 1783574011576,\n      \"kind\": \"event\",\n      \"method\": null,\n      \"event\": \"presence\",\n      \"ok\": null,\n      \"data\": null\n    },\n    {\n      \"ts\": 1783574011637,\n      \"kind\": \"event\",\n      \"method\": null,\n      \"event\": \"health\",\n      \"ok\": null,\n      \"data\": null\n    },\n    {\n      \"ts\": 1783574011675,\n      \"kind\": \"event\",\n      \"method\": null,\n      \"event\": \"presence\",\n      \"ok\": null,\n      \"data\": null\n    },\n    {\n      \"ts\": 1783574011764,\n      \"kind\": \"event\",\n      \"method\": null,\n      \"event\": \"health\",\n      \"ok\": null,\n      \"data\": null\n    },\n    {\n      \"ts\": 1783574011773,\n      \"kind\": \"event\",\n      \"method\": null,\n      \"event\": \"presence\",\n      \"ok\": null,\n      \"data\": null\n    },\n    {\n      \"ts\": 1783574012310,\n      \"kind\": \"event\",\n      \"method\": null,\n      \"event\": \"health\",\n      \"ok\": null,\n      \"data\": null\n    },\n    {\n      \"ts\": 1783574012350,\n      \"kind\": \"event\",\n      \"method\": null,\n      \"event\": \"presence\",\n      \"ok\": null,\n      \"data\": null\n    },\n    {\n      \"ts\": 1783574013082,\n      \"kind\": \"event\",\n      \"method\": null,\n      \"event\": \"agent\",\n      \"ok\": null,\n      \"data\": null\n    },\n    {\n      \"ts\": 1783574013083,\n      \"kind\": \"event\",\n      \"method\": null,\n      \"event\": \"chat\",\n      \"ok\": null,\n      \"data\": null\n    },\n    {\n      \"ts\": 1783574013452,\n      \"kind\": \"event\",\n      \"method\": null,\n      \"event\": \"agent\",\n      \"ok\": null,\n      \"data\": null\n    },\n    {\n      \"ts\": 1783574013469,\n      \"kind\": \"event\",\n      \"method\": null,\n      \"event\": \"agent\",\n      \"ok\": null,\n      \"data\": null\n    },\n    {\n      \"ts\": 1783574013520,\n      \"kind\": \"event\",\n      \"method\": null,\n      \"event\": \"session.message\",\n      \"ok\": null,\n      \"data\": null\n    },\n    {\n      \"ts\": 1783574013599,\n      \"kind\": \"event\",\n      \"method\": null,\n      \"event\": \"health\",\n      \"ok\": null,\n      \"data\": null\n    },\n    {\n      \"ts\": 1783574013661,\n      \"kind\": \"event\",\n      \"method\": null,\n      \"event\": \"presence\",\n      \"ok\": null,\n      \"data\": null\n    },\n    {\n      \"ts\": 1783574014737,\n      \"kind\": \"event\",\n      \"method\": null,\n      \"event\": \"health\",\n      \"ok\": null,\n      \"data\": null\n    },\n    {\n      \"ts\": 1783574014744,\n      \"kind\": \"event\",\n      \"method\": null,\n      \"event\": \"presence\",\n      \"ok\": null,\n      \"data\": null\n    },\n    {\n      \"ts\": 1783574015822,\n      \"kind\": \"event\",\n      \"method\": null,\n      \"event\": \"health\",\n      \"ok\": null,\n      \"data\": null\n    },\n    {\n      \"ts\": 1783574015838,\n      \"kind\": \"event\",\n      \"method\": null,\n      \"event\": \"agent\",\n      \"ok\": null,\n      \"data\": null\n    },\n    {\n      \"ts\": 1783574015841,\n      \"kind\": \"event\",\n      \"method\": null,\n      \"event\": \"presence\",\n      \"ok\": null,\n      \"data\": null\n    },\n    {\n      \"ts\": 1783574017271,\n      \"kind\": \"event\",\n      \"method\": null,\n      \"event\": \"health\",\n      \"ok\": null,\n      \"data\": null\n    },\n    {\n      \"ts\": 1783574017323,\n      \"kind\": \"event\",\n      \"method\": null,\n      \"event\": \"health\",\n      \"ok\": null,\n      \"data\": null\n    },\n    {\n      \"ts\": 1783574017347,\n      \"kind\": \"event\",\n      \"method\": null,\n      \"event\": \"presence\",\n      \"ok\": null,\n      \"data\": null\n    },\n    {\n      \"ts\": 1783574017355,\n      \"kind\": \"event\",\n      \"method\": null,\n      \"event\": \"presence\",\n      \"ok\": null,\n      \"data\": null\n    },\n    {\n      \"ts\": 1783574017385,\n      \"kind\": \"event\",\n      \"method\": null,\n      \"event\": \"agent\",\n      \"ok\": null,\n      \"data\": null\n    },\n    {\n      \"ts\": 1783574017477,\n      \"kind\": \"event\",\n      \"method\": null,\n      \"event\": \"session.message\",\n      \"ok\": null,\n      \"data\": null\n    },\n    {\n      \"ts\": 1783574017491,\n      \"kind\": \"event\",\n      \"method\": null,\n      \"event\": \"agent\",\n      \"ok\": null,\n      \"data\": null\n    },\n    {\n      \"ts\": 1783574017529,\n      \"kind\": \"event\",\n      \"method\": null,\n      \"event\": \"agent\",\n      \"ok\": null,\n      \"data\": null\n    },\n    {\n      \"ts\": 1783574017963,\n      \"kind\": \"event\",\n      \"method\": null,\n      \"event\": \"health\",\n      \"ok\": null,\n      \"data\": null\n    },\n    {\n      \"ts\": 1783574018009,\n      \"kind\": \"event\",\n      \"method\": null,\n      \"event\": \"tick\",\n      \"ok\": null,\n      \"data\": null\n    },\n    {\n      \"ts\": 1783574018396,\n      \"kind\": \"event\",\n      \"method\": null,\n      \"event\": \"health\",\n      \"ok\": null,\n      \"data\": null\n    },\n    {\n      \"ts\": 1783574018403,\n      \"kind\": \"event\",\n      \"method\": null,\n      \"event\": \"presence\",\n      \"ok\": null,\n      \"data\": null\n    },\n    {\n      \"ts\": 1783574019457,\n      \"kind\": \"event\",\n      \"method\": null,\n      \"event\": \"health\",\n      \"ok\": null,\n      \"data\": null\n    },\n    {\n      \"ts\": 1783574019461,\n      \"kind\": \"event\",\n      \"method\": null,\n      \"event\": \"presence\",\n      \"ok\": null,\n      \"data\": null\n    },\n    {\n      \"ts\": 1783574020366,\n      \"kind\": \"event\",\n      \"method\": null,\n      \"event\": \"agent\",\n      \"ok\": null,\n      \"data\": null\n    },\n    {\n      \"ts\": 1783574020366,\n      \"kind\": \"event\",\n      \"method\": null,\n      \"event\": \"chat\",\n      \"ok\": null,\n      \"data\": null\n    },\n    {\n      \"ts\": 1783574020532,\n      \"kind\": \"event\",\n      \"method\": null,\n      \"event\": \"health\",\n      \"ok\": null,\n      \"data\": null\n    },\n    {\n      \"ts\": 1783574020593,\n      \"kind\": \"event\",\n      \"method\": null,\n      \"event\": \"presence\",\n      \"ok\": null,\n      \"data\": null\n    },\n    {\n      \"ts\": 1783574020708,\n      \"kind\": \"event\",\n      \"method\": null,\n      \"event\": \"agent\",\n      \"ok\": null,\n      \"data\": null\n    },\n    {\n      \"ts\": 1783574020738,\n      \"kind\": \"event\",\n      \"method\": null,\n      \"event\": \"agent\",\n      \"ok\": null,\n      \"data\": null\n    },\n    {\n      \"ts\": 1783574020826,\n      \"kind\": \"event\",\n      \"method\": null,\n      \"event\": \"agent\",\n      \"ok\": null,\n      \"data\": null\n    },\n    {\n      \"ts\": 1783574020826,\n      \"kind\": \"event\",\n      \"method\": null,\n      \"event\": \"chat\",\n      \"ok\": null,\n      \"data\": null\n    },\n    {\n      \"ts\": 1783574020923,\n      \"kind\": \"event\",\n      \"method\": null,\n      \"event\": \"session.message\",\n      \"ok\": null,\n      \"data\": null\n    }\n  ],\n  \"ended\": \"2026-07-09T05:13:40.923Z\",\n  \"duration_ms\": 30675\n}" source=console
project81 k6 proof on ronan	Run Project 81 k6 proof wrapper	2026-07-09T05:13:40.9408648Z time="2026-07-08T22:13:40-07:00" level=info msg="--- END EVIDENCE ---" source=console
project81 k6 proof on ronan	Run Project 81 k6 proof wrapper	2026-07-09T05:13:40.9409275Z time="2026-07-08T22:13:40-07:00" level=info msg="\n[R-CD-1] VERDICT: PASS-candidate" source=console
project81 k6 proof on ronan	Run Project 81 k6 proof wrapper	2026-07-09T05:13:40.9409666Z 
project81 k6 proof on ronan	Run Project 81 k6 proof wrapper	2026-07-09T05:13:40.9409933Z [R-CD-1] Summary: PASS-candidate | SHA: 5292af40d0ad5303b85a678f6e629503a8725848 | Seat: ronan
project81 k6 proof on ronan	Run Project 81 k6 proof wrapper	2026-07-09T05:13:40.9410310Z 
project81 k6 proof on ronan	Run Project 81 k6 proof wrapper	2026-07-09T05:13:40.9410481Z running (0m30.7s), 0/1 VUs, 1 complete and 0 interrupted iterations
project81 k6 proof on ronan	Run Project 81 k6 proof wrapper	2026-07-09T05:13:40.9411228Z r_cd_1_typed_delegate ✓ [ 100% ] 1 VUs  0m30.7s/2m30s  1/1 shared iters
project81 k6 proof on ronan	Run Project 81 k6 proof wrapper	2026-07-09T05:13:41.0212402Z ./r-cd-1-typed-delegate-summary.json
project81 k6 proof on ronan	Run Project 81 k6 proof wrapper	2026-07-09T05:13:41.1257442Z [R-CD-1] METRICS: /home/figs/actions-runner/_work/openclaw-bootstrap/openclaw-bootstrap/openclaw-bootstrap/PROOFS/ee9295cc6bb4fb27b135c3c21252ef9e815e2766/project81-k6/20260709T051307Z-ronan-dgx-4013874/5292af40d0ad5303b85a678f6e629503a8725848/R-CD-1/ronan/20260709T051310Z-r-cd-1/openclaw-proofs-k6.prom
project81 k6 proof on ronan	Run Project 81 k6 proof wrapper	2026-07-09T05:13:41.1270619Z [R-CD-1] ARTIFACTS: /home/figs/actions-runner/_work/openclaw-bootstrap/openclaw-bootstrap/openclaw-bootstrap/PROOFS/ee9295cc6bb4fb27b135c3c21252ef9e815e2766/project81-k6/20260709T051307Z-ronan-dgx-4013874/5292af40d0ad5303b85a678f6e629503a8725848/R-CD-1/ronan/20260709T051310Z-r-cd-1
project81 k6 proof on ronan	Run Project 81 k6 proof wrapper	2026-07-09T05:13:41.1271915Z [R-CD-1] COMPLETED.
project81 k6 proof on ronan	Run Project 81 k6 proof wrapper	2026-07-09T05:13:41.1272336Z Observability check: query Grafana for run/nonce or review Tempo traces if trace ID was emitted.
project81 k6 proof on ronan	Run Project 81 k6 proof wrapper	2026-07-09T05:13:41.1425689Z 
project81 k6 proof on ronan	Run Project 81 k6 proof wrapper	2026-07-09T05:13:41.1426162Z ----------------------------------------
project81 k6 proof on ronan	Run Project 81 k6 proof wrapper	2026-07-09T05:13:41.1426565Z Row: R-CD-2
project81 k6 proof on ronan	Run Project 81 k6 proof wrapper	2026-07-09T05:13:41.1427191Z Manifest: /home/figs/actions-runner/_work/openclaw-bootstrap/openclaw-bootstrap/karmaterminal-openclaw-docs/tools/k6-proofs/manifests/r-cd-2.json
project81 k6 proof on ronan	Run Project 81 k6 proof wrapper	2026-07-09T05:13:41.1427906Z Scenario: scenarios/r-cd-2-silent-wake.js
project81 k6 proof on ronan	Run Project 81 k6 proof wrapper	2026-07-09T05:13:41.1428173Z Status: runnable
project81 k6 proof on ronan	Run Project 81 k6 proof wrapper	2026-07-09T05:13:41.1428366Z Live Safety: k6-runnable
project81 k6 proof on ronan	Run Project 81 k6 proof wrapper	2026-07-09T05:13:41.1428576Z [R-CD-2] RUNNING...
project81 k6 proof on ronan	Run Project 81 k6 proof wrapper	2026-07-09T05:13:41.1707821Z 
project81 k6 proof on ronan	Run Project 81 k6 proof wrapper	2026-07-09T05:13:41.1708423Z          /\      Grafana   /‾‾/  
project81 k6 proof on ronan	Run Project 81 k6 proof wrapper	2026-07-09T05:13:41.1708726Z     /\  /  \     |\  __   /  /   
project81 k6 proof on ronan	Run Project 81 k6 proof wrapper	2026-07-09T05:13:41.1708999Z    /  \/    \    | |/ /  /   ‾‾\ 
project81 k6 proof on ronan	Run Project 81 k6 proof wrapper	2026-07-09T05:13:41.1710010Z   /          \   |   (  |  (‾)  |
project81 k6 proof on ronan	Run Project 81 k6 proof wrapper	2026-07-09T05:13:41.1710241Z  / __________ \  |_|\_\  \_____/ 
project81 k6 proof on ronan	Run Project 81 k6 proof wrapper	2026-07-09T05:13:41.1710394Z 
project81 k6 proof on ronan	Run Project 81 k6 proof wrapper	2026-07-09T05:13:41.1710568Z 
project81 k6 proof on ronan	Run Project 81 k6 proof wrapper	2026-07-09T05:13:41.1710657Z      execution: local
project81 k6 proof on ronan	Run Project 81 k6 proof wrapper	2026-07-09T05:13:41.1710900Z         script: scenarios/r-cd-2-silent-wake.js
project81 k6 proof on ronan	Run Project 81 k6 proof wrapper	2026-07-09T05:13:41.1724906Z         output: -
project81 k6 proof on ronan	Run Project 81 k6 proof wrapper	2026-07-09T05:13:41.1725063Z 
project81 k6 proof on ronan	Run Project 81 k6 proof wrapper	2026-07-09T05:13:41.1725303Z      scenarios: (100.00%) 1 scenario, 1 max VUs, 2m30s max duration (incl. graceful stop):
project81 k6 proof on ronan	Run Project 81 k6 proof wrapper	2026-07-09T05:13:41.1725922Z               * r_cd_2_silent_wake: 1 iterations shared among 1 VUs (maxDuration: 2m0s, gracefulStop: 30s)
project81 k6 proof on ronan	Run Project 81 k6 proof wrapper	2026-07-09T05:13:41.1726306Z 
project81 k6 proof on ronan	Run Project 81 k6 proof wrapper	2026-07-09T05:13:41.5844653Z time="2026-07-08T22:13:41-07:00" level=info msg="✓ disposable session created: agent:main:r-cd-2-r-cd-2-1783574021171-4ddjp0uy" source=console
project81 k6 proof on ronan	Run Project 81 k6 proof wrapper	2026-07-09T05:13:42.1225268Z time="2026-07-08T22:13:42-07:00" level=info msg="✓ sessions.send accepted — agent turn triggered for R-CD-2 (mode=silent-wake)" source=console
project81 k6 proof on ronan	Run Project 81 k6 proof wrapper	2026-07-09T05:13:42.1722992Z 
project81 k6 proof on ronan	Run Project 81 k6 proof wrapper	2026-07-09T05:13:42.1724372Z running (0m01.0s), 1/1 VUs, 0 complete and 0 interrupted iterations
project81 k6 proof on ronan	Run Project 81 k6 proof wrapper	2026-07-09T05:13:42.1724662Z r_cd_2_silent_wake   [   0% ] 1 VUs  0m01.0s/2m0s  0/1 shared iters
project81 k6 proof on ronan	Run Project 81 k6 proof wrapper	2026-07-09T05:13:43.1715084Z 
project81 k6 proof on ronan	Run Project 81 k6 proof wrapper	2026-07-09T05:13:43.1715536Z running (0m02.0s), 1/1 VUs, 0 complete and 0 interrupted iterations
project81 k6 proof on ronan	Run Project 81 k6 proof wrapper	2026-07-09T05:13:43.1716012Z r_cd_2_silent_wake   [   0% ] 1 VUs  0m02.0s/2m0s  0/1 shared iters
project81 k6 proof on ronan	Run Project 81 k6 proof wrapper	2026-07-09T05:13:44.1721305Z 
project81 k6 proof on ronan	Run Project 81 k6 proof wrapper	2026-07-09T05:13:44.1722652Z running (0m03.0s), 1/1 VUs, 0 complete and 0 interrupted iterations
project81 k6 proof on ronan	Run Project 81 k6 proof wrapper	2026-07-09T05:13:44.1723118Z r_cd_2_silent_wake   [   0% ] 1 VUs  0m03.0s/2m0s  0/1 shared iters
project81 k6 proof on ronan	Run Project 81 k6 proof wrapper	2026-07-09T05:13:45.1721940Z 
project81 k6 proof on ronan	Run Project 81 k6 proof wrapper	2026-07-09T05:13:45.1723692Z running (0m04.0s), 1/1 VUs, 0 complete and 0 interrupted iterations
project81 k6 proof on ronan	Run Project 81 k6 proof wrapper	2026-07-09T05:13:45.1724164Z r_cd_2_silent_wake   [   0% ] 1 VUs  0m04.0s/2m0s  0/1 shared iters
project81 k6 proof on ronan	Run Project 81 k6 proof wrapper	2026-07-09T05:13:46.1716019Z 
project81 k6 proof on ronan	Run Project 81 k6 proof wrapper	2026-07-09T05:13:46.1716577Z running (0m05.0s), 1/1 VUs, 0 complete and 0 interrupted iterations
project81 k6 proof on ronan	Run Project 81 k6 proof wrapper	2026-07-09T05:13:46.1717092Z r_cd_2_silent_wake   [   0% ] 1 VUs  0m05.0s/2m0s  0/1 shared iters
project81 k6 proof on ronan	Run Project 81 k6 proof wrapper	2026-07-09T05:13:47.1718250Z 
project81 k6 proof on ronan	Run Project 81 k6 proof wrapper	2026-07-09T05:13:47.1718698Z running (0m06.0s), 1/1 VUs, 0 complete and 0 interrupted iterations
project81 k6 proof on ronan	Run Project 81 k6 proof wrapper	2026-07-09T05:13:47.1719202Z r_cd_2_silent_wake   [   0% ] 1 VUs  0m06.0s/2m0s  0/1 shared iters
project81 k6 proof on ronan	Run Project 81 k6 proof wrapper	2026-07-09T05:13:48.1723899Z 
project81 k6 proof on ronan	Run Project 81 k6 proof wrapper	2026-07-09T05:13:48.1725409Z running (0m07.0s), 1/1 VUs, 0 complete and 0 interrupted iterations
project81 k6 proof on ronan	Run Project 81 k6 proof wrapper	2026-07-09T05:13:48.1725888Z r_cd_2_silent_wake   [   0% ] 1 VUs  0m07.0s/2m0s  0/1 shared iters
project81 k6 proof on ronan	Run Project 81 k6 proof wrapper	2026-07-09T05:13:49.1723120Z 
project81 k6 proof on ronan	Run Project 81 k6 proof wrapper	2026-07-09T05:13:49.1724537Z running (0m08.0s), 1/1 VUs, 0 complete and 0 interrupted iterations
project81 k6 proof on ronan	Run Project 81 k6 proof wrapper	2026-07-09T05:13:49.1725014Z r_cd_2_silent_wake   [   0% ] 1 VUs  0m08.0s/2m0s  0/1 shared iters
project81 k6 proof on ronan	Run Project 81 k6 proof wrapper	2026-07-09T05:13:50.1719506Z 
project81 k6 proof on ronan	Run Project 81 k6 proof wrapper	2026-07-09T05:13:50.1720876Z running (0m09.0s), 1/1 VUs, 0 complete and 0 interrupted iterations
project81 k6 proof on ronan	Run Project 81 k6 proof wrapper	2026-07-09T05:13:50.1721349Z r_cd_2_silent_wake   [   0% ] 1 VUs  0m09.0s/2m0s  0/1 shared iters
project81 k6 proof on ronan	Run Project 81 k6 proof wrapper	2026-07-09T05:13:51.1720665Z 
project81 k6 proof on ronan	Run Project 81 k6 proof wrapper	2026-07-09T05:13:51.1722146Z running (0m10.0s), 1/1 VUs, 0 complete and 0 interrupted iterations
project81 k6 proof on ronan	Run Project 81 k6 proof wrapper	2026-07-09T05:13:51.1722624Z r_cd_2_silent_wake   [   0% ] 1 VUs  0m10.0s/2m0s  0/1 shared iters
project81 k6 proof on ronan	Run Project 81 k6 proof wrapper	2026-07-09T05:13:52.1722925Z 
project81 k6 proof on ronan	Run Project 81 k6 proof wrapper	2026-07-09T05:13:52.1724327Z running (0m11.0s), 1/1 VUs, 0 complete and 0 interrupted iterations
project81 k6 proof on ronan	Run Project 81 k6 proof wrapper	2026-07-09T05:13:52.1724802Z r_cd_2_silent_wake   [   0% ] 1 VUs  0m11.0s/2m0s  0/1 shared iters
project81 k6 proof on ronan	Run Project 81 k6 proof wrapper	2026-07-09T05:13:53.1717530Z 
project81 k6 proof on ronan	Run Project 81 k6 proof wrapper	2026-07-09T05:13:53.1719119Z running (0m12.0s), 1/1 VUs, 0 complete and 0 interrupted iterations
project81 k6 proof on ronan	Run Project 81 k6 proof wrapper	2026-07-09T05:13:53.1719677Z r_cd_2_silent_wake   [   0% ] 1 VUs  0m12.0s/2m0s  0/1 shared iters
project81 k6 proof on ronan	Run Project 81 k6 proof wrapper	2026-07-09T05:13:54.1718672Z 
project81 k6 proof on ronan	Run Project 81 k6 proof wrapper	2026-07-09T05:13:54.1719150Z running (0m13.0s), 1/1 VUs, 0 complete and 0 interrupted iterations
project81 k6 proof on ronan	Run Project 81 k6 proof wrapper	2026-07-09T05:13:54.1719615Z r_cd_2_silent_wake   [   0% ] 1 VUs  0m13.0s/2m0s  0/1 shared iters
project81 k6 proof on ronan	Run Project 81 k6 proof wrapper	2026-07-09T05:13:55.1711819Z 
project81 k6 proof on ronan	Run Project 81 k6 proof wrapper	2026-07-09T05:13:55.1712266Z running (0m14.0s), 1/1 VUs, 0 complete and 0 interrupted iterations
project81 k6 proof on ronan	Run Project 81 k6 proof wrapper	2026-07-09T05:13:55.1712730Z r_cd_2_silent_wake   [   0% ] 1 VUs  0m14.0s/2m0s  0/1 shared iters
project81 k6 proof on ronan	Run Project 81 k6 proof wrapper	2026-07-09T05:13:56.1725221Z 
project81 k6 proof on ronan	Run Project 81 k6 proof wrapper	2026-07-09T05:13:56.1726943Z running (0m15.0s), 1/1 VUs, 0 complete and 0 interrupted iterations
project81 k6 proof on ronan	Run Project 81 k6 proof wrapper	2026-07-09T05:13:56.1728252Z r_cd_2_silent_wake   [   0% ] 1 VUs  0m15.0s/2m0s  0/1 shared iters
project81 k6 proof on ronan	Run Project 81 k6 proof wrapper	2026-07-09T05:13:57.1723402Z 
project81 k6 proof on ronan	Run Project 81 k6 proof wrapper	2026-07-09T05:13:57.1729333Z running (0m16.0s), 1/1 VUs, 0 complete and 0 interrupted iterations
project81 k6 proof on ronan	Run Project 81 k6 proof wrapper	2026-07-09T05:13:57.1735453Z r_cd_2_silent_wake   [   0% ] 1 VUs  0m16.0s/2m0s  0/1 shared iters
project81 k6 proof on ronan	Run Project 81 k6 proof wrapper	2026-07-09T05:13:58.1723858Z 
project81 k6 proof on ronan	Run Project 81 k6 proof wrapper	2026-07-09T05:13:58.1725310Z running (0m17.0s), 1/1 VUs, 0 complete and 0 interrupted iterations
project81 k6 proof on ronan	Run Project 81 k6 proof wrapper	2026-07-09T05:13:58.1725855Z r_cd_2_silent_wake   [   0% ] 1 VUs  0m17.0s/2m0s  0/1 shared iters
project81 k6 proof on ronan	Run Project 81 k6 proof wrapper	2026-07-09T05:13:59.1718137Z 
project81 k6 proof on ronan	Run Project 81 k6 proof wrapper	2026-07-09T05:13:59.1719676Z running (0m18.0s), 1/1 VUs, 0 complete and 0 interrupted iterations
project81 k6 proof on ronan	Run Project 81 k6 proof wrapper	2026-07-09T05:13:59.1720146Z r_cd_2_silent_wake   [   0% ] 1 VUs  0m18.0s/2m0s  0/1 shared iters
project81 k6 proof on ronan	Run Project 81 k6 proof wrapper	2026-07-09T05:14:00.0535968Z time="2026-07-08T22:14:00-07:00" level=info msg="✓ delayed session.message event observed (silent-wake return candidate)" source=console
project81 k6 proof on ronan	Run Project 81 k6 proof wrapper	2026-07-09T05:14:00.0537328Z time="2026-07-08T22:14:00-07:00" level=info msg="ℹ dispatch instruction channel event observed (not delegate return)" source=console
project81 k6 proof on ronan	Run Project 81 k6 proof wrapper	2026-07-09T05:14:00.0538166Z time="2026-07-08T22:14:00-07:00" level=info msg="Primary silent-wake evidence gathered, closing early" source=console
project81 k6 proof on ronan	Run Project 81 k6 proof wrapper	2026-07-09T05:14:00.0566770Z time="2026-07-08T22:14:00-07:00" level=info msg="R_CD_2_EVIDENCE {\"row\":\"R-CD-2\",\"manifest_loaded\":true,\"nonce\":\"R-CD-2-1783574021171-4ddjp0uy\",\"seat\":\"ronan\",\"sessionKey\":\"agent:main:r-cd-2-r-cd-2-1783574021171-4ddjp0uy\",\"requestedSessionKey\":\"p81-5292-ronan-live\",\"session_created\":true,\"created_session_key\":\"agent:main:r-cd-2-r-cd-2-1783574021171-4ddjp0uy\",\"candidateSha\":\"5292af40d0ad5303b85a678f6e629503a8725848\",\"started\":\"2026-07-09T05:13:41.171Z\",\"tool_accepted\":true,\"task_created\":false,\"task_mode\":null,\"agent_turn_observed\":true,\"parent_wake_observed\":true,\"dispatch_channel_message_observed\":true,\"channel_message_observed\":false,\"dispatch_accepted_at_ms\":1783574022121,\"wake_gate_ms\":5000,\"child_session\":null,\"trace_id\":null,\"redacted_events\":[{\"ts\":1783574021188,\"kind\":\"event\",\"method\":null,\"event\":\"connect.challenge\",\"ok\":null,\"data\":null},{\"ts\":1783574021193,\"kind\":\"other\",\"method\":null,\"event\":null,\"ok\":null,\"data\":null},{\"ts\":1783574021309,\"kind\":\"event\",\"method\":null,\"event\":\"health\",\"ok\":null,\"data\":null},{\"ts\":1783574021583,\"kind\":\"response\",\"method\":\"sessions.create\",\"event\":null,\"ok\":true,\"data\":{\"ok\":true}},{\"ts\":1783574021621,\"kind\":\"response\",\"method\":\"sessions.messages.subscribe\",\"event\":null,\"ok\":true,\"data\":{}},{\"ts\":1783574021667,\"kind\":\"event\",\"method\":null,\"event\":\"health\",\"ok\":null,\"data\":null},{\"ts\":1783574021686,\"kind\":\"event\",\"method\":null,\"event\":\"presence\",\"ok\":null,\"data\":null},{\"ts\":1783574022121,\"kind\":\"response\",\"method\":\"sessions.send\",\"event\":null,\"ok\":true,\"data\":{\"runId\":\"R-CD-2-R-CD-2-1783574021171-4ddjp0uy\",\"status\":\"started\"}},{\"ts\":1783574022810,\"kind\":\"event\",\"method\":null,\"event\":\"health\",\"ok\":null,\"data\":null},{\"ts\":1783574022865,\"kind\":\"event\",\"method\":null,\"event\":\"presence\",\"ok\":null,\"data\":null},{\"ts\":1783574023188,\"kind\":\"event\",\"method\":null,\"event\":\"task\",\"ok\":null,\"data\":null},{\"ts\":1783574023188,\"kind\":\"event\",\"method\":null,\"event\":\"task\",\"ok\":null,\"data\":null},{\"ts\":1783574023243,\"kind\":\"event\",\"method\":null,\"event\":\"task\",\"ok\":null,\"data\":null},{\"ts\":1783574023455,\"kind\":\"event\",\"method\":null,\"event\":\"health\",\"ok\":null,\"data\":null},{\"ts\":1783574023803,\"kind\":\"event\",\"method\":null,\"event\":\"agent\",\"ok\":null,\"data\":null},{\"ts\":1783574023939,\"kind\":\"event\",\"method\":null,\"event\":\"health\",\"ok\":null,\"data\":null},{\"ts\":1783574023945,\"kind\":\"event\",\"method\":null,\"event\":\"presence\",\"ok\":null,\"data\":null},{\"ts\":1783574025176,\"kind\":\"event\",\"method\":null,\"event\":\"health\",\"ok\":null,\"data\":null},{\"ts\":1783574025228,\"kind\":\"event\",\"method\":null,\"event\":\"health\",\"ok\":null,\"data\":null},{\"ts\":1783574025249,\"kind\":\"event\",\"method\":null,\"event\":\"presence\",\"ok\":null,\"data\":null},{\"ts\":1783574025694,\"kind\":\"event\",\"method\":null,\"event\":\"presence\",\"ok\":null,\"data\":null},{\"ts\":1783574025727,\"kind\":\"event\",\"method\":null,\"event\":\"agent\",\"ok\":null,\"data\":null},{\"ts\":1783574026327,\"kind\":\"event\",\"method\":null,\"event\":\"health\",\"ok\":null,\"data\":null},{\"ts\":1783574026332,\"kind\":\"event\",\"method\":null,\"event\":\"presence\",\"ok\":null,\"data\":null},{\"ts\":1783574026591,\"kind\":\"response\",\"method\":\"tasks.list\",\"event\":null,\"ok\":true,\"data\":{}},{\"ts\":1783574026637,\"kind\":\"event\",\"method\":null,\"event\":\"agent\",\"ok\":null,\"data\":null},{\"ts\":1783574026637,\"kind\":\"event\",\"method\":null,\"event\":\"chat\",\"ok\":null,\"data\":null},{\"ts\":1783574026738,\"kind\":\"event\",\"method\":null,\"event\":\"presence\",\"ok\":null,\"data\":null},{\"ts\":1783574026740,\"kind\":\"event\",\"method\":null,\"event\":\"agent\",\"ok\":null,\"data\":null},{\"ts\":1783574026740,\"kind\":\"event\",\"method\":null,\"event\":\"agent\",\"ok\":null,\"data\":null},{\"ts\":1783574026850,\"kind\":\"event\",\"method\":null,\"event\":\"agent\",\"ok\":null,\"data\":null},{\"ts\":1783574026850,\"kind\":\"event\",\"method\":null,\"event\":\"chat\",\"ok\":null,\"data\":null},{\"ts\":1783574026850,\"kind\":\"event\",\"method\":null,\"event\":\"chat\",\"ok\":null,\"data\":null},{\"ts\":1783574027421,\"kind\":\"event\",\"method\":null,\"event\":\"health\",\"ok\":null,\"data\":null},{\"ts\":1783574027428,\"kind\":\"event\",\"method\":null,\"event\":\"presence\",\"ok\":null,\"data\":null},{\"ts\":1783574027793,\"kind\":\"event\",\"method\":null,\"event\":\"health\",\"ok\":null,\"data\":null},{\"ts\":1783574027803,\"kind\":\"event\",\"method\":null,\"event\":\"presence\",\"ok\":null,\"data\":null},{\"ts\":1783574027870,\"kind\":\"event\",\"method\":null,\"event\":\"health\",\"ok\":null,\"data\":null},{\"ts\":1783574027905,\"kind\":\"event\",\"method\":null,\"event\":\"presence\",\"ok\":null,\"data\":null},{\"ts\":1783574027984,\"kind\":\"event\",\"method\":null,\"event\":\"health\",\"ok\":null,\"data\":null},{\"ts\":1783574028041,\"kind\":\"event\",\"method\":null,\"event\":\"health\",\"ok\":null,\"data\":null},{\"ts\":1783574028045,\"kind\":\"event\",\"method\":null,\"event\":\"presence\",\"ok\":null,\"data\":null},{\"ts\":1783574028494,\"kind\":\"event\",\"method\":null,\"event\":\"health\",\"ok\":null,\"data\":null},{\"ts\":1783574028520,\"kind\":\"event\",\"method\":null,\"event\":\"presence\",\"ok\":null,\"data\":null},{\"ts\":1783574029351,\"kind\":\"event\",\"method\":null,\"event\":\"agent\",\"ok\":null,\"data\":null},{\"ts\":1783574029351,\"kind\":\"event\",\"method\":null,\"event\":\"chat\",\"ok\":null,\"data\":null},{\"ts\":1783574029617,\"kind\":\"event\",\"method\":null,\"event\":\"health\",\"ok\":null,\"data\":null},{\"ts\":1783574029668,\"kind\":\"event\",\"method\":null,\"event\":\"presence\",\"ok\":null,\"data\":null},{\"ts\":1783574029733,\"kind\":\"event\",\"method\":null,\"event\":\"agent\",\"ok\":null,\"data\":null},{\"ts\":1783574029824,\"kind\":\"event\",\"method\":null,\"event\":\"agent\",\"ok\":null,\"data\":null},{\"ts\":1783574030769,\"kind\":\"event\",\"method\":null,\"event\":\"health\",\"ok\":null,\"data\":null},{\"ts\":1783574030774,\"kind\":\"event\",\"method\":null,\"event\":\"presence\",\"ok\":null,\"data\":null},{\"ts\":1783574031855,\"kind\":\"event\",\"method\":null,\"event\":\"health\",\"ok\":null,\"data\":null},{\"ts\":1783574031860,\"kind\":\"event\",\"method\":null,\"event\":\"presence\",\"ok\":null,\"data\":null},{\"ts\":1783574032953,\"kind\":\"event\",\"method\":null,\"event\":\"health\",\"ok\":null,\"data\":null},{\"ts\":1783574032968,\"kind\":\"event\",\"method\":null,\"event\":\"agent\",\"ok\":null,\"data\":null},{\"ts\":1783574032973,\"kind\":\"event\",\"method\":null,\"event\":\"presence\",\"ok\":null,\"data\":null},{\"ts\":1783574034054,\"kind\":\"event\",\"method\":null,\"event\":\"health\",\"ok\":null,\"data\":null},{\"ts\":1783574034060,\"kind\":\"event\",\"method\":null,\"event\":\"presence\",\"ok\":null,\"data\":null},{\"ts\":1783574035226,\"kind\":\"event\",\"method\":null,\"event\":\"health\",\"ok\":null,\"data\":null},{\"ts\":1783574035437,\"kind\":\"event\",\"method\":null,\"event\":\"health\",\"ok\":null,\"data\":null},{\"ts\":1783574035457,\"kind\":\"event\",\"method\":null,\"event\":\"presence\",\"ok\":null,\"data\":null},{\"ts\":1783574035462,\"kind\":\"event\",\"method\":null,\"event\":\"presence\",\"ok\":null,\"data\":null},{\"ts\":1783574035497,\"kind\":\"event\",\"method\":null,\"event\":\"agent\",\"ok\":null,\"data\":null},{\"ts\":1783574036520,\"kind\":\"event\",\"method\":null,\"event\":\"health\",\"ok\":null,\"data\":null},{\"ts\":1783574036531,\"kind\":\"event\",\"method\":null,\"event\":\"presence\",\"ok\":null,\"data\":null},{\"ts\":1783574036588,\"kind\":\"response\",\"method\":\"tasks.list\",\"event\":null,\"ok\":true,\"data\":{}},{\"ts\":1783574037617,\"kind\":\"event\",\"method\":null,\"event\":\"health\",\"ok\":null,\"data\":null},{\"ts\":1783574037621,\"kind\":\"event\",\"method\":null,\"event\":\"presence\",\"ok\":null,\"data\":null},{\"ts\":1783574038668,\"kind\":\"event\",\"method\":null,\"event\":\"health\",\"ok\":null,\"data\":null},{\"ts\":1783574038673,\"kind\":\"event\",\"method\":null,\"event\":\"presence\",\"ok\":null,\"data\":null},{\"ts\":1783574039574,\"kind\":\"event\",\"method\":null,\"event\":\"agent\",\"ok\":null,\"data\":null},{\"ts\":1783574039574,\"kind\":\"event\",\"method\":null,\"event\":\"chat\",\"ok\":null,\"data\":null},{\"ts\":1783574039722,\"kind\":\"event\",\"method\":null,\"event\":\"health\",\"ok\":null,\"data\":null},{\"ts\":1783574039846,\"kind\":\"event\",\"method\":null,\"event\":\"presence\",\"ok\":null,\"data\":null},{\"ts\":1783574039981,\"kind\":\"event\",\"method\":null,\"event\":\"agent\",\"ok\":null,\"data\":null},{\"ts\":1783574040000,\"kind\":\"event\",\"method\":null,\"event\":\"agent\",\"ok\":null,\"data\":null},{\"ts\":1783574040053,\"kind\":\"event\",\"method\":null,\"event\":\"session.message\",\"ok\":null,\"data\":null}],\"ended\":\"2026-07-09T05:14:00.053Z\",\"duration_ms\":18882}" source=console
project81 k6 proof on ronan	Run Project 81 k6 proof wrapper	2026-07-09T05:14:00.0594698Z time="2026-07-08T22:14:00-07:00" level=info msg="\n--- R-CD-2 EVIDENCE SUMMARY ---" source=console
project81 k6 proof on ronan	Run Project 81 k6 proof wrapper	2026-07-09T05:14:00.0629986Z time="2026-07-08T22:14:00-07:00" level=info msg="{\n  \"row\": \"R-CD-2\",\n  \"manifest_loaded\": true,\n  \"nonce\": \"R-CD-2-1783574021171-4ddjp0uy\",\n  \"seat\": \"ronan\",\n  \"sessionKey\": \"agent:main:r-cd-2-r-cd-2-1783574021171-4ddjp0uy\",\n  \"requestedSessionKey\": \"p81-5292-ronan-live\",\n  \"session_created\": true,\n  \"created_session_key\": \"agent:main:r-cd-2-r-cd-2-1783574021171-4ddjp0uy\",\n  \"candidateSha\": \"5292af40d0ad5303b85a678f6e629503a8725848\",\n  \"started\": \"2026-07-09T05:13:41.171Z\",\n  \"tool_accepted\": true,\n  \"task_created\": false,\n  \"task_mode\": null,\n  \"agent_turn_observed\": true,\n  \"parent_wake_observed\": true,\n  \"dispatch_channel_message_observed\": true,\n  \"channel_message_observed\": false,\n  \"dispatch_accepted_at_ms\": 1783574022121,\n  \"wake_gate_ms\": 5000,\n  \"child_session\": null,\n  \"trace_id\": null,\n  \"redacted_events\": [\n    {\n      \"ts\": 1783574021188,\n      \"kind\": \"event\",\n      \"method\": null,\n      \"event\": \"connect.challenge\",\n      \"ok\": null,\n      \"data\": null\n    },\n    {\n      \"ts\": 1783574021193,\n      \"kind\": \"other\",\n      \"method\": null,\n      \"event\": null,\n      \"ok\": null,\n      \"data\": null\n    },\n    {\n      \"ts\": 1783574021309,\n      \"kind\": \"event\",\n      \"method\": null,\n      \"event\": \"health\",\n      \"ok\": null,\n      \"data\": null\n    },\n    {\n      \"ts\": 1783574021583,\n      \"kind\": \"response\",\n      \"method\": \"sessions.create\",\n      \"event\": null,\n      \"ok\": true,\n      \"data\": {\n        \"ok\": true\n      }\n    },\n    {\n      \"ts\": 1783574021621,\n      \"kind\": \"response\",\n      \"method\": \"sessions.messages.subscribe\",\n      \"event\": null,\n      \"ok\": true,\n      \"data\": {}\n    },\n    {\n      \"ts\": 1783574021667,\n      \"kind\": \"event\",\n      \"method\": null,\n      \"event\": \"health\",\n      \"ok\": null,\n      \"data\": null\n    },\n    {\n      \"ts\": 1783574021686,\n      \"kind\": \"event\",\n      \"method\": null,\n      \"event\": \"presence\",\n      \"ok\": null,\n      \"data\": null\n    },\n    {\n      \"ts\": 1783574022121,\n      \"kind\": \"response\",\n      \"method\": \"sessions.send\",\n      \"event\": null,\n      \"ok\": true,\n      \"data\": {\n        \"runId\": \"R-CD-2-R-CD-2-1783574021171-4ddjp0uy\",\n        \"status\": \"started\"\n      }\n    },\n    {\n      \"ts\": 1783574022810,\n      \"kind\": \"event\",\n      \"method\": null,\n      \"event\": \"health\",\n      \"ok\": null,\n      \"data\": null\n    },\n    {\n      \"ts\": 1783574022865,\n      \"kind\": \"event\",\n      \"method\": null,\n      \"event\": \"presence\",\n      \"ok\": null,\n      \"data\": null\n    },\n    {\n      \"ts\": 1783574023188,\n      \"kind\": \"event\",\n      \"method\": null,\n      \"event\": \"task\",\n      \"ok\": null,\n      \"data\": null\n    },\n    {\n      \"ts\": 1783574023188,\n      \"kind\": \"event\",\n      \"method\": null,\n      \"event\": \"task\",\n      \"ok\": null,\n      \"data\": null\n    },\n    {\n      \"ts\": 1783574023243,\n      \"kind\": \"event\",\n      \"method\": null,\n      \"event\": \"task\",\n      \"ok\": null,\n      \"data\": null\n    },\n    {\n      \"ts\": 1783574023455,\n      \"kind\": \"event\",\n      \"method\": null,\n      \"event\": \"health\",\n      \"ok\": null,\n      \"data\": null\n    },\n    {\n      \"ts\": 1783574023803,\n      \"kind\": \"event\",\n      \"method\": null,\n      \"event\": \"agent\",\n      \"ok\": null,\n      \"data\": null\n    },\n    {\n      \"ts\": 1783574023939,\n      \"kind\": \"event\",\n      \"method\": null,\n      \"event\": \"health\",\n      \"ok\": null,\n      \"data\": null\n    },\n    {\n      \"ts\": 1783574023945,\n      \"kind\": \"event\",\n      \"method\": null,\n      \"event\": \"presence\",\n      \"ok\": null,\n      \"data\": null\n    },\n    {\n      \"ts\": 1783574025176,\n      \"kind\": \"event\",\n      \"method\": null,\n      \"event\": \"health\",\n      \"ok\": null,\n      \"data\": null\n    },\n    {\n      \"ts\": 1783574025228,\n      \"kind\": \"event\",\n      \"method\": null,\n      \"event\": \"health\",\n      \"ok\": null,\n      \"data\": null\n    },\n    {\n      \"ts\": 1783574025249,\n      \"kind\": \"event\",\n      \"method\": null,\n      \"event\": \"presence\",\n      \"ok\": null,\n      \"data\": null\n    },\n    {\n      \"ts\": 1783574025694,\n      \"kind\": \"event\",\n      \"method\": null,\n      \"event\": \"presence\",\n      \"ok\": null,\n      \"data\": null\n    },\n    {\n      \"ts\": 1783574025727,\n      \"kind\": \"event\",\n      \"method\": null,\n      \"event\": \"agent\",\n      \"ok\": null,\n      \"data\": null\n    },\n    {\n      \"ts\": 1783574026327,\n      \"kind\": \"event\",\n      \"method\": null,\n      \"event\": \"health\",\n      \"ok\": null,\n      \"data\": null\n    },\n    {\n      \"ts\": 1783574026332,\n      \"kind\": \"event\",\n      \"method\": null,\n      \"event\": \"presence\",\n      \"ok\": null,\n      \"data\": null\n    },\n    {\n      \"ts\": 1783574026591,\n      \"kind\": \"response\",\n      \"method\": \"tasks.list\",\n      \"event\": null,\n      \"ok\": true,\n      \"data\": {}\n    },\n    {\n      \"ts\": 1783574026637,\n      \"kind\": \"event\",\n      \"method\": null,\n      \"event\": \"agent\",\n      \"ok\": null,\n      \"data\": null\n    },\n    {\n      \"ts\": 1783574026637,\n      \"kind\": \"event\",\n      \"method\": null,\n      \"event\": \"chat\",\n      \"ok\": null,\n      \"data\": null\n    },\n    {\n      \"ts\": 1783574026738,\n      \"kind\": \"event\",\n      \"method\": null,\n      \"event\": \"presence\",\n      \"ok\": null,\n      \"data\": null\n    },\n    {\n      \"ts\": 1783574026740,\n      \"kind\": \"event\",\n      \"method\": null,\n      \"event\": \"agent\",\n      \"ok\": null,\n      \"data\": null\n    },\n    {\n      \"ts\": 1783574026740,\n      \"kind\": \"event\",\n      \"method\": null,\n      \"event\": \"agent\",\n      \"ok\": null,\n      \"data\": null\n    },\n    {\n      \"ts\": 1783574026850,\n      \"kind\": \"event\",\n      \"method\": null,\n      \"event\": \"agent\",\n      \"ok\": null,\n      \"data\": null\n    },\n    {\n      \"ts\": 1783574026850,\n      \"kind\": \"event\",\n      \"method\": null,\n      \"event\": \"chat\",\n      \"ok\": null,\n      \"data\": null\n    },\n    {\n      \"ts\": 1783574026850,\n      \"kind\": \"event\",\n      \"method\": null,\n      \"event\": \"chat\",\n      \"ok\": null,\n      \"data\": null\n    },\n    {\n      \"ts\": 1783574027421,\n      \"kind\": \"event\",\n      \"method\": null,\n      \"event\": \"health\",\n      \"ok\": null,\n      \"data\": null\n    },\n    {\n      \"ts\": 1783574027428,\n      \"kind\": \"event\",\n      \"method\": null,\n      \"event\": \"presence\",\n      \"ok\": null,\n      \"data\": null\n    },\n    {\n      \"ts\": 1783574027793,\n      \"kind\": \"event\",\n      \"method\": null,\n      \"event\": \"health\",\n      \"ok\": null,\n      \"data\": null\n    },\n    {\n      \"ts\": 1783574027803,\n      \"kind\": \"event\",\n      \"method\": null,\n      \"event\": \"presence\",\n      \"ok\": null,\n      \"data\": null\n    },\n    {\n      \"ts\": 1783574027870,\n      \"kind\": \"event\",\n      \"method\": null,\n      \"event\": \"health\",\n      \"ok\": null,\n      \"data\": null\n    },\n    {\n      \"ts\": 1783574027905,\n      \"kind\": \"event\",\n      \"method\": null,\n      \"event\": \"presence\",\n      \"ok\": null,\n      \"data\": null\n    },\n    {\n      \"ts\": 1783574027984,\n      \"kind\": \"event\",\n      \"method\": null,\n      \"event\": \"health\",\n      \"ok\": null,\n      \"data\": null\n    },\n    {\n      \"ts\": 1783574028041,\n      \"kind\": \"event\",\n      \"method\": null,\n      \"event\": \"health\",\n      \"ok\": null,\n      \"data\": null\n    },\n    {\n      \"ts\": 1783574028045,\n      \"kind\": \"event\",\n      \"method\": null,\n      \"event\": \"presence\",\n      \"ok\": null,\n      \"data\": null\n    },\n    {\n      \"ts\": 1783574028494,\n      \"kind\": \"event\",\n      \"method\": null,\n      \"event\": \"health\",\n      \"ok\": null,\n      \"data\": null\n    },\n    {\n      \"ts\": 1783574028520,\n      \"kind\": \"event\",\n      \"method\": null,\n      \"event\": \"presence\",\n      \"ok\": null,\n      \"data\": null\n    },\n    {\n      \"ts\": 1783574029351,\n      \"kind\": \"event\",\n      \"method\": null,\n      \"event\": \"agent\",\n      \"ok\": null,\n      \"data\": null\n    },\n    {\n      \"ts\": 1783574029351,\n      \"kind\": \"event\",\n      \"method\": null,\n      \"event\": \"chat\",\n      \"ok\": null,\n      \"data\": null\n    },\n    {\n      \"ts\": 1783574029617,\n      \"kind\": \"event\",\n      \"method\": null,\n      \"event\": \"health\",\n      \"ok\": null,\n      \"data\": null\n    },\n    {\n      \"ts\": 1783574029668,\n      \"kind\": \"event\",\n      \"method\": null,\n      \"event\": \"presence\",\n      \"ok\": null,\n      \"data\": null\n    },\n    {\n      \"ts\": 1783574029733,\n      \"kind\": \"event\",\n      \"method\": null,\n      \"event\": \"agent\",\n      \"ok\": null,\n      \"data\": null\n    },\n    {\n      \"ts\": 1783574029824,\n      \"kind\": \"event\",\n      \"method\": null,\n      \"event\": \"agent\",\n      \"ok\": null,\n      \"data\": null\n    },\n    {\n      \"ts\": 1783574030769,\n      \"kind\": \"event\",\n      \"method\": null,\n      \"event\": \"health\",\n      \"ok\": null,\n      \"data\": null\n    },\n    {\n      \"ts\": 1783574030774,\n      \"kind\": \"event\",\n      \"method\": null,\n      \"event\": \"presence\",\n      \"ok\": null,\n      \"data\": null\n    },\n    {\n      \"ts\": 1783574031855,\n      \"kind\": \"event\",\n      \"method\": null,\n      \"event\": \"health\",\n      \"ok\": null,\n      \"data\": null\n    },\n    {\n      \"ts\": 1783574031860,\n      \"kind\": \"event\",\n      \"method\": null,\n      \"event\": \"presence\",\n      \"ok\": null,\n      \"data\": null\n    },\n    {\n      \"ts\": 1783574032953,\n      \"kind\": \"event\",\n      \"method\": null,\n      \"event\": \"health\",\n      \"ok\": null,\n      \"data\": null\n    },\n    {\n      \"ts\": 1783574032968,\n      \"kind\": \"event\",\n      \"method\": null,\n      \"event\": \"agent\",\n      \"ok\": null,\n      \"data\": null\n    },\n    {\n      \"ts\": 1783574032973,\n      \"kind\": \"event\",\n      \"method\": null,\n      \"event\": \"presence\",\n      \"ok\": null,\n      \"data\": null\n    },\n    {\n      \"ts\": 1783574034054,\n      \"kind\": \"event\",\n      \"method\": null,\n      \"event\": \"health\",\n      \"ok\": null,\n      \"data\": null\n    },\n    {\n      \"ts\": 1783574034060,\n      \"kind\": \"event\",\n      \"method\": null,\n      \"event\": \"presence\",\n      \"ok\": null,\n      \"data\": null\n    },\n    {\n      \"ts\": 1783574035226,\n      \"kind\": \"event\",\n      \"method\": null,\n      \"event\": \"health\",\n      \"ok\": null,\n      \"data\": null\n    },\n    {\n      \"ts\": 1783574035437,\n      \"kind\": \"event\",\n      \"method\": null,\n      \"event\": \"health\",\n      \"ok\": null,\n      \"data\": null\n    },\n    {\n      \"ts\": 1783574035457,\n      \"kind\": \"event\",\n      \"method\": null,\n      \"event\": \"presence\",\n      \"ok\": null,\n      \"data\": null\n    },\n    {\n      \"ts\": 1783574035462,\n      \"kind\": \"event\",\n      \"method\": null,\n      \"event\": \"presence\",\n      \"ok\": null,\n      \"data\": null\n    },\n    {\n      \"ts\": 1783574035497,\n      \"kind\": \"event\",\n      \"method\": null,\n      \"event\": \"agent\",\n      \"ok\": null,\n      \"data\": null\n    },\n    {\n      \"ts\": 1783574036520,\n      \"kind\": \"event\",\n      \"method\": null,\n      \"event\": \"health\",\n      \"ok\": null,\n      \"data\": null\n    },\n    {\n      \"ts\": 1783574036531,\n      \"kind\": \"event\",\n      \"method\": null,\n      \"event\": \"presence\",\n      \"ok\": null,\n      \"data\": null\n    },\n    {\n      \"ts\": 1783574036588,\n      \"kind\": \"response\",\n      \"method\": \"tasks.list\",\n      \"event\": null,\n      \"ok\": true,\n      \"data\": {}\n    },\n    {\n      \"ts\": 1783574037617,\n      \"kind\": \"event\",\n      \"method\": null,\n      \"event\": \"health\",\n      \"ok\": null,\n      \"data\": null\n    },\n    {\n      \"ts\": 1783574037621,\n      \"kind\": \"event\",\n      \"method\": null,\n      \"event\": \"presence\",\n      \"ok\": null,\n      \"data\": null\n    },\n    {\n      \"ts\": 1783574038668,\n      \"kind\": \"event\",\n      \"method\": null,\n      \"event\": \"health\",\n      \"ok\": null,\n      \"data\": null\n    },\n    {\n      \"ts\": 1783574038673,\n      \"kind\": \"event\",\n      \"method\": null,\n      \"event\": \"presence\",\n      \"ok\": null,\n      \"data\": null\n    },\n    {\n      \"ts\": 1783574039574,\n      \"kind\": \"event\",\n      \"method\": null,\n      \"event\": \"agent\",\n      \"ok\": null,\n      \"data\": null\n    },\n    {\n      \"ts\": 1783574039574,\n      \"kind\": \"event\",\n      \"method\": null,\n      \"event\": \"chat\",\n      \"ok\": null,\n      \"data\": null\n    },\n    {\n      \"ts\": 1783574039722,\n      \"kind\": \"event\",\n      \"method\": null,\n      \"event\": \"health\",\n      \"ok\": null,\n      \"data\": null\n    },\n    {\n      \"ts\": 1783574039846,\n      \"kind\": \"event\",\n      \"method\": null,\n      \"event\": \"presence\",\n      \"ok\": null,\n      \"data\": null\n    },\n    {\n      \"ts\": 1783574039981,\n      \"kind\": \"event\",\n      \"method\": null,\n      \"event\": \"agent\",\n      \"ok\": null,\n      \"data\": null\n    },\n    {\n      \"ts\": 1783574040000,\n      \"kind\": \"event\",\n      \"method\": null,\n      \"event\": \"agent\",\n      \"ok\": null,\n      \"data\": null\n    },\n    {\n      \"ts\": 1783574040053,\n      \"kind\": \"event\",\n      \"method\": null,\n      \"event\": \"session.message\",\n      \"ok\": null,\n      \"data\": null\n    }\n  ],\n  \"ended\": \"2026-07-09T05:14:00.053Z\",\n  \"duration_ms\": 18882\n}" source=console
project81 k6 proof on ronan	Run Project 81 k6 proof wrapper	2026-07-09T05:14:00.0665968Z time="2026-07-08T22:14:00-07:00" level=info msg="--- END EVIDENCE ---" source=console
project81 k6 proof on ronan	Run Project 81 k6 proof wrapper	2026-07-09T05:14:00.0666591Z time="2026-07-08T22:14:00-07:00" level=info msg="\n[R-CD-2] VERDICT: PASS-candidate" source=console
project81 k6 proof on ronan	Run Project 81 k6 proof wrapper	2026-07-09T05:14:00.0666972Z 
project81 k6 proof on ronan	Run Project 81 k6 proof wrapper	2026-07-09T05:14:00.0667232Z [R-CD-2] Summary: PASS-candidate | SHA: 5292af40d0ad5303b85a678f6e629503a8725848 | Seat: ronan
project81 k6 proof on ronan	Run Project 81 k6 proof wrapper	2026-07-09T05:14:00.0667608Z 
project81 k6 proof on ronan	Run Project 81 k6 proof wrapper	2026-07-09T05:14:00.0667774Z running (0m18.9s), 0/1 VUs, 1 complete and 0 interrupted iterations
project81 k6 proof on ronan	Run Project 81 k6 proof wrapper	2026-07-09T05:14:00.0668415Z r_cd_2_silent_wake ✓ [ 100% ] 1 VUs  0m18.9s/2m0s  1/1 shared iters
project81 k6 proof on ronan	Run Project 81 k6 proof wrapper	2026-07-09T05:14:00.1482078Z ./r-cd-2-summary.json
project81 k6 proof on ronan	Run Project 81 k6 proof wrapper	2026-07-09T05:14:00.2799093Z [R-CD-2] METRICS: /home/figs/actions-runner/_work/openclaw-bootstrap/openclaw-bootstrap/openclaw-bootstrap/PROOFS/ee9295cc6bb4fb27b135c3c21252ef9e815e2766/project81-k6/20260709T051307Z-ronan-dgx-4013874/5292af40d0ad5303b85a678f6e629503a8725848/R-CD-2/ronan/20260709T051341Z-r-cd-2/openclaw-proofs-k6.prom
project81 k6 proof on ronan	Run Project 81 k6 proof wrapper	2026-07-09T05:14:00.2809043Z [R-CD-2] ARTIFACTS: /home/figs/actions-runner/_work/openclaw-bootstrap/openclaw-bootstrap/openclaw-bootstrap/PROOFS/ee9295cc6bb4fb27b135c3c21252ef9e815e2766/project81-k6/20260709T051307Z-ronan-dgx-4013874/5292af40d0ad5303b85a678f6e629503a8725848/R-CD-2/ronan/20260709T051341Z-r-cd-2
project81 k6 proof on ronan	Run Project 81 k6 proof wrapper	2026-07-09T05:14:00.2809710Z [R-CD-2] COMPLETED.
project81 k6 proof on ronan	Run Project 81 k6 proof wrapper	2026-07-09T05:14:00.2809950Z Observability check: query Grafana for run/nonce or review Tempo traces if trace ID was emitted.
project81 k6 proof on ronan	Run Project 81 k6 proof wrapper	2026-07-09T05:14:00.3011653Z 
project81 k6 proof on ronan	Run Project 81 k6 proof wrapper	2026-07-09T05:14:00.3011856Z ----------------------------------------
project81 k6 proof on ronan	Run Project 81 k6 proof wrapper	2026-07-09T05:14:00.3012019Z Row: R-CD-3
project81 k6 proof on ronan	Run Project 81 k6 proof wrapper	2026-07-09T05:14:00.3012350Z Manifest: /home/figs/actions-runner/_work/openclaw-bootstrap/openclaw-bootstrap/karmaterminal-openclaw-docs/tools/k6-proofs/manifests/r-cd-3.json
project81 k6 proof on ronan	Run Project 81 k6 proof wrapper	2026-07-09T05:14:00.3012734Z Scenario: scenarios/r-cd-3-post-compaction.js
project81 k6 proof on ronan	Run Project 81 k6 proof wrapper	2026-07-09T05:14:00.3012886Z Status: runnable
project81 k6 proof on ronan	Run Project 81 k6 proof wrapper	2026-07-09T05:14:00.3012990Z Live Safety: k6-runnable
project81 k6 proof on ronan	Run Project 81 k6 proof wrapper	2026-07-09T05:14:00.3013108Z [R-CD-3] RUNNING...
project81 k6 proof on ronan	Run Project 81 k6 proof wrapper	2026-07-09T05:14:00.3274852Z 
project81 k6 proof on ronan	Run Project 81 k6 proof wrapper	2026-07-09T05:14:00.3275406Z          /\      Grafana   /‾‾/  
project81 k6 proof on ronan	Run Project 81 k6 proof wrapper	2026-07-09T05:14:00.3275596Z     /\  /  \     |\  __   /  /   
project81 k6 proof on ronan	Run Project 81 k6 proof wrapper	2026-07-09T05:14:00.3275744Z    /  \/    \    | |/ /  /   ‾‾\ 
project81 k6 proof on ronan	Run Project 81 k6 proof wrapper	2026-07-09T05:14:00.3275909Z   /          \   |   (  |  (‾)  |
project81 k6 proof on ronan	Run Project 81 k6 proof wrapper	2026-07-09T05:14:00.3276023Z  / __________ \  |_|\_\  \_____/ 
project81 k6 proof on ronan	Run Project 81 k6 proof wrapper	2026-07-09T05:14:00.3276114Z 
project81 k6 proof on ronan	Run Project 81 k6 proof wrapper	2026-07-09T05:14:00.3276120Z 
project81 k6 proof on ronan	Run Project 81 k6 proof wrapper	2026-07-09T05:14:00.3276166Z      execution: local
project81 k6 proof on ronan	Run Project 81 k6 proof wrapper	2026-07-09T05:14:00.3276303Z         script: scenarios/r-cd-3-post-compaction.js
project81 k6 proof on ronan	Run Project 81 k6 proof wrapper	2026-07-09T05:14:00.3276570Z         output: -
project81 k6 proof on ronan	Run Project 81 k6 proof wrapper	2026-07-09T05:14:00.3276631Z 
project81 k6 proof on ronan	Run Project 81 k6 proof wrapper	2026-07-09T05:14:00.3276762Z      scenarios: (100.00%) 1 scenario, 1 max VUs, 3m30s max duration (incl. graceful stop):
project81 k6 proof on ronan	Run Project 81 k6 proof wrapper	2026-07-09T05:14:00.3277106Z               * r_cd_3_post_compaction: 1 iterations shared among 1 VUs (maxDuration: 3m0s, gracefulStop: 30s)
project81 k6 proof on ronan	Run Project 81 k6 proof wrapper	2026-07-09T05:14:00.3277315Z 
project81 k6 proof on ronan	Run Project 81 k6 proof wrapper	2026-07-09T05:14:00.6832078Z time="2026-07-08T22:14:00-07:00" level=info msg="✓ disposable session created: agent:main:r-cd-3-r-cd-3-1783574040329-25vh23rd" source=console
project81 k6 proof on ronan	Run Project 81 k6 proof wrapper	2026-07-09T05:14:01.2328108Z time="2026-07-08T22:14:01-07:00" level=info msg="✓ sessions.send accepted — agent turn triggered for R-CD-3" source=console
project81 k6 proof on ronan	Run Project 81 k6 proof wrapper	2026-07-09T05:14:01.3283295Z 
project81 k6 proof on ronan	Run Project 81 k6 proof wrapper	2026-07-09T05:14:01.3283781Z running (0m01.0s), 1/1 VUs, 0 complete and 0 interrupted iterations
project81 k6 proof on ronan	Run Project 81 k6 proof wrapper	2026-07-09T05:14:01.3284531Z r_cd_3_post_compaction   [   0% ] 1 VUs  0m01.0s/3m0s  0/1 shared iters
project81 k6 proof on ronan	Run Project 81 k6 proof wrapper	2026-07-09T05:14:02.3291618Z 
project81 k6 proof on ronan	Run Project 81 k6 proof wrapper	2026-07-09T05:14:02.3293098Z running (0m02.0s), 1/1 VUs, 0 complete and 0 interrupted iterations
project81 k6 proof on ronan	Run Project 81 k6 proof wrapper	2026-07-09T05:14:02.3293638Z r_cd_3_post_compaction   [   0% ] 1 VUs  0m02.0s/3m0s  0/1 shared iters
project81 k6 proof on ronan	Run Project 81 k6 proof wrapper	2026-07-09T05:14:03.3284691Z 
project81 k6 proof on ronan	Run Project 81 k6 proof wrapper	2026-07-09T05:14:03.3286341Z running (0m03.0s), 1/1 VUs, 0 complete and 0 interrupted iterations
project81 k6 proof on ronan	Run Project 81 k6 proof wrapper	2026-07-09T05:14:03.3286935Z r_cd_3_post_compaction   [   0% ] 1 VUs  0m03.0s/3m0s  0/1 shared iters
project81 k6 proof on ronan	Run Project 81 k6 proof wrapper	2026-07-09T05:14:04.3291396Z 
project81 k6 proof on ronan	Run Project 81 k6 proof wrapper	2026-07-09T05:14:04.3291979Z running (0m04.0s), 1/1 VUs, 0 complete and 0 interrupted iterations
project81 k6 proof on ronan	Run Project 81 k6 proof wrapper	2026-07-09T05:14:04.3292466Z r_cd_3_post_compaction   [   0% ] 1 VUs  0m04.0s/3m0s  0/1 shared iters
project81 k6 proof on ronan	Run Project 81 k6 proof wrapper	2026-07-09T05:14:05.3287330Z 
project81 k6 proof on ronan	Run Project 81 k6 proof wrapper	2026-07-09T05:14:05.3287764Z running (0m05.0s), 1/1 VUs, 0 complete and 0 interrupted iterations
project81 k6 proof on ronan	Run Project 81 k6 proof wrapper	2026-07-09T05:14:05.3288276Z r_cd_3_post_compaction   [   0% ] 1 VUs  0m05.0s/3m0s  0/1 shared iters
project81 k6 proof on ronan	Run Project 81 k6 proof wrapper	2026-07-09T05:14:06.3291943Z 
project81 k6 proof on ronan	Run Project 81 k6 proof wrapper	2026-07-09T05:14:06.3293421Z running (0m06.0s), 1/1 VUs, 0 complete and 0 interrupted iterations
project81 k6 proof on ronan	Run Project 81 k6 proof wrapper	2026-07-09T05:14:06.3293921Z r_cd_3_post_compaction   [   0% ] 1 VUs  0m06.0s/3m0s  0/1 shared iters
project81 k6 proof on ronan	Run Project 81 k6 proof wrapper	2026-07-09T05:14:07.3288861Z 
project81 k6 proof on ronan	Run Project 81 k6 proof wrapper	2026-07-09T05:14:07.3289324Z running (0m07.0s), 1/1 VUs, 0 complete and 0 interrupted iterations
project81 k6 proof on ronan	Run Project 81 k6 proof wrapper	2026-07-09T05:14:07.3289806Z r_cd_3_post_compaction   [   0% ] 1 VUs  0m07.0s/3m0s  0/1 shared iters
project81 k6 proof on ronan	Run Project 81 k6 proof wrapper	2026-07-09T05:14:08.3289366Z 
project81 k6 proof on ronan	Run Project 81 k6 proof wrapper	2026-07-09T05:14:08.3289810Z running (0m08.0s), 1/1 VUs, 0 complete and 0 interrupted iterations
project81 k6 proof on ronan	Run Project 81 k6 proof wrapper	2026-07-09T05:14:08.3290294Z r_cd_3_post_compaction   [   0% ] 1 VUs  0m08.0s/3m0s  0/1 shared iters
project81 k6 proof on ronan	Run Project 81 k6 proof wrapper	2026-07-09T05:14:09.3289571Z 
project81 k6 proof on ronan	Run Project 81 k6 proof wrapper	2026-07-09T05:14:09.3290017Z running (0m09.0s), 1/1 VUs, 0 complete and 0 interrupted iterations
project81 k6 proof on ronan	Run Project 81 k6 proof wrapper	2026-07-09T05:14:09.3290499Z r_cd_3_post_compaction   [   0% ] 1 VUs  0m09.0s/3m0s  0/1 shared iters
project81 k6 proof on ronan	Run Project 81 k6 proof wrapper	2026-07-09T05:14:10.3282848Z 
project81 k6 proof on ronan	Run Project 81 k6 proof wrapper	2026-07-09T05:14:10.3284319Z running (0m10.0s), 1/1 VUs, 0 complete and 0 interrupted iterations
project81 k6 proof on ronan	Run Project 81 k6 proof wrapper	2026-07-09T05:14:10.3284837Z r_cd_3_post_compaction   [   0% ] 1 VUs  0m10.0s/3m0s  0/1 shared iters
project81 k6 proof on ronan	Run Project 81 k6 proof wrapper	2026-07-09T05:14:11.3284158Z 
project81 k6 proof on ronan	Run Project 81 k6 proof wrapper	2026-07-09T05:14:11.3284575Z running (0m11.0s), 1/1 VUs, 0 complete and 0 interrupted iterations
project81 k6 proof on ronan	Run Project 81 k6 proof wrapper	2026-07-09T05:14:11.3285055Z r_cd_3_post_compaction   [   0% ] 1 VUs  0m11.0s/3m0s  0/1 shared iters
project81 k6 proof on ronan	Run Project 81 k6 proof wrapper	2026-07-09T05:14:12.3289333Z 
project81 k6 proof on ronan	Run Project 81 k6 proof wrapper	2026-07-09T05:14:12.3289880Z running (0m12.0s), 1/1 VUs, 0 complete and 0 interrupted iterations
project81 k6 proof on ronan	Run Project 81 k6 proof wrapper	2026-07-09T05:14:12.3290365Z r_cd_3_post_compaction   [   0% ] 1 VUs  0m12.0s/3m0s  0/1 shared iters
project81 k6 proof on ronan	Run Project 81 k6 proof wrapper	2026-07-09T05:14:13.3284067Z 
project81 k6 proof on ronan	Run Project 81 k6 proof wrapper	2026-07-09T05:14:13.3284509Z running (0m13.0s), 1/1 VUs, 0 complete and 0 interrupted iterations
project81 k6 proof on ronan	Run Project 81 k6 proof wrapper	2026-07-09T05:14:13.3284991Z r_cd_3_post_compaction   [   0% ] 1 VUs  0m13.0s/3m0s  0/1 shared iters
project81 k6 proof on ronan	Run Project 81 k6 proof wrapper	2026-07-09T05:14:14.3280735Z 
project81 k6 proof on ronan	Run Project 81 k6 proof wrapper	2026-07-09T05:14:14.3282295Z running (0m14.0s), 1/1 VUs, 0 complete and 0 interrupted iterations
project81 k6 proof on ronan	Run Project 81 k6 proof wrapper	2026-07-09T05:14:14.3282811Z r_cd_3_post_compaction   [   0% ] 1 VUs  0m14.0s/3m0s  0/1 shared iters
project81 k6 proof on ronan	Run Project 81 k6 proof wrapper	2026-07-09T05:14:15.3290918Z 
project81 k6 proof on ronan	Run Project 81 k6 proof wrapper	2026-07-09T05:14:15.3292420Z running (0m15.0s), 1/1 VUs, 0 complete and 0 interrupted iterations
project81 k6 proof on ronan	Run Project 81 k6 proof wrapper	2026-07-09T05:14:15.3297751Z r_cd_3_post_compaction   [   0% ] 1 VUs  0m15.0s/3m0s  0/1 shared iters
project81 k6 proof on ronan	Run Project 81 k6 proof wrapper	2026-07-09T05:14:16.3289214Z 
project81 k6 proof on ronan	Run Project 81 k6 proof wrapper	2026-07-09T05:14:16.3289801Z running (0m16.0s), 1/1 VUs, 0 complete and 0 interrupted iterations
project81 k6 proof on ronan	Run Project 81 k6 proof wrapper	2026-07-09T05:14:16.3290280Z r_cd_3_post_compaction   [   0% ] 1 VUs  0m16.0s/3m0s  0/1 shared iters
project81 k6 proof on ronan	Run Project 81 k6 proof wrapper	2026-07-09T05:14:17.3285782Z 
project81 k6 proof on ronan	Run Project 81 k6 proof wrapper	2026-07-09T05:14:17.3286278Z running (0m17.0s), 1/1 VUs, 0 complete and 0 interrupted iterations
project81 k6 proof on ronan	Run Project 81 k6 proof wrapper	2026-07-09T05:14:17.3286917Z r_cd_3_post_compaction   [   0% ] 1 VUs  0m17.0s/3m0s  0/1 shared iters
project81 k6 proof on ronan	Run Project 81 k6 proof wrapper	2026-07-09T05:14:18.3288738Z 
project81 k6 proof on ronan	Run Project 81 k6 proof wrapper	2026-07-09T05:14:18.3290038Z running (0m18.0s), 1/1 VUs, 0 complete and 0 interrupted iterations
project81 k6 proof on ronan	Run Project 81 k6 proof wrapper	2026-07-09T05:14:18.3290527Z r_cd_3_post_compaction   [   0% ] 1 VUs  0m18.0s/3m0s  0/1 shared iters
project81 k6 proof on ronan	Run Project 81 k6 proof wrapper	2026-07-09T05:14:19.3287194Z 
project81 k6 proof on ronan	Run Project 81 k6 proof wrapper	2026-07-09T05:14:19.3288809Z running (0m19.0s), 1/1 VUs, 0 complete and 0 interrupted iterations
project81 k6 proof on ronan	Run Project 81 k6 proof wrapper	2026-07-09T05:14:19.3290074Z r_cd_3_post_compaction   [   0% ] 1 VUs  0m19.0s/3m0s  0/1 shared iters
project81 k6 proof on ronan	Run Project 81 k6 proof wrapper	2026-07-09T05:14:20.3291476Z 
project81 k6 proof on ronan	Run Project 81 k6 proof wrapper	2026-07-09T05:14:20.3292845Z running (0m20.0s), 1/1 VUs, 0 complete and 0 interrupted iterations
project81 k6 proof on ronan	Run Project 81 k6 proof wrapper	2026-07-09T05:14:20.3293326Z r_cd_3_post_compaction   [   0% ] 1 VUs  0m20.0s/3m0s  0/1 shared iters
project81 k6 proof on ronan	Run Project 81 k6 proof wrapper	2026-07-09T05:14:21.3290103Z 
project81 k6 proof on ronan	Run Project 81 k6 proof wrapper	2026-07-09T05:14:21.3297983Z running (0m21.0s), 1/1 VUs, 0 complete and 0 interrupted iterations
project81 k6 proof on ronan	Run Project 81 k6 proof wrapper	2026-07-09T05:14:21.3305527Z r_cd_3_post_compaction   [   0% ] 1 VUs  0m21.0s/3m0s  0/1 shared iters
project81 k6 proof on ronan	Run Project 81 k6 proof wrapper	2026-07-09T05:14:22.3283908Z 
project81 k6 proof on ronan	Run Project 81 k6 proof wrapper	2026-07-09T05:14:22.3284500Z running (0m22.0s), 1/1 VUs, 0 complete and 0 interrupted iterations
project81 k6 proof on ronan	Run Project 81 k6 proof wrapper	2026-07-09T05:14:22.3284996Z r_cd_3_post_compaction   [   0% ] 1 VUs  0m22.0s/3m0s  0/1 shared iters
project81 k6 proof on ronan	Run Project 81 k6 proof wrapper	2026-07-09T05:14:23.3290109Z 
project81 k6 proof on ronan	Run Project 81 k6 proof wrapper	2026-07-09T05:14:23.3290606Z running (0m23.0s), 1/1 VUs, 0 complete and 0 interrupted iterations
project81 k6 proof on ronan	Run Project 81 k6 proof wrapper	2026-07-09T05:14:23.3291124Z r_cd_3_post_compaction   [   0% ] 1 VUs  0m23.0s/3m0s  0/1 shared iters
project81 k6 proof on ronan	Run Project 81 k6 proof wrapper	2026-07-09T05:14:24.3297543Z 
project81 k6 proof on ronan	Run Project 81 k6 proof wrapper	2026-07-09T05:14:24.3299024Z running (0m24.0s), 1/1 VUs, 0 complete and 0 interrupted iterations
project81 k6 proof on ronan	Run Project 81 k6 proof wrapper	2026-07-09T05:14:24.3299505Z r_cd_3_post_compaction   [   0% ] 1 VUs  0m24.0s/3m0s  0/1 shared iters
project81 k6 proof on ronan	Run Project 81 k6 proof wrapper	2026-07-09T05:14:25.0555456Z time="2026-07-08T22:14:25-07:00" level=info msg="ℹ Ignoring harness prompt echo event" source=console
project81 k6 proof on ronan	Run Project 81 k6 proof wrapper	2026-07-09T05:14:25.3288129Z 
project81 k6 proof on ronan	Run Project 81 k6 proof wrapper	2026-07-09T05:14:25.3289624Z running (0m25.0s), 1/1 VUs, 0 complete and 0 interrupted iterations
project81 k6 proof on ronan	Run Project 81 k6 proof wrapper	2026-07-09T05:14:25.3290109Z r_cd_3_post_compaction   [   0% ] 1 VUs  0m25.0s/3m0s  0/1 shared iters
project81 k6 proof on ronan	Run Project 81 k6 proof wrapper	2026-07-09T05:14:26.3287122Z 
project81 k6 proof on ronan	Run Project 81 k6 proof wrapper	2026-07-09T05:14:26.3288602Z running (0m26.0s), 1/1 VUs, 0 complete and 0 interrupted iterations
project81 k6 proof on ronan	Run Project 81 k6 proof wrapper	2026-07-09T05:14:26.3289082Z r_cd_3_post_compaction   [   0% ] 1 VUs  0m26.0s/3m0s  0/1 shared iters
project81 k6 proof on ronan	Run Project 81 k6 proof wrapper	2026-07-09T05:14:27.3284792Z 
project81 k6 proof on ronan	Run Project 81 k6 proof wrapper	2026-07-09T05:14:27.3286170Z running (0m27.0s), 1/1 VUs, 0 complete and 0 interrupted iterations
project81 k6 proof on ronan	Run Project 81 k6 proof wrapper	2026-07-09T05:14:27.3286850Z r_cd_3_post_compaction   [   0% ] 1 VUs  0m27.0s/3m0s  0/1 shared iters
project81 k6 proof on ronan	Run Project 81 k6 proof wrapper	2026-07-09T05:14:27.7497385Z time="2026-07-08T22:14:27-07:00" level=info msg="ℹ Ignoring harness prompt echo event" source=console
project81 k6 proof on ronan	Run Project 81 k6 proof wrapper	2026-07-09T05:14:28.3283951Z 
project81 k6 proof on ronan	Run Project 81 k6 proof wrapper	2026-07-09T05:14:28.3285187Z running (0m28.0s), 1/1 VUs, 0 complete and 0 interrupted iterations
project81 k6 proof on ronan	Run Project 81 k6 proof wrapper	2026-07-09T05:14:28.3285679Z r_cd_3_post_compaction   [   0% ] 1 VUs  0m28.0s/3m0s  0/1 shared iters
project81 k6 proof on ronan	Run Project 81 k6 proof wrapper	2026-07-09T05:14:29.3292308Z 
project81 k6 proof on ronan	Run Project 81 k6 proof wrapper	2026-07-09T05:14:29.3293657Z running (0m29.0s), 1/1 VUs, 0 complete and 0 interrupted iterations
project81 k6 proof on ronan	Run Project 81 k6 proof wrapper	2026-07-09T05:14:29.3294141Z r_cd_3_post_compaction   [   0% ] 1 VUs  0m29.0s/3m0s  0/1 shared iters
project81 k6 proof on ronan	Run Project 81 k6 proof wrapper	2026-07-09T05:14:29.6878210Z time="2026-07-08T22:14:29-07:00" level=info msg="ℹ Ignoring harness prompt echo event" source=console
project81 k6 proof on ronan	Run Project 81 k6 proof wrapper	2026-07-09T05:14:30.3282867Z 
project81 k6 proof on ronan	Run Project 81 k6 proof wrapper	2026-07-09T05:14:30.3284161Z running (0m30.0s), 1/1 VUs, 0 complete and 0 interrupted iterations
project81 k6 proof on ronan	Run Project 81 k6 proof wrapper	2026-07-09T05:14:30.3284699Z r_cd_3_post_compaction   [   0% ] 1 VUs  0m30.0s/3m0s  0/1 shared iters
project81 k6 proof on ronan	Run Project 81 k6 proof wrapper	2026-07-09T05:14:31.3293183Z 
project81 k6 proof on ronan	Run Project 81 k6 proof wrapper	2026-07-09T05:14:31.3293712Z running (0m31.0s), 1/1 VUs, 0 complete and 0 interrupted iterations
project81 k6 proof on ronan	Run Project 81 k6 proof wrapper	2026-07-09T05:14:31.3294256Z r_cd_3_post_compaction   [   0% ] 1 VUs  0m31.0s/3m0s  0/1 shared iters
project81 k6 proof on ronan	Run Project 81 k6 proof wrapper	2026-07-09T05:14:32.3288969Z 
project81 k6 proof on ronan	Run Project 81 k6 proof wrapper	2026-07-09T05:14:32.3289503Z running (0m32.0s), 1/1 VUs, 0 complete and 0 interrupted iterations
project81 k6 proof on ronan	Run Project 81 k6 proof wrapper	2026-07-09T05:14:32.3290190Z r_cd_3_post_compaction   [   0% ] 1 VUs  0m32.0s/3m0s  0/1 shared iters
project81 k6 proof on ronan	Run Project 81 k6 proof wrapper	2026-07-09T05:14:33.3284093Z 
project81 k6 proof on ronan	Run Project 81 k6 proof wrapper	2026-07-09T05:14:33.3284586Z running (0m33.0s), 1/1 VUs, 0 complete and 0 interrupted iterations
project81 k6 proof on ronan	Run Project 81 k6 proof wrapper	2026-07-09T05:14:33.3285070Z r_cd_3_post_compaction   [   0% ] 1 VUs  0m33.0s/3m0s  0/1 shared iters
project81 k6 proof on ronan	Run Project 81 k6 proof wrapper	2026-07-09T05:14:34.3289902Z 
project81 k6 proof on ronan	Run Project 81 k6 proof wrapper	2026-07-09T05:14:34.3290385Z running (0m34.0s), 1/1 VUs, 0 complete and 0 interrupted iterations
project81 k6 proof on ronan	Run Project 81 k6 proof wrapper	2026-07-09T05:14:34.3290872Z r_cd_3_post_compaction   [   0% ] 1 VUs  0m34.0s/3m0s  0/1 shared iters
project81 k6 proof on ronan	Run Project 81 k6 proof wrapper	2026-07-09T05:14:34.9009442Z time="2026-07-08T22:14:34-07:00" level=info msg="✓ R-CD-3 post-compaction lifeboat return observed" source=console
project81 k6 proof on ronan	Run Project 81 k6 proof wrapper	2026-07-09T05:14:34.9011190Z time="2026-07-08T22:14:34-07:00" level=info msg="\n--- R-CD-3 EVIDENCE SUMMARY ---" source=console
project81 k6 proof on ronan	Run Project 81 k6 proof wrapper	2026-07-09T05:14:34.9107640Z time="2026-07-08T22:14:34-07:00" level=info msg="{\n  \"row\": \"R-CD-3\",\n  \"manifest_loaded\": true,\n  \"nonce\": \"R-CD-3-1783574040329-25vh23rd\",\n  \"seat\": \"ronan\",\n  \"requestedSessionKey\": \"p81-5292-ronan-live\",\n  \"sessionKey\": \"agent:main:r-cd-3-r-cd-3-1783574040329-25vh23rd\",\n  \"session_created\": true,\n  \"created_session_key\": \"agent:main:r-cd-3-r-cd-3-1783574040329-25vh23rd\",\n  \"candidateSha\": \"5292af40d0ad5303b85a678f6e629503a8725848\",\n  \"started\": \"2026-07-09T05:14:00.329Z\",\n  \"dispatch_accepted\": true,\n  \"delegate_staging_requested\": true,\n  \"compaction_requested\": true,\n  \"threshold_honest_limit\": false,\n  \"compaction_accepted\": false,\n  \"lifeboat_return_observed\": true,\n  \"guard\": null,\n  \"context_usage\": null,\n  \"threshold\": null,\n  \"trace_id\": null,\n  \"redacted_events\": [\n    {\n      \"ts\": 1783574040330,\n      \"kind\": \"event\",\n      \"method\": null,\n      \"event\": \"connect.challenge\",\n      \"ok\": null,\n      \"data\": null\n    },\n    {\n      \"ts\": 1783574040335,\n      \"kind\": \"other\",\n      \"method\": null,\n      \"event\": null,\n      \"ok\": null,\n      \"data\": null\n    },\n    {\n      \"ts\": 1783574040426,\n      \"kind\": \"event\",\n      \"method\": null,\n      \"event\": \"health\",\n      \"ok\": null,\n      \"data\": null\n    },\n    {\n      \"ts\": 1783574040682,\n      \"kind\": \"response\",\n      \"method\": \"sessions.create\",\n      \"event\": null,\n      \"ok\": true,\n      \"data\": {\n        \"ok\": true\n      }\n    },\n    {\n      \"ts\": 1783574040717,\n      \"kind\": \"response\",\n      \"method\": \"sessions.messages.subscribe\",\n      \"event\": null,\n      \"ok\": true,\n      \"data\": {}\n    },\n    {\n      \"ts\": 1783574040882,\n      \"kind\": \"event\",\n      \"method\": null,\n      \"event\": \"health\",\n      \"ok\": null,\n      \"data\": null\n    },\n    {\n      \"ts\": 1783574040886,\n      \"kind\": \"event\",\n      \"method\": null,\n      \"event\": \"presence\",\n      \"ok\": null,\n      \"data\": null\n    },\n    {\n      \"ts\": 1783574041232,\n      \"kind\": \"response\",\n      \"method\": \"sessions.send\",\n      \"event\": null,\n      \"ok\": true,\n      \"data\": {\n        \"runId\": \"R-CD-3-R-CD-3-1783574040329-25vh23rd\",\n        \"status\": \"started\"\n      }\n    },\n    {\n      \"ts\": 1783574041964,\n      \"kind\": \"event\",\n      \"method\": null,\n      \"event\": \"health\",\n      \"ok\": null,\n      \"data\": null\n    },\n    {\n      \"ts\": 1783574041969,\n      \"kind\": \"event\",\n      \"method\": null,\n      \"event\": \"presence\",\n      \"ok\": null,\n      \"data\": null\n    },\n    {\n      \"ts\": 1783574042141,\n      \"kind\": \"event\",\n      \"method\": null,\n      \"event\": \"health\",\n      \"ok\": null,\n      \"data\": null\n    },\n    {\n      \"ts\": 1783574042155,\n      \"kind\": \"event\",\n      \"method\": null,\n      \"event\": \"presence\",\n      \"ok\": null,\n      \"data\": null\n    },\n    {\n      \"ts\": 1783574042210,\n      \"kind\": \"event\",\n      \"method\": null,\n      \"event\": \"health\",\n      \"ok\": null,\n      \"data\": null\n    },\n    {\n      \"ts\": 1783574042244,\n      \"kind\": \"event\",\n      \"method\": null,\n      \"event\": \"presence\",\n      \"ok\": null,\n      \"data\": null\n    },\n    {\n      \"ts\": 1783574042296,\n      \"kind\": \"event\",\n      \"method\": null,\n      \"event\": \"health\",\n      \"ok\": null,\n      \"data\": null\n    },\n    {\n      \"ts\": 1783574042332,\n      \"kind\": \"event\",\n      \"method\": null,\n      \"event\": \"presence\",\n      \"ok\": null,\n      \"data\": null\n    },\n    {\n      \"ts\": 1783574042487,\n      \"kind\": \"event\",\n      \"method\": null,\n      \"event\": \"agent\",\n      \"ok\": null,\n      \"data\": null\n    },\n    {\n      \"ts\": 1783574042583,\n      \"kind\": \"event\",\n      \"method\": null,\n      \"event\": \"agent\",\n      \"ok\": null,\n      \"data\": null\n    },\n    {\n      \"ts\": 1783574042583,\n      \"kind\": \"event\",\n      \"method\": null,\n      \"event\": \"chat\",\n      \"ok\": null,\n      \"data\": null\n    },\n    {\n      \"ts\": 1783574042664,\n      \"kind\": \"event\",\n      \"method\": null,\n      \"event\": \"agent\",\n      \"ok\": null,\n      \"data\": null\n    },\n    {\n      \"ts\": 1783574042664,\n      \"kind\": \"event\",\n      \"method\": null,\n      \"event\": \"agent\",\n      \"ok\": null,\n      \"data\": null\n    },\n    {\n      \"ts\": 1783574042977,\n      \"kind\": \"event\",\n      \"method\": null,\n      \"event\": \"agent\",\n      \"ok\": null,\n      \"data\": null\n    },\n    {\n      \"ts\": 1783574042977,\n      \"kind\": \"event\",\n      \"method\": null,\n      \"event\": \"chat\",\n      \"ok\": null,\n      \"data\": null\n    },\n    {\n      \"ts\": 1783574042977,\n      \"kind\": \"event\",\n      \"method\": null,\n      \"event\": \"chat\",\n      \"ok\": null,\n      \"data\": null\n    },\n    {\n      \"ts\": 1783574043079,\n      \"kind\": \"event\",\n      \"method\": null,\n      \"event\": \"task\",\n      \"ok\": null,\n      \"data\": null\n    },\n    {\n      \"ts\": 1783574043343,\n      \"kind\": \"event\",\n      \"method\": null,\n      \"event\": \"health\",\n      \"ok\": null,\n      \"data\": null\n    },\n    {\n      \"ts\": 1783574043373,\n      \"kind\": \"event\",\n      \"method\": null,\n      \"event\": \"presence\",\n      \"ok\": null,\n      \"data\": null\n    },\n    {\n      \"ts\": 1783574043620,\n      \"kind\": \"event\",\n      \"method\": null,\n      \"event\": \"agent\",\n      \"ok\": null,\n      \"data\": null\n    },\n    {\n      \"ts\": 1783574043656,\n      \"kind\": \"event\",\n      \"method\": null,\n      \"event\": \"agent\",\n      \"ok\": null,\n      \"data\": null\n    },\n    {\n      \"ts\": 1783574044455,\n      \"kind\": \"event\",\n      \"method\": null,\n      \"event\": \"health\",\n      \"ok\": null,\n      \"data\": null\n    },\n    {\n      \"ts\": 1783574044511,\n      \"kind\": \"event\",\n      \"method\": null,\n      \"event\": \"health\",\n      \"ok\": null,\n      \"data\": null\n    },\n    {\n      \"ts\": 1783574044532,\n      \"kind\": \"event\",\n      \"method\": null,\n      \"event\": \"presence\",\n      \"ok\": null,\n      \"data\": null\n    },\n    {\n      \"ts\": 1783574045056,\n      \"kind\": \"event\",\n      \"method\": null,\n      \"event\": \"presence\",\n      \"ok\": null,\n      \"data\": null\n    },\n    {\n      \"ts\": 1783574045091,\n      \"kind\": \"event\",\n      \"method\": null,\n      \"event\": \"agent\",\n      \"ok\": null,\n      \"data\": null\n    },\n    {\n      \"ts\": 1783574045597,\n      \"kind\": \"event\",\n      \"method\": null,\n      \"event\": \"health\",\n      \"ok\": null,\n      \"data\": null\n    },\n    {\n      \"ts\": 1783574045602,\n      \"kind\": \"event\",\n      \"method\": null,\n      \"event\": \"presence\",\n      \"ok\": null,\n      \"data\": null\n    },\n    {\n      \"ts\": 1783574046512,\n      \"kind\": \"event\",\n      \"method\": null,\n      \"event\": \"agent\",\n      \"ok\": null,\n      \"data\": null\n    },\n    {\n      \"ts\": 1783574046512,\n      \"kind\": \"event\",\n      \"method\": null,\n      \"event\": \"chat\",\n      \"ok\": null,\n      \"data\": null\n    },\n    {\n      \"ts\": 1783574046583,\n      \"kind\": \"event\",\n      \"method\": null,\n      \"event\": \"agent\",\n      \"ok\": null,\n      \"data\": null\n    },\n    {\n      \"ts\": 1783574046583,\n      \"kind\": \"event\",\n      \"method\": null,\n      \"event\": \"agent\",\n      \"ok\": null,\n      \"data\": null\n    },\n    {\n      \"ts\": 1783574046683,\n      \"kind\": \"event\",\n      \"method\": null,\n      \"event\": \"health\",\n      \"ok\": null,\n      \"data\": null\n    },\n    {\n      \"ts\": 1783574046690,\n      \"kind\": \"event\",\n      \"method\": null,\n      \"event\": \"presence\",\n      \"ok\": null,\n      \"data\": null\n    },\n    {\n      \"ts\": 1783574046732,\n      \"kind\": \"event\",\n      \"method\": null,\n      \"event\": \"agent\",\n      \"ok\": null,\n      \"data\": null\n    },\n    {\n      \"ts\": 1783574046732,\n      \"kind\": \"event\",\n      \"method\": null,\n      \"event\": \"chat\",\n      \"ok\": null,\n      \"data\": null\n    },\n    {\n      \"ts\": 1783574046732,\n      \"kind\": \"event\",\n      \"method\": null,\n      \"event\": \"chat\",\n      \"ok\": null,\n      \"data\": null\n    },\n    {\n      \"ts\": 1783574047780,\n      \"kind\": \"event\",\n      \"method\": null,\n      \"event\": \"health\",\n      \"ok\": null,\n      \"data\": null\n    },\n    {\n      \"ts\": 1783574047790,\n      \"kind\": \"event\",\n      \"method\": null,\n      \"event\": \"presence\",\n      \"ok\": null,\n      \"data\": null\n    },\n    {\n      \"ts\": 1783574048009,\n      \"kind\": \"event\",\n      \"method\": null,\n      \"event\": \"tick\",\n      \"ok\": null,\n      \"data\": null\n    },\n    {\n      \"ts\": 1783574048850,\n      \"kind\": \"event\",\n      \"method\": null,\n      \"event\": \"health\",\n      \"ok\": null,\n      \"data\": null\n    },\n    {\n      \"ts\": 1783574048904,\n      \"kind\": \"event\",\n      \"method\": null,\n      \"event\": \"presence\",\n      \"ok\": null,\n      \"data\": null\n    },\n    {\n      \"ts\": 1783574049181,\n      \"kind\": \"event\",\n      \"method\": null,\n      \"event\": \"task\",\n      \"ok\": null,\n      \"data\": null\n    },\n    {\n      \"ts\": 1783574049182,\n      \"kind\": \"event\",\n      \"method\": null,\n      \"event\": \"task\",\n      \"ok\": null,\n      \"data\": null\n    },\n    {\n      \"ts\": 1783574049236,\n      \"kind\": \"event\",\n      \"method\": null,\n      \"event\": \"task\",\n      \"ok\": null,\n      \"data\": null\n    },\n    {\n      \"ts\": 1783574049443,\n      \"kind\": \"event\",\n      \"method\": null,\n      \"event\": \"health\",\n      \"ok\": null,\n      \"data\": null\n    },\n    {\n      \"ts\": 1783574049950,\n      \"kind\": \"event\",\n      \"method\": null,\n      \"event\": \"health\",\n      \"ok\": null,\n      \"data\": null\n    },\n    {\n      \"ts\": 1783574049967,\n      \"kind\": \"event\",\n      \"method\": null,\n      \"event\": \"presence\",\n      \"ok\": null,\n      \"data\": null\n    },\n    {\n      \"ts\": 1783574050687,\n      \"kind\": \"response\",\n      \"method\": \"tasks.list\",\n      \"event\": null,\n      \"ok\": true,\n      \"data\": {}\n    },\n    {\n      \"ts\": 1783574051014,\n      \"kind\": \"event\",\n      \"method\": null,\n      \"event\": \"health\",\n      \"ok\": null,\n      \"data\": null\n    },\n    {\n      \"ts\": 1783574051018,\n      \"kind\": \"event\",\n      \"method\": null,\n      \"event\": \"presence\",\n      \"ok\": null,\n      \"data\": null\n    },\n    {\n      \"ts\": 1783574051716,\n      \"kind\": \"event\",\n      \"method\": null,\n      \"event\": \"agent\",\n      \"ok\": null,\n      \"data\": null\n    },\n    {\n      \"ts\": 1783574051716,\n      \"kind\": \"event\",\n      \"method\": null,\n      \"event\": \"chat\",\n      \"ok\": null,\n      \"data\": null\n    },\n    {\n      \"ts\": 1783574052047,\n      \"kind\": \"event\",\n      \"method\": null,\n      \"event\": \"agent\",\n      \"ok\": null,\n      \"data\": null\n    },\n    {\n      \"ts\": 1783574052121,\n      \"kind\": \"event\",\n      \"method\": null,\n      \"event\": \"task\",\n      \"ok\": null,\n      \"data\": null\n    },\n    {\n      \"ts\": 1783574052121,\n      \"kind\": \"event\",\n      \"method\": null,\n      \"event\": \"task\",\n      \"ok\": null,\n      \"data\": null\n    },\n    {\n      \"ts\": 1783574052123,\n      \"kind\": \"event\",\n      \"method\": null,\n      \"event\": \"agent\",\n      \"ok\": null,\n      \"data\": null\n    },\n    {\n      \"ts\": 1783574052232,\n      \"kind\": \"event\",\n      \"method\": null,\n      \"event\": \"health\",\n      \"ok\": null,\n      \"data\": null\n    },\n    {\n      \"ts\": 1783574052291,\n      \"kind\": \"event\",\n      \"method\": null,\n      \"event\": \"presence\",\n      \"ok\": null,\n      \"data\": null\n    },\n    {\n      \"ts\": 1783574053364,\n      \"kind\": \"event\",\n      \"method\": null,\n      \"event\": \"health\",\n      \"ok\": null,\n      \"data\": null\n    },\n    {\n      \"ts\": 1783574053369,\n      \"kind\": \"event\",\n      \"method\": null,\n      \"event\": \"presence\",\n      \"ok\": null,\n      \"data\": null\n    },\n    {\n      \"ts\": 1783574054445,\n      \"kind\": \"event\",\n      \"method\": null,\n      \"event\": \"health\",\n      \"ok\": null,\n      \"data\": null\n    },\n    {\n      \"ts\": 1783574054454,\n      \"kind\": \"event\",\n      \"method\": null,\n      \"event\": \"presence\",\n      \"ok\": null,\n      \"data\": null\n    },\n    {\n      \"ts\": 1783574055557,\n      \"kind\": \"event\",\n      \"method\": null,\n      \"event\": \"health\",\n      \"ok\": null,\n      \"data\": null\n    },\n    {\n      \"ts\": 1783574055577,\n      \"kind\": \"event\",\n      \"method\": null,\n      \"event\": \"agent\",\n      \"ok\": null,\n      \"data\": null\n    },\n    {\n      \"ts\": 1783574055582,\n      \"kind\": \"event\",\n      \"method\": null,\n      \"event\": \"presence\",\n      \"ok\": null,\n      \"data\": null\n    },\n    {\n      \"ts\": 1783574055722,\n      \"kind\": \"event\",\n      \"method\": null,\n      \"event\": \"task\",\n      \"ok\": null,\n      \"data\": null\n    },\n    {\n      \"ts\": 1783574055722,\n      \"kind\": \"event\",\n      \"method\": null,\n      \"event\": \"task\",\n      \"ok\": null,\n      \"data\": null\n    },\n    {\n      \"ts\": 1783574055723,\n      \"kind\": \"event\",\n      \"method\": null,\n      \"event\": \"agent\",\n      \"ok\": null,\n      \"data\": null\n    },\n    {\n      \"ts\": 1783574055723,\n      \"kind\": \"event\",\n      \"method\": null,\n      \"event\": \"chat\",\n      \"ok\": null,\n      \"data\": null\n    },\n    {\n      \"ts\": 1783574055723,\n      \"kind\": \"event\",\n      \"method\": null,\n      \"event\": \"task\",\n      \"ok\": null,\n      \"data\": null\n    },\n    {\n      \"ts\": 1783574055724,\n      \"kind\": \"event\",\n      \"method\": null,\n      \"event\": \"task\",\n      \"ok\": null,\n      \"data\": null\n    },\n    {\n      \"ts\": 1783574055724,\n      \"kind\": \"event\",\n      \"method\": null,\n      \"event\": \"task\",\n      \"ok\": null,\n      \"data\": null\n    },\n    {\n      \"ts\": 1783574055725,\n      \"kind\": \"event\",\n      \"method\": null,\n      \"event\": \"task\",\n      \"ok\": null,\n      \"data\": null\n    },\n    {\n      \"ts\": 1783574055725,\n      \"kind\": \"event\",\n      \"method\": null,\n      \"event\": \"task\",\n      \"ok\": null,\n      \"data\": null\n    },\n    {\n      \"ts\": 1783574055725,\n      \"kind\": \"event\",\n      \"method\": null,\n      \"event\": \"task\",\n      \"ok\": null,\n      \"data\": null\n    },\n    {\n      \"ts\": 1783574055726,\n      \"kind\": \"event\",\n      \"method\": null,\n      \"event\": \"task\",\n      \"ok\": null,\n      \"data\": null\n    },\n    {\n      \"ts\": 1783574055726,\n      \"kind\": \"event\",\n      \"method\": null,\n      \"event\": \"task\",\n      \"ok\": null,\n      \"data\": null\n    },\n    {\n      \"ts\": 1783574055727,\n      \"kind\": \"event\",\n      \"method\": null,\n      \"event\": \"task\",\n      \"ok\": null,\n      \"data\": null\n    },\n    {\n      \"ts\": 1783574055727,\n      \"kind\": \"event\",\n      \"method\": null,\n      \"event\": \"task\",\n      \"ok\": null,\n      \"data\": null\n    },\n    {\n      \"ts\": 1783574055728,\n      \"kind\": \"event\",\n      \"method\": null,\n      \"event\": \"task\",\n      \"ok\": null,\n      \"data\": null\n    },\n    {\n      \"ts\": 1783574055728,\n      \"kind\": \"event\",\n      \"method\": null,\n      \"event\": \"task\",\n      \"ok\": null,\n      \"data\": null\n    },\n    {\n      \"ts\": 1783574055729,\n      \"kind\": \"event\",\n      \"method\": null,\n      \"event\": \"task\",\n      \"ok\": null,\n      \"data\": null\n    },\n    {\n      \"ts\": 1783574055729,\n      \"kind\": \"event\",\n      \"method\": null,\n      \"event\": \"task\",\n      \"ok\": null,\n      \"data\": null\n    },\n    {\n      \"ts\": 1783574055730,\n      \"kind\": \"event\",\n      \"method\": null,\n      \"event\": \"task\",\n      \"ok\": null,\n      \"data\": null\n    },\n    {\n      \"ts\": 1783574055730,\n      \"kind\": \"event\",\n      \"method\": null,\n      \"event\": \"task\",\n      \"ok\": null,\n      \"data\": null\n    },\n    {\n      \"ts\": 1783574055731,\n      \"kind\": \"event\",\n      \"method\": null,\n      \"event\": \"task\",\n      \"ok\": null,\n      \"data\": null\n    },\n    {\n      \"ts\": 1783574055731,\n      \"kind\": \"event\",\n      \"method\": null,\n      \"event\": \"task\",\n      \"ok\": null,\n      \"data\": null\n    },\n    {\n      \"ts\": 1783574055732,\n      \"kind\": \"event\",\n      \"method\": null,\n      \"event\": \"task\",\n      \"ok\": null,\n      \"data\": null\n    },\n    {\n      \"ts\": 1783574055732,\n      \"kind\": \"event\",\n      \"method\": null,\n      \"event\": \"task\",\n      \"ok\": null,\n      \"data\": null\n    },\n    {\n      \"ts\": 1783574055760,\n      \"kind\": \"event\",\n      \"method\": null,\n      \"event\": \"task\",\n      \"ok\": null,\n      \"data\": null\n    },\n    {\n      \"ts\": 1783574055760,\n      \"kind\": \"event\",\n      \"method\": null,\n      \"event\": \"task\",\n      \"ok\": null,\n      \"data\": null\n    },\n    {\n      \"ts\": 1783574055761,\n      \"kind\": \"event\",\n      \"method\": null,\n      \"event\": \"task\",\n      \"ok\": null,\n      \"data\": null\n    },\n    {\n      \"ts\": 1783574055761,\n      \"kind\": \"event\",\n      \"method\": null,\n      \"event\": \"task\",\n      \"ok\": null,\n      \"data\": null\n    },\n    {\n      \"ts\": 1783574055772,\n      \"kind\": \"event\",\n      \"method\": null,\n      \"event\": \"task\",\n      \"ok\": null,\n      \"data\": null\n    },\n    {\n      \"ts\": 1783574055775,\n      \"kind\": \"event\",\n      \"method\": null,\n      \"event\": \"task\",\n      \"ok\": null,\n      \"data\": null\n    },\n    {\n      \"ts\": 1783574055777,\n      \"kind\": \"event\",\n      \"method\": null,\n      \"event\": \"task\",\n      \"ok\": null,\n      \"data\": null\n    },\n    {\n      \"ts\": 1783574055777,\n      \"kind\": \"event\",\n      \"method\": null,\n      \"event\": \"task\",\n      \"ok\": null,\n      \"data\": null\n    },\n    {\n      \"ts\": 1783574055778,\n      \"kind\": \"event\",\n      \"method\": null,\n      \"event\": \"task\",\n      \"ok\": null,\n      \"data\": null\n    },\n    {\n      \"ts\": 1783574055778,\n      \"kind\": \"event\",\n      \"method\": null,\n      \"event\": \"task\",\n      \"ok\": null,\n      \"data\": null\n    },\n    {\n      \"ts\": 1783574055779,\n      \"kind\": \"event\",\n      \"method\": null,\n      \"event\": \"task\",\n      \"ok\": null,\n      \"data\": null\n    },\n    {\n      \"ts\": 1783574055779,\n      \"kind\": \"event\",\n      \"method\": null,\n      \"event\": \"task\",\n      \"ok\": null,\n      \"data\": null\n    },\n    {\n      \"ts\": 1783574055780,\n      \"kind\": \"event\",\n      \"method\": null,\n      \"event\": \"task\",\n      \"ok\": null,\n      \"data\": null\n    },\n    {\n      \"ts\": 1783574055780,\n      \"kind\": \"event\",\n      \"method\": null,\n      \"event\": \"task\",\n      \"ok\": null,\n      \"data\": null\n    },\n    {\n      \"ts\": 1783574055781,\n      \"kind\": \"event\",\n      \"method\": null,\n      \"event\": \"task\",\n      \"ok\": null,\n      \"data\": null\n    },\n    {\n      \"ts\": 1783574055781,\n      \"kind\": \"event\",\n      \"method\": null,\n      \"event\": \"task\",\n      \"ok\": null,\n      \"data\": null\n    },\n    {\n      \"ts\": 1783574055782,\n      \"kind\": \"event\",\n      \"method\": null,\n      \"event\": \"task\",\n      \"ok\": null,\n      \"data\": null\n    },\n    {\n      \"ts\": 1783574055782,\n      \"kind\": \"event\",\n      \"method\": null,\n      \"event\": \"task\",\n      \"ok\": null,\n      \"data\": null\n    },\n    {\n      \"ts\": 1783574055782,\n      \"kind\": \"event\",\n      \"method\": null,\n      \"event\": \"task\",\n      \"ok\": null,\n      \"data\": null\n    },\n    {\n      \"ts\": 1783574055782,\n      \"kind\": \"event\",\n      \"method\": null,\n      \"event\": \"task\",\n      \"ok\": null,\n      \"data\": null\n    },\n    {\n      \"ts\": 1783574055799,\n      \"kind\": \"event\",\n      \"method\": null,\n      \"event\": \"task\",\n      \"ok\": null,\n      \"data\": null\n    },\n    {\n      \"ts\": 1783574055800,\n      \"kind\": \"event\",\n      \"method\": null,\n      \"event\": \"task\",\n      \"ok\": null,\n      \"data\": null\n    },\n    {\n      \"ts\": 1783574055800,\n      \"kind\": \"event\",\n      \"method\": null,\n      \"event\": \"agent\",\n      \"ok\": null,\n      \"data\": null\n    },\n    {\n      \"ts\": 1783574055800,\n      \"kind\": \"event\",\n      \"method\": null,\n      \"event\": \"agent\",\n      \"ok\": null,\n      \"data\": null\n    },\n    {\n      \"ts\": 1783574055943,\n      \"kind\": \"event\",\n      \"method\": null,\n      \"event\": \"task\",\n      \"ok\": null,\n      \"data\": null\n    },\n    {\n      \"ts\": 1783574055944,\n      \"kind\": \"event\",\n      \"method\": null,\n      \"event\": \"task\",\n      \"ok\": null,\n      \"data\": null\n    },\n    {\n      \"ts\": 1783574055997,\n      \"kind\": \"event\",\n      \"method\": null,\n      \"event\": \"agent\",\n      \"ok\": null,\n      \"data\": null\n    },\n    {\n      \"ts\": 1783574055997,\n      \"kind\": \"event\",\n      \"method\": null,\n      \"event\": \"chat\",\n      \"ok\": null,\n      \"data\": null\n    },\n    {\n      \"ts\": 1783574055997,\n      \"kind\": \"event\",\n      \"method\": null,\n      \"event\": \"chat\",\n      \"ok\": null,\n      \"data\": null\n    },\n    {\n      \"ts\": 1783574056002,\n      \"kind\": \"event\",\n      \"method\": null,\n      \"event\": \"task\",\n      \"ok\": null,\n      \"data\": null\n    },\n    {\n      \"ts\": 1783574056047,\n      \"kind\": \"event\",\n      \"method\": null,\n      \"event\": \"presence\",\n      \"ok\": null,\n      \"data\": null\n    },\n    {\n      \"ts\": 1783574056164,\n      \"kind\": \"event\",\n      \"method\": null,\n      \"event\": \"health\",\n      \"ok\": null,\n      \"data\": null\n    },\n    {\n      \"ts\": 1783574056184,\n      \"kind\": \"event\",\n      \"method\": null,\n      \"event\": \"presence\",\n      \"ok\": null,\n      \"data\": null\n    },\n    {\n      \"ts\": 1783574056233,\n      \"kind\": \"event\",\n      \"method\": null,\n      \"event\": \"task\",\n      \"ok\": null,\n      \"data\": null\n    },\n    {\n      \"ts\": 1783574056281,\n      \"kind\": \"event\",\n      \"method\": null,\n      \"event\": \"task\",\n      \"ok\": null,\n      \"data\": null\n    },\n    {\n      \"ts\": 1783574057195,\n      \"kind\": \"event\",\n      \"method\": null,\n      \"event\": \"health\",\n      \"ok\": null,\n      \"data\": null\n    },\n    {\n      \"ts\": 1783574057261,\n      \"kind\": \"event\",\n      \"method\": null,\n      \"event\": \"health\",\n      \"ok\": null,\n      \"data\": null\n    },\n    {\n      \"ts\": 1783574057289,\n      \"kind\": \"event\",\n      \"method\": null,\n      \"event\": \"presence\",\n      \"ok\": null,\n      \"data\": null\n    },\n    {\n      \"ts\": 1783574057810,\n      \"kind\": \"event\",\n      \"method\": null,\n      \"event\": \"presence\",\n      \"ok\": null,\n      \"data\": null\n    },\n    {\n      \"ts\": 1783574057841,\n      \"kind\": \"event\",\n      \"method\": null,\n      \"event\": \"agent\",\n      \"ok\": null,\n      \"data\": null\n    },\n    {\n      \"ts\": 1783574058115,\n      \"kind\": \"event\",\n      \"method\": null,\n      \"event\": \"health\",\n      \"ok\": null,\n      \"data\": null\n    },\n    {\n      \"ts\": 1783574058200,\n      \"kind\": \"event\",\n      \"method\": null,\n      \"event\": \"presence\",\n      \"ok\": null,\n      \"data\": null\n    },\n    {\n      \"ts\": 1783574058271,\n      \"kind\": \"event\",\n      \"method\": null,\n      \"event\": \"health\",\n      \"ok\": null,\n      \"data\": null\n    },\n    {\n      \"ts\": 1783574058360,\n      \"kind\": \"event\",\n      \"method\": null,\n      \"event\": \"health\",\n      \"ok\": null,\n      \"data\": null\n    },\n    {\n      \"ts\": 1783574058361,\n      \"kind\": \"event\",\n      \"method\": null,\n      \"event\": \"presence\",\n      \"ok\": null,\n      \"data\": null\n    },\n    {\n      \"ts\": 1783574058412,\n      \"kind\": \"event\",\n      \"method\": null,\n      \"event\": \"health\",\n      \"ok\": null,\n      \"data\": null\n    },\n    {\n      \"ts\": 1783574058419,\n      \"kind\": \"event\",\n      \"method\": null,\n      \"event\": \"presence\",\n      \"ok\": null,\n      \"data\": null\n    },\n    {\n      \"ts\": 1783574058423,\n      \"kind\": \"event\",\n      \"method\": null,\n      \"event\": \"presence\",\n      \"ok\": null,\n      \"data\": null\n    },\n    {\n      \"ts\": 1783574058535,\n      \"kind\": \"event\",\n      \"method\": null,\n      \"event\": \"task\",\n      \"ok\": null,\n      \"data\": null\n    },\n    {\n      \"ts\": 1783574059493,\n      \"kind\": \"event\",\n      \"method\": null,\n      \"event\": \"health\",\n      \"ok\": null,\n      \"data\": null\n    },\n    {\n      \"ts\": 1783574059497,\n      \"kind\": \"event\",\n      \"method\": null,\n      \"event\": \"presence\",\n      \"ok\": null,\n      \"data\": null\n    },\n    {\n      \"ts\": 1783574060580,\n      \"kind\": \"event\",\n      \"method\": null,\n      \"event\": \"health\",\n      \"ok\": null,\n      \"data\": null\n    },\n    {\n      \"ts\": 1783574060586,\n      \"kind\": \"event\",\n      \"method\": null,\n      \"event\": \"presence\",\n      \"ok\": null,\n      \"data\": null\n    },\n    {\n      \"ts\": 1783574061669,\n      \"kind\": \"event\",\n      \"method\": null,\n      \"event\": \"health\",\n      \"ok\": null,\n      \"data\": null\n    },\n    {\n      \"ts\": 1783574061673,\n      \"kind\": \"event\",\n      \"method\": null,\n      \"event\": \"presence\",\n      \"ok\": null,\n      \"data\": null\n    },\n    {\n      \"ts\": 1783574062152,\n      \"kind\": \"event\",\n      \"method\": null,\n      \"event\": \"agent\",\n      \"ok\": null,\n      \"data\": null\n    },\n    {\n      \"ts\": 1783574062152,\n      \"kind\": \"event\",\n      \"method\": null,\n      \"event\": \"chat\",\n      \"ok\": null,\n      \"data\": null\n    },\n    {\n      \"ts\": 1783574062523,\n      \"kind\": \"event\",\n      \"method\": null,\n      \"event\": \"agent\",\n      \"ok\": null,\n      \"data\": null\n    },\n    {\n      \"ts\": 1783574062552,\n      \"kind\": \"event\",\n      \"method\": null,\n      \"event\": \"agent\",\n      \"ok\": null,\n      \"data\": null\n    },\n    {\n      \"ts\": 1783574062742,\n      \"kind\": \"event\",\n      \"method\": null,\n      \"event\": \"health\",\n      \"ok\": null,\n      \"data\": null\n    },\n    {\n      \"ts\": 1783574062754,\n      \"kind\": \"event\",\n      \"method\": null,\n      \"event\": \"presence\",\n      \"ok\": null,\n      \"data\": null\n    },\n    {\n      \"ts\": 1783574063853,\n      \"kind\": \"event\",\n      \"method\": null,\n      \"event\": \"health\",\n      \"ok\": null,\n      \"data\": null\n    },\n    {\n      \"ts\": 1783574063855,\n      \"kind\": \"event\",\n      \"method\": null,\n      \"event\": \"presence\",\n      \"ok\": null,\n      \"data\": null\n    },\n    {\n      \"ts\": 1783574064903,\n      \"kind\": \"event\",\n      \"method\": null,\n      \"event\": \"health\",\n      \"ok\": null,\n      \"data\": null\n    },\n    {\n      \"ts\": 1783574064908,\n      \"kind\": \"event\",\n      \"method\": null,\n      \"event\": \"presence\",\n      \"ok\": null,\n      \"data\": null\n    },\n    {\n      \"ts\": 1783574065054,\n      \"kind\": \"event\",\n      \"method\": null,\n      \"event\": \"agent\",\n      \"ok\": null,\n      \"data\": null\n    },\n    {\n      \"ts\": 1783574065960,\n      \"kind\": \"event\",\n      \"method\": null,\n      \"event\": \"health\",\n      \"ok\": null,\n      \"data\": null\n    },\n    {\n      \"ts\": 1783574065966,\n      \"kind\": \"event\",\n      \"method\": null,\n      \"event\": \"presence\",\n      \"ok\": null,\n      \"data\": null\n    },\n    {\n      \"ts\": 1783574067075,\n      \"kind\": \"event\",\n      \"method\": null,\n      \"event\": \"health\",\n      \"ok\": null,\n      \"data\": null\n    },\n    {\n      \"ts\": 1783574067130,\n      \"kind\": \"event\",\n      \"method\": null,\n      \"event\": \"health\",\n      \"ok\": null,\n      \"data\": null\n    },\n    {\n      \"ts\": 1783574067150,\n      \"kind\": \"event\",\n      \"method\": null,\n      \"event\": \"presence\",\n      \"ok\": null,\n      \"data\": null\n    },\n    {\n      \"ts\": 1783574067155,\n      \"kind\": \"event\",\n      \"method\": null,\n      \"event\": \"presence\",\n      \"ok\": null,\n      \"data\": null\n    },\n    {\n      \"ts\": 1783574067749,\n      \"kind\": \"event\",\n      \"method\": null,\n      \"event\": \"agent\",\n      \"ok\": null,\n      \"data\": null\n    },\n    {\n      \"ts\": 1783574068013,\n      \"kind\": \"event\",\n      \"method\": null,\n      \"event\": \"agent\",\n      \"ok\": null,\n      \"data\": null\n    },\n    {\n      \"ts\": 1783574068050,\n      \"kind\": \"event\",\n      \"method\": null,\n      \"event\": \"agent\",\n      \"ok\": null,\n      \"data\": null\n    },\n    {\n      \"ts\": 1783574068181,\n      \"kind\": \"event\",\n      \"method\": null,\n      \"event\": \"health\",\n      \"ok\": null,\n      \"data\": null\n    },\n    {\n      \"ts\": 1783574068192,\n      \"kind\": \"event\",\n      \"method\": null,\n      \"event\": \"presence\",\n      \"ok\": null,\n      \"data\": null\n    },\n    {\n      \"ts\": 1783574069177,\n      \"kind\": \"event\",\n      \"method\": null,\n      \"event\": \"agent\",\n      \"ok\": null,\n      \"data\": null\n    },\n    {\n      \"ts\": 1783574069178,\n      \"kind\": \"event\",\n      \"method\": null,\n      \"event\": \"chat\",\n      \"ok\": null,\n      \"data\": null\n    },\n    {\n      \"ts\": 1783574069259,\n      \"kind\": \"event\",\n      \"method\": null,\n      \"event\": \"health\",\n      \"ok\": null,\n      \"data\": null\n    },\n    {\n      \"ts\": 1783574069270,\n      \"kind\": \"event\",\n      \"method\": null,\n      \"event\": \"presence\",\n      \"ok\": null,\n      \"data\": null\n    },\n    {\n      \"ts\": 1783574069619,\n      \"kind\": \"event\",\n      \"method\": null,\n      \"event\": \"agent\",\n      \"ok\": null,\n      \"data\": null\n    },\n    {\n      \"ts\": 1783574069636,\n      \"kind\": \"event\",\n      \"method\": null,\n      \"event\": \"agent\",\n      \"ok\": null,\n      \"data\": null\n    },\n    {\n      \"ts\": 1783574069687,\n      \"kind\": \"event\",\n      \"method\": null,\n      \"event\": \"session.message\",\n      \"ok\": null,\n      \"data\": null\n    },\n    {\n      \"ts\": 1783574070379,\n      \"kind\": \"event\",\n      \"method\": null,\n      \"event\": \"health\",\n      \"ok\": null,\n      \"data\": null\n    },\n    {\n      \"ts\": 1783574070386,\n      \"kind\": \"event\",\n      \"method\": null,\n      \"event\": \"presence\",\n      \"ok\": null,\n      \"data\": null\n    },\n    {\n      \"ts\": 1783574070688,\n      \"kind\": \"response\",\n      \"method\": \"tasks.list\",\n      \"event\": null,\n      \"ok\": true,\n      \"data\": {}\n    },\n    {\n      \"ts\": 1783574071442,\n      \"kind\": \"event\",\n      \"method\": null,\n      \"event\": \"health\",\n      \"ok\": null,\n      \"data\": null\n    },\n    {\n      \"ts\": 1783574071496,\n      \"kind\": \"event\",\n      \"method\": null,\n      \"event\": \"health\",\n      \"ok\": null,\n      \"data\": null\n    },\n    {\n      \"ts\": 1783574071534,\n      \"kind\": \"event\",\n      \"method\": null,\n      \"event\": \"presence\",\n      \"ok\": null,\n      \"data\": null\n    },\n    {\n      \"ts\": 1783574071550,\n      \"kind\": \"event\",\n      \"method\": null,\n      \"event\": \"presence\",\n      \"ok\": null,\n      \"data\": null\n    },\n    {\n      \"ts\": 1783574071599,\n      \"kind\": \"event\",\n      \"method\": null,\n      \"event\": \"health\",\n      \"ok\": null,\n      \"data\": null\n    },\n    {\n      \"ts\": 1783574071635,\n      \"kind\": \"event\",\n      \"method\": null,\n      \"event\": \"presence\",\n      \"ok\": null,\n      \"data\": null\n    },\n    {\n      \"ts\": 1783574071686,\n      \"kind\": \"event\",\n      \"method\": null,\n      \"event\": \"health\",\n      \"ok\": null,\n      \"data\": null\n    },\n    {\n      \"ts\": 1783574071693,\n      \"kind\": \"event\",\n      \"method\": null,\n      \"event\": \"presence\",\n      \"ok\": null,\n      \"data\": null\n    },\n    {\n      \"ts\": 1783574072633,\n      \"kind\": \"event\",\n      \"method\": null,\n      \"event\": \"health\",\n      \"ok\": null,\n      \"data\": null\n    },\n    {\n      \"ts\": 1783574072642,\n      \"kind\": \"event\",\n      \"method\": null,\n      \"event\": \"presence\",\n      \"ok\": null,\n      \"data\": null\n    },\n    {\n      \"ts\": 1783574073009,\n      \"kind\": \"event\",\n      \"method\": null,\n      \"event\": \"agent\",\n      \"ok\": null,\n      \"data\": null\n    },\n    {\n      \"ts\": 1783574073009,\n      \"kind\": \"event\",\n      \"method\": null,\n      \"event\": \"chat\",\n      \"ok\": null,\n      \"data\": null\n    },\n    {\n      \"ts\": 1783574073052,\n      \"kind\": \"event\",\n      \"method\": null,\n      \"event\": \"agent\",\n      \"ok\": null,\n      \"data\": null\n    },\n    {\n      \"ts\": 1783574073174,\n      \"kind\": \"event\",\n      \"method\": null,\n      \"event\": \"agent\",\n      \"ok\": null,\n      \"data\": null\n    },\n    {\n      \"ts\": 1783574073174,\n      \"kind\": \"event\",\n      \"method\": null,\n      \"event\": \"agent\",\n      \"ok\": null,\n      \"data\": null\n    },\n    {\n      \"ts\": 1783574073174,\n      \"kind\": \"event\",\n      \"method\": null,\n      \"event\": \"chat\",\n      \"ok\": null,\n      \"data\": null\n    },\n    {\n      \"ts\": 1783574073192,\n      \"kind\": \"event\",\n      \"method\": null,\n      \"event\": \"agent\",\n      \"ok\": null,\n      \"data\": null\n    },\n    {\n      \"ts\": 1783574073298,\n      \"kind\": \"event\",\n      \"method\": null,\n      \"event\": \"agent\",\n      \"ok\": null,\n      \"data\": null\n    },\n    {\n      \"ts\": 1783574073298,\n      \"kind\": \"event\",\n      \"method\": null,\n      \"event\": \"chat\",\n      \"ok\": null,\n      \"data\": null\n    },\n    {\n      \"ts\": 1783574073722,\n      \"kind\": \"event\",\n      \"method\": null,\n      \"event\": \"health\",\n      \"ok\": null,\n      \"data\": null\n    },\n    {\n      \"ts\": 1783574073729,\n      \"kind\": \"event\",\n      \"method\": null,\n      \"event\": \"presence\",\n      \"ok\": null,\n      \"data\": null\n    },\n    {\n      \"ts\": 1783574074877,\n      \"kind\": \"event\",\n      \"method\": null,\n      \"event\": \"health\",\n      \"ok\": null,\n      \"data\": null\n    },\n    {\n      \"ts\": 1783574074900,\n      \"kind\": \"event\",\n      \"method\": null,\n      \"event\": \"session.message\",\n      \"ok\": null,\n      \"data\": null\n    }\n  ],\n  \"ended\": \"2026-07-09T05:14:34.900Z\",\n  \"duration_ms\": 34571,\n  \"verdict\": \"PASS-candidate\"\n}" source=console
project81 k6 proof on ronan	Run Project 81 k6 proof wrapper	2026-07-09T05:14:34.9194710Z time="2026-07-08T22:14:34-07:00" level=info msg="--- END EVIDENCE ---" source=console
project81 k6 proof on ronan	Run Project 81 k6 proof wrapper	2026-07-09T05:14:34.9195604Z time="2026-07-08T22:14:34-07:00" level=info msg="\n[R-CD-3] VERDICT: PASS-candidate" source=console
project81 k6 proof on ronan	Run Project 81 k6 proof wrapper	2026-07-09T05:14:34.9195971Z 
project81 k6 proof on ronan	Run Project 81 k6 proof wrapper	2026-07-09T05:14:34.9196142Z running (0m34.6s), 0/1 VUs, 1 complete and 0 interrupted iterations
project81 k6 proof on ronan	Run Project 81 k6 proof wrapper	2026-07-09T05:14:34.9196904Z r_cd_3_post_compaction ✓ [ 100% ] 1 VUs  0m34.6s/3m0s  1/1 shared iters
project81 k6 proof on ronan	Run Project 81 k6 proof wrapper	2026-07-09T05:14:34.9963648Z ./r-cd-3-summary.json
project81 k6 proof on ronan	Run Project 81 k6 proof wrapper	2026-07-09T05:14:35.1142241Z [R-CD-3] METRICS: /home/figs/actions-runner/_work/openclaw-bootstrap/openclaw-bootstrap/openclaw-bootstrap/PROOFS/ee9295cc6bb4fb27b135c3c21252ef9e815e2766/project81-k6/20260709T051307Z-ronan-dgx-4013874/5292af40d0ad5303b85a678f6e629503a8725848/R-CD-3/ronan/20260709T051400Z-r-cd-3/openclaw-proofs-k6.prom
project81 k6 proof on ronan	Run Project 81 k6 proof wrapper	2026-07-09T05:14:35.1154410Z [R-CD-3] ARTIFACTS: /home/figs/actions-runner/_work/openclaw-bootstrap/openclaw-bootstrap/openclaw-bootstrap/PROOFS/ee9295cc6bb4fb27b135c3c21252ef9e815e2766/project81-k6/20260709T051307Z-ronan-dgx-4013874/5292af40d0ad5303b85a678f6e629503a8725848/R-CD-3/ronan/20260709T051400Z-r-cd-3
project81 k6 proof on ronan	Run Project 81 k6 proof wrapper	2026-07-09T05:14:35.1155730Z [R-CD-3] COMPLETED.
project81 k6 proof on ronan	Run Project 81 k6 proof wrapper	2026-07-09T05:14:35.1156132Z Observability check: query Grafana for run/nonce or review Tempo traces if trace ID was emitted.
project81 k6 proof on ronan	Run Project 81 k6 proof wrapper	2026-07-09T05:14:35.1382210Z 
project81 k6 proof on ronan	Run Project 81 k6 proof wrapper	2026-07-09T05:14:35.1383462Z ----------------------------------------
project81 k6 proof on ronan	Run Project 81 k6 proof wrapper	2026-07-09T05:14:35.1383780Z Row: R-CD-4
project81 k6 proof on ronan	Run Project 81 k6 proof wrapper	2026-07-09T05:14:35.1384394Z Manifest: /home/figs/actions-runner/_work/openclaw-bootstrap/openclaw-bootstrap/karmaterminal-openclaw-docs/tools/k6-proofs/manifests/r-cd-4.json
project81 k6 proof on ronan	Run Project 81 k6 proof wrapper	2026-07-09T05:14:35.1385127Z Scenario: scenarios/r-cd-4-target-session-key.js
project81 k6 proof on ronan	Run Project 81 k6 proof wrapper	2026-07-09T05:14:35.1385437Z Status: runnable
project81 k6 proof on ronan	Run Project 81 k6 proof wrapper	2026-07-09T05:14:35.1385629Z Live Safety: k6-runnable
project81 k6 proof on ronan	Run Project 81 k6 proof wrapper	2026-07-09T05:14:35.1385841Z [R-CD-4] RUNNING...
project81 k6 proof on ronan	Run Project 81 k6 proof wrapper	2026-07-09T05:14:35.1643383Z 
project81 k6 proof on ronan	Run Project 81 k6 proof wrapper	2026-07-09T05:14:35.1644356Z          /\      Grafana   /‾‾/  
project81 k6 proof on ronan	Run Project 81 k6 proof wrapper	2026-07-09T05:14:35.1644577Z     /\  /  \     |\  __   /  /   
project81 k6 proof on ronan	Run Project 81 k6 proof wrapper	2026-07-09T05:14:35.1644720Z    /  \/    \    | |/ /  /   ‾‾\ 
project81 k6 proof on ronan	Run Project 81 k6 proof wrapper	2026-07-09T05:14:35.1644876Z   /          \   |   (  |  (‾)  |
project81 k6 proof on ronan	Run Project 81 k6 proof wrapper	2026-07-09T05:14:35.1644989Z  / __________ \  |_|\_\  \_____/ 
project81 k6 proof on ronan	Run Project 81 k6 proof wrapper	2026-07-09T05:14:35.1645066Z 
project81 k6 proof on ronan	Run Project 81 k6 proof wrapper	2026-07-09T05:14:35.1645069Z 
project81 k6 proof on ronan	Run Project 81 k6 proof wrapper	2026-07-09T05:14:35.1645110Z      execution: local
project81 k6 proof on ronan	Run Project 81 k6 proof wrapper	2026-07-09T05:14:35.1645253Z         script: scenarios/r-cd-4-target-session-key.js
project81 k6 proof on ronan	Run Project 81 k6 proof wrapper	2026-07-09T05:14:35.1645424Z         output: -
project81 k6 proof on ronan	Run Project 81 k6 proof wrapper	2026-07-09T05:14:35.1645486Z 
project81 k6 proof on ronan	Run Project 81 k6 proof wrapper	2026-07-09T05:14:35.1645618Z      scenarios: (100.00%) 1 scenario, 1 max VUs, 2m30s max duration (incl. graceful stop):
project81 k6 proof on ronan	Run Project 81 k6 proof wrapper	2026-07-09T05:14:35.1645954Z               * r_cd_4_target_session: 1 iterations shared among 1 VUs (maxDuration: 2m0s, gracefulStop: 30s)
project81 k6 proof on ronan	Run Project 81 k6 proof wrapper	2026-07-09T05:14:35.1646157Z 
project81 k6 proof on ronan	Run Project 81 k6 proof wrapper	2026-07-09T05:14:35.7787375Z time="2026-07-08T22:14:35-07:00" level=info msg="✓ disposable parent session created: agent:main:r-cd-4-parent-r-cd-4-1783574075165-xj43awp3" source=console
project81 k6 proof on ronan	Run Project 81 k6 proof wrapper	2026-07-09T05:14:35.8746533Z time="2026-07-08T22:14:35-07:00" level=info msg="✓ disposable target session created: agent:main:r-cd-4-target-r-cd-4-1783574075165-xj43awp3" source=console
project81 k6 proof on ronan	Run Project 81 k6 proof wrapper	2026-07-09T05:14:36.1655997Z 
project81 k6 proof on ronan	Run Project 81 k6 proof wrapper	2026-07-09T05:14:36.1657503Z running (0m01.0s), 1/1 VUs, 0 complete and 0 interrupted iterations
project81 k6 proof on ronan	Run Project 81 k6 proof wrapper	2026-07-09T05:14:36.1657982Z r_cd_4_target_session   [   0% ] 1 VUs  0m01.0s/2m0s  0/1 shared iters
project81 k6 proof on ronan	Run Project 81 k6 proof wrapper	2026-07-09T05:14:36.4069240Z time="2026-07-08T22:14:36-07:00" level=info msg="✓ sessions.send accepted — agent turn triggered for R-CD-4 (targetSessionKey)" source=console
project81 k6 proof on ronan	Run Project 81 k6 proof wrapper	2026-07-09T05:14:37.1648711Z 
project81 k6 proof on ronan	Run Project 81 k6 proof wrapper	2026-07-09T05:14:37.1650213Z running (0m02.0s), 1/1 VUs, 0 complete and 0 interrupted iterations
project81 k6 proof on ronan	Run Project 81 k6 proof wrapper	2026-07-09T05:14:37.1650688Z r_cd_4_target_session   [   0% ] 1 VUs  0m02.0s/2m0s  0/1 shared iters
project81 k6 proof on ronan	Run Project 81 k6 proof wrapper	2026-07-09T05:14:38.1655767Z 
project81 k6 proof on ronan	Run Project 81 k6 proof wrapper	2026-07-09T05:14:38.1656240Z running (0m03.0s), 1/1 VUs, 0 complete and 0 interrupted iterations
project81 k6 proof on ronan	Run Project 81 k6 proof wrapper	2026-07-09T05:14:38.1656925Z r_cd_4_target_session   [   0% ] 1 VUs  0m03.0s/2m0s  0/1 shared iters
project81 k6 proof on ronan	Run Project 81 k6 proof wrapper	2026-07-09T05:14:39.1646831Z 
project81 k6 proof on ronan	Run Project 81 k6 proof wrapper	2026-07-09T05:14:39.1648280Z running (0m04.0s), 1/1 VUs, 0 complete and 0 interrupted iterations
project81 k6 proof on ronan	Run Project 81 k6 proof wrapper	2026-07-09T05:14:39.1649412Z r_cd_4_target_session   [   0% ] 1 VUs  0m04.0s/2m0s  0/1 shared iters
project81 k6 proof on ronan	Run Project 81 k6 proof wrapper	2026-07-09T05:14:40.1643364Z 
project81 k6 proof on ronan	Run Project 81 k6 proof wrapper	2026-07-09T05:14:40.1643815Z running (0m05.0s), 1/1 VUs, 0 complete and 0 interrupted iterations
project81 k6 proof on ronan	Run Project 81 k6 proof wrapper	2026-07-09T05:14:40.1644290Z r_cd_4_target_session   [   0% ] 1 VUs  0m05.0s/2m0s  0/1 shared iters
project81 k6 proof on ronan	Run Project 81 k6 proof wrapper	2026-07-09T05:14:41.1645188Z 
project81 k6 proof on ronan	Run Project 81 k6 proof wrapper	2026-07-09T05:14:41.1645728Z running (0m06.0s), 1/1 VUs, 0 complete and 0 interrupted iterations
project81 k6 proof on ronan	Run Project 81 k6 proof wrapper	2026-07-09T05:14:41.1646233Z r_cd_4_target_session   [   0% ] 1 VUs  0m06.0s/2m0s  0/1 shared iters
project81 k6 proof on ronan	Run Project 81 k6 proof wrapper	2026-07-09T05:14:42.1656735Z 
project81 k6 proof on ronan	Run Project 81 k6 proof wrapper	2026-07-09T05:14:42.1658298Z running (0m07.0s), 1/1 VUs, 0 complete and 0 interrupted iterations
project81 k6 proof on ronan	Run Project 81 k6 proof wrapper	2026-07-09T05:14:42.1658780Z r_cd_4_target_session   [   0% ] 1 VUs  0m07.0s/2m0s  0/1 shared iters
project81 k6 proof on ronan	Run Project 81 k6 proof wrapper	2026-07-09T05:14:43.1649162Z 
project81 k6 proof on ronan	Run Project 81 k6 proof wrapper	2026-07-09T05:14:43.1650734Z running (0m08.0s), 1/1 VUs, 0 complete and 0 interrupted iterations
project81 k6 proof on ronan	Run Project 81 k6 proof wrapper	2026-07-09T05:14:43.1651242Z r_cd_4_target_session   [   0% ] 1 VUs  0m08.0s/2m0s  0/1 shared iters
project81 k6 proof on ronan	Run Project 81 k6 proof wrapper	2026-07-09T05:14:44.1651224Z 
project81 k6 proof on ronan	Run Project 81 k6 proof wrapper	2026-07-09T05:14:44.1651861Z running (0m09.0s), 1/1 VUs, 0 complete and 0 interrupted iterations
project81 k6 proof on ronan	Run Project 81 k6 proof wrapper	2026-07-09T05:14:44.1652347Z r_cd_4_target_session   [   0% ] 1 VUs  0m09.0s/2m0s  0/1 shared iters
project81 k6 proof on ronan	Run Project 81 k6 proof wrapper	2026-07-09T05:14:45.1650257Z 
project81 k6 proof on ronan	Run Project 81 k6 proof wrapper	2026-07-09T05:14:45.1650746Z running (0m10.0s), 1/1 VUs, 0 complete and 0 interrupted iterations
project81 k6 proof on ronan	Run Project 81 k6 proof wrapper	2026-07-09T05:14:45.1651222Z r_cd_4_target_session   [   0% ] 1 VUs  0m10.0s/2m0s  0/1 shared iters
project81 k6 proof on ronan	Run Project 81 k6 proof wrapper	2026-07-09T05:14:46.1658759Z 
project81 k6 proof on ronan	Run Project 81 k6 proof wrapper	2026-07-09T05:14:46.1662667Z running (0m11.0s), 1/1 VUs, 0 complete and 0 interrupted iterations
project81 k6 proof on ronan	Run Project 81 k6 proof wrapper	2026-07-09T05:14:46.1663247Z r_cd_4_target_session   [   0% ] 1 VUs  0m11.0s/2m0s  0/1 shared iters
project81 k6 proof on ronan	Run Project 81 k6 proof wrapper	2026-07-09T05:14:47.1654336Z 
project81 k6 proof on ronan	Run Project 81 k6 proof wrapper	2026-07-09T05:14:47.1655829Z running (0m12.0s), 1/1 VUs, 0 complete and 0 interrupted iterations
project81 k6 proof on ronan	Run Project 81 k6 proof wrapper	2026-07-09T05:14:47.1656304Z r_cd_4_target_session   [   0% ] 1 VUs  0m12.0s/2m0s  0/1 shared iters
project81 k6 proof on ronan	Run Project 81 k6 proof wrapper	2026-07-09T05:14:48.1656730Z 
project81 k6 proof on ronan	Run Project 81 k6 proof wrapper	2026-07-09T05:14:48.1658249Z running (0m13.0s), 1/1 VUs, 0 complete and 0 interrupted iterations
project81 k6 proof on ronan	Run Project 81 k6 proof wrapper	2026-07-09T05:14:48.1658734Z r_cd_4_target_session   [   0% ] 1 VUs  0m13.0s/2m0s  0/1 shared iters
project81 k6 proof on ronan	Run Project 81 k6 proof wrapper	2026-07-09T05:14:49.1650495Z 
project81 k6 proof on ronan	Run Project 81 k6 proof wrapper	2026-07-09T05:14:49.1650946Z running (0m14.0s), 1/1 VUs, 0 complete and 0 interrupted iterations
project81 k6 proof on ronan	Run Project 81 k6 proof wrapper	2026-07-09T05:14:49.1651419Z r_cd_4_target_session   [   0% ] 1 VUs  0m14.0s/2m0s  0/1 shared iters
project81 k6 proof on ronan	Run Project 81 k6 proof wrapper	2026-07-09T05:14:49.3297087Z time="2026-07-08T22:14:49-07:00" level=info msg="✓ Delayed return/wake landed in TARGET session" source=console
project81 k6 proof on ronan	Run Project 81 k6 proof wrapper	2026-07-09T05:14:50.1651964Z 
project81 k6 proof on ronan	Run Project 81 k6 proof wrapper	2026-07-09T05:14:50.1653302Z running (0m15.0s), 1/1 VUs, 0 complete and 0 interrupted iterations
project81 k6 proof on ronan	Run Project 81 k6 proof wrapper	2026-07-09T05:14:50.1653777Z r_cd_4_target_session   [   0% ] 1 VUs  0m15.0s/2m0s  0/1 shared iters
project81 k6 proof on ronan	Run Project 81 k6 proof wrapper	2026-07-09T05:14:51.1655018Z 
project81 k6 proof on ronan	Run Project 81 k6 proof wrapper	2026-07-09T05:14:51.1655598Z running (0m16.0s), 1/1 VUs, 0 complete and 0 interrupted iterations
project81 k6 proof on ronan	Run Project 81 k6 proof wrapper	2026-07-09T05:14:51.1655873Z r_cd_4_target_session   [   0% ] 1 VUs  0m16.0s/2m0s  0/1 shared iters
project81 k6 proof on ronan	Run Project 81 k6 proof wrapper	2026-07-09T05:14:51.3345107Z time="2026-07-08T22:14:51-07:00" level=info msg="R_CD_4_EVIDENCE {\"row\":\"R-CD-4\",\"manifest_loaded\":true,\"nonce\":\"R-CD-4-1783574075165-xj43awp3\",\"seat\":\"ronan\",\"requestedSessionKey\":\"p81-5292-ronan-live\",\"sessionKey\":\"agent:main:r-cd-4-parent-r-cd-4-1783574075165-xj43awp3\",\"targetSessionKey\":\"agent:main:r-cd-4-target-r-cd-4-1783574075165-xj43awp3\",\"parent_session_created\":true,\"target_session_created\":true,\"created_parent_session_key\":\"agent:main:r-cd-4-parent-r-cd-4-1783574075165-xj43awp3\",\"created_target_session_key\":\"agent:main:r-cd-4-target-r-cd-4-1783574075165-xj43awp3\",\"candidateSha\":\"5292af40d0ad5303b85a678f6e629503a8725848\",\"started\":\"2026-07-09T05:14:35.165Z\",\"tool_accepted\":true,\"agent_turn_observed\":true,\"child_completed\":true,\"return_in_target\":true,\"return_in_parent\":false,\"dispatch_accepted_at_ms\":1783574076406,\"wake_gate_ms\":5000,\"trace_id\":null,\"redacted_events\":[{\"ts\":1783574075424,\"kind\":\"event\",\"method\":null,\"event\":\"connect.challenge\",\"ok\":null,\"data\":null},{\"ts\":1783574075427,\"kind\":\"other\",\"method\":null,\"event\":null,\"ok\":null,\"data\":null},{\"ts\":1783574075469,\"kind\":\"event\",\"method\":null,\"event\":\"health\",\"ok\":null,\"data\":null},{\"ts\":1783574075489,\"kind\":\"event\",\"method\":null,\"event\":\"agent\",\"ok\":null,\"data\":null},{\"ts\":1783574075522,\"kind\":\"event\",\"method\":null,\"event\":\"agent\",\"ok\":null,\"data\":null},{\"ts\":1783574075778,\"kind\":\"response\",\"method\":\"sessions.create\",\"event\":null,\"ok\":true,\"data\":{\"ok\":true}},{\"ts\":1783574075874,\"kind\":\"response\",\"method\":\"sessions.create\",\"event\":null,\"ok\":true,\"data\":{\"ok\":true}},{\"ts\":1783574075912,\"kind\":\"response\",\"method\":\"sessions.messages.subscribe\",\"event\":null,\"ok\":true,\"data\":{}},{\"ts\":1783574075920,\"kind\":\"response\",\"method\":\"sessions.messages.subscribe\",\"event\":null,\"ok\":true,\"data\":{}},{\"ts\":1783574076027,\"kind\":\"event\",\"method\":null,\"event\":\"health\",\"ok\":null,\"data\":null},{\"ts\":1783574076032,\"kind\":\"event\",\"method\":null,\"event\":\"presence\",\"ok\":null,\"data\":null},{\"ts\":1783574076406,\"kind\":\"response\",\"method\":\"sessions.send\",\"event\":null,\"ok\":true,\"data\":{\"runId\":\"R-CD-4-R-CD-4-1783574075165-xj43awp3\",\"status\":\"started\"}},{\"ts\":1783574077085,\"kind\":\"event\",\"method\":null,\"event\":\"health\",\"ok\":null,\"data\":null},{\"ts\":1783574077090,\"kind\":\"event\",\"method\":null,\"event\":\"presence\",\"ok\":null,\"data\":null},{\"ts\":1783574077960,\"kind\":\"event\",\"method\":null,\"event\":\"health\",\"ok\":null,\"data\":null},{\"ts\":1783574078009,\"kind\":\"event\",\"method\":null,\"event\":\"tick\",\"ok\":null,\"data\":null},{\"ts\":1783574078139,\"kind\":\"event\",\"method\":null,\"event\":\"health\",\"ok\":null,\"data\":null},{\"ts\":1783574078144,\"kind\":\"event\",\"method\":null,\"event\":\"presence\",\"ok\":null,\"data\":null},{\"ts\":1783574079190,\"kind\":\"event\",\"method\":null,\"event\":\"health\",\"ok\":null,\"data\":null},{\"ts\":1783574079194,\"kind\":\"event\",\"method\":null,\"event\":\"presence\",\"ok\":null,\"data\":null},{\"ts\":1783574079349,\"kind\":\"event\",\"method\":null,\"event\":\"agent\",\"ok\":null,\"data\":null},{\"ts\":1783574079349,\"kind\":\"event\",\"method\":null,\"event\":\"chat\",\"ok\":null,\"data\":null},{\"ts\":1783574079500,\"kind\":\"event\",\"method\":null,\"event\":\"agent\",\"ok\":null,\"data\":null},{\"ts\":1783574079611,\"kind\":\"event\",\"method\":null,\"event\":\"agent\",\"ok\":null,\"data\":null},{\"ts\":1783574079666,\"kind\":\"event\",\"method\":null,\"event\":\"agent\",\"ok\":null,\"data\":null},{\"ts\":1783574079744,\"kind\":\"event\",\"method\":null,\"event\":\"task\",\"ok\":null,\"data\":null},{\"ts\":1783574079744,\"kind\":\"event\",\"method\":null,\"event\":\"task\",\"ok\":null,\"data\":null},{\"ts\":1783574079746,\"kind\":\"event\",\"method\":null,\"event\":\"agent\",\"ok\":null,\"data\":null},{\"ts\":1783574080272,\"kind\":\"event\",\"method\":null,\"event\":\"health\",\"ok\":null,\"data\":null},{\"ts\":1783574080279,\"kind\":\"event\",\"method\":null,\"event\":\"presence\",\"ok\":null,\"data\":null},{\"ts\":1783574081333,\"kind\":\"event\",\"method\":null,\"event\":\"health\",\"ok\":null,\"data\":null},{\"ts\":1783574081336,\"kind\":\"event\",\"method\":null,\"event\":\"presence\",\"ok\":null,\"data\":null},{\"ts\":1783574082413,\"kind\":\"event\",\"method\":null,\"event\":\"health\",\"ok\":null,\"data\":null},{\"ts\":1783574082422,\"kind\":\"event\",\"method\":null,\"event\":\"presence\",\"ok\":null,\"data\":null},{\"ts\":1783574082521,\"kind\":\"event\",\"method\":null,\"event\":\"agent\",\"ok\":null,\"data\":null},{\"ts\":1783574082521,\"kind\":\"event\",\"method\":null,\"event\":\"chat\",\"ok\":null,\"data\":null},{\"ts\":1783574082630,\"kind\":\"event\",\"method\":null,\"event\":\"agent\",\"ok\":null,\"data\":null},{\"ts\":1783574082630,\"kind\":\"event\",\"method\":null,\"event\":\"agent\",\"ok\":null,\"data\":null},{\"ts\":1783574082725,\"kind\":\"event\",\"method\":null,\"event\":\"agent\",\"ok\":null,\"data\":null},{\"ts\":1783574082725,\"kind\":\"event\",\"method\":null,\"event\":\"chat\",\"ok\":null,\"data\":null},{\"ts\":1783574082725,\"kind\":\"event\",\"method\":null,\"event\":\"chat\",\"ok\":null,\"data\":null},{\"ts\":1783574083505,\"kind\":\"event\",\"method\":null,\"event\":\"health\",\"ok\":null,\"data\":null},{\"ts\":1783574083522,\"kind\":\"event\",\"method\":null,\"event\":\"presence\",\"ok\":null,\"data\":null},{\"ts\":1783574083527,\"kind\":\"event\",\"method\":null,\"event\":\"task\",\"ok\":null,\"data\":null},{\"ts\":1783574083527,\"kind\":\"event\",\"method\":null,\"event\":\"task\",\"ok\":null,\"data\":null},{\"ts\":1783574083527,\"kind\":\"event\",\"method\":null,\"event\":\"agent\",\"ok\":null,\"data\":null},{\"ts\":1783574083527,\"kind\":\"event\",\"method\":null,\"event\":\"chat\",\"ok\":null,\"data\":null},{\"ts\":1783574083528,\"kind\":\"event\",\"method\":null,\"event\":\"task\",\"ok\":null,\"data\":null},{\"ts\":1783574083528,\"kind\":\"event\",\"method\":null,\"event\":\"task\",\"ok\":null,\"data\":null},{\"ts\":1783574083529,\"kind\":\"event\",\"method\":null,\"event\":\"task\",\"ok\":null,\"data\":null},{\"ts\":1783574083529,\"kind\":\"event\",\"method\":null,\"event\":\"task\",\"ok\":null,\"data\":null},{\"ts\":1783574083530,\"kind\":\"event\",\"method\":null,\"event\":\"task\",\"ok\":null,\"data\":null},{\"ts\":1783574083530,\"kind\":\"event\",\"method\":null,\"event\":\"task\",\"ok\":null,\"data\":null},{\"ts\":1783574083531,\"kind\":\"event\",\"method\":null,\"event\":\"task\",\"ok\":null,\"data\":null},{\"ts\":1783574083531,\"kind\":\"event\",\"method\":null,\"event\":\"task\",\"ok\":null,\"data\":null},{\"ts\":1783574083531,\"kind\":\"event\",\"method\":null,\"event\":\"task\",\"ok\":null,\"data\":null},{\"ts\":1783574083532,\"kind\":\"event\",\"method\":null,\"event\":\"task\",\"ok\":null,\"data\":null},{\"ts\":1783574083532,\"kind\":\"event\",\"method\":null,\"event\":\"task\",\"ok\":null,\"data\":null},{\"ts\":1783574083532,\"kind\":\"event\",\"method\":null,\"event\":\"task\",\"ok\":null,\"data\":null},{\"ts\":1783574083533,\"kind\":\"event\",\"method\":null,\"event\":\"task\",\"ok\":null,\"data\":null},{\"ts\":1783574083533,\"kind\":\"event\",\"method\":null,\"event\":\"task\",\"ok\":null,\"data\":null},{\"ts\":1783574083534,\"kind\":\"event\",\"method\":null,\"event\":\"task\",\"ok\":null,\"data\":null},{\"ts\":1783574083534,\"kind\":\"event\",\"method\":null,\"event\":\"task\",\"ok\":null,\"data\":null},{\"ts\":1783574083535,\"kind\":\"event\",\"method\":null,\"event\":\"task\",\"ok\":null,\"data\":null},{\"ts\":1783574083535,\"kind\":\"event\",\"method\":null,\"event\":\"task\",\"ok\":null,\"data\":null},{\"ts\":1783574083535,\"kind\":\"event\",\"method\":null,\"event\":\"task\",\"ok\":null,\"data\":null},{\"ts\":1783574083536,\"kind\":\"event\",\"method\":null,\"event\":\"task\",\"ok\":null,\"data\":null},{\"ts\":1783574083536,\"kind\":\"event\",\"method\":null,\"event\":\"task\",\"ok\":null,\"data\":null},{\"ts\":1783574083537,\"kind\":\"event\",\"method\":null,\"event\":\"task\",\"ok\":null,\"data\":null},{\"ts\":1783574083537,\"kind\":\"event\",\"method\":null,\"event\":\"task\",\"ok\":null,\"data\":null},{\"ts\":1783574083537,\"kind\":\"event\",\"method\":null,\"event\":\"task\",\"ok\":null,\"data\":null},{\"ts\":1783574083538,\"kind\":\"event\",\"method\":null,\"event\":\"task\",\"ok\":null,\"data\":null},{\"ts\":1783574083538,\"kind\":\"event\",\"method\":null,\"event\":\"task\",\"ok\":null,\"data\":null},{\"ts\":1783574083539,\"kind\":\"event\",\"method\":null,\"event\":\"task\",\"ok\":null,\"data\":null},{\"ts\":1783574083539,\"kind\":\"event\",\"method\":null,\"event\":\"task\",\"ok\":null,\"data\":null},{\"ts\":1783574083539,\"kind\":\"event\",\"method\":null,\"event\":\"task\",\"ok\":null,\"data\":null},{\"ts\":1783574083540,\"kind\":\"event\",\"method\":null,\"event\":\"task\",\"ok\":null,\"data\":null},{\"ts\":1783574083540,\"kind\":\"event\",\"method\":null,\"event\":\"task\",\"ok\":null,\"data\":null},{\"ts\":1783574083540,\"kind\":\"event\",\"method\":null,\"event\":\"task\",\"ok\":null,\"data\":null},{\"ts\":1783574083606,\"kind\":\"event\",\"method\":null,\"event\":\"task\",\"ok\":null,\"data\":null},{\"ts\":1783574083606,\"kind\":\"event\",\"method\":null,\"event\":\"task\",\"ok\":null,\"data\":null},{\"ts\":1783574083606,\"kind\":\"event\",\"method\":null,\"event\":\"agent\",\"ok\":null,\"data\":null},{\"ts\":1783574083606,\"kind\":\"event\",\"method\":null,\"event\":\"agent\",\"ok\":null,\"data\":null},{\"ts\":1783574083807,\"kind\":\"event\",\"method\":null,\"event\":\"task\",\"ok\":null,\"data\":null},{\"ts\":1783574083812,\"kind\":\"event\",\"method\":null,\"event\":\"task\",\"ok\":null,\"data\":null},{\"ts\":1783574083864,\"kind\":\"event\",\"method\":null,\"event\":\"agent\",\"ok\":null,\"data\":null},{\"ts\":1783574083864,\"kind\":\"event\",\"method\":null,\"event\":\"chat\",\"ok\":null,\"data\":null},{\"ts\":1783574083864,\"kind\":\"event\",\"method\":null,\"event\":\"chat\",\"ok\":null,\"data\":null},{\"ts\":1783574083870,\"kind\":\"event\",\"method\":null,\"event\":\"task\",\"ok\":null,\"data\":null},{\"ts\":1783574083961,\"kind\":\"response\",\"method\":\"tasks.list\",\"event\":null,\"ok\":true,\"data\":{}},{\"ts\":1783574083965,\"kind\":\"event\",\"method\":null,\"event\":\"presence\",\"ok\":null,\"data\":null},{\"ts\":1783574084040,\"kind\":\"event\",\"method\":null,\"event\":\"health\",\"ok\":null,\"data\":null},{\"ts\":1783574084064,\"kind\":\"event\",\"method\":null,\"event\":\"presence\",\"ok\":null,\"data\":null},{\"ts\":1783574084108,\"kind\":\"event\",\"method\":null,\"event\":\"task\",\"ok\":null,\"data\":null},{\"ts\":1783574084159,\"kind\":\"event\",\"method\":null,\"event\":\"task\",\"ok\":null,\"data\":null},{\"ts\":1783574084545,\"kind\":\"event\",\"method\":null,\"event\":\"task\",\"ok\":null,\"data\":null},{\"ts\":1783574084715,\"kind\":\"event\",\"method\":null,\"event\":\"health\",\"ok\":null,\"data\":null},{\"ts\":1783574084727,\"kind\":\"event\",\"method\":null,\"event\":\"presence\",\"ok\":null,\"data\":null},{\"ts\":1783574085467,\"kind\":\"event\",\"method\":null,\"event\":\"agent\",\"ok\":null,\"data\":null},{\"ts\":1783574085779,\"kind\":\"event\",\"method\":null,\"event\":\"health\",\"ok\":null,\"data\":null},{\"ts\":1783574085784,\"kind\":\"event\",\"method\":null,\"event\":\"presence\",\"ok\":null,\"data\":null},{\"ts\":1783574086793,\"kind\":\"event\",\"method\":null,\"event\":\"health\",\"ok\":null,\"data\":null},{\"ts\":1783574086850,\"kind\":\"event\",\"method\":null,\"event\":\"health\",\"ok\":null,\"data\":null},{\"ts\":1783574086856,\"kind\":\"event\",\"method\":null,\"event\":\"presence\",\"ok\":null,\"data\":null},{\"ts\":1783574086940,\"kind\":\"event\",\"method\":null,\"event\":\"health\",\"ok\":null,\"data\":null},{\"ts\":1783574086947,\"kind\":\"event\",\"method\":null,\"event\":\"presence\",\"ok\":null,\"data\":null},{\"ts\":1783574086951,\"kind\":\"event\",\"method\":null,\"event\":\"presence\",\"ok\":null,\"data\":null},{\"ts\":1783574087025,\"kind\":\"event\",\"method\":null,\"event\":\"health\",\"ok\":null,\"data\":null},{\"ts\":1783574087030,\"kind\":\"event\",\"method\":null,\"event\":\"presence\",\"ok\":null,\"data\":null},{\"ts\":1783574087634,\"kind\":\"event\",\"method\":null,\"event\":\"health\",\"ok\":null,\"data\":null},{\"ts\":1783574087658,\"kind\":\"event\",\"method\":null,\"event\":\"presence\",\"ok\":null,\"data\":null},{\"ts\":1783574087690,\"kind\":\"event\",\"method\":null,\"event\":\"agent\",\"ok\":null,\"data\":null},{\"ts\":1783574088026,\"kind\":\"event\",\"method\":null,\"event\":\"health\",\"ok\":null,\"data\":null},{\"ts\":1783574088048,\"kind\":\"event\",\"method\":null,\"event\":\"presence\",\"ok\":null,\"data\":null},{\"ts\":1783574088354,\"kind\":\"event\",\"method\":null,\"event\":\"presence\",\"ok\":null,\"data\":null},{\"ts\":1783574089125,\"kind\":\"event\",\"method\":null,\"event\":\"health\",\"ok\":null,\"data\":null},{\"ts\":1783574089132,\"kind\":\"event\",\"method\":null,\"event\":\"agent\",\"ok\":null,\"data\":null},{\"ts\":1783574089132,\"kind\":\"event\",\"method\":null,\"event\":\"chat\",\"ok\":null,\"data\":null},{\"ts\":1783574089135,\"kind\":\"event\",\"method\":null,\"event\":\"presence\",\"ok\":null,\"data\":null},{\"ts\":1783574089282,\"kind\":\"event\",\"method\":null,\"event\":\"agent\",\"ok\":null,\"data\":null},{\"ts\":1783574089329,\"kind\":\"event\",\"method\":null,\"event\":\"session.message\",\"ok\":null,\"data\":null},{\"ts\":1783574089659,\"kind\":\"event\",\"method\":null,\"event\":\"health\",\"ok\":null,\"data\":null},{\"ts\":1783574090185,\"kind\":\"event\",\"method\":null,\"event\":\"health\",\"ok\":null,\"data\":null},{\"ts\":1783574090197,\"kind\":\"event\",\"method\":null,\"event\":\"presence\",\"ok\":null,\"data\":null},{\"ts\":1783574091143,\"kind\":\"event\",\"method\":null,\"event\":\"agent\",\"ok\":null,\"data\":null},{\"ts\":1783574091244,\"kind\":\"event\",\"method\":null,\"event\":\"health\",\"ok\":null,\"data\":null},{\"ts\":1783574091251,\"kind\":\"event\",\"method\":null,\"event\":\"presence\",\"ok\":null,\"data\":null}],\"ended\":\"2026-07-09T05:14:51.329Z\",\"duration_ms\":16164}" source=console
project81 k6 proof on ronan	Run Project 81 k6 proof wrapper	2026-07-09T05:14:51.3387003Z time="2026-07-08T22:14:51-07:00" level=info msg="\n--- R-CD-4 EVIDENCE SUMMARY ---" source=console
project81 k6 proof on ronan	Run Project 81 k6 proof wrapper	2026-07-09T05:14:51.3441559Z time="2026-07-08T22:14:51-07:00" level=info msg="{\n  \"row\": \"R-CD-4\",\n  \"manifest_loaded\": true,\n  \"nonce\": \"R-CD-4-1783574075165-xj43awp3\",\n  \"seat\": \"ronan\",\n  \"requestedSessionKey\": \"p81-5292-ronan-live\",\n  \"sessionKey\": \"agent:main:r-cd-4-parent-r-cd-4-1783574075165-xj43awp3\",\n  \"targetSessionKey\": \"agent:main:r-cd-4-target-r-cd-4-1783574075165-xj43awp3\",\n  \"parent_session_created\": true,\n  \"target_session_created\": true,\n  \"created_parent_session_key\": \"agent:main:r-cd-4-parent-r-cd-4-1783574075165-xj43awp3\",\n  \"created_target_session_key\": \"agent:main:r-cd-4-target-r-cd-4-1783574075165-xj43awp3\",\n  \"candidateSha\": \"5292af40d0ad5303b85a678f6e629503a8725848\",\n  \"started\": \"2026-07-09T05:14:35.165Z\",\n  \"tool_accepted\": true,\n  \"agent_turn_observed\": true,\n  \"child_completed\": true,\n  \"return_in_target\": true,\n  \"return_in_parent\": false,\n  \"dispatch_accepted_at_ms\": 1783574076406,\n  \"wake_gate_ms\": 5000,\n  \"trace_id\": null,\n  \"redacted_events\": [\n    {\n      \"ts\": 1783574075424,\n      \"kind\": \"event\",\n      \"method\": null,\n      \"event\": \"connect.challenge\",\n      \"ok\": null,\n      \"data\": null\n    },\n    {\n      \"ts\": 1783574075427,\n      \"kind\": \"other\",\n      \"method\": null,\n      \"event\": null,\n      \"ok\": null,\n      \"data\": null\n    },\n    {\n      \"ts\": 1783574075469,\n      \"kind\": \"event\",\n      \"method\": null,\n      \"event\": \"health\",\n      \"ok\": null,\n      \"data\": null\n    },\n    {\n      \"ts\": 1783574075489,\n      \"kind\": \"event\",\n      \"method\": null,\n      \"event\": \"agent\",\n      \"ok\": null,\n      \"data\": null\n    },\n    {\n      \"ts\": 1783574075522,\n      \"kind\": \"event\",\n      \"method\": null,\n      \"event\": \"agent\",\n      \"ok\": null,\n      \"data\": null\n    },\n    {\n      \"ts\": 1783574075778,\n      \"kind\": \"response\",\n      \"method\": \"sessions.create\",\n      \"event\": null,\n      \"ok\": true,\n      \"data\": {\n        \"ok\": true\n      }\n    },\n    {\n      \"ts\": 1783574075874,\n      \"kind\": \"response\",\n      \"method\": \"sessions.create\",\n      \"event\": null,\n      \"ok\": true,\n      \"data\": {\n        \"ok\": true\n      }\n    },\n    {\n      \"ts\": 1783574075912,\n      \"kind\": \"response\",\n      \"method\": \"sessions.messages.subscribe\",\n      \"event\": null,\n      \"ok\": true,\n      \"data\": {}\n    },\n    {\n      \"ts\": 1783574075920,\n      \"kind\": \"response\",\n      \"method\": \"sessions.messages.subscribe\",\n      \"event\": null,\n      \"ok\": true,\n      \"data\": {}\n    },\n    {\n      \"ts\": 1783574076027,\n      \"kind\": \"event\",\n      \"method\": null,\n      \"event\": \"health\",\n      \"ok\": null,\n      \"data\": null\n    },\n    {\n      \"ts\": 1783574076032,\n      \"kind\": \"event\",\n      \"method\": null,\n      \"event\": \"presence\",\n      \"ok\": null,\n      \"data\": null\n    },\n    {\n      \"ts\": 1783574076406,\n      \"kind\": \"response\",\n      \"method\": \"sessions.send\",\n      \"event\": null,\n      \"ok\": true,\n      \"data\": {\n        \"runId\": \"R-CD-4-R-CD-4-1783574075165-xj43awp3\",\n        \"status\": \"started\"\n      }\n    },\n    {\n      \"ts\": 1783574077085,\n      \"kind\": \"event\",\n      \"method\": null,\n      \"event\": \"health\",\n      \"ok\": null,\n      \"data\": null\n    },\n    {\n      \"ts\": 1783574077090,\n      \"kind\": \"event\",\n      \"method\": null,\n      \"event\": \"presence\",\n      \"ok\": null,\n      \"data\": null\n    },\n    {\n      \"ts\": 1783574077960,\n      \"kind\": \"event\",\n      \"method\": null,\n      \"event\": \"health\",\n      \"ok\": null,\n      \"data\": null\n    },\n    {\n      \"ts\": 1783574078009,\n      \"kind\": \"event\",\n      \"method\": null,\n      \"event\": \"tick\",\n      \"ok\": null,\n      \"data\": null\n    },\n    {\n      \"ts\": 1783574078139,\n      \"kind\": \"event\",\n      \"method\": null,\n      \"event\": \"health\",\n      \"ok\": null,\n      \"data\": null\n    },\n    {\n      \"ts\": 1783574078144,\n      \"kind\": \"event\",\n      \"method\": null,\n      \"event\": \"presence\",\n      \"ok\": null,\n      \"data\": null\n    },\n    {\n      \"ts\": 1783574079190,\n      \"kind\": \"event\",\n      \"method\": null,\n      \"event\": \"health\",\n      \"ok\": null,\n      \"data\": null\n    },\n    {\n      \"ts\": 1783574079194,\n      \"kind\": \"event\",\n      \"method\": null,\n      \"event\": \"presence\",\n      \"ok\": null,\n      \"data\": null\n    },\n    {\n      \"ts\": 1783574079349,\n      \"kind\": \"event\",\n      \"method\": null,\n      \"event\": \"agent\",\n      \"ok\": null,\n      \"data\": null\n    },\n    {\n      \"ts\": 1783574079349,\n      \"kind\": \"event\",\n      \"method\": null,\n      \"event\": \"chat\",\n      \"ok\": null,\n      \"data\": null\n    },\n    {\n      \"ts\": 1783574079500,\n      \"kind\": \"event\",\n      \"method\": null,\n      \"event\": \"agent\",\n      \"ok\": null,\n      \"data\": null\n    },\n    {\n      \"ts\": 1783574079611,\n      \"kind\": \"event\",\n      \"method\": null,\n      \"event\": \"agent\",\n      \"ok\": null,\n      \"data\": null\n    },\n    {\n      \"ts\": 1783574079666,\n      \"kind\": \"event\",\n      \"method\": null,\n      \"event\": \"agent\",\n      \"ok\": null,\n      \"data\": null\n    },\n    {\n      \"ts\": 1783574079744,\n      \"kind\": \"event\",\n      \"method\": null,\n      \"event\": \"task\",\n      \"ok\": null,\n      \"data\": null\n    },\n    {\n      \"ts\": 1783574079744,\n      \"kind\": \"event\",\n      \"method\": null,\n      \"event\": \"task\",\n      \"ok\": null,\n      \"data\": null\n    },\n    {\n      \"ts\": 1783574079746,\n      \"kind\": \"event\",\n      \"method\": null,\n      \"event\": \"agent\",\n      \"ok\": null,\n      \"data\": null\n    },\n    {\n      \"ts\": 1783574080272,\n      \"kind\": \"event\",\n      \"method\": null,\n      \"event\": \"health\",\n      \"ok\": null,\n      \"data\": null\n    },\n    {\n      \"ts\": 1783574080279,\n      \"kind\": \"event\",\n      \"method\": null,\n      \"event\": \"presence\",\n      \"ok\": null,\n      \"data\": null\n    },\n    {\n      \"ts\": 1783574081333,\n      \"kind\": \"event\",\n      \"method\": null,\n      \"event\": \"health\",\n      \"ok\": null,\n      \"data\": null\n    },\n    {\n      \"ts\": 1783574081336,\n      \"kind\": \"event\",\n      \"method\": null,\n      \"event\": \"presence\",\n      \"ok\": null,\n      \"data\": null\n    },\n    {\n      \"ts\": 1783574082413,\n      \"kind\": \"event\",\n      \"method\": null,\n      \"event\": \"health\",\n      \"ok\": null,\n      \"data\": null\n    },\n    {\n      \"ts\": 1783574082422,\n      \"kind\": \"event\",\n      \"method\": null,\n      \"event\": \"presence\",\n      \"ok\": null,\n      \"data\": null\n    },\n    {\n      \"ts\": 1783574082521,\n      \"kind\": \"event\",\n      \"method\": null,\n      \"event\": \"agent\",\n      \"ok\": null,\n      \"data\": null\n    },\n    {\n      \"ts\": 1783574082521,\n      \"kind\": \"event\",\n      \"method\": null,\n      \"event\": \"chat\",\n      \"ok\": null,\n      \"data\": null\n    },\n    {\n      \"ts\": 1783574082630,\n      \"kind\": \"event\",\n      \"method\": null,\n      \"event\": \"agent\",\n      \"ok\": null,\n      \"data\": null\n    },\n    {\n      \"ts\": 1783574082630,\n      \"kind\": \"event\",\n      \"method\": null,\n      \"event\": \"agent\",\n      \"ok\": null,\n      \"data\": null\n    },\n    {\n      \"ts\": 1783574082725,\n      \"kind\": \"event\",\n      \"method\": null,\n      \"event\": \"agent\",\n      \"ok\": null,\n      \"data\": null\n    },\n    {\n      \"ts\": 1783574082725,\n      \"kind\": \"event\",\n      \"method\": null,\n      \"event\": \"chat\",\n      \"ok\": null,\n      \"data\": null\n    },\n    {\n      \"ts\": 1783574082725,\n      \"kind\": \"event\",\n      \"method\": null,\n      \"event\": \"chat\",\n      \"ok\": null,\n      \"data\": null\n    },\n    {\n      \"ts\": 1783574083505,\n      \"kind\": \"event\",\n      \"method\": null,\n      \"event\": \"health\",\n      \"ok\": null,\n      \"data\": null\n    },\n    {\n      \"ts\": 1783574083522,\n      \"kind\": \"event\",\n      \"method\": null,\n      \"event\": \"presence\",\n      \"ok\": null,\n      \"data\": null\n    },\n    {\n      \"ts\": 1783574083527,\n      \"kind\": \"event\",\n      \"method\": null,\n      \"event\": \"task\",\n      \"ok\": null,\n      \"data\": null\n    },\n    {\n      \"ts\": 1783574083527,\n      \"kind\": \"event\",\n      \"method\": null,\n      \"event\": \"task\",\n      \"ok\": null,\n      \"data\": null\n    },\n    {\n      \"ts\": 1783574083527,\n      \"kind\": \"event\",\n      \"method\": null,\n      \"event\": \"agent\",\n      \"ok\": null,\n      \"data\": null\n    },\n    {\n      \"ts\": 1783574083527,\n      \"kind\": \"event\",\n      \"method\": null,\n      \"event\": \"chat\",\n      \"ok\": null,\n      \"data\": null\n    },\n    {\n      \"ts\": 1783574083528,\n      \"kind\": \"event\",\n      \"method\": null,\n      \"event\": \"task\",\n      \"ok\": null,\n      \"data\": null\n    },\n    {\n      \"ts\": 1783574083528,\n      \"kind\": \"event\",\n      \"method\": null,\n      \"event\": \"task\",\n      \"ok\": null,\n      \"data\": null\n    },\n    {\n      \"ts\": 1783574083529,\n      \"kind\": \"event\",\n      \"method\": null,\n      \"event\": \"task\",\n      \"ok\": null,\n      \"data\": null\n    },\n    {\n      \"ts\": 1783574083529,\n      \"kind\": \"event\",\n      \"method\": null,\n      \"event\": \"task\",\n      \"ok\": null,\n      \"data\": null\n    },\n    {\n      \"ts\": 1783574083530,\n      \"kind\": \"event\",\n      \"method\": null,\n      \"event\": \"task\",\n      \"ok\": null,\n      \"data\": null\n    },\n    {\n      \"ts\": 1783574083530,\n      \"kind\": \"event\",\n      \"method\": null,\n      \"event\": \"task\",\n      \"ok\": null,\n      \"data\": null\n    },\n    {\n      \"ts\": 1783574083531,\n      \"kind\": \"event\",\n      \"method\": null,\n      \"event\": \"task\",\n      \"ok\": null,\n      \"data\": null\n    },\n    {\n      \"ts\": 1783574083531,\n      \"kind\": \"event\",\n      \"method\": null,\n      \"event\": \"task\",\n      \"ok\": null,\n      \"data\": null\n    },\n    {\n      \"ts\": 1783574083531,\n      \"kind\": \"event\",\n      \"method\": null,\n      \"event\": \"task\",\n      \"ok\": null,\n      \"data\": null\n    },\n    {\n      \"ts\": 1783574083532,\n      \"kind\": \"event\",\n      \"method\": null,\n      \"event\": \"task\",\n      \"ok\": null,\n      \"data\": null\n    },\n    {\n      \"ts\": 1783574083532,\n      \"kind\": \"event\",\n      \"method\": null,\n      \"event\": \"task\",\n      \"ok\": null,\n      \"data\": null\n    },\n    {\n      \"ts\": 1783574083532,\n      \"kind\": \"event\",\n      \"method\": null,\n      \"event\": \"task\",\n      \"ok\": null,\n      \"data\": null\n    },\n    {\n      \"ts\": 1783574083533,\n      \"kind\": \"event\",\n      \"method\": null,\n      \"event\": \"task\",\n      \"ok\": null,\n      \"data\": null\n    },\n    {\n      \"ts\": 1783574083533,\n      \"kind\": \"event\",\n      \"method\": null,\n      \"event\": \"task\",\n      \"ok\": null,\n      \"data\": null\n    },\n    {\n      \"ts\": 1783574083534,\n      \"kind\": \"event\",\n      \"method\": null,\n      \"event\": \"task\",\n      \"ok\": null,\n      \"data\": null\n    },\n    {\n      \"ts\": 1783574083534,\n      \"kind\": \"event\",\n      \"method\": null,\n      \"event\": \"task\",\n      \"ok\": null,\n      \"data\": null\n    },\n    {\n      \"ts\": 1783574083535,\n      \"kind\": \"event\",\n      \"method\": null,\n      \"event\": \"task\",\n      \"ok\": null,\n      \"data\": null\n    },\n    {\n      \"ts\": 1783574083535,\n      \"kind\": \"event\",\n      \"method\": null,\n      \"event\": \"task\",\n      \"ok\": null,\n      \"data\": null\n    },\n    {\n      \"ts\": 1783574083535,\n      \"kind\": \"event\",\n      \"method\": null,\n      \"event\": \"task\",\n      \"ok\": null,\n      \"data\": null\n    },\n    {\n      \"ts\": 1783574083536,\n      \"kind\": \"event\",\n      \"method\": null,\n      \"event\": \"task\",\n      \"ok\": null,\n      \"data\": null\n    },\n    {\n      \"ts\": 1783574083536,\n      \"kind\": \"event\",\n      \"method\": null,\n      \"event\": \"task\",\n      \"ok\": null,\n      \"data\": null\n    },\n    {\n      \"ts\": 1783574083537,\n      \"kind\": \"event\",\n      \"method\": null,\n      \"event\": \"task\",\n      \"ok\": null,\n      \"data\": null\n    },\n    {\n      \"ts\": 1783574083537,\n      \"kind\": \"event\",\n      \"method\": null,\n      \"event\": \"task\",\n      \"ok\": null,\n      \"data\": null\n    },\n    {\n      \"ts\": 1783574083537,\n      \"kind\": \"event\",\n      \"method\": null,\n      \"event\": \"task\",\n      \"ok\": null,\n      \"data\": null\n    },\n    {\n      \"ts\": 1783574083538,\n      \"kind\": \"event\",\n      \"method\": null,\n      \"event\": \"task\",\n      \"ok\": null,\n      \"data\": null\n    },\n    {\n      \"ts\": 1783574083538,\n      \"kind\": \"event\",\n      \"method\": null,\n      \"event\": \"task\",\n      \"ok\": null,\n      \"data\": null\n    },\n    {\n      \"ts\": 1783574083539,\n      \"kind\": \"event\",\n      \"method\": null,\n      \"event\": \"task\",\n      \"ok\": null,\n      \"data\": null\n    },\n    {\n      \"ts\": 1783574083539,\n      \"kind\": \"event\",\n      \"method\": null,\n      \"event\": \"task\",\n      \"ok\": null,\n      \"data\": null\n    },\n    {\n      \"ts\": 1783574083539,\n      \"kind\": \"event\",\n      \"method\": null,\n      \"event\": \"task\",\n      \"ok\": null,\n      \"data\": null\n    },\n    {\n      \"ts\": 1783574083540,\n      \"kind\": \"event\",\n      \"method\": null,\n      \"event\": \"task\",\n      \"ok\": null,\n      \"data\": null\n    },\n    {\n      \"ts\": 1783574083540,\n      \"kind\": \"event\",\n      \"method\": null,\n      \"event\": \"task\",\n      \"ok\": null,\n      \"data\": null\n    },\n    {\n      \"ts\": 1783574083540,\n      \"kind\": \"event\",\n      \"method\": null,\n      \"event\": \"task\",\n      \"ok\": null,\n      \"data\": null\n    },\n    {\n      \"ts\": 1783574083606,\n      \"kind\": \"event\",\n      \"method\": null,\n      \"event\": \"task\",\n      \"ok\": null,\n      \"data\": null\n    },\n    {\n      \"ts\": 1783574083606,\n      \"kind\": \"event\",\n      \"method\": null,\n      \"event\": \"task\",\n      \"ok\": null,\n      \"data\": null\n    },\n    {\n      \"ts\": 1783574083606,\n      \"kind\": \"event\",\n      \"method\": null,\n      \"event\": \"agent\",\n      \"ok\": null,\n      \"data\": null\n    },\n    {\n      \"ts\": 1783574083606,\n      \"kind\": \"event\",\n      \"method\": null,\n      \"event\": \"agent\",\n      \"ok\": null,\n      \"data\": null\n    },\n    {\n      \"ts\": 1783574083807,\n      \"kind\": \"event\",\n      \"method\": null,\n      \"event\": \"task\",\n      \"ok\": null,\n      \"data\": null\n    },\n    {\n      \"ts\": 1783574083812,\n      \"kind\": \"event\",\n      \"method\": null,\n      \"event\": \"task\",\n      \"ok\": null,\n      \"data\": null\n    },\n    {\n      \"ts\": 1783574083864,\n      \"kind\": \"event\",\n      \"method\": null,\n      \"event\": \"agent\",\n      \"ok\": null,\n      \"data\": null\n    },\n    {\n      \"ts\": 1783574083864,\n      \"kind\": \"event\",\n      \"method\": null,\n      \"event\": \"chat\",\n      \"ok\": null,\n      \"data\": null\n    },\n    {\n      \"ts\": 1783574083864,\n      \"kind\": \"event\",\n      \"method\": null,\n      \"event\": \"chat\",\n      \"ok\": null,\n      \"data\": null\n    },\n    {\n      \"ts\": 1783574083870,\n      \"kind\": \"event\",\n      \"method\": null,\n      \"event\": \"task\",\n      \"ok\": null,\n      \"data\": null\n    },\n    {\n      \"ts\": 1783574083961,\n      \"kind\": \"response\",\n      \"method\": \"tasks.list\",\n      \"event\": null,\n      \"ok\": true,\n      \"data\": {}\n    },\n    {\n      \"ts\": 1783574083965,\n      \"kind\": \"event\",\n      \"method\": null,\n      \"event\": \"presence\",\n      \"ok\": null,\n      \"data\": null\n    },\n    {\n      \"ts\": 1783574084040,\n      \"kind\": \"event\",\n      \"method\": null,\n      \"event\": \"health\",\n      \"ok\": null,\n      \"data\": null\n    },\n    {\n      \"ts\": 1783574084064,\n      \"kind\": \"event\",\n      \"method\": null,\n      \"event\": \"presence\",\n      \"ok\": null,\n      \"data\": null\n    },\n    {\n      \"ts\": 1783574084108,\n      \"kind\": \"event\",\n      \"method\": null,\n      \"event\": \"task\",\n      \"ok\": null,\n      \"data\": null\n    },\n    {\n      \"ts\": 1783574084159,\n      \"kind\": \"event\",\n      \"method\": null,\n      \"event\": \"task\",\n      \"ok\": null,\n      \"data\": null\n    },\n    {\n      \"ts\": 1783574084545,\n      \"kind\": \"event\",\n      \"method\": null,\n      \"event\": \"task\",\n      \"ok\": null,\n      \"data\": null\n    },\n    {\n      \"ts\": 1783574084715,\n      \"kind\": \"event\",\n      \"method\": null,\n      \"event\": \"health\",\n      \"ok\": null,\n      \"data\": null\n    },\n    {\n      \"ts\": 1783574084727,\n      \"kind\": \"event\",\n      \"method\": null,\n      \"event\": \"presence\",\n      \"ok\": null,\n      \"data\": null\n    },\n    {\n      \"ts\": 1783574085467,\n      \"kind\": \"event\",\n      \"method\": null,\n      \"event\": \"agent\",\n      \"ok\": null,\n      \"data\": null\n    },\n    {\n      \"ts\": 1783574085779,\n      \"kind\": \"event\",\n      \"method\": null,\n      \"event\": \"health\",\n      \"ok\": null,\n      \"data\": null\n    },\n    {\n      \"ts\": 1783574085784,\n      \"kind\": \"event\",\n      \"method\": null,\n      \"event\": \"presence\",\n      \"ok\": null,\n      \"data\": null\n    },\n    {\n      \"ts\": 1783574086793,\n      \"kind\": \"event\",\n      \"method\": null,\n      \"event\": \"health\",\n      \"ok\": null,\n      \"data\": null\n    },\n    {\n      \"ts\": 1783574086850,\n      \"kind\": \"event\",\n      \"method\": null,\n      \"event\": \"health\",\n      \"ok\": null,\n      \"data\": null\n    },\n    {\n      \"ts\": 1783574086856,\n      \"kind\": \"event\",\n      \"method\": null,\n      \"event\": \"presence\",\n      \"ok\": null,\n      \"data\": null\n    },\n    {\n      \"ts\": 1783574086940,\n      \"kind\": \"event\",\n      \"method\": null,\n      \"event\": \"health\",\n      \"ok\": null,\n      \"data\": null\n    },\n    {\n      \"ts\": 1783574086947,\n      \"kind\": \"event\",\n      \"method\": null,\n      \"event\": \"presence\",\n      \"ok\": null,\n      \"data\": null\n    },\n    {\n      \"ts\": 1783574086951,\n      \"kind\": \"event\",\n      \"method\": null,\n      \"event\": \"presence\",\n      \"ok\": null,\n      \"data\": null\n    },\n    {\n      \"ts\": 1783574087025,\n      \"kind\": \"event\",\n      \"method\": null,\n      \"event\": \"health\",\n      \"ok\": null,\n      \"data\": null\n    },\n    {\n      \"ts\": 1783574087030,\n      \"kind\": \"event\",\n      \"method\": null,\n      \"event\": \"presence\",\n      \"ok\": null,\n      \"data\": null\n    },\n    {\n      \"ts\": 1783574087634,\n      \"kind\": \"event\",\n      \"method\": null,\n      \"event\": \"health\",\n      \"ok\": null,\n      \"data\": null\n    },\n    {\n      \"ts\": 1783574087658,\n      \"kind\": \"event\",\n      \"method\": null,\n      \"event\": \"presence\",\n      \"ok\": null,\n      \"data\": null\n    },\n    {\n      \"ts\": 1783574087690,\n      \"kind\": \"event\",\n      \"method\": null,\n      \"event\": \"agent\",\n      \"ok\": null,\n      \"data\": null\n    },\n    {\n      \"ts\": 1783574088026,\n      \"kind\": \"event\",\n      \"method\": null,\n      \"event\": \"health\",\n      \"ok\": null,\n      \"data\": null\n    },\n    {\n      \"ts\": 1783574088048,\n      \"kind\": \"event\",\n      \"method\": null,\n      \"event\": \"presence\",\n      \"ok\": null,\n      \"data\": null\n    },\n    {\n      \"ts\": 1783574088354,\n      \"kind\": \"event\",\n      \"method\": null,\n      \"event\": \"presence\",\n      \"ok\": null,\n      \"data\": null\n    },\n    {\n      \"ts\": 1783574089125,\n      \"kind\": \"event\",\n      \"method\": null,\n      \"event\": \"health\",\n      \"ok\": null,\n      \"data\": null\n    },\n    {\n      \"ts\": 1783574089132,\n      \"kind\": \"event\",\n      \"method\": null,\n      \"event\": \"agent\",\n      \"ok\": null,\n      \"data\": null\n    },\n    {\n      \"ts\": 1783574089132,\n      \"kind\": \"event\",\n      \"method\": null,\n      \"event\": \"chat\",\n      \"ok\": null,\n      \"data\": null\n    },\n    {\n      \"ts\": 1783574089135,\n      \"kind\": \"event\",\n      \"method\": null,\n      \"event\": \"presence\",\n      \"ok\": null,\n      \"data\": null\n    },\n    {\n      \"ts\": 1783574089282,\n      \"kind\": \"event\",\n      \"method\": null,\n      \"event\": \"agent\",\n      \"ok\": null,\n      \"data\": null\n    },\n    {\n      \"ts\": 1783574089329,\n      \"kind\": \"event\",\n      \"method\": null,\n      \"event\": \"session.message\",\n      \"ok\": null,\n      \"data\": null\n    },\n    {\n      \"ts\": 1783574089659,\n      \"kind\": \"event\",\n      \"method\": null,\n      \"event\": \"health\",\n      \"ok\": null,\n      \"data\": null\n    },\n    {\n      \"ts\": 1783574090185,\n      \"kind\": \"event\",\n      \"method\": null,\n      \"event\": \"health\",\n      \"ok\": null,\n      \"data\": null\n    },\n    {\n      \"ts\": 1783574090197,\n      \"kind\": \"event\",\n      \"method\": null,\n      \"event\": \"presence\",\n      \"ok\": null,\n      \"data\": null\n    },\n    {\n      \"ts\": 1783574091143,\n      \"kind\": \"event\",\n      \"method\": null,\n      \"event\": \"agent\",\n      \"ok\": null,\n      \"data\": null\n    },\n    {\n      \"ts\": 1783574091244,\n      \"kind\": \"event\",\n      \"method\": null,\n      \"event\": \"health\",\n      \"ok\": null,\n      \"data\": null\n    },\n    {\n      \"ts\": 1783574091251,\n      \"kind\": \"event\",\n      \"method\": null,\n      \"event\": \"presence\",\n      \"ok\": null,\n      \"data\": null\n    }\n  ],\n  \"ended\": \"2026-07-09T05:14:51.329Z\",\n  \"duration_ms\": 16164\n}" source=console
project81 k6 proof on ronan	Run Project 81 k6 proof wrapper	2026-07-09T05:14:51.3503408Z time="2026-07-08T22:14:51-07:00" level=info msg="--- END EVIDENCE ---" source=console
project81 k6 proof on ronan	Run Project 81 k6 proof wrapper	2026-07-09T05:14:51.3503990Z time="2026-07-08T22:14:51-07:00" level=info msg="\n[R-CD-4] VERDICT: PASS-candidate" source=console
project81 k6 proof on ronan	Run Project 81 k6 proof wrapper	2026-07-09T05:14:51.3504558Z 
project81 k6 proof on ronan	Run Project 81 k6 proof wrapper	2026-07-09T05:14:51.3504825Z [R-CD-4] Summary: PASS-candidate | SHA: 5292af40d0ad5303b85a678f6e629503a8725848 | Seat: ronan
project81 k6 proof on ronan	Run Project 81 k6 proof wrapper	2026-07-09T05:14:51.3505272Z 
project81 k6 proof on ronan	Run Project 81 k6 proof wrapper	2026-07-09T05:14:51.3505442Z running (0m16.2s), 0/1 VUs, 1 complete and 0 interrupted iterations
project81 k6 proof on ronan	Run Project 81 k6 proof wrapper	2026-07-09T05:14:51.3506148Z r_cd_4_target_session ✓ [ 100% ] 1 VUs  0m16.2s/2m0s  1/1 shared iters
project81 k6 proof on ronan	Run Project 81 k6 proof wrapper	2026-07-09T05:14:51.4260581Z ./r-cd-4-summary.json
project81 k6 proof on ronan	Run Project 81 k6 proof wrapper	2026-07-09T05:14:51.5155544Z [R-CD-4] METRICS: /home/figs/actions-runner/_work/openclaw-bootstrap/openclaw-bootstrap/openclaw-bootstrap/PROOFS/ee9295cc6bb4fb27b135c3c21252ef9e815e2766/project81-k6/20260709T051307Z-ronan-dgx-4013874/5292af40d0ad5303b85a678f6e629503a8725848/R-CD-4/ronan/20260709T051435Z-r-cd-4/openclaw-proofs-k6.prom
project81 k6 proof on ronan	Run Project 81 k6 proof wrapper	2026-07-09T05:14:51.5163297Z [R-CD-4] ARTIFACTS: /home/figs/actions-runner/_work/openclaw-bootstrap/openclaw-bootstrap/openclaw-bootstrap/PROOFS/ee9295cc6bb4fb27b135c3c21252ef9e815e2766/project81-k6/20260709T051307Z-ronan-dgx-4013874/5292af40d0ad5303b85a678f6e629503a8725848/R-CD-4/ronan/20260709T051435Z-r-cd-4
project81 k6 proof on ronan	Run Project 81 k6 proof wrapper	2026-07-09T05:14:51.5164589Z [R-CD-4] COMPLETED.
project81 k6 proof on ronan	Run Project 81 k6 proof wrapper	2026-07-09T05:14:51.5165008Z Observability check: query Grafana for run/nonce or review Tempo traces if trace ID was emitted.
project81 k6 proof on ronan	Run Project 81 k6 proof wrapper	2026-07-09T05:14:51.5379472Z 
project81 k6 proof on ronan	Run Project 81 k6 proof wrapper	2026-07-09T05:14:51.5379962Z ----------------------------------------
project81 k6 proof on ronan	Run Project 81 k6 proof wrapper	2026-07-09T05:14:51.5380188Z Row: R-CD-CHAINED-DEPTH-2
project81 k6 proof on ronan	Run Project 81 k6 proof wrapper	2026-07-09T05:14:51.5380581Z Manifest: /home/figs/actions-runner/_work/openclaw-bootstrap/openclaw-bootstrap/karmaterminal-openclaw-docs/tools/k6-proofs/manifests/r-cd-chained-depth-2.json
project81 k6 proof on ronan	Run Project 81 k6 proof wrapper	2026-07-09T05:14:51.5380995Z Scenario: scenarios/r-cd-chained-depth-2.js
project81 k6 proof on ronan	Run Project 81 k6 proof wrapper	2026-07-09T05:14:51.5381140Z Status: runnable
project81 k6 proof on ronan	Run Project 81 k6 proof wrapper	2026-07-09T05:14:51.5381244Z Live Safety: k6-runnable
project81 k6 proof on ronan	Run Project 81 k6 proof wrapper	2026-07-09T05:14:51.5381368Z [R-CD-CHAINED-DEPTH-2] RUNNING...
project81 k6 proof on ronan	Run Project 81 k6 proof wrapper	2026-07-09T05:14:51.5629625Z 
project81 k6 proof on ronan	Run Project 81 k6 proof wrapper	2026-07-09T05:14:51.5630005Z          /\      Grafana   /‾‾/  
project81 k6 proof on ronan	Run Project 81 k6 proof wrapper	2026-07-09T05:14:51.5630159Z     /\  /  \     |\  __   /  /   
project81 k6 proof on ronan	Run Project 81 k6 proof wrapper	2026-07-09T05:14:51.5630406Z    /  \/    \    | |/ /  /   ‾‾\ 
project81 k6 proof on ronan	Run Project 81 k6 proof wrapper	2026-07-09T05:14:51.5631634Z   /          \   |   (  |  (‾)  |
project81 k6 proof on ronan	Run Project 81 k6 proof wrapper	2026-07-09T05:14:51.5631832Z  / __________ \  |_|\_\  \_____/ 
project81 k6 proof on ronan	Run Project 81 k6 proof wrapper	2026-07-09T05:14:51.5631918Z 
project81 k6 proof on ronan	Run Project 81 k6 proof wrapper	2026-07-09T05:14:51.5631935Z 
project81 k6 proof on ronan	Run Project 81 k6 proof wrapper	2026-07-09T05:14:51.5631976Z      execution: local
project81 k6 proof on ronan	Run Project 81 k6 proof wrapper	2026-07-09T05:14:51.5632111Z         script: scenarios/r-cd-chained-depth-2.js
project81 k6 proof on ronan	Run Project 81 k6 proof wrapper	2026-07-09T05:14:51.5632332Z         output: -
project81 k6 proof on ronan	Run Project 81 k6 proof wrapper	2026-07-09T05:14:51.5633500Z 
project81 k6 proof on ronan	Run Project 81 k6 proof wrapper	2026-07-09T05:14:51.5633680Z      scenarios: (100.00%) 1 scenario, 1 max VUs, 3m30s max duration (incl. graceful stop):
project81 k6 proof on ronan	Run Project 81 k6 proof wrapper	2026-07-09T05:14:51.5634014Z               * r_cd_chained_depth_2: 1 iterations shared among 1 VUs (maxDuration: 3m0s, gracefulStop: 30s)
project81 k6 proof on ronan	Run Project 81 k6 proof wrapper	2026-07-09T05:14:51.5634217Z 
project81 k6 proof on ronan	Run Project 81 k6 proof wrapper	2026-07-09T05:14:51.9227806Z time="2026-07-08T22:14:51-07:00" level=info msg="✓ disposable session created: agent:main:r-cd-chain-r-cd-chain-1783574091564-9kcpg1gm" source=console
project81 k6 proof on ronan	Run Project 81 k6 proof wrapper	2026-07-09T05:14:52.4641087Z time="2026-07-08T22:14:52-07:00" level=info msg="✓ sessions.send accepted — agent turn triggered for depth-2 chain" source=console
project81 k6 proof on ronan	Run Project 81 k6 proof wrapper	2026-07-09T05:14:52.5643972Z 
project81 k6 proof on ronan	Run Project 81 k6 proof wrapper	2026-07-09T05:14:52.5645610Z running (0m01.0s), 1/1 VUs, 0 complete and 0 interrupted iterations
project81 k6 proof on ronan	Run Project 81 k6 proof wrapper	2026-07-09T05:14:52.5645963Z r_cd_chained_depth_2   [   0% ] 1 VUs  0m01.0s/3m0s  0/1 shared iters
project81 k6 proof on ronan	Run Project 81 k6 proof wrapper	2026-07-09T05:14:53.5634254Z 
project81 k6 proof on ronan	Run Project 81 k6 proof wrapper	2026-07-09T05:14:53.5634857Z running (0m02.0s), 1/1 VUs, 0 complete and 0 interrupted iterations
project81 k6 proof on ronan	Run Project 81 k6 proof wrapper	2026-07-09T05:14:53.5635154Z r_cd_chained_depth_2   [   0% ] 1 VUs  0m02.0s/3m0s  0/1 shared iters
project81 k6 proof on ronan	Run Project 81 k6 proof wrapper	2026-07-09T05:14:54.5636881Z 
project81 k6 proof on ronan	Run Project 81 k6 proof wrapper	2026-07-09T05:14:54.5638591Z running (0m03.0s), 1/1 VUs, 0 complete and 0 interrupted iterations
project81 k6 proof on ronan	Run Project 81 k6 proof wrapper	2026-07-09T05:14:54.5638880Z r_cd_chained_depth_2   [   0% ] 1 VUs  0m03.0s/3m0s  0/1 shared iters
project81 k6 proof on ronan	Run Project 81 k6 proof wrapper	2026-07-09T05:14:55.5641364Z 
project81 k6 proof on ronan	Run Project 81 k6 proof wrapper	2026-07-09T05:14:55.5642275Z running (0m04.0s), 1/1 VUs, 0 complete and 0 interrupted iterations
project81 k6 proof on ronan	Run Project 81 k6 proof wrapper	2026-07-09T05:14:55.5642597Z r_cd_chained_depth_2   [   0% ] 1 VUs  0m04.0s/3m0s  0/1 shared iters
project81 k6 proof on ronan	Run Project 81 k6 proof wrapper	2026-07-09T05:14:56.5638565Z 
project81 k6 proof on ronan	Run Project 81 k6 proof wrapper	2026-07-09T05:14:56.5639794Z running (0m05.0s), 1/1 VUs, 0 complete and 0 interrupted iterations
project81 k6 proof on ronan	Run Project 81 k6 proof wrapper	2026-07-09T05:14:56.5640281Z r_cd_chained_depth_2   [   0% ] 1 VUs  0m05.0s/3m0s  0/1 shared iters
project81 k6 proof on ronan	Run Project 81 k6 proof wrapper	2026-07-09T05:14:57.5637610Z 
project81 k6 proof on ronan	Run Project 81 k6 proof wrapper	2026-07-09T05:14:57.5638953Z running (0m06.0s), 1/1 VUs, 0 complete and 0 interrupted iterations
project81 k6 proof on ronan	Run Project 81 k6 proof wrapper	2026-07-09T05:14:57.5639496Z r_cd_chained_depth_2   [   0% ] 1 VUs  0m06.0s/3m0s  0/1 shared iters
project81 k6 proof on ronan	Run Project 81 k6 proof wrapper	2026-07-09T05:14:58.5636273Z 
project81 k6 proof on ronan	Run Project 81 k6 proof wrapper	2026-07-09T05:14:58.5636879Z running (0m07.0s), 1/1 VUs, 0 complete and 0 interrupted iterations
project81 k6 proof on ronan	Run Project 81 k6 proof wrapper	2026-07-09T05:14:58.5637356Z r_cd_chained_depth_2   [   0% ] 1 VUs  0m07.0s/3m0s  0/1 shared iters
project81 k6 proof on ronan	Run Project 81 k6 proof wrapper	2026-07-09T05:14:59.5645129Z 
project81 k6 proof on ronan	Run Project 81 k6 proof wrapper	2026-07-09T05:14:59.5646693Z running (0m08.0s), 1/1 VUs, 0 complete and 0 interrupted iterations
project81 k6 proof on ronan	Run Project 81 k6 proof wrapper	2026-07-09T05:14:59.5647180Z r_cd_chained_depth_2   [   0% ] 1 VUs  0m08.0s/3m0s  0/1 shared iters
project81 k6 proof on ronan	Run Project 81 k6 proof wrapper	2026-07-09T05:15:00.5644830Z 
project81 k6 proof on ronan	Run Project 81 k6 proof wrapper	2026-07-09T05:15:00.5646266Z running (0m09.0s), 1/1 VUs, 0 complete and 0 interrupted iterations
project81 k6 proof on ronan	Run Project 81 k6 proof wrapper	2026-07-09T05:15:01.0944813Z r_cd_chained_depth_2   [   0% ] 1 VUs  0m09.0s/3m0s  0/1 shared iters
project81 k6 proof on ronan	Run Project 81 k6 proof wrapper	2026-07-09T05:15:01.0945753Z time="2026-07-08T22:15:01-07:00" level=info msg="ℹ Ignoring harness prompt echo event" source=console
project81 k6 proof on ronan	Run Project 81 k6 proof wrapper	2026-07-09T05:15:01.5641945Z 
project81 k6 proof on ronan	Run Project 81 k6 proof wrapper	2026-07-09T05:15:01.5642395Z running (0m10.0s), 1/1 VUs, 0 complete and 0 interrupted iterations
project81 k6 proof on ronan	Run Project 81 k6 proof wrapper	2026-07-09T05:15:01.5642877Z r_cd_chained_depth_2   [   0% ] 1 VUs  0m10.0s/3m0s  0/1 shared iters
project81 k6 proof on ronan	Run Project 81 k6 proof wrapper	2026-07-09T05:15:02.5637307Z 
project81 k6 proof on ronan	Run Project 81 k6 proof wrapper	2026-07-09T05:15:02.5638902Z running (0m11.0s), 1/1 VUs, 0 complete and 0 interrupted iterations
project81 k6 proof on ronan	Run Project 81 k6 proof wrapper	2026-07-09T05:15:02.5639434Z r_cd_chained_depth_2   [   0% ] 1 VUs  0m11.0s/3m0s  0/1 shared iters
project81 k6 proof on ronan	Run Project 81 k6 proof wrapper	2026-07-09T05:15:03.2502170Z time="2026-07-08T22:15:03-07:00" level=info msg="ℹ Ignoring harness prompt echo event" source=console
project81 k6 proof on ronan	Run Project 81 k6 proof wrapper	2026-07-09T05:15:03.5644012Z 
project81 k6 proof on ronan	Run Project 81 k6 proof wrapper	2026-07-09T05:15:03.5644512Z running (0m12.0s), 1/1 VUs, 0 complete and 0 interrupted iterations
project81 k6 proof on ronan	Run Project 81 k6 proof wrapper	2026-07-09T05:15:03.5644992Z r_cd_chained_depth_2   [   0% ] 1 VUs  0m12.0s/3m0s  0/1 shared iters
project81 k6 proof on ronan	Run Project 81 k6 proof wrapper	2026-07-09T05:15:04.5645208Z 
project81 k6 proof on ronan	Run Project 81 k6 proof wrapper	2026-07-09T05:15:04.5646836Z running (0m13.0s), 1/1 VUs, 0 complete and 0 interrupted iterations
project81 k6 proof on ronan	Run Project 81 k6 proof wrapper	2026-07-09T05:15:04.5647319Z r_cd_chained_depth_2   [   0% ] 1 VUs  0m13.0s/3m0s  0/1 shared iters
project81 k6 proof on ronan	Run Project 81 k6 proof wrapper	2026-07-09T05:15:05.5647033Z 
project81 k6 proof on ronan	Run Project 81 k6 proof wrapper	2026-07-09T05:15:05.5648688Z running (0m14.0s), 1/1 VUs, 0 complete and 0 interrupted iterations
project81 k6 proof on ronan	Run Project 81 k6 proof wrapper	2026-07-09T05:15:05.5648968Z r_cd_chained_depth_2   [   0% ] 1 VUs  0m14.0s/3m0s  0/1 shared iters
project81 k6 proof on ronan	Run Project 81 k6 proof wrapper	2026-07-09T05:15:06.5648964Z 
project81 k6 proof on ronan	Run Project 81 k6 proof wrapper	2026-07-09T05:15:06.5649481Z running (0m15.0s), 1/1 VUs, 0 complete and 0 interrupted iterations
project81 k6 proof on ronan	Run Project 81 k6 proof wrapper	2026-07-09T05:15:06.5649761Z r_cd_chained_depth_2   [   0% ] 1 VUs  0m15.0s/3m0s  0/1 shared iters
project81 k6 proof on ronan	Run Project 81 k6 proof wrapper	2026-07-09T05:15:07.5646386Z 
project81 k6 proof on ronan	Run Project 81 k6 proof wrapper	2026-07-09T05:15:07.5647940Z running (0m16.0s), 1/1 VUs, 0 complete and 0 interrupted iterations
project81 k6 proof on ronan	Run Project 81 k6 proof wrapper	2026-07-09T05:15:07.5648217Z r_cd_chained_depth_2   [   0% ] 1 VUs  0m16.0s/3m0s  0/1 shared iters
project81 k6 proof on ronan	Run Project 81 k6 proof wrapper	2026-07-09T05:15:08.5640632Z 
project81 k6 proof on ronan	Run Project 81 k6 proof wrapper	2026-07-09T05:15:08.5641230Z running (0m17.0s), 1/1 VUs, 0 complete and 0 interrupted iterations
project81 k6 proof on ronan	Run Project 81 k6 proof wrapper	2026-07-09T05:15:08.5641538Z r_cd_chained_depth_2   [   0% ] 1 VUs  0m17.0s/3m0s  0/1 shared iters
project81 k6 proof on ronan	Run Project 81 k6 proof wrapper	2026-07-09T05:15:08.7994128Z time="2026-07-08T22:15:08-07:00" level=info msg="ℹ Ignoring harness prompt echo event" source=console
project81 k6 proof on ronan	Run Project 81 k6 proof wrapper	2026-07-09T05:15:09.5644519Z 
project81 k6 proof on ronan	Run Project 81 k6 proof wrapper	2026-07-09T05:15:09.5646055Z running (0m18.0s), 1/1 VUs, 0 complete and 0 interrupted iterations
project81 k6 proof on ronan	Run Project 81 k6 proof wrapper	2026-07-09T05:15:09.5646747Z r_cd_chained_depth_2   [   0% ] 1 VUs  0m18.0s/3m0s  0/1 shared iters
project81 k6 proof on ronan	Run Project 81 k6 proof wrapper	2026-07-09T05:15:10.5636952Z 
project81 k6 proof on ronan	Run Project 81 k6 proof wrapper	2026-07-09T05:15:10.5638457Z running (0m19.0s), 1/1 VUs, 0 complete and 0 interrupted iterations
project81 k6 proof on ronan	Run Project 81 k6 proof wrapper	2026-07-09T05:15:10.5638735Z r_cd_chained_depth_2   [   0% ] 1 VUs  0m19.0s/3m0s  0/1 shared iters
project81 k6 proof on ronan	Run Project 81 k6 proof wrapper	2026-07-09T05:15:11.5647146Z 
project81 k6 proof on ronan	Run Project 81 k6 proof wrapper	2026-07-09T05:15:11.5649212Z running (0m20.0s), 1/1 VUs, 0 complete and 0 interrupted iterations
project81 k6 proof on ronan	Run Project 81 k6 proof wrapper	2026-07-09T05:15:11.5649693Z r_cd_chained_depth_2   [   0% ] 1 VUs  0m20.0s/3m0s  0/1 shared iters
project81 k6 proof on ronan	Run Project 81 k6 proof wrapper	2026-07-09T05:15:12.5638894Z 
project81 k6 proof on ronan	Run Project 81 k6 proof wrapper	2026-07-09T05:15:12.5640559Z running (0m21.0s), 1/1 VUs, 0 complete and 0 interrupted iterations
project81 k6 proof on ronan	Run Project 81 k6 proof wrapper	2026-07-09T05:15:12.5641797Z r_cd_chained_depth_2   [   0% ] 1 VUs  0m21.0s/3m0s  0/1 shared iters
project81 k6 proof on ronan	Run Project 81 k6 proof wrapper	2026-07-09T05:15:13.5657151Z 
project81 k6 proof on ronan	Run Project 81 k6 proof wrapper	2026-07-09T05:15:13.5661495Z running (0m22.0s), 1/1 VUs, 0 complete and 0 interrupted iterations
project81 k6 proof on ronan	Run Project 81 k6 proof wrapper	2026-07-09T05:15:13.5664989Z r_cd_chained_depth_2   [   0% ] 1 VUs  0m22.0s/3m0s  0/1 shared iters
project81 k6 proof on ronan	Run Project 81 k6 proof wrapper	2026-07-09T05:15:13.7814037Z time="2026-07-08T22:15:13-07:00" level=info msg="✓ CHILD-DONE/CHILD-DELEGATE-SCHEDULED sentinel observed post-dispatch" source=console
project81 k6 proof on ronan	Run Project 81 k6 proof wrapper	2026-07-09T05:15:13.7815058Z time="2026-07-08T22:15:13-07:00" level=info msg="✓ GRANDCHILD-DONE sentinel observed post-dispatch" source=console
project81 k6 proof on ronan	Run Project 81 k6 proof wrapper	2026-07-09T05:15:13.7815784Z time="2026-07-08T22:15:13-07:00" level=info msg="Full chain evidence gathered, closing early" source=console
project81 k6 proof on ronan	Run Project 81 k6 proof wrapper	2026-07-09T05:15:13.7816594Z time="2026-07-08T22:15:13-07:00" level=info msg="\n--- R-CD-CHAINED-DEPTH-2 EVIDENCE SUMMARY ---" source=console
project81 k6 proof on ronan	Run Project 81 k6 proof wrapper	2026-07-09T05:15:13.7866928Z time="2026-07-08T22:15:13-07:00" level=info msg="{\n  \"row\": \"R-CD-CHAINED-DEPTH-2\",\n  \"manifest_loaded\": true,\n  \"nonce\": \"R-CD-CHAIN-1783574091564-9kcpg1gm\",\n  \"seat\": \"ronan\",\n  \"requestedSessionKey\": \"p81-5292-ronan-live\",\n  \"sessionKey\": \"agent:main:r-cd-chain-r-cd-chain-1783574091564-9kcpg1gm\",\n  \"session_created\": true,\n  \"created_session_key\": \"agent:main:r-cd-chain-r-cd-chain-1783574091564-9kcpg1gm\",\n  \"candidateSha\": \"5292af40d0ad5303b85a678f6e629503a8725848\",\n  \"started\": \"2026-07-09T05:14:51.564Z\",\n  \"parent_dispatch_accepted\": true,\n  \"child_spawned\": true,\n  \"grandchild_spawned\": true,\n  \"child_done_sentinel\": true,\n  \"grandchild_done_sentinel\": true,\n  \"chain_return_received\": true,\n  \"dispatch_accepted_at_ms\": 1783574092463,\n  \"max_depth_observed\": 2,\n  \"child_session\": null,\n  \"grandchild_session\": null,\n  \"trace_id\": null,\n  \"redacted_events\": [\n    {\n      \"ts\": 1783574091566,\n      \"kind\": \"event\",\n      \"method\": null,\n      \"event\": \"connect.challenge\",\n      \"ok\": null,\n      \"data\": null\n    },\n    {\n      \"ts\": 1783574091569,\n      \"kind\": \"other\",\n      \"method\": null,\n      \"event\": null,\n      \"ok\": null,\n      \"data\": null\n    },\n    {\n      \"ts\": 1783574091616,\n      \"kind\": \"event\",\n      \"method\": null,\n      \"event\": \"health\",\n      \"ok\": null,\n      \"data\": null\n    },\n    {\n      \"ts\": 1783574091922,\n      \"kind\": \"response\",\n      \"method\": \"sessions.create\",\n      \"event\": null,\n      \"ok\": true,\n      \"data\": {\n        \"ok\": true\n      }\n    },\n    {\n      \"ts\": 1783574091951,\n      \"kind\": \"response\",\n      \"method\": \"sessions.messages.subscribe\",\n      \"event\": null,\n      \"ok\": true,\n      \"data\": {}\n    },\n    {\n      \"ts\": 1783574092300,\n      \"kind\": \"event\",\n      \"method\": null,\n      \"event\": \"health\",\n      \"ok\": null,\n      \"data\": null\n    },\n    {\n      \"ts\": 1783574092303,\n      \"kind\": \"event\",\n      \"method\": null,\n      \"event\": \"presence\",\n      \"ok\": null,\n      \"data\": null\n    },\n    {\n      \"ts\": 1783574092463,\n      \"kind\": \"response\",\n      \"method\": \"sessions.send\",\n      \"event\": null,\n      \"ok\": true,\n      \"data\": {\n        \"runId\": \"R-CD-CHAIN-R-CD-CHAIN-1783574091564-9kcpg1gm\",\n        \"status\": \"started\"\n      }\n    },\n    {\n      \"ts\": 1783574093385,\n      \"kind\": \"event\",\n      \"method\": null,\n      \"event\": \"health\",\n      \"ok\": null,\n      \"data\": null\n    },\n    {\n      \"ts\": 1783574093396,\n      \"kind\": \"event\",\n      \"method\": null,\n      \"event\": \"presence\",\n      \"ok\": null,\n      \"data\": null\n    },\n    {\n      \"ts\": 1783574094471,\n      \"kind\": \"event\",\n      \"method\": null,\n      \"event\": \"health\",\n      \"ok\": null,\n      \"data\": null\n    },\n    {\n      \"ts\": 1783574094477,\n      \"kind\": \"event\",\n      \"method\": null,\n      \"event\": \"presence\",\n      \"ok\": null,\n      \"data\": null\n    },\n    {\n      \"ts\": 1783574094495,\n      \"kind\": \"event\",\n      \"method\": null,\n      \"event\": \"agent\",\n      \"ok\": null,\n      \"data\": null\n    },\n    {\n      \"ts\": 1783574094531,\n      \"kind\": \"event\",\n      \"method\": null,\n      \"event\": \"agent\",\n      \"ok\": null,\n      \"data\": null\n    },\n    {\n      \"ts\": 1783574094548,\n      \"kind\": \"event\",\n      \"method\": null,\n      \"event\": \"agent\",\n      \"ok\": null,\n      \"data\": null\n    },\n    {\n      \"ts\": 1783574095554,\n      \"kind\": \"event\",\n      \"method\": null,\n      \"event\": \"health\",\n      \"ok\": null,\n      \"data\": null\n    },\n    {\n      \"ts\": 1783574095566,\n      \"kind\": \"event\",\n      \"method\": null,\n      \"event\": \"presence\",\n      \"ok\": null,\n      \"data\": null\n    },\n    {\n      \"ts\": 1783574096663,\n      \"kind\": \"event\",\n      \"method\": null,\n      \"event\": \"health\",\n      \"ok\": null,\n      \"data\": null\n    },\n    {\n      \"ts\": 1783574096718,\n      \"kind\": \"event\",\n      \"method\": null,\n      \"event\": \"health\",\n      \"ok\": null,\n      \"data\": null\n    },\n    {\n      \"ts\": 1783574096738,\n      \"kind\": \"event\",\n      \"method\": null,\n      \"event\": \"presence\",\n      \"ok\": null,\n      \"data\": null\n    },\n    {\n      \"ts\": 1783574096740,\n      \"kind\": \"event\",\n      \"method\": null,\n      \"event\": \"presence\",\n      \"ok\": null,\n      \"data\": null\n    },\n    {\n      \"ts\": 1783574096771,\n      \"kind\": \"event\",\n      \"method\": null,\n      \"event\": \"agent\",\n      \"ok\": null,\n      \"data\": null\n    },\n    {\n      \"ts\": 1783574097799,\n      \"kind\": \"event\",\n      \"method\": null,\n      \"event\": \"health\",\n      \"ok\": null,\n      \"data\": null\n    },\n    {\n      \"ts\": 1783574097805,\n      \"kind\": \"event\",\n      \"method\": null,\n      \"event\": \"presence\",\n      \"ok\": null,\n      \"data\": null\n    },\n    {\n      \"ts\": 1783574098019,\n      \"kind\": \"event\",\n      \"method\": null,\n      \"event\": \"agent\",\n      \"ok\": null,\n      \"data\": null\n    },\n    {\n      \"ts\": 1783574098019,\n      \"kind\": \"event\",\n      \"method\": null,\n      \"event\": \"chat\",\n      \"ok\": null,\n      \"data\": null\n    },\n    {\n      \"ts\": 1783574098347,\n      \"kind\": \"event\",\n      \"method\": null,\n      \"event\": \"agent\",\n      \"ok\": null,\n      \"data\": null\n    },\n    {\n      \"ts\": 1783574098362,\n      \"kind\": \"event\",\n      \"method\": null,\n      \"event\": \"agent\",\n      \"ok\": null,\n      \"data\": null\n    },\n    {\n      \"ts\": 1783574098915,\n      \"kind\": \"event\",\n      \"method\": null,\n      \"event\": \"health\",\n      \"ok\": null,\n      \"data\": null\n    },\n    {\n      \"ts\": 1783574098922,\n      \"kind\": \"event\",\n      \"method\": null,\n      \"event\": \"presence\",\n      \"ok\": null,\n      \"data\": null\n    },\n    {\n      \"ts\": 1783574099338,\n      \"kind\": \"event\",\n      \"method\": null,\n      \"event\": \"agent\",\n      \"ok\": null,\n      \"data\": null\n    },\n    {\n      \"ts\": 1783574099522,\n      \"kind\": \"event\",\n      \"method\": null,\n      \"event\": \"agent\",\n      \"ok\": null,\n      \"data\": null\n    },\n    {\n      \"ts\": 1783574099522,\n      \"kind\": \"event\",\n      \"method\": null,\n      \"event\": \"agent\",\n      \"ok\": null,\n      \"data\": null\n    },\n    {\n      \"ts\": 1783574099723,\n      \"kind\": \"event\",\n      \"method\": null,\n      \"event\": \"agent\",\n      \"ok\": null,\n      \"data\": null\n    },\n    {\n      \"ts\": 1783574099723,\n      \"kind\": \"event\",\n      \"method\": null,\n      \"event\": \"agent\",\n      \"ok\": null,\n      \"data\": null\n    },\n    {\n      \"ts\": 1783574099926,\n      \"kind\": \"response\",\n      \"method\": \"tasks.list\",\n      \"event\": null,\n      \"ok\": true,\n      \"data\": {}\n    },\n    {\n      \"ts\": 1783574099972,\n      \"kind\": \"event\",\n      \"method\": null,\n      \"event\": \"health\",\n      \"ok\": null,\n      \"data\": null\n    },\n    {\n      \"ts\": 1783574099973,\n      \"kind\": \"event\",\n      \"method\": null,\n      \"event\": \"agent\",\n      \"ok\": null,\n      \"data\": null\n    },\n    {\n      \"ts\": 1783574099973,\n      \"kind\": \"event\",\n      \"method\": null,\n      \"event\": \"agent\",\n      \"ok\": null,\n      \"data\": null\n    },\n    {\n      \"ts\": 1783574099978,\n      \"kind\": \"event\",\n      \"method\": null,\n      \"event\": \"presence\",\n      \"ok\": null,\n      \"data\": null\n    },\n    {\n      \"ts\": 1783574100168,\n      \"kind\": \"event\",\n      \"method\": null,\n      \"event\": \"agent\",\n      \"ok\": null,\n      \"data\": null\n    },\n    {\n      \"ts\": 1783574100168,\n      \"kind\": \"event\",\n      \"method\": null,\n      \"event\": \"agent\",\n      \"ok\": null,\n      \"data\": null\n    },\n    {\n      \"ts\": 1783574100329,\n      \"kind\": \"event\",\n      \"method\": null,\n      \"event\": \"agent\",\n      \"ok\": null,\n      \"data\": null\n    },\n    {\n      \"ts\": 1783574100329,\n      \"kind\": \"event\",\n      \"method\": null,\n      \"event\": \"agent\",\n      \"ok\": null,\n      \"data\": null\n    },\n    {\n      \"ts\": 1783574101027,\n      \"kind\": \"event\",\n      \"method\": null,\n      \"event\": \"health\",\n      \"ok\": null,\n      \"data\": null\n    },\n    {\n      \"ts\": 1783574101039,\n      \"kind\": \"event\",\n      \"method\": null,\n      \"event\": \"presence\",\n      \"ok\": null,\n      \"data\": null\n    },\n    {\n      \"ts\": 1783574101049,\n      \"kind\": \"event\",\n      \"method\": null,\n      \"event\": \"agent\",\n      \"ok\": null,\n      \"data\": null\n    },\n    {\n      \"ts\": 1783574101067,\n      \"kind\": \"event\",\n      \"method\": null,\n      \"event\": \"agent\",\n      \"ok\": null,\n      \"data\": null\n    },\n    {\n      \"ts\": 1783574101071,\n      \"kind\": \"event\",\n      \"method\": null,\n      \"event\": \"agent\",\n      \"ok\": null,\n      \"data\": null\n    },\n    {\n      \"ts\": 1783574101071,\n      \"kind\": \"event\",\n      \"method\": null,\n      \"event\": \"chat\",\n      \"ok\": null,\n      \"data\": null\n    },\n    {\n      \"ts\": 1783574101077,\n      \"kind\": \"event\",\n      \"method\": null,\n      \"event\": \"agent\",\n      \"ok\": null,\n      \"data\": null\n    },\n    {\n      \"ts\": 1783574101093,\n      \"kind\": \"event\",\n      \"method\": null,\n      \"event\": \"agent\",\n      \"ok\": null,\n      \"data\": null\n    },\n    {\n      \"ts\": 1783574101264,\n      \"kind\": \"event\",\n      \"method\": null,\n      \"event\": \"agent\",\n      \"ok\": null,\n      \"data\": null\n    },\n    {\n      \"ts\": 1783574101444,\n      \"kind\": \"event\",\n      \"method\": null,\n      \"event\": \"chat\",\n      \"ok\": null,\n      \"data\": null\n    },\n    {\n      \"ts\": 1783574102132,\n      \"kind\": \"event\",\n      \"method\": null,\n      \"event\": \"health\",\n      \"ok\": null,\n      \"data\": null\n    },\n    {\n      \"ts\": 1783574102141,\n      \"kind\": \"event\",\n      \"method\": null,\n      \"event\": \"presence\",\n      \"ok\": null,\n      \"data\": null\n    },\n    {\n      \"ts\": 1783574103147,\n      \"kind\": \"event\",\n      \"method\": null,\n      \"event\": \"health\",\n      \"ok\": null,\n      \"data\": null\n    },\n    {\n      \"ts\": 1783574103213,\n      \"kind\": \"event\",\n      \"method\": null,\n      \"event\": \"health\",\n      \"ok\": null,\n      \"data\": null\n    },\n    {\n      \"ts\": 1783574103217,\n      \"kind\": \"event\",\n      \"method\": null,\n      \"event\": \"presence\",\n      \"ok\": null,\n      \"data\": null\n    },\n    {\n      \"ts\": 1783574103249,\n      \"kind\": \"event\",\n      \"method\": null,\n      \"event\": \"agent\",\n      \"ok\": null,\n      \"data\": null\n    },\n    {\n      \"ts\": 1783574103257,\n      \"kind\": \"event\",\n      \"method\": null,\n      \"event\": \"presence\",\n      \"ok\": null,\n      \"data\": null\n    },\n    {\n      \"ts\": 1783574103568,\n      \"kind\": \"event\",\n      \"method\": null,\n      \"event\": \"health\",\n      \"ok\": null,\n      \"data\": null\n    },\n    {\n      \"ts\": 1783574103583,\n      \"kind\": \"event\",\n      \"method\": null,\n      \"event\": \"presence\",\n      \"ok\": null,\n      \"data\": null\n    },\n    {\n      \"ts\": 1783574103645,\n      \"kind\": \"event\",\n      \"method\": null,\n      \"event\": \"health\",\n      \"ok\": null,\n      \"data\": null\n    },\n    {\n      \"ts\": 1783574103701,\n      \"kind\": \"event\",\n      \"method\": null,\n      \"event\": \"presence\",\n      \"ok\": null,\n      \"data\": null\n    },\n    {\n      \"ts\": 1783574103749,\n      \"kind\": \"event\",\n      \"method\": null,\n      \"event\": \"health\",\n      \"ok\": null,\n      \"data\": null\n    },\n    {\n      \"ts\": 1783574103784,\n      \"kind\": \"event\",\n      \"method\": null,\n      \"event\": \"presence\",\n      \"ok\": null,\n      \"data\": null\n    },\n    {\n      \"ts\": 1783574103938,\n      \"kind\": \"event\",\n      \"method\": null,\n      \"event\": \"agent\",\n      \"ok\": null,\n      \"data\": null\n    },\n    {\n      \"ts\": 1783574103975,\n      \"kind\": \"event\",\n      \"method\": null,\n      \"event\": \"agent\",\n      \"ok\": null,\n      \"data\": null\n    },\n    {\n      \"ts\": 1783574104304,\n      \"kind\": \"event\",\n      \"method\": null,\n      \"event\": \"health\",\n      \"ok\": null,\n      \"data\": null\n    },\n    {\n      \"ts\": 1783574104334,\n      \"kind\": \"event\",\n      \"method\": null,\n      \"event\": \"presence\",\n      \"ok\": null,\n      \"data\": null\n    },\n    {\n      \"ts\": 1783574105357,\n      \"kind\": \"event\",\n      \"method\": null,\n      \"event\": \"health\",\n      \"ok\": null,\n      \"data\": null\n    },\n    {\n      \"ts\": 1783574105365,\n      \"kind\": \"event\",\n      \"method\": null,\n      \"event\": \"presence\",\n      \"ok\": null,\n      \"data\": null\n    },\n    {\n      \"ts\": 1783574106445,\n      \"kind\": \"event\",\n      \"method\": null,\n      \"event\": \"health\",\n      \"ok\": null,\n      \"data\": null\n    },\n    {\n      \"ts\": 1783574106448,\n      \"kind\": \"event\",\n      \"method\": null,\n      \"event\": \"presence\",\n      \"ok\": null,\n      \"data\": null\n    },\n    {\n      \"ts\": 1783574107287,\n      \"kind\": \"event\",\n      \"method\": null,\n      \"event\": \"agent\",\n      \"ok\": null,\n      \"data\": null\n    },\n    {\n      \"ts\": 1783574107287,\n      \"kind\": \"event\",\n      \"method\": null,\n      \"event\": \"chat\",\n      \"ok\": null,\n      \"data\": null\n    },\n    {\n      \"ts\": 1783574107519,\n      \"kind\": \"event\",\n      \"method\": null,\n      \"event\": \"health\",\n      \"ok\": null,\n      \"data\": null\n    },\n    {\n      \"ts\": 1783574107522,\n      \"kind\": \"event\",\n      \"method\": null,\n      \"event\": \"agent\",\n      \"ok\": null,\n      \"data\": null\n    },\n    {\n      \"ts\": 1783574107522,\n      \"kind\": \"event\",\n      \"method\": null,\n      \"event\": \"agent\",\n      \"ok\": null,\n      \"data\": null\n    },\n    {\n      \"ts\": 1783574107528,\n      \"kind\": \"event\",\n      \"method\": null,\n      \"event\": \"presence\",\n      \"ok\": null,\n      \"data\": null\n    },\n    {\n      \"ts\": 1783574107624,\n      \"kind\": \"event\",\n      \"method\": null,\n      \"event\": \"agent\",\n      \"ok\": null,\n      \"data\": null\n    },\n    {\n      \"ts\": 1783574107625,\n      \"kind\": \"event\",\n      \"method\": null,\n      \"event\": \"chat\",\n      \"ok\": null,\n      \"data\": null\n    },\n    {\n      \"ts\": 1783574107625,\n      \"kind\": \"event\",\n      \"method\": null,\n      \"event\": \"chat\",\n      \"ok\": null,\n      \"data\": null\n    },\n    {\n      \"ts\": 1783574108009,\n      \"kind\": \"event\",\n      \"method\": null,\n      \"event\": \"tick\",\n      \"ok\": null,\n      \"data\": null\n    },\n    {\n      \"ts\": 1783574108609,\n      \"kind\": \"event\",\n      \"method\": null,\n      \"event\": \"health\",\n      \"ok\": null,\n      \"data\": null\n    },\n    {\n      \"ts\": 1783574108614,\n      \"kind\": \"event\",\n      \"method\": null,\n      \"event\": \"presence\",\n      \"ok\": null,\n      \"data\": null\n    },\n    {\n      \"ts\": 1783574108622,\n      \"kind\": \"event\",\n      \"method\": null,\n      \"event\": \"agent\",\n      \"ok\": null,\n      \"data\": null\n    },\n    {\n      \"ts\": 1783574108623,\n      \"kind\": \"event\",\n      \"method\": null,\n      \"event\": \"chat\",\n      \"ok\": null,\n      \"data\": null\n    },\n    {\n      \"ts\": 1783574108754,\n      \"kind\": \"event\",\n      \"method\": null,\n      \"event\": \"agent\",\n      \"ok\": null,\n      \"data\": null\n    },\n    {\n      \"ts\": 1783574108798,\n      \"kind\": \"event\",\n      \"method\": null,\n      \"event\": \"session.message\",\n      \"ok\": null,\n      \"data\": null\n    },\n    {\n      \"ts\": 1783574109703,\n      \"kind\": \"event\",\n      \"method\": null,\n      \"event\": \"health\",\n      \"ok\": null,\n      \"data\": null\n    },\n    {\n      \"ts\": 1783574109713,\n      \"kind\": \"event\",\n      \"method\": null,\n      \"event\": \"presence\",\n      \"ok\": null,\n      \"data\": null\n    },\n    {\n      \"ts\": 1783574110791,\n      \"kind\": \"event\",\n      \"method\": null,\n      \"event\": \"health\",\n      \"ok\": null,\n      \"data\": null\n    },\n    {\n      \"ts\": 1783574110795,\n      \"kind\": \"event\",\n      \"method\": null,\n      \"event\": \"presence\",\n      \"ok\": null,\n      \"data\": null\n    },\n    {\n      \"ts\": 1783574112139,\n      \"kind\": \"event\",\n      \"method\": null,\n      \"event\": \"health\",\n      \"ok\": null,\n      \"data\": null\n    },\n    {\n      \"ts\": 1783574112144,\n      \"kind\": \"response\",\n      \"method\": \"tasks.list\",\n      \"event\": null,\n      \"ok\": true,\n      \"data\": {}\n    },\n    {\n      \"ts\": 1783574112146,\n      \"kind\": \"event\",\n      \"method\": null,\n      \"event\": \"presence\",\n      \"ok\": null,\n      \"data\": null\n    },\n    {\n      \"ts\": 1783574113200,\n      \"kind\": \"event\",\n      \"method\": null,\n      \"event\": \"health\",\n      \"ok\": null,\n      \"data\": null\n    },\n    {\n      \"ts\": 1783574113214,\n      \"kind\": \"event\",\n      \"method\": null,\n      \"event\": \"presence\",\n      \"ok\": null,\n      \"data\": null\n    },\n    {\n      \"ts\": 1783574113780,\n      \"kind\": \"event\",\n      \"method\": null,\n      \"event\": \"session.message\",\n      \"ok\": null,\n      \"data\": null\n    }\n  ],\n  \"ended\": \"2026-07-09T05:15:13.781Z\",\n  \"duration_ms\": 22217\n}" source=console
project81 k6 proof on ronan	Run Project 81 k6 proof wrapper	2026-07-09T05:15:13.7912446Z time="2026-07-08T22:15:13-07:00" level=info msg="--- END EVIDENCE ---" source=console
project81 k6 proof on ronan	Run Project 81 k6 proof wrapper	2026-07-09T05:15:13.7913099Z time="2026-07-08T22:15:13-07:00" level=info msg="\n[R-CD-CHAINED-DEPTH-2] VERDICT: PASS-candidate" source=console
project81 k6 proof on ronan	Run Project 81 k6 proof wrapper	2026-07-09T05:15:13.7913734Z time="2026-07-08T22:15:13-07:00" level=info msg="  Max depth observed: 2" source=console
project81 k6 proof on ronan	Run Project 81 k6 proof wrapper	2026-07-09T05:15:13.7914055Z 
project81 k6 proof on ronan	Run Project 81 k6 proof wrapper	2026-07-09T05:15:13.7914380Z [R-CD-CHAINED-DEPTH-2] Summary: PASS-candidate | SHA: 5292af40d0ad5303b85a678f6e629503a8725848 | Seat: ronan
project81 k6 proof on ronan	Run Project 81 k6 proof wrapper	2026-07-09T05:15:13.7914802Z 
project81 k6 proof on ronan	Run Project 81 k6 proof wrapper	2026-07-09T05:15:13.7914970Z running (0m22.2s), 0/1 VUs, 1 complete and 0 interrupted iterations
project81 k6 proof on ronan	Run Project 81 k6 proof wrapper	2026-07-09T05:15:13.7915634Z r_cd_chained_depth_2 ✓ [ 100% ] 1 VUs  0m22.2s/3m0s  1/1 shared iters
project81 k6 proof on ronan	Run Project 81 k6 proof wrapper	2026-07-09T05:15:13.8740364Z ./r-cd-chained-depth-2-summary.json
project81 k6 proof on ronan	Run Project 81 k6 proof wrapper	2026-07-09T05:15:13.9883712Z [R-CD-CHAINED-DEPTH-2] METRICS: /home/figs/actions-runner/_work/openclaw-bootstrap/openclaw-bootstrap/openclaw-bootstrap/PROOFS/ee9295cc6bb4fb27b135c3c21252ef9e815e2766/project81-k6/20260709T051307Z-ronan-dgx-4013874/5292af40d0ad5303b85a678f6e629503a8725848/R-CD-CHAINED-DEPTH-2/ronan/20260709T051451Z-r-cd-chained-depth-2/openclaw-proofs-k6.prom
project81 k6 proof on ronan	Run Project 81 k6 proof wrapper	2026-07-09T05:15:13.9893582Z [R-CD-CHAINED-DEPTH-2] ARTIFACTS: /home/figs/actions-runner/_work/openclaw-bootstrap/openclaw-bootstrap/openclaw-bootstrap/PROOFS/ee9295cc6bb4fb27b135c3c21252ef9e815e2766/project81-k6/20260709T051307Z-ronan-dgx-4013874/5292af40d0ad5303b85a678f6e629503a8725848/R-CD-CHAINED-DEPTH-2/ronan/20260709T051451Z-r-cd-chained-depth-2
project81 k6 proof on ronan	Run Project 81 k6 proof wrapper	2026-07-09T05:15:13.9894307Z [R-CD-CHAINED-DEPTH-2] COMPLETED.
project81 k6 proof on ronan	Run Project 81 k6 proof wrapper	2026-07-09T05:15:13.9894555Z Observability check: query Grafana for run/nonce or review Tempo traces if trace ID was emitted.
project81 k6 proof on ronan	Run Project 81 k6 proof wrapper	2026-07-09T05:15:14.0132537Z 
project81 k6 proof on ronan	Run Project 81 k6 proof wrapper	2026-07-09T05:15:14.0134084Z ----------------------------------------
project81 k6 proof on ronan	Run Project 81 k6 proof wrapper	2026-07-09T05:15:14.0134438Z Row: R-CD-MODEL-CHAINED-ALT
project81 k6 proof on ronan	Run Project 81 k6 proof wrapper	2026-07-09T05:15:14.0135173Z Manifest: /home/figs/actions-runner/_work/openclaw-bootstrap/openclaw-bootstrap/karmaterminal-openclaw-docs/tools/k6-proofs/manifests/r-cd-model-chained-alt.json
project81 k6 proof on ronan	Run Project 81 k6 proof wrapper	2026-07-09T05:15:14.0136005Z Scenario: scenarios/r-cd-model-chained-alt.js
project81 k6 proof on ronan	Run Project 81 k6 proof wrapper	2026-07-09T05:15:14.0136308Z Status: runnable
project81 k6 proof on ronan	Run Project 81 k6 proof wrapper	2026-07-09T05:15:14.0136609Z Live Safety: k6-runnable
project81 k6 proof on ronan	Run Project 81 k6 proof wrapper	2026-07-09T05:15:14.0136849Z [R-CD-MODEL-CHAINED-ALT] RUNNING...
project81 k6 proof on ronan	Run Project 81 k6 proof wrapper	2026-07-09T05:15:14.0357773Z 
project81 k6 proof on ronan	Run Project 81 k6 proof wrapper	2026-07-09T05:15:14.0358332Z          /\      Grafana   /‾‾/  
project81 k6 proof on ronan	Run Project 81 k6 proof wrapper	2026-07-09T05:15:14.0358618Z     /\  /  \     |\  __   /  /   
project81 k6 proof on ronan	Run Project 81 k6 proof wrapper	2026-07-09T05:15:14.0358888Z    /  \/    \    | |/ /  /   ‾‾\ 
project81 k6 proof on ronan	Run Project 81 k6 proof wrapper	2026-07-09T05:15:14.0359147Z   /          \   |   (  |  (‾)  |
project81 k6 proof on ronan	Run Project 81 k6 proof wrapper	2026-07-09T05:15:14.0359367Z  / __________ \  |_|\_\  \_____/ 
project81 k6 proof on ronan	Run Project 81 k6 proof wrapper	2026-07-09T05:15:14.0359515Z 
project81 k6 proof on ronan	Run Project 81 k6 proof wrapper	2026-07-09T05:15:14.0359533Z 
project81 k6 proof on ronan	Run Project 81 k6 proof wrapper	2026-07-09T05:15:14.0359615Z      execution: local
project81 k6 proof on ronan	Run Project 81 k6 proof wrapper	2026-07-09T05:15:14.0359866Z         script: scenarios/r-cd-model-chained-alt.js
project81 k6 proof on ronan	Run Project 81 k6 proof wrapper	2026-07-09T05:15:14.0360167Z         output: -
project81 k6 proof on ronan	Run Project 81 k6 proof wrapper	2026-07-09T05:15:14.0360279Z 
project81 k6 proof on ronan	Run Project 81 k6 proof wrapper	2026-07-09T05:15:14.0360512Z      scenarios: (100.00%) 1 scenario, 1 max VUs, 4m30s max duration (incl. graceful stop):
project81 k6 proof on ronan	Run Project 81 k6 proof wrapper	2026-07-09T05:15:14.0361171Z               * r_cd_model_chained_alt: 1 iterations shared among 1 VUs (maxDuration: 4m0s, gracefulStop: 30s)
project81 k6 proof on ronan	Run Project 81 k6 proof wrapper	2026-07-09T05:15:14.0361585Z 
project81 k6 proof on ronan	Run Project 81 k6 proof wrapper	2026-07-09T05:15:14.4538609Z time="2026-07-08T22:15:14-07:00" level=info msg="✓ disposable session created: agent:main:r-cd-model-chain-r-cd-model-chained-alt-1783574114037-txkeflxk" source=console
project81 k6 proof on ronan	Run Project 81 k6 proof wrapper	2026-07-09T05:15:14.9887600Z time="2026-07-08T22:15:14-07:00" level=info msg="✓ sessions.send accepted — chained model parent turn triggered" source=console
project81 k6 proof on ronan	Run Project 81 k6 proof wrapper	2026-07-09T05:15:15.0377703Z 
project81 k6 proof on ronan	Run Project 81 k6 proof wrapper	2026-07-09T05:15:15.0378158Z running (0m01.0s), 1/1 VUs, 0 complete and 0 interrupted iterations
project81 k6 proof on ronan	Run Project 81 k6 proof wrapper	2026-07-09T05:15:15.0378640Z r_cd_model_chained_alt   [   0% ] 1 VUs  0m01.0s/4m0s  0/1 shared iters
project81 k6 proof on ronan	Run Project 81 k6 proof wrapper	2026-07-09T05:15:16.0373137Z 
project81 k6 proof on ronan	Run Project 81 k6 proof wrapper	2026-07-09T05:15:16.0373697Z running (0m02.0s), 1/1 VUs, 0 complete and 0 interrupted iterations
project81 k6 proof on ronan	Run Project 81 k6 proof wrapper	2026-07-09T05:15:16.0373989Z r_cd_model_chained_alt   [   0% ] 1 VUs  0m02.0s/4m0s  0/1 shared iters
project81 k6 proof on ronan	Run Project 81 k6 proof wrapper	2026-07-09T05:15:17.0370516Z 
project81 k6 proof on ronan	Run Project 81 k6 proof wrapper	2026-07-09T05:15:17.0371027Z running (0m03.0s), 1/1 VUs, 0 complete and 0 interrupted iterations
project81 k6 proof on ronan	Run Project 81 k6 proof wrapper	2026-07-09T05:15:17.0371507Z r_cd_model_chained_alt   [   0% ] 1 VUs  0m03.0s/4m0s  0/1 shared iters
project81 k6 proof on ronan	Run Project 81 k6 proof wrapper	2026-07-09T05:15:18.0369217Z 
project81 k6 proof on ronan	Run Project 81 k6 proof wrapper	2026-07-09T05:15:18.0369820Z running (0m04.0s), 1/1 VUs, 0 complete and 0 interrupted iterations
project81 k6 proof on ronan	Run Project 81 k6 proof wrapper	2026-07-09T05:15:18.0370100Z r_cd_model_chained_alt   [   0% ] 1 VUs  0m04.0s/4m0s  0/1 shared iters
project81 k6 proof on ronan	Run Project 81 k6 proof wrapper	2026-07-09T05:15:19.0369071Z 
project81 k6 proof on ronan	Run Project 81 k6 proof wrapper	2026-07-09T05:15:19.0369559Z running (0m05.0s), 1/1 VUs, 0 complete and 0 interrupted iterations
project81 k6 proof on ronan	Run Project 81 k6 proof wrapper	2026-07-09T05:15:19.0370051Z r_cd_model_chained_alt   [   0% ] 1 VUs  0m05.0s/4m0s  0/1 shared iters
project81 k6 proof on ronan	Run Project 81 k6 proof wrapper	2026-07-09T05:15:20.0367742Z 
project81 k6 proof on ronan	Run Project 81 k6 proof wrapper	2026-07-09T05:15:20.0368343Z running (0m06.0s), 1/1 VUs, 0 complete and 0 interrupted iterations
project81 k6 proof on ronan	Run Project 81 k6 proof wrapper	2026-07-09T05:15:20.0368627Z r_cd_model_chained_alt   [   0% ] 1 VUs  0m06.0s/4m0s  0/1 shared iters
project81 k6 proof on ronan	Run Project 81 k6 proof wrapper	2026-07-09T05:15:21.0377283Z 
project81 k6 proof on ronan	Run Project 81 k6 proof wrapper	2026-07-09T05:15:21.0378694Z running (0m07.0s), 1/1 VUs, 0 complete and 0 interrupted iterations
project81 k6 proof on ronan	Run Project 81 k6 proof wrapper	2026-07-09T05:15:21.0379793Z r_cd_model_chained_alt   [   0% ] 1 VUs  0m07.0s/4m0s  0/1 shared iters
project81 k6 proof on ronan	Run Project 81 k6 proof wrapper	2026-07-09T05:15:22.0374613Z 
project81 k6 proof on ronan	Run Project 81 k6 proof wrapper	2026-07-09T05:15:22.0376110Z running (0m08.0s), 1/1 VUs, 0 complete and 0 interrupted iterations
project81 k6 proof on ronan	Run Project 81 k6 proof wrapper	2026-07-09T05:15:22.0377303Z r_cd_model_chained_alt   [   0% ] 1 VUs  0m08.0s/4m0s  0/1 shared iters
project81 k6 proof on ronan	Run Project 81 k6 proof wrapper	2026-07-09T05:15:23.0372184Z 
project81 k6 proof on ronan	Run Project 81 k6 proof wrapper	2026-07-09T05:15:23.0373675Z running (0m09.0s), 1/1 VUs, 0 complete and 0 interrupted iterations
project81 k6 proof on ronan	Run Project 81 k6 proof wrapper	2026-07-09T05:15:23.0374211Z r_cd_model_chained_alt   [   0% ] 1 VUs  0m09.0s/4m0s  0/1 shared iters
project81 k6 proof on ronan	Run Project 81 k6 proof wrapper	2026-07-09T05:15:24.0369954Z 
project81 k6 proof on ronan	Run Project 81 k6 proof wrapper	2026-07-09T05:15:25.0367850Z running (0m10.0s), 1/1 VUs, 0 complete and 0 interrupted iterations
project81 k6 proof on ronan	Run Project 81 k6 proof wrapper	2026-07-09T05:15:25.0368361Z r_cd_model_chained_alt   [   0% ] 1 VUs  0m10.0s/4m0s  0/1 shared iters
project81 k6 proof on ronan	Run Project 81 k6 proof wrapper	2026-07-09T05:15:25.0368643Z 
project81 k6 proof on ronan	Run Project 81 k6 proof wrapper	2026-07-09T05:15:25.0368825Z running (0m11.0s), 1/1 VUs, 0 complete and 0 interrupted iterations
project81 k6 proof on ronan	Run Project 81 k6 proof wrapper	2026-07-09T05:15:25.0369252Z r_cd_model_chained_alt   [   0% ] 1 VUs  0m11.0s/4m0s  0/1 shared iters
project81 k6 proof on ronan	Run Project 81 k6 proof wrapper	2026-07-09T05:15:26.0368834Z 
project81 k6 proof on ronan	Run Project 81 k6 proof wrapper	2026-07-09T05:15:26.0370071Z running (0m12.0s), 1/1 VUs, 0 complete and 0 interrupted iterations
project81 k6 proof on ronan	Run Project 81 k6 proof wrapper	2026-07-09T05:15:26.0370559Z r_cd_model_chained_alt   [   0% ] 1 VUs  0m12.0s/4m0s  0/1 shared iters
project81 k6 proof on ronan	Run Project 81 k6 proof wrapper	2026-07-09T05:15:27.0371983Z 
project81 k6 proof on ronan	Run Project 81 k6 proof wrapper	2026-07-09T05:15:27.0372473Z running (0m13.0s), 1/1 VUs, 0 complete and 0 interrupted iterations
project81 k6 proof on ronan	Run Project 81 k6 proof wrapper	2026-07-09T05:15:27.0372954Z r_cd_model_chained_alt   [   0% ] 1 VUs  0m13.0s/4m0s  0/1 shared iters
project81 k6 proof on ronan	Run Project 81 k6 proof wrapper	2026-07-09T05:15:28.0368772Z 
project81 k6 proof on ronan	Run Project 81 k6 proof wrapper	2026-07-09T05:15:28.0369257Z running (0m14.0s), 1/1 VUs, 0 complete and 0 interrupted iterations
project81 k6 proof on ronan	Run Project 81 k6 proof wrapper	2026-07-09T05:15:28.0369736Z r_cd_model_chained_alt   [   0% ] 1 VUs  0m14.0s/4m0s  0/1 shared iters
project81 k6 proof on ronan	Run Project 81 k6 proof wrapper	2026-07-09T05:15:29.0374922Z 
project81 k6 proof on ronan	Run Project 81 k6 proof wrapper	2026-07-09T05:15:29.0376675Z running (0m15.0s), 1/1 VUs, 0 complete and 0 interrupted iterations
project81 k6 proof on ronan	Run Project 81 k6 proof wrapper	2026-07-09T05:15:29.0377170Z r_cd_model_chained_alt   [   0% ] 1 VUs  0m15.0s/4m0s  0/1 shared iters
project81 k6 proof on ronan	Run Project 81 k6 proof wrapper	2026-07-09T05:15:30.0372406Z 
project81 k6 proof on ronan	Run Project 81 k6 proof wrapper	2026-07-09T05:15:30.0374063Z running (0m16.0s), 1/1 VUs, 0 complete and 0 interrupted iterations
project81 k6 proof on ronan	Run Project 81 k6 proof wrapper	2026-07-09T05:15:30.0374591Z r_cd_model_chained_alt   [   0% ] 1 VUs  0m16.0s/4m0s  0/1 shared iters
project81 k6 proof on ronan	Run Project 81 k6 proof wrapper	2026-07-09T05:15:30.7034266Z time="2026-07-08T22:15:30-07:00" level=info msg="✓ depth-1 scheduled depth-2 sentinel observed" source=console
project81 k6 proof on ronan	Run Project 81 k6 proof wrapper	2026-07-09T05:15:30.7034795Z time="2026-07-08T22:15:30-07:00" level=info msg="✓ depth-2 model return observed" source=console
project81 k6 proof on ronan	Run Project 81 k6 proof wrapper	2026-07-09T05:15:30.7035190Z time="2026-07-08T22:15:30-07:00" level=info msg="All required R-CD-MODEL-CHAINED-ALT evidence gathered, closing early" source=console
project81 k6 proof on ronan	Run Project 81 k6 proof wrapper	2026-07-09T05:15:30.7035621Z time="2026-07-08T22:15:30-07:00" level=info msg="\n--- R-CD-MODEL-CHAINED-ALT EVIDENCE SUMMARY ---" source=console
project81 k6 proof on ronan	Run Project 81 k6 proof wrapper	2026-07-09T05:15:30.7057073Z time="2026-07-08T22:15:30-07:00" level=info msg="{\n  \"row\": \"R-CD-MODEL-CHAINED-ALT\",\n  \"manifest_loaded\": true,\n  \"nonce\": \"R-CD-MODEL-CHAINED-ALT-1783574114037-txkeflxk\",\n  \"seat\": \"ronan\",\n  \"requestedSessionKey\": \"p81-5292-ronan-live\",\n  \"sessionKey\": \"agent:main:r-cd-model-chain-r-cd-model-chained-alt-1783574114037-txkeflxk\",\n  \"session_created\": true,\n  \"created_session_key\": \"agent:main:r-cd-model-chain-r-cd-model-chained-alt-1783574114037-txkeflxk\",\n  \"candidateSha\": \"5292af40d0ad5303b85a678f6e629503a8725848\",\n  \"started\": \"2026-07-09T05:15:14.037Z\",\n  \"requested_model_byte\": \"gpt\",\n  \"dispatch_accepted\": true,\n  \"dispatch_accepted_at_ms\": 1783574114987,\n  \"depth_1_child_observed\": true,\n  \"depth_2_child_observed\": true,\n  \"depth_1_scheduled_inner\": true,\n  \"depth_2_model_byte\": \"gpt.\",\n  \"model_matches\": true,\n  \"return_payload\": true,\n  \"trace_id\": null,\n  \"redacted_events\": [\n    {\n      \"ts\": 1783574114038,\n      \"kind\": \"event\",\n      \"method\": null,\n      \"event\": \"connect.challenge\",\n      \"ok\": null,\n      \"data\": null\n    },\n    {\n      \"ts\": 1783574114043,\n      \"kind\": \"other\",\n      \"method\": null,\n      \"event\": null,\n      \"ok\": null,\n      \"data\": null\n    },\n    {\n      \"ts\": 1783574114086,\n      \"kind\": \"event\",\n      \"method\": null,\n      \"event\": \"health\",\n      \"ok\": null,\n      \"data\": null\n    },\n    {\n      \"ts\": 1783574114262,\n      \"kind\": \"event\",\n      \"method\": null,\n      \"event\": \"health\",\n      \"ok\": null,\n      \"data\": null\n    },\n    {\n      \"ts\": 1783574114267,\n      \"kind\": \"event\",\n      \"method\": null,\n      \"event\": \"presence\",\n      \"ok\": null,\n      \"data\": null\n    },\n    {\n      \"ts\": 1783574114453,\n      \"kind\": \"response\",\n      \"method\": \"sessions.create\",\n      \"event\": null,\n      \"ok\": true,\n      \"data\": {\n        \"ok\": true\n      }\n    },\n    {\n      \"ts\": 1783574114480,\n      \"kind\": \"response\",\n      \"method\": \"sessions.messages.subscribe\",\n      \"event\": null,\n      \"ok\": true,\n      \"data\": {}\n    },\n    {\n      \"ts\": 1783574114987,\n      \"kind\": \"response\",\n      \"method\": \"sessions.send\",\n      \"event\": null,\n      \"ok\": true,\n      \"data\": {\n        \"runId\": \"R-CD-MODEL-CHAINED-ALT-DISPATCH-R-CD-MODEL-CHAINED-ALT-1783574114037-txkeflxk\",\n        \"status\": \"started\"\n      }\n    },\n    {\n      \"ts\": 1783574115381,\n      \"kind\": \"event\",\n      \"method\": null,\n      \"event\": \"health\",\n      \"ok\": null,\n      \"data\": null\n    },\n    {\n      \"ts\": 1783574115433,\n      \"kind\": \"event\",\n      \"method\": null,\n      \"event\": \"presence\",\n      \"ok\": null,\n      \"data\": null\n    },\n    {\n      \"ts\": 1783574115809,\n      \"kind\": \"event\",\n      \"method\": null,\n      \"event\": \"agent\",\n      \"ok\": null,\n      \"data\": null\n    },\n    {\n      \"ts\": 1783574116264,\n      \"kind\": \"event\",\n      \"method\": null,\n      \"event\": \"chat\",\n      \"ok\": null,\n      \"data\": null\n    },\n    {\n      \"ts\": 1783574116526,\n      \"kind\": \"event\",\n      \"method\": null,\n      \"event\": \"health\",\n      \"ok\": null,\n      \"data\": null\n    },\n    {\n      \"ts\": 1783574116538,\n      \"kind\": \"event\",\n      \"method\": null,\n      \"event\": \"presence\",\n      \"ok\": null,\n      \"data\": null\n    },\n    {\n      \"ts\": 1783574116680,\n      \"kind\": \"event\",\n      \"method\": null,\n      \"event\": \"agent\",\n      \"ok\": null,\n      \"data\": null\n    },\n    {\n      \"ts\": 1783574116680,\n      \"kind\": \"event\",\n      \"method\": null,\n      \"event\": \"chat\",\n      \"ok\": null,\n      \"data\": null\n    },\n    {\n      \"ts\": 1783574116778,\n      \"kind\": \"event\",\n      \"method\": null,\n      \"event\": \"agent\",\n      \"ok\": null,\n      \"data\": null\n    },\n    {\n      \"ts\": 1783574116778,\n      \"kind\": \"event\",\n      \"method\": null,\n      \"event\": \"agent\",\n      \"ok\": null,\n      \"data\": null\n    },\n    {\n      \"ts\": 1783574116872,\n      \"kind\": \"event\",\n      \"method\": null,\n      \"event\": \"agent\",\n      \"ok\": null,\n      \"data\": null\n    },\n    {\n      \"ts\": 1783574116872,\n      \"kind\": \"event\",\n      \"method\": null,\n      \"event\": \"chat\",\n      \"ok\": null,\n      \"data\": null\n    },\n    {\n      \"ts\": 1783574116872,\n      \"kind\": \"event\",\n      \"method\": null,\n      \"event\": \"chat\",\n      \"ok\": null,\n      \"data\": null\n    },\n    {\n      \"ts\": 1783574117644,\n      \"kind\": \"event\",\n      \"method\": null,\n      \"event\": \"health\",\n      \"ok\": null,\n      \"data\": null\n    },\n    {\n      \"ts\": 1783574117653,\n      \"kind\": \"event\",\n      \"method\": null,\n      \"event\": \"presence\",\n      \"ok\": null,\n      \"data\": null\n    },\n    {\n      \"ts\": 1783574118351,\n      \"kind\": \"event\",\n      \"method\": null,\n      \"event\": \"health\",\n      \"ok\": null,\n      \"data\": null\n    },\n    {\n      \"ts\": 1783574118361,\n      \"kind\": \"event\",\n      \"method\": null,\n      \"event\": \"presence\",\n      \"ok\": null,\n      \"data\": null\n    },\n    {\n      \"ts\": 1783574118425,\n      \"kind\": \"event\",\n      \"method\": null,\n      \"event\": \"health\",\n      \"ok\": null,\n      \"data\": null\n    },\n    {\n      \"ts\": 1783574118430,\n      \"kind\": \"event\",\n      \"method\": null,\n      \"event\": \"presence\",\n      \"ok\": null,\n      \"data\": null\n    },\n    {\n      \"ts\": 1783574118481,\n      \"kind\": \"event\",\n      \"method\": null,\n      \"event\": \"health\",\n      \"ok\": null,\n      \"data\": null\n    },\n    {\n      \"ts\": 1783574118488,\n      \"kind\": \"event\",\n      \"method\": null,\n      \"event\": \"presence\",\n      \"ok\": null,\n      \"data\": null\n    },\n    {\n      \"ts\": 1783574118706,\n      \"kind\": \"event\",\n      \"method\": null,\n      \"event\": \"health\",\n      \"ok\": null,\n      \"data\": null\n    },\n    {\n      \"ts\": 1783574118717,\n      \"kind\": \"event\",\n      \"method\": null,\n      \"event\": \"presence\",\n      \"ok\": null,\n      \"data\": null\n    },\n    {\n      \"ts\": 1783574119047,\n      \"kind\": \"event\",\n      \"method\": null,\n      \"event\": \"agent\",\n      \"ok\": null,\n      \"data\": null\n    },\n    {\n      \"ts\": 1783574119629,\n      \"kind\": \"event\",\n      \"method\": null,\n      \"event\": \"task\",\n      \"ok\": null,\n      \"data\": null\n    },\n    {\n      \"ts\": 1783574119629,\n      \"kind\": \"event\",\n      \"method\": null,\n      \"event\": \"task\",\n      \"ok\": null,\n      \"data\": null\n    },\n    {\n      \"ts\": 1783574119688,\n      \"kind\": \"event\",\n      \"method\": null,\n      \"event\": \"task\",\n      \"ok\": null,\n      \"data\": null\n    },\n    {\n      \"ts\": 1783574119904,\n      \"kind\": \"event\",\n      \"method\": null,\n      \"event\": \"health\",\n      \"ok\": null,\n      \"data\": null\n    },\n    {\n      \"ts\": 1783574119971,\n      \"kind\": \"event\",\n      \"method\": null,\n      \"event\": \"health\",\n      \"ok\": null,\n      \"data\": null\n    },\n    {\n      \"ts\": 1783574120638,\n      \"kind\": \"event\",\n      \"method\": null,\n      \"event\": \"health\",\n      \"ok\": null,\n      \"data\": null\n    },\n    {\n      \"ts\": 1783574120640,\n      \"kind\": \"event\",\n      \"method\": null,\n      \"event\": \"presence\",\n      \"ok\": null,\n      \"data\": null\n    },\n    {\n      \"ts\": 1783574120661,\n      \"kind\": \"event\",\n      \"method\": null,\n      \"event\": \"presence\",\n      \"ok\": null,\n      \"data\": null\n    },\n    {\n      \"ts\": 1783574120692,\n      \"kind\": \"event\",\n      \"method\": null,\n      \"event\": \"agent\",\n      \"ok\": null,\n      \"data\": null\n    },\n    {\n      \"ts\": 1783574121636,\n      \"kind\": \"event\",\n      \"method\": null,\n      \"event\": \"health\",\n      \"ok\": null,\n      \"data\": null\n    },\n    {\n      \"ts\": 1783574121642,\n      \"kind\": \"event\",\n      \"method\": null,\n      \"event\": \"presence\",\n      \"ok\": null,\n      \"data\": null\n    },\n    {\n      \"ts\": 1783574121920,\n      \"kind\": \"event\",\n      \"method\": null,\n      \"event\": \"agent\",\n      \"ok\": null,\n      \"data\": null\n    },\n    {\n      \"ts\": 1783574121920,\n      \"kind\": \"event\",\n      \"method\": null,\n      \"event\": \"chat\",\n      \"ok\": null,\n      \"data\": null\n    },\n    {\n      \"ts\": 1783574122276,\n      \"kind\": \"event\",\n      \"method\": null,\n      \"event\": \"agent\",\n      \"ok\": null,\n      \"data\": null\n    },\n    {\n      \"ts\": 1783574122304,\n      \"kind\": \"event\",\n      \"method\": null,\n      \"event\": \"agent\",\n      \"ok\": null,\n      \"data\": null\n    },\n    {\n      \"ts\": 1783574122349,\n      \"kind\": \"event\",\n      \"method\": null,\n      \"event\": \"session.message\",\n      \"ok\": null,\n      \"data\": null\n    },\n    {\n      \"ts\": 1783574122716,\n      \"kind\": \"event\",\n      \"method\": null,\n      \"event\": \"health\",\n      \"ok\": null,\n      \"data\": null\n    },\n    {\n      \"ts\": 1783574122727,\n      \"kind\": \"event\",\n      \"method\": null,\n      \"event\": \"presence\",\n      \"ok\": null,\n      \"data\": null\n    },\n    {\n      \"ts\": 1783574123809,\n      \"kind\": \"event\",\n      \"method\": null,\n      \"event\": \"health\",\n      \"ok\": null,\n      \"data\": null\n    },\n    {\n      \"ts\": 1783574123814,\n      \"kind\": \"event\",\n      \"method\": null,\n      \"event\": \"presence\",\n      \"ok\": null,\n      \"data\": null\n    },\n    {\n      \"ts\": 1783574124586,\n      \"kind\": \"event\",\n      \"method\": null,\n      \"event\": \"agent\",\n      \"ok\": null,\n      \"data\": null\n    },\n    {\n      \"ts\": 1783574124867,\n      \"kind\": \"event\",\n      \"method\": null,\n      \"event\": \"health\",\n      \"ok\": null,\n      \"data\": null\n    },\n    {\n      \"ts\": 1783574124874,\n      \"kind\": \"event\",\n      \"method\": null,\n      \"event\": \"presence\",\n      \"ok\": null,\n      \"data\": null\n    },\n    {\n      \"ts\": 1783574125960,\n      \"kind\": \"event\",\n      \"method\": null,\n      \"event\": \"health\",\n      \"ok\": null,\n      \"data\": null\n    },\n    {\n      \"ts\": 1783574125965,\n      \"kind\": \"event\",\n      \"method\": null,\n      \"event\": \"presence\",\n      \"ok\": null,\n      \"data\": null\n    },\n    {\n      \"ts\": 1783574126656,\n      \"kind\": \"event\",\n      \"method\": null,\n      \"event\": \"health\",\n      \"ok\": null,\n      \"data\": null\n    },\n    {\n      \"ts\": 1783574126682,\n      \"kind\": \"event\",\n      \"method\": null,\n      \"event\": \"presence\",\n      \"ok\": null,\n      \"data\": null\n    },\n    {\n      \"ts\": 1783574127275,\n      \"kind\": \"event\",\n      \"method\": null,\n      \"event\": \"health\",\n      \"ok\": null,\n      \"data\": null\n    },\n    {\n      \"ts\": 1783574127290,\n      \"kind\": \"event\",\n      \"method\": null,\n      \"event\": \"agent\",\n      \"ok\": null,\n      \"data\": null\n    },\n    {\n      \"ts\": 1783574127303,\n      \"kind\": \"event\",\n      \"method\": null,\n      \"event\": \"presence\",\n      \"ok\": null,\n      \"data\": null\n    },\n    {\n      \"ts\": 1783574128349,\n      \"kind\": \"event\",\n      \"method\": null,\n      \"event\": \"health\",\n      \"ok\": null,\n      \"data\": null\n    },\n    {\n      \"ts\": 1783574128361,\n      \"kind\": \"event\",\n      \"method\": null,\n      \"event\": \"presence\",\n      \"ok\": null,\n      \"data\": null\n    },\n    {\n      \"ts\": 1783574128708,\n      \"kind\": \"event\",\n      \"method\": null,\n      \"event\": \"agent\",\n      \"ok\": null,\n      \"data\": null\n    },\n    {\n      \"ts\": 1783574128709,\n      \"kind\": \"event\",\n      \"method\": null,\n      \"event\": \"chat\",\n      \"ok\": null,\n      \"data\": null\n    },\n    {\n      \"ts\": 1783574128909,\n      \"kind\": \"event\",\n      \"method\": null,\n      \"event\": \"task\",\n      \"ok\": null,\n      \"data\": null\n    },\n    {\n      \"ts\": 1783574128910,\n      \"kind\": \"event\",\n      \"method\": null,\n      \"event\": \"task\",\n      \"ok\": null,\n      \"data\": null\n    },\n    {\n      \"ts\": 1783574128911,\n      \"kind\": \"event\",\n      \"method\": null,\n      \"event\": \"agent\",\n      \"ok\": null,\n      \"data\": null\n    },\n    {\n      \"ts\": 1783574129452,\n      \"kind\": \"event\",\n      \"method\": null,\n      \"event\": \"health\",\n      \"ok\": null,\n      \"data\": null\n    },\n    {\n      \"ts\": 1783574129463,\n      \"kind\": \"event\",\n      \"method\": null,\n      \"event\": \"presence\",\n      \"ok\": null,\n      \"data\": null\n    },\n    {\n      \"ts\": 1783574130544,\n      \"kind\": \"event\",\n      \"method\": null,\n      \"event\": \"health\",\n      \"ok\": null,\n      \"data\": null\n    },\n    {\n      \"ts\": 1783574130548,\n      \"kind\": \"event\",\n      \"method\": null,\n      \"event\": \"presence\",\n      \"ok\": null,\n      \"data\": null\n    },\n    {\n      \"ts\": 1783574130703,\n      \"kind\": \"event\",\n      \"method\": null,\n      \"event\": \"session.message\",\n      \"ok\": null,\n      \"data\": null\n    }\n  ],\n  \"ended\": \"2026-07-09T05:15:30.703Z\",\n  \"duration_ms\": 16666\n}" source=console
project81 k6 proof on ronan	Run Project 81 k6 proof wrapper	2026-07-09T05:15:30.7075570Z time="2026-07-08T22:15:30-07:00" level=info msg="--- END EVIDENCE ---" source=console
project81 k6 proof on ronan	Run Project 81 k6 proof wrapper	2026-07-09T05:15:30.7075904Z time="2026-07-08T22:15:30-07:00" level=info msg="\n[R-CD-MODEL-CHAINED-ALT] VERDICT: PASS-candidate" source=console
project81 k6 proof on ronan	Run Project 81 k6 proof wrapper	2026-07-09T05:15:30.7083756Z 
project81 k6 proof on ronan	Run Project 81 k6 proof wrapper	2026-07-09T05:15:30.7084181Z [R-CD-MODEL-CHAINED-ALT] Summary: PASS-candidate | SHA: 5292af40d0ad5303b85a678f6e629503a8725848 | Seat: ronan
project81 k6 proof on ronan	Run Project 81 k6 proof wrapper	2026-07-09T05:15:30.7084457Z 
project81 k6 proof on ronan	Run Project 81 k6 proof wrapper	2026-07-09T05:15:30.7084556Z running (0m16.7s), 0/1 VUs, 1 complete and 0 interrupted iterations
project81 k6 proof on ronan	Run Project 81 k6 proof wrapper	2026-07-09T05:15:30.7084912Z r_cd_model_chained_alt ✓ [ 100% ] 1 VUs  0m16.7s/4m0s  1/1 shared iters
project81 k6 proof on ronan	Run Project 81 k6 proof wrapper	2026-07-09T05:15:30.7994845Z ./r-cd-model-chained-alt-summary.json
project81 k6 proof on ronan	Run Project 81 k6 proof wrapper	2026-07-09T05:15:30.9047141Z [R-CD-MODEL-CHAINED-ALT] METRICS: /home/figs/actions-runner/_work/openclaw-bootstrap/openclaw-bootstrap/openclaw-bootstrap/PROOFS/ee9295cc6bb4fb27b135c3c21252ef9e815e2766/project81-k6/20260709T051307Z-ronan-dgx-4013874/5292af40d0ad5303b85a678f6e629503a8725848/R-CD-MODEL-CHAINED-ALT/ronan/20260709T051514Z-r-cd-model-chained-alt/openclaw-proofs-k6.prom
project81 k6 proof on ronan	Run Project 81 k6 proof wrapper	2026-07-09T05:15:30.9059197Z [R-CD-MODEL-CHAINED-ALT] ARTIFACTS: /home/figs/actions-runner/_work/openclaw-bootstrap/openclaw-bootstrap/openclaw-bootstrap/PROOFS/ee9295cc6bb4fb27b135c3c21252ef9e815e2766/project81-k6/20260709T051307Z-ronan-dgx-4013874/5292af40d0ad5303b85a678f6e629503a8725848/R-CD-MODEL-CHAINED-ALT/ronan/20260709T051514Z-r-cd-model-chained-alt
project81 k6 proof on ronan	Run Project 81 k6 proof wrapper	2026-07-09T05:15:30.9060030Z [R-CD-MODEL-CHAINED-ALT] COMPLETED.
project81 k6 proof on ronan	Run Project 81 k6 proof wrapper	2026-07-09T05:15:30.9060281Z Observability check: query Grafana for run/nonce or review Tempo traces if trace ID was emitted.
project81 k6 proof on ronan	Run Project 81 k6 proof wrapper	2026-07-09T05:15:30.9344582Z 
project81 k6 proof on ronan	Run Project 81 k6 proof wrapper	2026-07-09T05:15:30.9345029Z ----------------------------------------
project81 k6 proof on ronan	Run Project 81 k6 proof wrapper	2026-07-09T05:15:30.9345241Z Row: R-CD-MODEL-DEFAULT
project81 k6 proof on ronan	Run Project 81 k6 proof wrapper	2026-07-09T05:15:30.9345654Z Manifest: /home/figs/actions-runner/_work/openclaw-bootstrap/openclaw-bootstrap/karmaterminal-openclaw-docs/tools/k6-proofs/manifests/r-cd-model-default.json
project81 k6 proof on ronan	Run Project 81 k6 proof wrapper	2026-07-09T05:15:30.9346074Z Scenario: scenarios/r-cd-model-default.js
project81 k6 proof on ronan	Run Project 81 k6 proof wrapper	2026-07-09T05:15:30.9346219Z Status: runnable
project81 k6 proof on ronan	Run Project 81 k6 proof wrapper	2026-07-09T05:15:30.9346325Z Live Safety: k6-runnable
project81 k6 proof on ronan	Run Project 81 k6 proof wrapper	2026-07-09T05:15:30.9346479Z [R-CD-MODEL-DEFAULT] RUNNING...
project81 k6 proof on ronan	Run Project 81 k6 proof wrapper	2026-07-09T05:15:30.9585377Z 
project81 k6 proof on ronan	Run Project 81 k6 proof wrapper	2026-07-09T05:15:30.9585879Z          /\      Grafana   /‾‾/  
project81 k6 proof on ronan	Run Project 81 k6 proof wrapper	2026-07-09T05:15:30.9586048Z     /\  /  \     |\  __   /  /   
project81 k6 proof on ronan	Run Project 81 k6 proof wrapper	2026-07-09T05:15:30.9586190Z    /  \/    \    | |/ /  /   ‾‾\ 
project81 k6 proof on ronan	Run Project 81 k6 proof wrapper	2026-07-09T05:15:30.9586330Z   /          \   |   (  |  (‾)  |
project81 k6 proof on ronan	Run Project 81 k6 proof wrapper	2026-07-09T05:15:30.9586443Z  / __________ \  |_|\_\  \_____/ 
project81 k6 proof on ronan	Run Project 81 k6 proof wrapper	2026-07-09T05:15:30.9586550Z 
project81 k6 proof on ronan	Run Project 81 k6 proof wrapper	2026-07-09T05:15:30.9586552Z 
project81 k6 proof on ronan	Run Project 81 k6 proof wrapper	2026-07-09T05:15:30.9586596Z      execution: local
project81 k6 proof on ronan	Run Project 81 k6 proof wrapper	2026-07-09T05:15:30.9587481Z         script: scenarios/r-cd-model-default.js
project81 k6 proof on ronan	Run Project 81 k6 proof wrapper	2026-07-09T05:15:30.9587671Z         output: -
project81 k6 proof on ronan	Run Project 81 k6 proof wrapper	2026-07-09T05:15:30.9587734Z 
project81 k6 proof on ronan	Run Project 81 k6 proof wrapper	2026-07-09T05:15:30.9587867Z      scenarios: (100.00%) 1 scenario, 1 max VUs, 3m30s max duration (incl. graceful stop):
project81 k6 proof on ronan	Run Project 81 k6 proof wrapper	2026-07-09T05:15:30.9588210Z               * r_cd_model_default: 1 iterations shared among 1 VUs (maxDuration: 3m0s, gracefulStop: 30s)
project81 k6 proof on ronan	Run Project 81 k6 proof wrapper	2026-07-09T05:15:30.9588412Z 
project81 k6 proof on ronan	Run Project 81 k6 proof wrapper	2026-07-09T05:15:31.3674396Z time="2026-07-08T22:15:31-07:00" level=info msg="✓ disposable session created: agent:main:r-cd-model-default-r-cd-model-default-1783574130970-y1htbnfe" source=console
project81 k6 proof on ronan	Run Project 81 k6 proof wrapper	2026-07-09T05:15:31.9159260Z time="2026-07-08T22:15:31-07:00" level=info msg="✓ sessions.send accepted — default model delegate turn triggered" source=console
project81 k6 proof on ronan	Run Project 81 k6 proof wrapper	2026-07-09T05:15:31.9590364Z 
project81 k6 proof on ronan	Run Project 81 k6 proof wrapper	2026-07-09T05:15:31.9590761Z running (0m01.0s), 1/1 VUs, 0 complete and 0 interrupted iterations
project81 k6 proof on ronan	Run Project 81 k6 proof wrapper	2026-07-09T05:15:31.9591228Z r_cd_model_default   [   0% ] 1 VUs  0m01.0s/3m0s  0/1 shared iters
project81 k6 proof on ronan	Run Project 81 k6 proof wrapper	2026-07-09T05:15:32.9593263Z 
project81 k6 proof on ronan	Run Project 81 k6 proof wrapper	2026-07-09T05:15:32.9594887Z running (0m02.0s), 1/1 VUs, 0 complete and 0 interrupted iterations
project81 k6 proof on ronan	Run Project 81 k6 proof wrapper	2026-07-09T05:15:32.9596178Z r_cd_model_default   [   0% ] 1 VUs  0m02.0s/3m0s  0/1 shared iters
project81 k6 proof on ronan	Run Project 81 k6 proof wrapper	2026-07-09T05:15:33.9595386Z 
project81 k6 proof on ronan	Run Project 81 k6 proof wrapper	2026-07-09T05:15:33.9597086Z running (0m03.0s), 1/1 VUs, 0 complete and 0 interrupted iterations
project81 k6 proof on ronan	Run Project 81 k6 proof wrapper	2026-07-09T05:15:33.9597556Z r_cd_model_default   [   0% ] 1 VUs  0m03.0s/3m0s  0/1 shared iters
project81 k6 proof on ronan	Run Project 81 k6 proof wrapper	2026-07-09T05:15:34.9597499Z 
project81 k6 proof on ronan	Run Project 81 k6 proof wrapper	2026-07-09T05:15:34.9598094Z running (0m04.0s), 1/1 VUs, 0 complete and 0 interrupted iterations
project81 k6 proof on ronan	Run Project 81 k6 proof wrapper	2026-07-09T05:15:34.9598566Z r_cd_model_default   [   0% ] 1 VUs  0m04.0s/3m0s  0/1 shared iters
project81 k6 proof on ronan	Run Project 81 k6 proof wrapper	2026-07-09T05:15:35.9600132Z 
project81 k6 proof on ronan	Run Project 81 k6 proof wrapper	2026-07-09T05:15:35.9600593Z running (0m05.0s), 1/1 VUs, 0 complete and 0 interrupted iterations
project81 k6 proof on ronan	Run Project 81 k6 proof wrapper	2026-07-09T05:15:35.9601059Z r_cd_model_default   [   0% ] 1 VUs  0m05.0s/3m0s  0/1 shared iters
project81 k6 proof on ronan	Run Project 81 k6 proof wrapper	2026-07-09T05:15:36.9598480Z 
project81 k6 proof on ronan	Run Project 81 k6 proof wrapper	2026-07-09T05:15:36.9599978Z running (0m06.0s), 1/1 VUs, 0 complete and 0 interrupted iterations
project81 k6 proof on ronan	Run Project 81 k6 proof wrapper	2026-07-09T05:15:36.9600281Z r_cd_model_default   [   0% ] 1 VUs  0m06.0s/3m0s  0/1 shared iters
project81 k6 proof on ronan	Run Project 81 k6 proof wrapper	2026-07-09T05:15:37.9594702Z 
project81 k6 proof on ronan	Run Project 81 k6 proof wrapper	2026-07-09T05:15:37.9595168Z running (0m07.0s), 1/1 VUs, 0 complete and 0 interrupted iterations
project81 k6 proof on ronan	Run Project 81 k6 proof wrapper	2026-07-09T05:15:37.9595931Z r_cd_model_default   [   0% ] 1 VUs  0m07.0s/3m0s  0/1 shared iters
project81 k6 proof on ronan	Run Project 81 k6 proof wrapper	2026-07-09T05:15:38.9596441Z 
project81 k6 proof on ronan	Run Project 81 k6 proof wrapper	2026-07-09T05:15:38.9598028Z running (0m08.0s), 1/1 VUs, 0 complete and 0 interrupted iterations
project81 k6 proof on ronan	Run Project 81 k6 proof wrapper	2026-07-09T05:15:38.9598559Z r_cd_model_default   [   0% ] 1 VUs  0m08.0s/3m0s  0/1 shared iters
project81 k6 proof on ronan	Run Project 81 k6 proof wrapper	2026-07-09T05:15:39.9604258Z 
project81 k6 proof on ronan	Run Project 81 k6 proof wrapper	2026-07-09T05:15:39.9604754Z running (0m09.0s), 1/1 VUs, 0 complete and 0 interrupted iterations
project81 k6 proof on ronan	Run Project 81 k6 proof wrapper	2026-07-09T05:15:39.9605222Z r_cd_model_default   [   0% ] 1 VUs  0m09.0s/3m0s  0/1 shared iters
project81 k6 proof on ronan	Run Project 81 k6 proof wrapper	2026-07-09T05:15:40.9599030Z 
project81 k6 proof on ronan	Run Project 81 k6 proof wrapper	2026-07-09T05:15:40.9599918Z running (0m10.0s), 1/1 VUs, 0 complete and 0 interrupted iterations
project81 k6 proof on ronan	Run Project 81 k6 proof wrapper	2026-07-09T05:15:40.9600404Z r_cd_model_default   [   0% ] 1 VUs  0m10.0s/3m0s  0/1 shared iters
project81 k6 proof on ronan	Run Project 81 k6 proof wrapper	2026-07-09T05:15:41.9599327Z 
project81 k6 proof on ronan	Run Project 81 k6 proof wrapper	2026-07-09T05:15:41.9600844Z running (0m11.0s), 1/1 VUs, 0 complete and 0 interrupted iterations
project81 k6 proof on ronan	Run Project 81 k6 proof wrapper	2026-07-09T05:15:41.9601343Z r_cd_model_default   [   0% ] 1 VUs  0m11.0s/3m0s  0/1 shared iters
project81 k6 proof on ronan	Run Project 81 k6 proof wrapper	2026-07-09T05:15:42.9599847Z 
project81 k6 proof on ronan	Run Project 81 k6 proof wrapper	2026-07-09T05:15:42.9600315Z running (0m12.0s), 1/1 VUs, 0 complete and 0 interrupted iterations
project81 k6 proof on ronan	Run Project 81 k6 proof wrapper	2026-07-09T05:15:42.9600778Z r_cd_model_default   [   0% ] 1 VUs  0m12.0s/3m0s  0/1 shared iters
project81 k6 proof on ronan	Run Project 81 k6 proof wrapper	2026-07-09T05:15:43.9594647Z 
project81 k6 proof on ronan	Run Project 81 k6 proof wrapper	2026-07-09T05:15:43.9596266Z running (0m13.0s), 1/1 VUs, 0 complete and 0 interrupted iterations
project81 k6 proof on ronan	Run Project 81 k6 proof wrapper	2026-07-09T05:15:43.9596606Z r_cd_model_default   [   0% ] 1 VUs  0m13.0s/3m0s  0/1 shared iters
project81 k6 proof on ronan	Run Project 81 k6 proof wrapper	2026-07-09T05:15:44.9595369Z 
project81 k6 proof on ronan	Run Project 81 k6 proof wrapper	2026-07-09T05:15:44.9596858Z running (0m14.0s), 1/1 VUs, 0 complete and 0 interrupted iterations
project81 k6 proof on ronan	Run Project 81 k6 proof wrapper	2026-07-09T05:15:44.9597154Z r_cd_model_default   [   0% ] 1 VUs  0m14.0s/3m0s  0/1 shared iters
project81 k6 proof on ronan	Run Project 81 k6 proof wrapper	2026-07-09T05:15:45.9598326Z 
project81 k6 proof on ronan	Run Project 81 k6 proof wrapper	2026-07-09T05:15:45.9599989Z running (0m15.0s), 1/1 VUs, 0 complete and 0 interrupted iterations
project81 k6 proof on ronan	Run Project 81 k6 proof wrapper	2026-07-09T05:15:45.9600274Z r_cd_model_default   [   0% ] 1 VUs  0m15.0s/3m0s  0/1 shared iters
project81 k6 proof on ronan	Run Project 81 k6 proof wrapper	2026-07-09T05:15:46.9592118Z 
project81 k6 proof on ronan	Run Project 81 k6 proof wrapper	2026-07-09T05:15:46.9592564Z running (0m16.0s), 1/1 VUs, 0 complete and 0 interrupted iterations
project81 k6 proof on ronan	Run Project 81 k6 proof wrapper	2026-07-09T05:15:46.9593135Z r_cd_model_default   [   0% ] 1 VUs  0m16.0s/3m0s  0/1 shared iters
project81 k6 proof on ronan	Run Project 81 k6 proof wrapper	2026-07-09T05:15:47.9609198Z 
project81 k6 proof on ronan	Run Project 81 k6 proof wrapper	2026-07-09T05:15:47.9610468Z running (0m17.0s), 1/1 VUs, 0 complete and 0 interrupted iterations
project81 k6 proof on ronan	Run Project 81 k6 proof wrapper	2026-07-09T05:15:47.9610946Z r_cd_model_default   [   0% ] 1 VUs  0m17.0s/3m0s  0/1 shared iters
project81 k6 proof on ronan	Run Project 81 k6 proof wrapper	2026-07-09T05:15:48.7425600Z time="2026-07-08T22:15:48-07:00" level=info msg="✓ MODEL-DEFAULT-CHILD return payload observed" source=console
project81 k6 proof on ronan	Run Project 81 k6 proof wrapper	2026-07-09T05:15:48.7426557Z time="2026-07-08T22:15:48-07:00" level=info msg="All required R-CD-MODEL-DEFAULT evidence gathered, closing early" source=console
project81 k6 proof on ronan	Run Project 81 k6 proof wrapper	2026-07-09T05:15:48.7427343Z time="2026-07-08T22:15:48-07:00" level=info msg="\n--- R-CD-MODEL-DEFAULT EVIDENCE SUMMARY ---" source=console
project81 k6 proof on ronan	Run Project 81 k6 proof wrapper	2026-07-09T05:15:48.7499229Z time="2026-07-08T22:15:48-07:00" level=info msg="{\n  \"row\": \"R-CD-MODEL-DEFAULT\",\n  \"manifest_loaded\": true,\n  \"nonce\": \"R-CD-MODEL-DEFAULT-1783574130970-y1htbnfe\",\n  \"seat\": \"ronan\",\n  \"requestedSessionKey\": \"p81-5292-ronan-live\",\n  \"sessionKey\": \"agent:main:r-cd-model-default-r-cd-model-default-1783574130970-y1htbnfe\",\n  \"session_created\": true,\n  \"created_session_key\": \"agent:main:r-cd-model-default-r-cd-model-default-1783574130970-y1htbnfe\",\n  \"candidateSha\": \"5292af40d0ad5303b85a678f6e629503a8725848\",\n  \"started\": \"2026-07-09T05:15:30.970Z\",\n  \"parent_model_byte\": \"github-copilot/gpt-5.5\",\n  \"dispatch_accepted\": true,\n  \"child_session_observed\": true,\n  \"child_model_byte\": \"github-copilot/gpt-5.5\",\n  \"model_matches\": true,\n  \"return_payload\": true,\n  \"trace_id\": null,\n  \"redacted_events\": [\n    {\n      \"ts\": 1783574130971,\n      \"kind\": \"event\",\n      \"method\": null,\n      \"event\": \"connect.challenge\",\n      \"ok\": null,\n      \"data\": null\n    },\n    {\n      \"ts\": 1783574130975,\n      \"kind\": \"other\",\n      \"method\": null,\n      \"event\": null,\n      \"ok\": null,\n      \"data\": null\n    },\n    {\n      \"ts\": 1783574131017,\n      \"kind\": \"event\",\n      \"method\": null,\n      \"event\": \"health\",\n      \"ok\": null,\n      \"data\": null\n    },\n    {\n      \"ts\": 1783574131366,\n      \"kind\": \"response\",\n      \"method\": \"sessions.create\",\n      \"event\": null,\n      \"ok\": true,\n      \"data\": {\n        \"ok\": true\n      }\n    },\n    {\n      \"ts\": 1783574131398,\n      \"kind\": \"response\",\n      \"method\": \"sessions.messages.subscribe\",\n      \"event\": null,\n      \"ok\": true,\n      \"data\": {}\n    },\n    {\n      \"ts\": 1783574131602,\n      \"kind\": \"event\",\n      \"method\": null,\n      \"event\": \"health\",\n      \"ok\": null,\n      \"data\": null\n    },\n    {\n      \"ts\": 1783574131606,\n      \"kind\": \"event\",\n      \"method\": null,\n      \"event\": \"presence\",\n      \"ok\": null,\n      \"data\": null\n    },\n    {\n      \"ts\": 1783574131915,\n      \"kind\": \"response\",\n      \"method\": \"sessions.send\",\n      \"event\": null,\n      \"ok\": true,\n      \"data\": {\n        \"runId\": \"R-CD-MODEL-DEFAULT-DISPATCH-R-CD-MODEL-DEFAULT-1783574130970-y1htbnfe\",\n        \"status\": \"started\"\n      }\n    },\n    {\n      \"ts\": 1783574132603,\n      \"kind\": \"event\",\n      \"method\": null,\n      \"event\": \"agent\",\n      \"ok\": null,\n      \"data\": null\n    },\n    {\n      \"ts\": 1783574132656,\n      \"kind\": \"event\",\n      \"method\": null,\n      \"event\": \"health\",\n      \"ok\": null,\n      \"data\": null\n    },\n    {\n      \"ts\": 1783574132664,\n      \"kind\": \"event\",\n      \"method\": null,\n      \"event\": \"presence\",\n      \"ok\": null,\n      \"data\": null\n    },\n    {\n      \"ts\": 1783574133723,\n      \"kind\": \"event\",\n      \"method\": null,\n      \"event\": \"health\",\n      \"ok\": null,\n      \"data\": null\n    },\n    {\n      \"ts\": 1783574133728,\n      \"kind\": \"event\",\n      \"method\": null,\n      \"event\": \"presence\",\n      \"ok\": null,\n      \"data\": null\n    },\n    {\n      \"ts\": 1783574133948,\n      \"kind\": \"event\",\n      \"method\": null,\n      \"event\": \"task\",\n      \"ok\": null,\n      \"data\": null\n    },\n    {\n      \"ts\": 1783574133948,\n      \"kind\": \"event\",\n      \"method\": null,\n      \"event\": \"task\",\n      \"ok\": null,\n      \"data\": null\n    },\n    {\n      \"ts\": 1783574133949,\n      \"kind\": \"event\",\n      \"method\": null,\n      \"event\": \"task\",\n      \"ok\": null,\n      \"data\": null\n    },\n    {\n      \"ts\": 1783574133949,\n      \"kind\": \"event\",\n      \"method\": null,\n      \"event\": \"task\",\n      \"ok\": null,\n      \"data\": null\n    },\n    {\n      \"ts\": 1783574133960,\n      \"kind\": \"event\",\n      \"method\": null,\n      \"event\": \"agent\",\n      \"ok\": null,\n      \"data\": null\n    },\n    {\n      \"ts\": 1783574133963,\n      \"kind\": \"event\",\n      \"method\": null,\n      \"event\": \"agent\",\n      \"ok\": null,\n      \"data\": null\n    },\n    {\n      \"ts\": 1783574133963,\n      \"kind\": \"event\",\n      \"method\": null,\n      \"event\": \"chat\",\n      \"ok\": null,\n      \"data\": null\n    },\n    {\n      \"ts\": 1783574133988,\n      \"kind\": \"event\",\n      \"method\": null,\n      \"event\": \"task\",\n      \"ok\": null,\n      \"data\": null\n    },\n    {\n      \"ts\": 1783574133988,\n      \"kind\": \"event\",\n      \"method\": null,\n      \"event\": \"task\",\n      \"ok\": null,\n      \"data\": null\n    },\n    {\n      \"ts\": 1783574133989,\n      \"kind\": \"event\",\n      \"method\": null,\n      \"event\": \"task\",\n      \"ok\": null,\n      \"data\": null\n    },\n    {\n      \"ts\": 1783574133989,\n      \"kind\": \"event\",\n      \"method\": null,\n      \"event\": \"task\",\n      \"ok\": null,\n      \"data\": null\n    },\n    {\n      \"ts\": 1783574134001,\n      \"kind\": \"event\",\n      \"method\": null,\n      \"event\": \"agent\",\n      \"ok\": null,\n      \"data\": null\n    },\n    {\n      \"ts\": 1783574134182,\n      \"kind\": \"event\",\n      \"method\": null,\n      \"event\": \"agent\",\n      \"ok\": null,\n      \"data\": null\n    },\n    {\n      \"ts\": 1783574134182,\n      \"kind\": \"event\",\n      \"method\": null,\n      \"event\": \"agent\",\n      \"ok\": null,\n      \"data\": null\n    },\n    {\n      \"ts\": 1783574134182,\n      \"kind\": \"event\",\n      \"method\": null,\n      \"event\": \"chat\",\n      \"ok\": null,\n      \"data\": null\n    },\n    {\n      \"ts\": 1783574134234,\n      \"kind\": \"event\",\n      \"method\": null,\n      \"event\": \"agent\",\n      \"ok\": null,\n      \"data\": null\n    },\n    {\n      \"ts\": 1783574134234,\n      \"kind\": \"event\",\n      \"method\": null,\n      \"event\": \"agent\",\n      \"ok\": null,\n      \"data\": null\n    },\n    {\n      \"ts\": 1783574134478,\n      \"kind\": \"event\",\n      \"method\": null,\n      \"event\": \"health\",\n      \"ok\": null,\n      \"data\": null\n    },\n    {\n      \"ts\": 1783574134523,\n      \"kind\": \"event\",\n      \"method\": null,\n      \"event\": \"agent\",\n      \"ok\": null,\n      \"data\": null\n    },\n    {\n      \"ts\": 1783574134524,\n      \"kind\": \"event\",\n      \"method\": null,\n      \"event\": \"chat\",\n      \"ok\": null,\n      \"data\": null\n    },\n    {\n      \"ts\": 1783574134524,\n      \"kind\": \"event\",\n      \"method\": null,\n      \"event\": \"chat\",\n      \"ok\": null,\n      \"data\": null\n    },\n    {\n      \"ts\": 1783574134663,\n      \"kind\": \"event\",\n      \"method\": null,\n      \"event\": \"presence\",\n      \"ok\": null,\n      \"data\": null\n    },\n    {\n      \"ts\": 1783574134757,\n      \"kind\": \"event\",\n      \"method\": null,\n      \"event\": \"health\",\n      \"ok\": null,\n      \"data\": null\n    },\n    {\n      \"ts\": 1783574134804,\n      \"kind\": \"event\",\n      \"method\": null,\n      \"event\": \"health\",\n      \"ok\": null,\n      \"data\": null\n    },\n    {\n      \"ts\": 1783574134810,\n      \"kind\": \"event\",\n      \"method\": null,\n      \"event\": \"presence\",\n      \"ok\": null,\n      \"data\": null\n    },\n    {\n      \"ts\": 1783574134815,\n      \"kind\": \"event\",\n      \"method\": null,\n      \"event\": \"presence\",\n      \"ok\": null,\n      \"data\": null\n    },\n    {\n      \"ts\": 1783574134863,\n      \"kind\": \"event\",\n      \"method\": null,\n      \"event\": \"health\",\n      \"ok\": null,\n      \"data\": null\n    },\n    {\n      \"ts\": 1783574134873,\n      \"kind\": \"event\",\n      \"method\": null,\n      \"event\": \"presence\",\n      \"ok\": null,\n      \"data\": null\n    },\n    {\n      \"ts\": 1783574135907,\n      \"kind\": \"event\",\n      \"method\": null,\n      \"event\": \"health\",\n      \"ok\": null,\n      \"data\": null\n    },\n    {\n      \"ts\": 1783574135913,\n      \"kind\": \"event\",\n      \"method\": null,\n      \"event\": \"presence\",\n      \"ok\": null,\n      \"data\": null\n    },\n    {\n      \"ts\": 1783574136238,\n      \"kind\": \"event\",\n      \"method\": null,\n      \"event\": \"agent\",\n      \"ok\": null,\n      \"data\": null\n    },\n    {\n      \"ts\": 1783574136404,\n      \"kind\": \"event\",\n      \"method\": null,\n      \"event\": \"task\",\n      \"ok\": null,\n      \"data\": null\n    },\n    {\n      \"ts\": 1783574136405,\n      \"kind\": \"event\",\n      \"method\": null,\n      \"event\": \"task\",\n      \"ok\": null,\n      \"data\": null\n    },\n    {\n      \"ts\": 1783574136459,\n      \"kind\": \"event\",\n      \"method\": null,\n      \"event\": \"task\",\n      \"ok\": null,\n      \"data\": null\n    },\n    {\n      \"ts\": 1783574136663,\n      \"kind\": \"event\",\n      \"method\": null,\n      \"event\": \"health\",\n      \"ok\": null,\n      \"data\": null\n    },\n    {\n      \"ts\": 1783574136819,\n      \"kind\": \"event\",\n      \"method\": null,\n      \"event\": \"task\",\n      \"ok\": null,\n      \"data\": null\n    },\n    {\n      \"ts\": 1783574136820,\n      \"kind\": \"event\",\n      \"method\": null,\n      \"event\": \"task\",\n      \"ok\": null,\n      \"data\": null\n    },\n    {\n      \"ts\": 1783574136863,\n      \"kind\": \"event\",\n      \"method\": null,\n      \"event\": \"agent\",\n      \"ok\": null,\n      \"data\": null\n    },\n    {\n      \"ts\": 1783574136863,\n      \"kind\": \"event\",\n      \"method\": null,\n      \"event\": \"chat\",\n      \"ok\": null,\n      \"data\": null\n    },\n    {\n      \"ts\": 1783574136864,\n      \"kind\": \"event\",\n      \"method\": null,\n      \"event\": \"task\",\n      \"ok\": null,\n      \"data\": null\n    },\n    {\n      \"ts\": 1783574136864,\n      \"kind\": \"event\",\n      \"method\": null,\n      \"event\": \"task\",\n      \"ok\": null,\n      \"data\": null\n    },\n    {\n      \"ts\": 1783574136865,\n      \"kind\": \"event\",\n      \"method\": null,\n      \"event\": \"task\",\n      \"ok\": null,\n      \"data\": null\n    },\n    {\n      \"ts\": 1783574136866,\n      \"kind\": \"event\",\n      \"method\": null,\n      \"event\": \"task\",\n      \"ok\": null,\n      \"data\": null\n    },\n    {\n      \"ts\": 1783574136866,\n      \"kind\": \"event\",\n      \"method\": null,\n      \"event\": \"task\",\n      \"ok\": null,\n      \"data\": null\n    },\n    {\n      \"ts\": 1783574136867,\n      \"kind\": \"event\",\n      \"method\": null,\n      \"event\": \"task\",\n      \"ok\": null,\n      \"data\": null\n    },\n    {\n      \"ts\": 1783574136867,\n      \"kind\": \"event\",\n      \"method\": null,\n      \"event\": \"task\",\n      \"ok\": null,\n      \"data\": null\n    },\n    {\n      \"ts\": 1783574136868,\n      \"kind\": \"event\",\n      \"method\": null,\n      \"event\": \"task\",\n      \"ok\": null,\n      \"data\": null\n    },\n    {\n      \"ts\": 1783574136868,\n      \"kind\": \"event\",\n      \"method\": null,\n      \"event\": \"task\",\n      \"ok\": null,\n      \"data\": null\n    },\n    {\n      \"ts\": 1783574136868,\n      \"kind\": \"event\",\n      \"method\": null,\n      \"event\": \"task\",\n      \"ok\": null,\n      \"data\": null\n    },\n    {\n      \"ts\": 1783574136880,\n      \"kind\": \"event\",\n      \"method\": null,\n      \"event\": \"task\",\n      \"ok\": null,\n      \"data\": null\n    },\n    {\n      \"ts\": 1783574136880,\n      \"kind\": \"event\",\n      \"method\": null,\n      \"event\": \"task\",\n      \"ok\": null,\n      \"data\": null\n    },\n    {\n      \"ts\": 1783574136881,\n      \"kind\": \"event\",\n      \"method\": null,\n      \"event\": \"task\",\n      \"ok\": null,\n      \"data\": null\n    },\n    {\n      \"ts\": 1783574136881,\n      \"kind\": \"event\",\n      \"method\": null,\n      \"event\": \"task\",\n      \"ok\": null,\n      \"data\": null\n    },\n    {\n      \"ts\": 1783574136882,\n      \"kind\": \"event\",\n      \"method\": null,\n      \"event\": \"task\",\n      \"ok\": null,\n      \"data\": null\n    },\n    {\n      \"ts\": 1783574136882,\n      \"kind\": \"event\",\n      \"method\": null,\n      \"event\": \"task\",\n      \"ok\": null,\n      \"data\": null\n    },\n    {\n      \"ts\": 1783574136883,\n      \"kind\": \"event\",\n      \"method\": null,\n      \"event\": \"task\",\n      \"ok\": null,\n      \"data\": null\n    },\n    {\n      \"ts\": 1783574136883,\n      \"kind\": \"event\",\n      \"method\": null,\n      \"event\": \"task\",\n      \"ok\": null,\n      \"data\": null\n    },\n    {\n      \"ts\": 1783574136893,\n      \"kind\": \"event\",\n      \"method\": null,\n      \"event\": \"task\",\n      \"ok\": null,\n      \"data\": null\n    },\n    {\n      \"ts\": 1783574136897,\n      \"kind\": \"event\",\n      \"method\": null,\n      \"event\": \"task\",\n      \"ok\": null,\n      \"data\": null\n    },\n    {\n      \"ts\": 1783574136898,\n      \"kind\": \"event\",\n      \"method\": null,\n      \"event\": \"task\",\n      \"ok\": null,\n      \"data\": null\n    },\n    {\n      \"ts\": 1783574136898,\n      \"kind\": \"event\",\n      \"method\": null,\n      \"event\": \"task\",\n      \"ok\": null,\n      \"data\": null\n    },\n    {\n      \"ts\": 1783574136899,\n      \"kind\": \"event\",\n      \"method\": null,\n      \"event\": \"task\",\n      \"ok\": null,\n      \"data\": null\n    },\n    {\n      \"ts\": 1783574136899,\n      \"kind\": \"event\",\n      \"method\": null,\n      \"event\": \"task\",\n      \"ok\": null,\n      \"data\": null\n    },\n    {\n      \"ts\": 1783574136900,\n      \"kind\": \"event\",\n      \"method\": null,\n      \"event\": \"task\",\n      \"ok\": null,\n      \"data\": null\n    },\n    {\n      \"ts\": 1783574136900,\n      \"kind\": \"event\",\n      \"method\": null,\n      \"event\": \"task\",\n      \"ok\": null,\n      \"data\": null\n    },\n    {\n      \"ts\": 1783574136901,\n      \"kind\": \"event\",\n      \"method\": null,\n      \"event\": \"task\",\n      \"ok\": null,\n      \"data\": null\n    },\n    {\n      \"ts\": 1783574136901,\n      \"kind\": \"event\",\n      \"method\": null,\n      \"event\": \"task\",\n      \"ok\": null,\n      \"data\": null\n    },\n    {\n      \"ts\": 1783574136902,\n      \"kind\": \"event\",\n      \"method\": null,\n      \"event\": \"task\",\n      \"ok\": null,\n      \"data\": null\n    },\n    {\n      \"ts\": 1783574136902,\n      \"kind\": \"event\",\n      \"method\": null,\n      \"event\": \"task\",\n      \"ok\": null,\n      \"data\": null\n    },\n    {\n      \"ts\": 1783574136902,\n      \"kind\": \"event\",\n      \"method\": null,\n      \"event\": \"task\",\n      \"ok\": null,\n      \"data\": null\n    },\n    {\n      \"ts\": 1783574136903,\n      \"kind\": \"event\",\n      \"method\": null,\n      \"event\": \"task\",\n      \"ok\": null,\n      \"data\": null\n    },\n    {\n      \"ts\": 1783574136903,\n      \"kind\": \"event\",\n      \"method\": null,\n      \"event\": \"task\",\n      \"ok\": null,\n      \"data\": null\n    },\n    {\n      \"ts\": 1783574136904,\n      \"kind\": \"event\",\n      \"method\": null,\n      \"event\": \"task\",\n      \"ok\": null,\n      \"data\": null\n    },\n    {\n      \"ts\": 1783574136904,\n      \"kind\": \"event\",\n      \"method\": null,\n      \"event\": \"task\",\n      \"ok\": null,\n      \"data\": null\n    },\n    {\n      \"ts\": 1783574136904,\n      \"kind\": \"event\",\n      \"method\": null,\n      \"event\": \"task\",\n      \"ok\": null,\n      \"data\": null\n    },\n    {\n      \"ts\": 1783574136905,\n      \"kind\": \"event\",\n      \"method\": null,\n      \"event\": \"task\",\n      \"ok\": null,\n      \"data\": null\n    },\n    {\n      \"ts\": 1783574136905,\n      \"kind\": \"event\",\n      \"method\": null,\n      \"event\": \"task\",\n      \"ok\": null,\n      \"data\": null\n    },\n    {\n      \"ts\": 1783574136906,\n      \"kind\": \"event\",\n      \"method\": null,\n      \"event\": \"task\",\n      \"ok\": null,\n      \"data\": null\n    },\n    {\n      \"ts\": 1783574136906,\n      \"kind\": \"event\",\n      \"method\": null,\n      \"event\": \"task\",\n      \"ok\": null,\n      \"data\": null\n    },\n    {\n      \"ts\": 1783574136906,\n      \"kind\": \"event\",\n      \"method\": null,\n      \"event\": \"task\",\n      \"ok\": null,\n      \"data\": null\n    },\n    {\n      \"ts\": 1783574136907,\n      \"kind\": \"event\",\n      \"method\": null,\n      \"event\": \"task\",\n      \"ok\": null,\n      \"data\": null\n    },\n    {\n      \"ts\": 1783574136907,\n      \"kind\": \"event\",\n      \"method\": null,\n      \"event\": \"task\",\n      \"ok\": null,\n      \"data\": null\n    },\n    {\n      \"ts\": 1783574136907,\n      \"kind\": \"event\",\n      \"method\": null,\n      \"event\": \"task\",\n      \"ok\": null,\n      \"data\": null\n    },\n    {\n      \"ts\": 1783574136908,\n      \"kind\": \"event\",\n      \"method\": null,\n      \"event\": \"task\",\n      \"ok\": null,\n      \"data\": null\n    },\n    {\n      \"ts\": 1783574136908,\n      \"kind\": \"event\",\n      \"method\": null,\n      \"event\": \"task\",\n      \"ok\": null,\n      \"data\": null\n    },\n    {\n      \"ts\": 1783574136909,\n      \"kind\": \"event\",\n      \"method\": null,\n      \"event\": \"task\",\n      \"ok\": null,\n      \"data\": null\n    },\n    {\n      \"ts\": 1783574136909,\n      \"kind\": \"event\",\n      \"method\": null,\n      \"event\": \"task\",\n      \"ok\": null,\n      \"data\": null\n    },\n    {\n      \"ts\": 1783574136910,\n      \"kind\": \"event\",\n      \"method\": null,\n      \"event\": \"task\",\n      \"ok\": null,\n      \"data\": null\n    },\n    {\n      \"ts\": 1783574136910,\n      \"kind\": \"event\",\n      \"method\": null,\n      \"event\": \"task\",\n      \"ok\": null,\n      \"data\": null\n    },\n    {\n      \"ts\": 1783574136911,\n      \"kind\": \"event\",\n      \"method\": null,\n      \"event\": \"task\",\n      \"ok\": null,\n      \"data\": null\n    },\n    {\n      \"ts\": 1783574136911,\n      \"kind\": \"event\",\n      \"method\": null,\n      \"event\": \"task\",\n      \"ok\": null,\n      \"data\": null\n    },\n    {\n      \"ts\": 1783574136989,\n      \"kind\": \"event\",\n      \"method\": null,\n      \"event\": \"health\",\n      \"ok\": null,\n      \"data\": null\n    },\n    {\n      \"ts\": 1783574136999,\n      \"kind\": \"event\",\n      \"method\": null,\n      \"event\": \"task\",\n      \"ok\": null,\n      \"data\": null\n    },\n    {\n      \"ts\": 1783574137000,\n      \"kind\": \"event\",\n      \"method\": null,\n      \"event\": \"task\",\n      \"ok\": null,\n      \"data\": null\n    },\n    {\n      \"ts\": 1783574137000,\n      \"kind\": \"event\",\n      \"method\": null,\n      \"event\": \"agent\",\n      \"ok\": null,\n      \"data\": null\n    },\n    {\n      \"ts\": 1783574137000,\n      \"kind\": \"event\",\n      \"method\": null,\n      \"event\": \"agent\",\n      \"ok\": null,\n      \"data\": null\n    },\n    {\n      \"ts\": 1783574137005,\n      \"kind\": \"event\",\n      \"method\": null,\n      \"event\": \"presence\",\n      \"ok\": null,\n      \"data\": null\n    },\n    {\n      \"ts\": 1783574137477,\n      \"kind\": \"event\",\n      \"method\": null,\n      \"event\": \"task\",\n      \"ok\": null,\n      \"data\": null\n    },\n    {\n      \"ts\": 1783574137478,\n      \"kind\": \"event\",\n      \"method\": null,\n      \"event\": \"task\",\n      \"ok\": null,\n      \"data\": null\n    },\n    {\n      \"ts\": 1783574137478,\n      \"kind\": \"event\",\n      \"method\": null,\n      \"event\": \"agent\",\n      \"ok\": null,\n      \"data\": null\n    },\n    {\n      \"ts\": 1783574137478,\n      \"kind\": \"event\",\n      \"method\": null,\n      \"event\": \"chat\",\n      \"ok\": null,\n      \"data\": null\n    },\n    {\n      \"ts\": 1783574137478,\n      \"kind\": \"event\",\n      \"method\": null,\n      \"event\": \"chat\",\n      \"ok\": null,\n      \"data\": null\n    },\n    {\n      \"ts\": 1783574137484,\n      \"kind\": \"event\",\n      \"method\": null,\n      \"event\": \"task\",\n      \"ok\": null,\n      \"data\": null\n    },\n    {\n      \"ts\": 1783574137534,\n      \"kind\": \"event\",\n      \"method\": null,\n      \"event\": \"presence\",\n      \"ok\": null,\n      \"data\": null\n    },\n    {\n      \"ts\": 1783574137588,\n      \"kind\": \"event\",\n      \"method\": null,\n      \"event\": \"health\",\n      \"ok\": null,\n      \"data\": null\n    },\n    {\n      \"ts\": 1783574137666,\n      \"kind\": \"event\",\n      \"method\": null,\n      \"event\": \"presence\",\n      \"ok\": null,\n      \"data\": null\n    },\n    {\n      \"ts\": 1783574137717,\n      \"kind\": \"event\",\n      \"method\": null,\n      \"event\": \"task\",\n      \"ok\": null,\n      \"data\": null\n    },\n    {\n      \"ts\": 1783574137768,\n      \"kind\": \"event\",\n      \"method\": null,\n      \"event\": \"task\",\n      \"ok\": null,\n      \"data\": null\n    },\n    {\n      \"ts\": 1783574138056,\n      \"kind\": \"event\",\n      \"method\": null,\n      \"event\": \"health\",\n      \"ok\": null,\n      \"data\": null\n    },\n    {\n      \"ts\": 1783574138655,\n      \"kind\": \"event\",\n      \"method\": null,\n      \"event\": \"tick\",\n      \"ok\": null,\n      \"data\": null\n    },\n    {\n      \"ts\": 1783574138743,\n      \"kind\": \"event\",\n      \"method\": null,\n      \"event\": \"health\",\n      \"ok\": null,\n      \"data\": null\n    },\n    {\n      \"ts\": 1783574138805,\n      \"kind\": \"event\",\n      \"method\": null,\n      \"event\": \"health\",\n      \"ok\": null,\n      \"data\": null\n    },\n    {\n      \"ts\": 1783574138829,\n      \"kind\": \"event\",\n      \"method\": null,\n      \"event\": \"presence\",\n      \"ok\": null,\n      \"data\": null\n    },\n    {\n      \"ts\": 1783574139270,\n      \"kind\": \"event\",\n      \"method\": null,\n      \"event\": \"presence\",\n      \"ok\": null,\n      \"data\": null\n    },\n    {\n      \"ts\": 1783574139303,\n      \"kind\": \"event\",\n      \"method\": null,\n      \"event\": \"agent\",\n      \"ok\": null,\n      \"data\": null\n    },\n    {\n      \"ts\": 1783574139936,\n      \"kind\": \"event\",\n      \"method\": null,\n      \"event\": \"health\",\n      \"ok\": null,\n      \"data\": null\n    },\n    {\n      \"ts\": 1783574139962,\n      \"kind\": \"event\",\n      \"method\": null,\n      \"event\": \"presence\",\n      \"ok\": null,\n      \"data\": null\n    },\n    {\n      \"ts\": 1783574140011,\n      \"kind\": \"event\",\n      \"method\": null,\n      \"event\": \"task\",\n      \"ok\": null,\n      \"data\": null\n    },\n    {\n      \"ts\": 1783574140012,\n      \"kind\": \"event\",\n      \"method\": null,\n      \"event\": \"task\",\n      \"ok\": null,\n      \"data\": null\n    },\n    {\n      \"ts\": 1783574140066,\n      \"kind\": \"event\",\n      \"method\": null,\n      \"event\": \"task\",\n      \"ok\": null,\n      \"data\": null\n    },\n    {\n      \"ts\": 1783574140276,\n      \"kind\": \"event\",\n      \"method\": null,\n      \"event\": \"health\",\n      \"ok\": null,\n      \"data\": null\n    },\n    {\n      \"ts\": 1783574140463,\n      \"kind\": \"event\",\n      \"method\": null,\n      \"event\": \"task\",\n      \"ok\": null,\n      \"data\": null\n    },\n    {\n      \"ts\": 1783574141076,\n      \"kind\": \"event\",\n      \"method\": null,\n      \"event\": \"health\",\n      \"ok\": null,\n      \"data\": null\n    },\n    {\n      \"ts\": 1783574141080,\n      \"kind\": \"event\",\n      \"method\": null,\n      \"event\": \"presence\",\n      \"ok\": null,\n      \"data\": null\n    },\n    {\n      \"ts\": 1783574142172,\n      \"kind\": \"event\",\n      \"method\": null,\n      \"event\": \"health\",\n      \"ok\": null,\n      \"data\": null\n    },\n    {\n      \"ts\": 1783574142177,\n      \"kind\": \"event\",\n      \"method\": null,\n      \"event\": \"presence\",\n      \"ok\": null,\n      \"data\": null\n    },\n    {\n      \"ts\": 1783574143229,\n      \"kind\": \"event\",\n      \"method\": null,\n      \"event\": \"health\",\n      \"ok\": null,\n      \"data\": null\n    },\n    {\n      \"ts\": 1783574143237,\n      \"kind\": \"event\",\n      \"method\": null,\n      \"event\": \"presence\",\n      \"ok\": null,\n      \"data\": null\n    },\n    {\n      \"ts\": 1783574144289,\n      \"kind\": \"event\",\n      \"method\": null,\n      \"event\": \"health\",\n      \"ok\": null,\n      \"data\": null\n    },\n    {\n      \"ts\": 1783574144292,\n      \"kind\": \"event\",\n      \"method\": null,\n      \"event\": \"presence\",\n      \"ok\": null,\n      \"data\": null\n    },\n    {\n      \"ts\": 1783574144537,\n      \"kind\": \"event\",\n      \"method\": null,\n      \"event\": \"agent\",\n      \"ok\": null,\n      \"data\": null\n    },\n    {\n      \"ts\": 1783574144538,\n      \"kind\": \"event\",\n      \"method\": null,\n      \"event\": \"chat\",\n      \"ok\": null,\n      \"data\": null\n    },\n    {\n      \"ts\": 1783574144981,\n      \"kind\": \"event\",\n      \"method\": null,\n      \"event\": \"agent\",\n      \"ok\": null,\n      \"data\": null\n    },\n    {\n      \"ts\": 1783574144999,\n      \"kind\": \"event\",\n      \"method\": null,\n      \"event\": \"agent\",\n      \"ok\": null,\n      \"data\": null\n    },\n    {\n      \"ts\": 1783574145047,\n      \"kind\": \"event\",\n      \"method\": null,\n      \"event\": \"session.message\",\n      \"ok\": null,\n      \"data\": null\n    },\n    {\n      \"ts\": 1783574145368,\n      \"kind\": \"event\",\n      \"method\": null,\n      \"event\": \"health\",\n      \"ok\": null,\n      \"data\": null\n    },\n    {\n      \"ts\": 1783574145380,\n      \"kind\": \"event\",\n      \"method\": null,\n      \"event\": \"presence\",\n      \"ok\": null,\n      \"data\": null\n    },\n    {\n      \"ts\": 1783574146458,\n      \"kind\": \"event\",\n      \"method\": null,\n      \"event\": \"health\",\n      \"ok\": null,\n      \"data\": null\n    },\n    {\n      \"ts\": 1783574146466,\n      \"kind\": \"event\",\n      \"method\": null,\n      \"event\": \"presence\",\n      \"ok\": null,\n      \"data\": null\n    },\n    {\n      \"ts\": 1783574147516,\n      \"kind\": \"event\",\n      \"method\": null,\n      \"event\": \"health\",\n      \"ok\": null,\n      \"data\": null\n    },\n    {\n      \"ts\": 1783574147523,\n      \"kind\": \"event\",\n      \"method\": null,\n      \"event\": \"presence\",\n      \"ok\": null,\n      \"data\": null\n    },\n    {\n      \"ts\": 1783574148403,\n      \"kind\": \"event\",\n      \"method\": null,\n      \"event\": \"agent\",\n      \"ok\": null,\n      \"data\": null\n    },\n    {\n      \"ts\": 1783574148595,\n      \"kind\": \"event\",\n      \"method\": null,\n      \"event\": \"health\",\n      \"ok\": null,\n      \"data\": null\n    },\n    {\n      \"ts\": 1783574148603,\n      \"kind\": \"event\",\n      \"method\": null,\n      \"event\": \"presence\",\n      \"ok\": null,\n      \"data\": null\n    },\n    {\n      \"ts\": 1783574148731,\n      \"kind\": \"event\",\n      \"method\": null,\n      \"event\": \"health\",\n      \"ok\": null,\n      \"data\": null\n    },\n    {\n      \"ts\": 1783574148741,\n      \"kind\": \"event\",\n      \"method\": null,\n      \"event\": \"session.message\",\n      \"ok\": null,\n      \"data\": null\n    }\n  ],\n  \"ended\": \"2026-07-09T05:15:48.742Z\",\n  \"duration_ms\": 17772\n}" source=console
project81 k6 proof on ronan	Run Project 81 k6 proof wrapper	2026-07-09T05:15:48.7566958Z time="2026-07-08T22:15:48-07:00" level=info msg="--- END EVIDENCE ---" source=console
project81 k6 proof on ronan	Run Project 81 k6 proof wrapper	2026-07-09T05:15:48.7567603Z time="2026-07-08T22:15:48-07:00" level=info msg="\n[R-CD-MODEL-DEFAULT] VERDICT: PASS-candidate" source=console
project81 k6 proof on ronan	Run Project 81 k6 proof wrapper	2026-07-09T05:15:48.7568010Z 
project81 k6 proof on ronan	Run Project 81 k6 proof wrapper	2026-07-09T05:15:48.7568332Z [R-CD-MODEL-DEFAULT] Summary: PASS-candidate | SHA: 5292af40d0ad5303b85a678f6e629503a8725848 | Seat: ronan
project81 k6 proof on ronan	Run Project 81 k6 proof wrapper	2026-07-09T05:15:48.7568758Z 
project81 k6 proof on ronan	Run Project 81 k6 proof wrapper	2026-07-09T05:15:48.7568926Z running (0m17.8s), 0/1 VUs, 1 complete and 0 interrupted iterations
project81 k6 proof on ronan	Run Project 81 k6 proof wrapper	2026-07-09T05:15:48.7569805Z r_cd_model_default ✓ [ 100% ] 1 VUs  0m17.8s/3m0s  1/1 shared iters
project81 k6 proof on ronan	Run Project 81 k6 proof wrapper	2026-07-09T05:15:48.8329104Z ./r-cd-model-default-summary.json
project81 k6 proof on ronan	Run Project 81 k6 proof wrapper	2026-07-09T05:15:48.9512292Z [R-CD-MODEL-DEFAULT] METRICS: /home/figs/actions-runner/_work/openclaw-bootstrap/openclaw-bootstrap/openclaw-bootstrap/PROOFS/ee9295cc6bb4fb27b135c3c21252ef9e815e2766/project81-k6/20260709T051307Z-ronan-dgx-4013874/5292af40d0ad5303b85a678f6e629503a8725848/R-CD-MODEL-DEFAULT/ronan/20260709T051530Z-r-cd-model-default/openclaw-proofs-k6.prom
project81 k6 proof on ronan	Run Project 81 k6 proof wrapper	2026-07-09T05:15:48.9525230Z [R-CD-MODEL-DEFAULT] ARTIFACTS: /home/figs/actions-runner/_work/openclaw-bootstrap/openclaw-bootstrap/openclaw-bootstrap/PROOFS/ee9295cc6bb4fb27b135c3c21252ef9e815e2766/project81-k6/20260709T051307Z-ronan-dgx-4013874/5292af40d0ad5303b85a678f6e629503a8725848/R-CD-MODEL-DEFAULT/ronan/20260709T051530Z-r-cd-model-default
project81 k6 proof on ronan	Run Project 81 k6 proof wrapper	2026-07-09T05:15:48.9527891Z [R-CD-MODEL-DEFAULT] COMPLETED.
project81 k6 proof on ronan	Run Project 81 k6 proof wrapper	2026-07-09T05:15:48.9528353Z Observability check: query Grafana for run/nonce or review Tempo traces if trace ID was emitted.
project81 k6 proof on ronan	Run Project 81 k6 proof wrapper	2026-07-09T05:15:48.9881259Z 
project81 k6 proof on ronan	Run Project 81 k6 proof wrapper	2026-07-09T05:15:48.9882909Z ----------------------------------------
project81 k6 proof on ronan	Run Project 81 k6 proof wrapper	2026-07-09T05:15:48.9883169Z Row: R-CD-MODEL-TOKEN
project81 k6 proof on ronan	Run Project 81 k6 proof wrapper	2026-07-09T05:15:48.9883579Z Manifest: /home/figs/actions-runner/_work/openclaw-bootstrap/openclaw-bootstrap/karmaterminal-openclaw-docs/tools/k6-proofs/manifests/r-cd-model-token.json
project81 k6 proof on ronan	Run Project 81 k6 proof wrapper	2026-07-09T05:15:48.9883978Z Scenario: scenarios/r-cd-model-token.js
project81 k6 proof on ronan	Run Project 81 k6 proof wrapper	2026-07-09T05:15:48.9884114Z Status: runnable
project81 k6 proof on ronan	Run Project 81 k6 proof wrapper	2026-07-09T05:15:48.9884220Z Live Safety: k6-runnable
project81 k6 proof on ronan	Run Project 81 k6 proof wrapper	2026-07-09T05:15:48.9884337Z [R-CD-MODEL-TOKEN] RUNNING...
project81 k6 proof on ronan	Run Project 81 k6 proof wrapper	2026-07-09T05:15:49.0147407Z 
project81 k6 proof on ronan	Run Project 81 k6 proof wrapper	2026-07-09T05:15:49.0154875Z          /\      Grafana   /‾‾/  
project81 k6 proof on ronan	Run Project 81 k6 proof wrapper	2026-07-09T05:15:49.0155203Z     /\  /  \     |\  __   /  /   
project81 k6 proof on ronan	Run Project 81 k6 proof wrapper	2026-07-09T05:15:49.0155550Z    /  \/    \    | |/ /  /   ‾‾\ 
project81 k6 proof on ronan	Run Project 81 k6 proof wrapper	2026-07-09T05:15:49.0155811Z   /          \   |   (  |  (‾)  |
project81 k6 proof on ronan	Run Project 81 k6 proof wrapper	2026-07-09T05:15:49.0156033Z  / __________ \  |_|\_\  \_____/ 
project81 k6 proof on ronan	Run Project 81 k6 proof wrapper	2026-07-09T05:15:49.0156181Z 
project81 k6 proof on ronan	Run Project 81 k6 proof wrapper	2026-07-09T05:15:49.0156220Z 
project81 k6 proof on ronan	Run Project 81 k6 proof wrapper	2026-07-09T05:15:49.0156300Z      execution: local
project81 k6 proof on ronan	Run Project 81 k6 proof wrapper	2026-07-09T05:15:49.0156659Z         script: scenarios/r-cd-model-token.js
project81 k6 proof on ronan	Run Project 81 k6 proof wrapper	2026-07-09T05:15:49.0156966Z         output: -
project81 k6 proof on ronan	Run Project 81 k6 proof wrapper	2026-07-09T05:15:49.0157081Z 
project81 k6 proof on ronan	Run Project 81 k6 proof wrapper	2026-07-09T05:15:49.0157312Z      scenarios: (100.00%) 1 scenario, 1 max VUs, 4m0s max duration (incl. graceful stop):
project81 k6 proof on ronan	Run Project 81 k6 proof wrapper	2026-07-09T05:15:49.0157912Z               * r_cd_model_token: 1 iterations shared among 1 VUs (maxDuration: 3m30s, gracefulStop: 30s)
project81 k6 proof on ronan	Run Project 81 k6 proof wrapper	2026-07-09T05:15:49.0158289Z 
project81 k6 proof on ronan	Run Project 81 k6 proof wrapper	2026-07-09T05:15:49.3849264Z time="2026-07-08T22:15:49-07:00" level=info msg="✓ disposable session created: agent:main:r-cd-model-token-r-cd-model-token-1783574149015-qkarfzf7" source=console
project81 k6 proof on ronan	Run Project 81 k6 proof wrapper	2026-07-09T05:15:49.9382514Z time="2026-07-08T22:15:49-07:00" level=info msg="✓ sessions.send accepted — parent agent turn triggered" source=console
project81 k6 proof on ronan	Run Project 81 k6 proof wrapper	2026-07-09T05:15:50.0155020Z 
project81 k6 proof on ronan	Run Project 81 k6 proof wrapper	2026-07-09T05:15:50.0155433Z running (0m01.0s), 1/1 VUs, 0 complete and 0 interrupted iterations
project81 k6 proof on ronan	Run Project 81 k6 proof wrapper	2026-07-09T05:15:50.0155901Z r_cd_model_token   [   0% ] 1 VUs  0m01.0s/3m30s  0/1 shared iters
project81 k6 proof on ronan	Run Project 81 k6 proof wrapper	2026-07-09T05:15:51.0154379Z 
project81 k6 proof on ronan	Run Project 81 k6 proof wrapper	2026-07-09T05:15:51.0154826Z running (0m02.0s), 1/1 VUs, 0 complete and 0 interrupted iterations
project81 k6 proof on ronan	Run Project 81 k6 proof wrapper	2026-07-09T05:15:51.0155335Z r_cd_model_token   [   0% ] 1 VUs  0m02.0s/3m30s  0/1 shared iters
project81 k6 proof on ronan	Run Project 81 k6 proof wrapper	2026-07-09T05:15:52.0161359Z 
project81 k6 proof on ronan	Run Project 81 k6 proof wrapper	2026-07-09T05:15:52.0161800Z running (0m03.0s), 1/1 VUs, 0 complete and 0 interrupted iterations
project81 k6 proof on ronan	Run Project 81 k6 proof wrapper	2026-07-09T05:15:52.0162273Z r_cd_model_token   [   0% ] 1 VUs  0m03.0s/3m30s  0/1 shared iters
project81 k6 proof on ronan	Run Project 81 k6 proof wrapper	2026-07-09T05:15:53.0157012Z 
project81 k6 proof on ronan	Run Project 81 k6 proof wrapper	2026-07-09T05:15:53.0158561Z running (0m04.0s), 1/1 VUs, 0 complete and 0 interrupted iterations
project81 k6 proof on ronan	Run Project 81 k6 proof wrapper	2026-07-09T05:15:53.0159084Z r_cd_model_token   [   0% ] 1 VUs  0m04.0s/3m30s  0/1 shared iters
project81 k6 proof on ronan	Run Project 81 k6 proof wrapper	2026-07-09T05:15:54.0159428Z 
project81 k6 proof on ronan	Run Project 81 k6 proof wrapper	2026-07-09T05:15:54.0160904Z running (0m05.0s), 1/1 VUs, 0 complete and 0 interrupted iterations
project81 k6 proof on ronan	Run Project 81 k6 proof wrapper	2026-07-09T05:15:55.0155602Z r_cd_model_token   [   0% ] 1 VUs  0m05.0s/3m30s  0/1 shared iters
project81 k6 proof on ronan	Run Project 81 k6 proof wrapper	2026-07-09T05:15:55.0155940Z 
project81 k6 proof on ronan	Run Project 81 k6 proof wrapper	2026-07-09T05:15:55.0156116Z running (0m06.0s), 1/1 VUs, 0 complete and 0 interrupted iterations
project81 k6 proof on ronan	Run Project 81 k6 proof wrapper	2026-07-09T05:15:55.0157304Z r_cd_model_token   [   0% ] 1 VUs  0m06.0s/3m30s  0/1 shared iters
project81 k6 proof on ronan	Run Project 81 k6 proof wrapper	2026-07-09T05:15:56.0159749Z 
project81 k6 proof on ronan	Run Project 81 k6 proof wrapper	2026-07-09T05:15:56.0161249Z running (0m07.0s), 1/1 VUs, 0 complete and 0 interrupted iterations
project81 k6 proof on ronan	Run Project 81 k6 proof wrapper	2026-07-09T05:15:56.0161729Z r_cd_model_token   [   0% ] 1 VUs  0m07.0s/3m30s  0/1 shared iters
project81 k6 proof on ronan	Run Project 81 k6 proof wrapper	2026-07-09T05:15:57.0161198Z 
project81 k6 proof on ronan	Run Project 81 k6 proof wrapper	2026-07-09T05:15:57.0161805Z running (0m08.0s), 1/1 VUs, 0 complete and 0 interrupted iterations
project81 k6 proof on ronan	Run Project 81 k6 proof wrapper	2026-07-09T05:15:57.0162283Z r_cd_model_token   [   0% ] 1 VUs  0m08.0s/3m30s  0/1 shared iters
project81 k6 proof on ronan	Run Project 81 k6 proof wrapper	2026-07-09T05:15:58.0153616Z 
project81 k6 proof on ronan	Run Project 81 k6 proof wrapper	2026-07-09T05:15:58.0154055Z running (0m09.0s), 1/1 VUs, 0 complete and 0 interrupted iterations
project81 k6 proof on ronan	Run Project 81 k6 proof wrapper	2026-07-09T05:15:58.0154519Z r_cd_model_token   [   0% ] 1 VUs  0m09.0s/3m30s  0/1 shared iters
project81 k6 proof on ronan	Run Project 81 k6 proof wrapper	2026-07-09T05:15:59.0158215Z 
project81 k6 proof on ronan	Run Project 81 k6 proof wrapper	2026-07-09T05:15:59.0159706Z running (0m10.0s), 1/1 VUs, 0 complete and 0 interrupted iterations
project81 k6 proof on ronan	Run Project 81 k6 proof wrapper	2026-07-09T05:15:59.0160242Z r_cd_model_token   [   0% ] 1 VUs  0m10.0s/3m30s  0/1 shared iters
project81 k6 proof on ronan	Run Project 81 k6 proof wrapper	2026-07-09T05:16:00.0156963Z 
project81 k6 proof on ronan	Run Project 81 k6 proof wrapper	2026-07-09T05:16:00.0158552Z running (0m11.0s), 1/1 VUs, 0 complete and 0 interrupted iterations
project81 k6 proof on ronan	Run Project 81 k6 proof wrapper	2026-07-09T05:16:00.0158826Z r_cd_model_token   [   0% ] 1 VUs  0m11.0s/3m30s  0/1 shared iters
project81 k6 proof on ronan	Run Project 81 k6 proof wrapper	2026-07-09T05:16:01.0164879Z 
project81 k6 proof on ronan	Run Project 81 k6 proof wrapper	2026-07-09T05:16:01.0170122Z running (0m12.0s), 1/1 VUs, 0 complete and 0 interrupted iterations
project81 k6 proof on ronan	Run Project 81 k6 proof wrapper	2026-07-09T05:16:01.0175312Z r_cd_model_token   [   0% ] 1 VUs  0m12.0s/3m30s  0/1 shared iters
project81 k6 proof on ronan	Run Project 81 k6 proof wrapper	2026-07-09T05:16:02.0159136Z 
project81 k6 proof on ronan	Run Project 81 k6 proof wrapper	2026-07-09T05:16:02.0160620Z running (0m13.0s), 1/1 VUs, 0 complete and 0 interrupted iterations
project81 k6 proof on ronan	Run Project 81 k6 proof wrapper	2026-07-09T05:16:02.0160894Z r_cd_model_token   [   0% ] 1 VUs  0m13.0s/3m30s  0/1 shared iters
project81 k6 proof on ronan	Run Project 81 k6 proof wrapper	2026-07-09T05:16:03.0160839Z 
project81 k6 proof on ronan	Run Project 81 k6 proof wrapper	2026-07-09T05:16:03.0162270Z running (0m14.0s), 1/1 VUs, 0 complete and 0 interrupted iterations
project81 k6 proof on ronan	Run Project 81 k6 proof wrapper	2026-07-09T05:16:03.0162548Z r_cd_model_token   [   0% ] 1 VUs  0m14.0s/3m30s  0/1 shared iters
project81 k6 proof on ronan	Run Project 81 k6 proof wrapper	2026-07-09T05:16:04.0157793Z 
project81 k6 proof on ronan	Run Project 81 k6 proof wrapper	2026-07-09T05:16:04.0158373Z running (0m15.0s), 1/1 VUs, 0 complete and 0 interrupted iterations
project81 k6 proof on ronan	Run Project 81 k6 proof wrapper	2026-07-09T05:16:04.0158694Z r_cd_model_token   [   0% ] 1 VUs  0m15.0s/3m30s  0/1 shared iters
project81 k6 proof on ronan	Run Project 81 k6 proof wrapper	2026-07-09T05:16:05.0155125Z 
project81 k6 proof on ronan	Run Project 81 k6 proof wrapper	2026-07-09T05:16:05.0155710Z running (0m16.0s), 1/1 VUs, 0 complete and 0 interrupted iterations
project81 k6 proof on ronan	Run Project 81 k6 proof wrapper	2026-07-09T05:16:05.0156295Z r_cd_model_token   [   0% ] 1 VUs  0m16.0s/3m30s  0/1 shared iters
project81 k6 proof on ronan	Run Project 81 k6 proof wrapper	2026-07-09T05:16:06.0159778Z 
project81 k6 proof on ronan	Run Project 81 k6 proof wrapper	2026-07-09T05:16:06.0161246Z running (0m17.0s), 1/1 VUs, 0 complete and 0 interrupted iterations
project81 k6 proof on ronan	Run Project 81 k6 proof wrapper	2026-07-09T05:16:06.0161724Z r_cd_model_token   [   0% ] 1 VUs  0m17.0s/3m30s  0/1 shared iters
project81 k6 proof on ronan	Run Project 81 k6 proof wrapper	2026-07-09T05:16:07.0157729Z 
project81 k6 proof on ronan	Run Project 81 k6 proof wrapper	2026-07-09T05:16:07.0158232Z running (0m18.0s), 1/1 VUs, 0 complete and 0 interrupted iterations
project81 k6 proof on ronan	Run Project 81 k6 proof wrapper	2026-07-09T05:16:07.0158702Z r_cd_model_token   [   0% ] 1 VUs  0m18.0s/3m30s  0/1 shared iters
project81 k6 proof on ronan	Run Project 81 k6 proof wrapper	2026-07-09T05:16:08.0160025Z 
project81 k6 proof on ronan	Run Project 81 k6 proof wrapper	2026-07-09T05:16:08.0161486Z running (0m19.0s), 1/1 VUs, 0 complete and 0 interrupted iterations
project81 k6 proof on ronan	Run Project 81 k6 proof wrapper	2026-07-09T05:16:08.0161955Z r_cd_model_token   [   0% ] 1 VUs  0m19.0s/3m30s  0/1 shared iters
project81 k6 proof on ronan	Run Project 81 k6 proof wrapper	2026-07-09T05:16:09.0161875Z 
project81 k6 proof on ronan	Run Project 81 k6 proof wrapper	2026-07-09T05:16:09.0163256Z running (0m20.0s), 1/1 VUs, 0 complete and 0 interrupted iterations
project81 k6 proof on ronan	Run Project 81 k6 proof wrapper	2026-07-09T05:16:09.0163729Z r_cd_model_token   [   0% ] 1 VUs  0m20.0s/3m30s  0/1 shared iters
project81 k6 proof on ronan	Run Project 81 k6 proof wrapper	2026-07-09T05:16:10.0160511Z 
project81 k6 proof on ronan	Run Project 81 k6 proof wrapper	2026-07-09T05:16:10.0162102Z running (0m21.0s), 1/1 VUs, 0 complete and 0 interrupted iterations
project81 k6 proof on ronan	Run Project 81 k6 proof wrapper	2026-07-09T05:16:10.0162640Z r_cd_model_token   [   0% ] 1 VUs  0m21.0s/3m30s  0/1 shared iters
project81 k6 proof on ronan	Run Project 81 k6 proof wrapper	2026-07-09T05:16:11.0161005Z 
project81 k6 proof on ronan	Run Project 81 k6 proof wrapper	2026-07-09T05:16:11.0161460Z running (0m22.0s), 1/1 VUs, 0 complete and 0 interrupted iterations
project81 k6 proof on ronan	Run Project 81 k6 proof wrapper	2026-07-09T05:16:11.0162128Z r_cd_model_token   [   0% ] 1 VUs  0m22.0s/3m30s  0/1 shared iters
project81 k6 proof on ronan	Run Project 81 k6 proof wrapper	2026-07-09T05:16:12.0159496Z 
project81 k6 proof on ronan	Run Project 81 k6 proof wrapper	2026-07-09T05:16:12.0160074Z running (0m23.0s), 1/1 VUs, 0 complete and 0 interrupted iterations
project81 k6 proof on ronan	Run Project 81 k6 proof wrapper	2026-07-09T05:16:12.0160551Z r_cd_model_token   [   0% ] 1 VUs  0m23.0s/3m30s  0/1 shared iters
project81 k6 proof on ronan	Run Project 81 k6 proof wrapper	2026-07-09T05:16:13.0159041Z 
project81 k6 proof on ronan	Run Project 81 k6 proof wrapper	2026-07-09T05:16:13.0160758Z running (0m24.0s), 1/1 VUs, 0 complete and 0 interrupted iterations
project81 k6 proof on ronan	Run Project 81 k6 proof wrapper	2026-07-09T05:16:13.0161291Z r_cd_model_token   [   0% ] 1 VUs  0m24.0s/3m30s  0/1 shared iters
project81 k6 proof on ronan	Run Project 81 k6 proof wrapper	2026-07-09T05:16:13.4947002Z time="2026-07-08T22:16:13-07:00" level=info msg="ℹ Ignoring harness prompt echo event" source=console
project81 k6 proof on ronan	Run Project 81 k6 proof wrapper	2026-07-09T05:16:14.0158891Z 
project81 k6 proof on ronan	Run Project 81 k6 proof wrapper	2026-07-09T05:16:14.0159376Z running (0m25.0s), 1/1 VUs, 0 complete and 0 interrupted iterations
project81 k6 proof on ronan	Run Project 81 k6 proof wrapper	2026-07-09T05:16:14.0159846Z r_cd_model_token   [   0% ] 1 VUs  0m25.0s/3m30s  0/1 shared iters
project81 k6 proof on ronan	Run Project 81 k6 proof wrapper	2026-07-09T05:16:15.0163430Z 
project81 k6 proof on ronan	Run Project 81 k6 proof wrapper	2026-07-09T05:16:15.0164979Z running (0m26.0s), 1/1 VUs, 0 complete and 0 interrupted iterations
project81 k6 proof on ronan	Run Project 81 k6 proof wrapper	2026-07-09T05:16:15.0165450Z r_cd_model_token   [   0% ] 1 VUs  0m26.0s/3m30s  0/1 shared iters
project81 k6 proof on ronan	Run Project 81 k6 proof wrapper	2026-07-09T05:16:16.0156564Z 
project81 k6 proof on ronan	Run Project 81 k6 proof wrapper	2026-07-09T05:16:16.0158184Z running (0m27.0s), 1/1 VUs, 0 complete and 0 interrupted iterations
project81 k6 proof on ronan	Run Project 81 k6 proof wrapper	2026-07-09T05:16:16.0158648Z r_cd_model_token   [   0% ] 1 VUs  0m27.0s/3m30s  0/1 shared iters
project81 k6 proof on ronan	Run Project 81 k6 proof wrapper	2026-07-09T05:16:17.0161632Z 
project81 k6 proof on ronan	Run Project 81 k6 proof wrapper	2026-07-09T05:16:17.0162129Z running (0m28.0s), 1/1 VUs, 0 complete and 0 interrupted iterations
project81 k6 proof on ronan	Run Project 81 k6 proof wrapper	2026-07-09T05:16:17.0162588Z r_cd_model_token   [   0% ] 1 VUs  0m28.0s/3m30s  0/1 shared iters
project81 k6 proof on ronan	Run Project 81 k6 proof wrapper	2026-07-09T05:16:18.0154394Z 
project81 k6 proof on ronan	Run Project 81 k6 proof wrapper	2026-07-09T05:16:18.0154857Z running (0m29.0s), 1/1 VUs, 0 complete and 0 interrupted iterations
project81 k6 proof on ronan	Run Project 81 k6 proof wrapper	2026-07-09T05:16:18.0155362Z r_cd_model_token   [   0% ] 1 VUs  0m29.0s/3m30s  0/1 shared iters
project81 k6 proof on ronan	Run Project 81 k6 proof wrapper	2026-07-09T05:16:19.0153230Z 
project81 k6 proof on ronan	Run Project 81 k6 proof wrapper	2026-07-09T05:16:19.0153697Z running (0m30.0s), 1/1 VUs, 0 complete and 0 interrupted iterations
project81 k6 proof on ronan	Run Project 81 k6 proof wrapper	2026-07-09T05:16:19.0154171Z r_cd_model_token   [   0% ] 1 VUs  0m30.0s/3m30s  0/1 shared iters
project81 k6 proof on ronan	Run Project 81 k6 proof wrapper	2026-07-09T05:16:20.0159874Z 
project81 k6 proof on ronan	Run Project 81 k6 proof wrapper	2026-07-09T05:16:20.0160320Z running (0m31.0s), 1/1 VUs, 0 complete and 0 interrupted iterations
project81 k6 proof on ronan	Run Project 81 k6 proof wrapper	2026-07-09T05:16:21.0154099Z r_cd_model_token   [   0% ] 1 VUs  0m31.0s/3m30s  0/1 shared iters
project81 k6 proof on ronan	Run Project 81 k6 proof wrapper	2026-07-09T05:16:21.0154426Z 
project81 k6 proof on ronan	Run Project 81 k6 proof wrapper	2026-07-09T05:16:21.0154605Z running (0m32.0s), 1/1 VUs, 0 complete and 0 interrupted iterations
project81 k6 proof on ronan	Run Project 81 k6 proof wrapper	2026-07-09T05:16:21.0155028Z r_cd_model_token   [   0% ] 1 VUs  0m32.0s/3m30s  0/1 shared iters
project81 k6 proof on ronan	Run Project 81 k6 proof wrapper	2026-07-09T05:16:22.0159112Z 
project81 k6 proof on ronan	Run Project 81 k6 proof wrapper	2026-07-09T05:16:22.0160615Z running (0m33.0s), 1/1 VUs, 0 complete and 0 interrupted iterations
project81 k6 proof on ronan	Run Project 81 k6 proof wrapper	2026-07-09T05:16:22.0160912Z r_cd_model_token   [   0% ] 1 VUs  0m33.0s/3m30s  0/1 shared iters
project81 k6 proof on ronan	Run Project 81 k6 proof wrapper	2026-07-09T05:16:22.5370639Z time="2026-07-08T22:16:22-07:00" level=info msg="✓ parent sessions_spawn acceptance signal observed" source=console
project81 k6 proof on ronan	Run Project 81 k6 proof wrapper	2026-07-09T05:16:22.5371136Z time="2026-07-08T22:16:22-07:00" level=info msg="✓ bracket-token child turn observed" source=console
project81 k6 proof on ronan	Run Project 81 k6 proof wrapper	2026-07-09T05:16:22.5371510Z time="2026-07-08T22:16:22-07:00" level=info msg="✓ bracket model modifier observed" source=console
project81 k6 proof on ronan	Run Project 81 k6 proof wrapper	2026-07-09T05:16:22.5371919Z time="2026-07-08T22:16:22-07:00" level=info msg="✓ MODEL-TOKEN-DELEGATE-DONE return sentinel observed" source=console
project81 k6 proof on ronan	Run Project 81 k6 proof wrapper	2026-07-09T05:16:22.5372346Z time="2026-07-08T22:16:22-07:00" level=info msg="All required R-CD-MODEL-TOKEN evidence gathered, closing early" source=console
project81 k6 proof on ronan	Run Project 81 k6 proof wrapper	2026-07-09T05:16:22.5372737Z time="2026-07-08T22:16:22-07:00" level=info msg="\n--- R-CD-MODEL-TOKEN EVIDENCE SUMMARY ---" source=console
project81 k6 proof on ronan	Run Project 81 k6 proof wrapper	2026-07-09T05:16:22.5424874Z time="2026-07-08T22:16:22-07:00" level=info msg="{\n  \"row\": \"R-CD-MODEL-TOKEN\",\n  \"manifest_loaded\": true,\n  \"nonce\": \"R-CD-MODEL-TOKEN-1783574149015-qkarfzf7\",\n  \"seat\": \"ronan\",\n  \"requestedSessionKey\": \"p81-5292-ronan-live\",\n  \"sessionKey\": \"agent:main:r-cd-model-token-r-cd-model-token-1783574149015-qkarfzf7\",\n  \"session_created\": true,\n  \"created_session_key\": \"agent:main:r-cd-model-token-r-cd-model-token-1783574149015-qkarfzf7\",\n  \"candidateSha\": \"5292af40d0ad5303b85a678f6e629503a8725848\",\n  \"started\": \"2026-07-09T05:15:49.015Z\",\n  \"requested_model_byte\": \"gpt\",\n  \"prompt_injected\": true,\n  \"subagent_spawn_requested\": true,\n  \"subagent_spawn_accepted\": true,\n  \"bracket_token_observed\": true,\n  \"bracket_model_modifier_observed\": true,\n  \"child_session_observed\": true,\n  \"child_model_byte\": \"gpt\",\n  \"model_matches\": true,\n  \"return_payload\": true,\n  \"dispatch_accepted_at_ms\": 1783574149937,\n  \"child_session_key\": null,\n  \"trace_id\": null,\n  \"redacted_events\": [\n    {\n      \"ts\": 1783574149017,\n      \"kind\": \"event\",\n      \"method\": null,\n      \"event\": \"connect.challenge\",\n      \"ok\": null,\n      \"data\": null\n    },\n    {\n      \"ts\": 1783574149020,\n      \"kind\": \"other\",\n      \"method\": null,\n      \"event\": null,\n      \"ok\": null,\n      \"data\": null\n    },\n    {\n      \"ts\": 1783574149062,\n      \"kind\": \"event\",\n      \"method\": null,\n      \"event\": \"health\",\n      \"ok\": null,\n      \"data\": null\n    },\n    {\n      \"ts\": 1783574149384,\n      \"kind\": \"response\",\n      \"method\": \"sessions.create\",\n      \"event\": null,\n      \"ok\": true,\n      \"data\": {\n        \"ok\": true\n      }\n    },\n    {\n      \"ts\": 1783574149413,\n      \"kind\": \"response\",\n      \"method\": \"sessions.messages.subscribe\",\n      \"event\": null,\n      \"ok\": true,\n      \"data\": {}\n    },\n    {\n      \"ts\": 1783574149651,\n      \"kind\": \"event\",\n      \"method\": null,\n      \"event\": \"health\",\n      \"ok\": null,\n      \"data\": null\n    },\n    {\n      \"ts\": 1783574149657,\n      \"kind\": \"event\",\n      \"method\": null,\n      \"event\": \"presence\",\n      \"ok\": null,\n      \"data\": null\n    },\n    {\n      \"ts\": 1783574149937,\n      \"kind\": \"response\",\n      \"method\": \"sessions.send\",\n      \"event\": null,\n      \"ok\": true,\n      \"data\": {\n        \"runId\": \"R-CD-MODEL-TOKEN-DISPATCH-R-CD-MODEL-TOKEN-1783574149015-qkarfzf7\",\n        \"status\": \"started\"\n      }\n    },\n    {\n      \"ts\": 1783574150613,\n      \"kind\": \"event\",\n      \"method\": null,\n      \"event\": \"health\",\n      \"ok\": null,\n      \"data\": null\n    },\n    {\n      \"ts\": 1783574150685,\n      \"kind\": \"event\",\n      \"method\": null,\n      \"event\": \"presence\",\n      \"ok\": null,\n      \"data\": null\n    },\n    {\n      \"ts\": 1783574150736,\n      \"kind\": \"event\",\n      \"method\": null,\n      \"event\": \"health\",\n      \"ok\": null,\n      \"data\": null\n    },\n    {\n      \"ts\": 1783574150773,\n      \"kind\": \"event\",\n      \"method\": null,\n      \"event\": \"agent\",\n      \"ok\": null,\n      \"data\": null\n    },\n    {\n      \"ts\": 1783574150779,\n      \"kind\": \"event\",\n      \"method\": null,\n      \"event\": \"presence\",\n      \"ok\": null,\n      \"data\": null\n    },\n    {\n      \"ts\": 1783574151863,\n      \"kind\": \"event\",\n      \"method\": null,\n      \"event\": \"health\",\n      \"ok\": null,\n      \"data\": null\n    },\n    {\n      \"ts\": 1783574151869,\n      \"kind\": \"event\",\n      \"method\": null,\n      \"event\": \"presence\",\n      \"ok\": null,\n      \"data\": null\n    },\n    {\n      \"ts\": 1783574152077,\n      \"kind\": \"event\",\n      \"method\": null,\n      \"event\": \"agent\",\n      \"ok\": null,\n      \"data\": null\n    },\n    {\n      \"ts\": 1783574152077,\n      \"kind\": \"event\",\n      \"method\": null,\n      \"event\": \"chat\",\n      \"ok\": null,\n      \"data\": null\n    },\n    {\n      \"ts\": 1783574152456,\n      \"kind\": \"event\",\n      \"method\": null,\n      \"event\": \"agent\",\n      \"ok\": null,\n      \"data\": null\n    },\n    {\n      \"ts\": 1783574152538,\n      \"kind\": \"event\",\n      \"method\": null,\n      \"event\": \"task\",\n      \"ok\": null,\n      \"data\": null\n    },\n    {\n      \"ts\": 1783574152538,\n      \"kind\": \"event\",\n      \"method\": null,\n      \"event\": \"task\",\n      \"ok\": null,\n      \"data\": null\n    },\n    {\n      \"ts\": 1783574152540,\n      \"kind\": \"event\",\n      \"method\": null,\n      \"event\": \"agent\",\n      \"ok\": null,\n      \"data\": null\n    },\n    {\n      \"ts\": 1783574152799,\n      \"kind\": \"event\",\n      \"method\": null,\n      \"event\": \"agent\",\n      \"ok\": null,\n      \"data\": null\n    },\n    {\n      \"ts\": 1783574152799,\n      \"kind\": \"event\",\n      \"method\": null,\n      \"event\": \"chat\",\n      \"ok\": null,\n      \"data\": null\n    },\n    {\n      \"ts\": 1783574152941,\n      \"kind\": \"event\",\n      \"method\": null,\n      \"event\": \"health\",\n      \"ok\": null,\n      \"data\": null\n    },\n    {\n      \"ts\": 1783574152948,\n      \"kind\": \"event\",\n      \"method\": null,\n      \"event\": \"presence\",\n      \"ok\": null,\n      \"data\": null\n    },\n    {\n      \"ts\": 1783574153134,\n      \"kind\": \"event\",\n      \"method\": null,\n      \"event\": \"agent\",\n      \"ok\": null,\n      \"data\": null\n    },\n    {\n      \"ts\": 1783574153134,\n      \"kind\": \"event\",\n      \"method\": null,\n      \"event\": \"agent\",\n      \"ok\": null,\n      \"data\": null\n    },\n    {\n      \"ts\": 1783574153134,\n      \"kind\": \"event\",\n      \"method\": null,\n      \"event\": \"chat\",\n      \"ok\": null,\n      \"data\": null\n    },\n    {\n      \"ts\": 1783574153218,\n      \"kind\": \"event\",\n      \"method\": null,\n      \"event\": \"agent\",\n      \"ok\": null,\n      \"data\": null\n    },\n    {\n      \"ts\": 1783574153218,\n      \"kind\": \"event\",\n      \"method\": null,\n      \"event\": \"agent\",\n      \"ok\": null,\n      \"data\": null\n    },\n    {\n      \"ts\": 1783574153314,\n      \"kind\": \"event\",\n      \"method\": null,\n      \"event\": \"agent\",\n      \"ok\": null,\n      \"data\": null\n    },\n    {\n      \"ts\": 1783574153314,\n      \"kind\": \"event\",\n      \"method\": null,\n      \"event\": \"chat\",\n      \"ok\": null,\n      \"data\": null\n    },\n    {\n      \"ts\": 1783574153314,\n      \"kind\": \"event\",\n      \"method\": null,\n      \"event\": \"chat\",\n      \"ok\": null,\n      \"data\": null\n    },\n    {\n      \"ts\": 1783574154035,\n      \"kind\": \"event\",\n      \"method\": null,\n      \"event\": \"health\",\n      \"ok\": null,\n      \"data\": null\n    },\n    {\n      \"ts\": 1783574154042,\n      \"kind\": \"event\",\n      \"method\": null,\n      \"event\": \"presence\",\n      \"ok\": null,\n      \"data\": null\n    },\n    {\n      \"ts\": 1783574154426,\n      \"kind\": \"event\",\n      \"method\": null,\n      \"event\": \"task\",\n      \"ok\": null,\n      \"data\": null\n    },\n    {\n      \"ts\": 1783574154426,\n      \"kind\": \"event\",\n      \"method\": null,\n      \"event\": \"task\",\n      \"ok\": null,\n      \"data\": null\n    },\n    {\n      \"ts\": 1783574154480,\n      \"kind\": \"event\",\n      \"method\": null,\n      \"event\": \"task\",\n      \"ok\": null,\n      \"data\": null\n    },\n    {\n      \"ts\": 1783574154704,\n      \"kind\": \"event\",\n      \"method\": null,\n      \"event\": \"health\",\n      \"ok\": null,\n      \"data\": null\n    },\n    {\n      \"ts\": 1783574155113,\n      \"kind\": \"event\",\n      \"method\": null,\n      \"event\": \"health\",\n      \"ok\": null,\n      \"data\": null\n    },\n    {\n      \"ts\": 1783574155118,\n      \"kind\": \"event\",\n      \"method\": null,\n      \"event\": \"presence\",\n      \"ok\": null,\n      \"data\": null\n    },\n    {\n      \"ts\": 1783574155370,\n      \"kind\": \"event\",\n      \"method\": null,\n      \"event\": \"agent\",\n      \"ok\": null,\n      \"data\": null\n    },\n    {\n      \"ts\": 1783574156585,\n      \"kind\": \"event\",\n      \"method\": null,\n      \"event\": \"health\",\n      \"ok\": null,\n      \"data\": null\n    },\n    {\n      \"ts\": 1783574156640,\n      \"kind\": \"event\",\n      \"method\": null,\n      \"event\": \"health\",\n      \"ok\": null,\n      \"data\": null\n    },\n    {\n      \"ts\": 1783574156662,\n      \"kind\": \"event\",\n      \"method\": null,\n      \"event\": \"presence\",\n      \"ok\": null,\n      \"data\": null\n    },\n    {\n      \"ts\": 1783574156667,\n      \"kind\": \"event\",\n      \"method\": null,\n      \"event\": \"presence\",\n      \"ok\": null,\n      \"data\": null\n    },\n    {\n      \"ts\": 1783574157219,\n      \"kind\": \"event\",\n      \"method\": null,\n      \"event\": \"agent\",\n      \"ok\": null,\n      \"data\": null\n    },\n    {\n      \"ts\": 1783574157710,\n      \"kind\": \"event\",\n      \"method\": null,\n      \"event\": \"health\",\n      \"ok\": null,\n      \"data\": null\n    },\n    {\n      \"ts\": 1783574157716,\n      \"kind\": \"event\",\n      \"method\": null,\n      \"event\": \"presence\",\n      \"ok\": null,\n      \"data\": null\n    },\n    {\n      \"ts\": 1783574158790,\n      \"kind\": \"event\",\n      \"method\": null,\n      \"event\": \"health\",\n      \"ok\": null,\n      \"data\": null\n    },\n    {\n      \"ts\": 1783574158795,\n      \"kind\": \"event\",\n      \"method\": null,\n      \"event\": \"presence\",\n      \"ok\": null,\n      \"data\": null\n    },\n    {\n      \"ts\": 1783574158833,\n      \"kind\": \"event\",\n      \"method\": null,\n      \"event\": \"task\",\n      \"ok\": null,\n      \"data\": null\n    },\n    {\n      \"ts\": 1783574158834,\n      \"kind\": \"event\",\n      \"method\": null,\n      \"event\": \"task\",\n      \"ok\": null,\n      \"data\": null\n    },\n    {\n      \"ts\": 1783574158834,\n      \"kind\": \"event\",\n      \"method\": null,\n      \"event\": \"task\",\n      \"ok\": null,\n      \"data\": null\n    },\n    {\n      \"ts\": 1783574158834,\n      \"kind\": \"event\",\n      \"method\": null,\n      \"event\": \"task\",\n      \"ok\": null,\n      \"data\": null\n    },\n    {\n      \"ts\": 1783574158846,\n      \"kind\": \"event\",\n      \"method\": null,\n      \"event\": \"agent\",\n      \"ok\": null,\n      \"data\": null\n    },\n    {\n      \"ts\": 1783574158870,\n      \"kind\": \"event\",\n      \"method\": null,\n      \"event\": \"task\",\n      \"ok\": null,\n      \"data\": null\n    },\n    {\n      \"ts\": 1783574158871,\n      \"kind\": \"event\",\n      \"method\": null,\n      \"event\": \"task\",\n      \"ok\": null,\n      \"data\": null\n    },\n    {\n      \"ts\": 1783574158871,\n      \"kind\": \"event\",\n      \"method\": null,\n      \"event\": \"task\",\n      \"ok\": null,\n      \"data\": null\n    },\n    {\n      \"ts\": 1783574158871,\n      \"kind\": \"event\",\n      \"method\": null,\n      \"event\": \"task\",\n      \"ok\": null,\n      \"data\": null\n    },\n    {\n      \"ts\": 1783574158883,\n      \"kind\": \"event\",\n      \"method\": null,\n      \"event\": \"agent\",\n      \"ok\": null,\n      \"data\": null\n    },\n    {\n      \"ts\": 1783574159890,\n      \"kind\": \"event\",\n      \"method\": null,\n      \"event\": \"health\",\n      \"ok\": null,\n      \"data\": null\n    },\n    {\n      \"ts\": 1783574159896,\n      \"kind\": \"event\",\n      \"method\": null,\n      \"event\": \"presence\",\n      \"ok\": null,\n      \"data\": null\n    },\n    {\n      \"ts\": 1783574160982,\n      \"kind\": \"event\",\n      \"method\": null,\n      \"event\": \"health\",\n      \"ok\": null,\n      \"data\": null\n    },\n    {\n      \"ts\": 1783574160986,\n      \"kind\": \"event\",\n      \"method\": null,\n      \"event\": \"presence\",\n      \"ok\": null,\n      \"data\": null\n    },\n    {\n      \"ts\": 1783574162062,\n      \"kind\": \"event\",\n      \"method\": null,\n      \"event\": \"health\",\n      \"ok\": null,\n      \"data\": null\n    },\n    {\n      \"ts\": 1783574162067,\n      \"kind\": \"event\",\n      \"method\": null,\n      \"event\": \"presence\",\n      \"ok\": null,\n      \"data\": null\n    },\n    {\n      \"ts\": 1783574163142,\n      \"kind\": \"event\",\n      \"method\": null,\n      \"event\": \"health\",\n      \"ok\": null,\n      \"data\": null\n    },\n    {\n      \"ts\": 1783574163145,\n      \"kind\": \"event\",\n      \"method\": null,\n      \"event\": \"presence\",\n      \"ok\": null,\n      \"data\": null\n    },\n    {\n      \"ts\": 1783574164220,\n      \"kind\": \"event\",\n      \"method\": null,\n      \"event\": \"health\",\n      \"ok\": null,\n      \"data\": null\n    },\n    {\n      \"ts\": 1783574164232,\n      \"kind\": \"event\",\n      \"method\": null,\n      \"event\": \"presence\",\n      \"ok\": null,\n      \"data\": null\n    },\n    {\n      \"ts\": 1783574164423,\n      \"kind\": \"event\",\n      \"method\": null,\n      \"event\": \"agent\",\n      \"ok\": null,\n      \"data\": null\n    },\n    {\n      \"ts\": 1783574164424,\n      \"kind\": \"event\",\n      \"method\": null,\n      \"event\": \"chat\",\n      \"ok\": null,\n      \"data\": null\n    },\n    {\n      \"ts\": 1783574164780,\n      \"kind\": \"event\",\n      \"method\": null,\n      \"event\": \"agent\",\n      \"ok\": null,\n      \"data\": null\n    },\n    {\n      \"ts\": 1783574164859,\n      \"kind\": \"event\",\n      \"method\": null,\n      \"event\": \"task\",\n      \"ok\": null,\n      \"data\": null\n    },\n    {\n      \"ts\": 1783574164859,\n      \"kind\": \"event\",\n      \"method\": null,\n      \"event\": \"task\",\n      \"ok\": null,\n      \"data\": null\n    },\n    {\n      \"ts\": 1783574164861,\n      \"kind\": \"event\",\n      \"method\": null,\n      \"event\": \"agent\",\n      \"ok\": null,\n      \"data\": null\n    },\n    {\n      \"ts\": 1783574165310,\n      \"kind\": \"event\",\n      \"method\": null,\n      \"event\": \"health\",\n      \"ok\": null,\n      \"data\": null\n    },\n    {\n      \"ts\": 1783574165315,\n      \"kind\": \"event\",\n      \"method\": null,\n      \"event\": \"presence\",\n      \"ok\": null,\n      \"data\": null\n    },\n    {\n      \"ts\": 1783574166396,\n      \"kind\": \"event\",\n      \"method\": null,\n      \"event\": \"health\",\n      \"ok\": null,\n      \"data\": null\n    },\n    {\n      \"ts\": 1783574166402,\n      \"kind\": \"event\",\n      \"method\": null,\n      \"event\": \"presence\",\n      \"ok\": null,\n      \"data\": null\n    },\n    {\n      \"ts\": 1783574166653,\n      \"kind\": \"event\",\n      \"method\": null,\n      \"event\": \"task\",\n      \"ok\": null,\n      \"data\": null\n    },\n    {\n      \"ts\": 1783574166654,\n      \"kind\": \"event\",\n      \"method\": null,\n      \"event\": \"task\",\n      \"ok\": null,\n      \"data\": null\n    },\n    {\n      \"ts\": 1783574166654,\n      \"kind\": \"event\",\n      \"method\": null,\n      \"event\": \"task\",\n      \"ok\": null,\n      \"data\": null\n    },\n    {\n      \"ts\": 1783574166654,\n      \"kind\": \"event\",\n      \"method\": null,\n      \"event\": \"task\",\n      \"ok\": null,\n      \"data\": null\n    },\n    {\n      \"ts\": 1783574166666,\n      \"kind\": \"event\",\n      \"method\": null,\n      \"event\": \"agent\",\n      \"ok\": null,\n      \"data\": null\n    },\n    {\n      \"ts\": 1783574166679,\n      \"kind\": \"event\",\n      \"method\": null,\n      \"event\": \"task\",\n      \"ok\": null,\n      \"data\": null\n    },\n    {\n      \"ts\": 1783574166679,\n      \"kind\": \"event\",\n      \"method\": null,\n      \"event\": \"task\",\n      \"ok\": null,\n      \"data\": null\n    },\n    {\n      \"ts\": 1783574166680,\n      \"kind\": \"event\",\n      \"method\": null,\n      \"event\": \"task\",\n      \"ok\": null,\n      \"data\": null\n    },\n    {\n      \"ts\": 1783574166680,\n      \"kind\": \"event\",\n      \"method\": null,\n      \"event\": \"task\",\n      \"ok\": null,\n      \"data\": null\n    },\n    {\n      \"ts\": 1783574166692,\n      \"kind\": \"event\",\n      \"method\": null,\n      \"event\": \"agent\",\n      \"ok\": null,\n      \"data\": null\n    },\n    {\n      \"ts\": 1783574166698,\n      \"kind\": \"event\",\n      \"method\": null,\n      \"event\": \"task\",\n      \"ok\": null,\n      \"data\": null\n    },\n    {\n      \"ts\": 1783574166698,\n      \"kind\": \"event\",\n      \"method\": null,\n      \"event\": \"task\",\n      \"ok\": null,\n      \"data\": null\n    },\n    {\n      \"ts\": 1783574166698,\n      \"kind\": \"event\",\n      \"method\": null,\n      \"event\": \"agent\",\n      \"ok\": null,\n      \"data\": null\n    },\n    {\n      \"ts\": 1783574166699,\n      \"kind\": \"event\",\n      \"method\": null,\n      \"event\": \"chat\",\n      \"ok\": null,\n      \"data\": null\n    },\n    {\n      \"ts\": 1783574166703,\n      \"kind\": \"event\",\n      \"method\": null,\n      \"event\": \"task\",\n      \"ok\": null,\n      \"data\": null\n    },\n    {\n      \"ts\": 1783574166703,\n      \"kind\": \"event\",\n      \"method\": null,\n      \"event\": \"task\",\n      \"ok\": null,\n      \"data\": null\n    },\n    {\n      \"ts\": 1783574166703,\n      \"kind\": \"event\",\n      \"method\": null,\n      \"event\": \"agent\",\n      \"ok\": null,\n      \"data\": null\n    },\n    {\n      \"ts\": 1783574166833,\n      \"kind\": \"event\",\n      \"method\": null,\n      \"event\": \"task\",\n      \"ok\": null,\n      \"data\": null\n    },\n    {\n      \"ts\": 1783574166833,\n      \"kind\": \"event\",\n      \"method\": null,\n      \"event\": \"task\",\n      \"ok\": null,\n      \"data\": null\n    },\n    {\n      \"ts\": 1783574166872,\n      \"kind\": \"event\",\n      \"method\": null,\n      \"event\": \"agent\",\n      \"ok\": null,\n      \"data\": null\n    },\n    {\n      \"ts\": 1783574166889,\n      \"kind\": \"event\",\n      \"method\": null,\n      \"event\": \"presence\",\n      \"ok\": null,\n      \"data\": null\n    },\n    {\n      \"ts\": 1783574166939,\n      \"kind\": \"event\",\n      \"method\": null,\n      \"event\": \"task\",\n      \"ok\": null,\n      \"data\": null\n    },\n    {\n      \"ts\": 1783574167135,\n      \"kind\": \"event\",\n      \"method\": null,\n      \"event\": \"health\",\n      \"ok\": null,\n      \"data\": null\n    },\n    {\n      \"ts\": 1783574167167,\n      \"kind\": \"event\",\n      \"method\": null,\n      \"event\": \"presence\",\n      \"ok\": null,\n      \"data\": null\n    },\n    {\n      \"ts\": 1783574167415,\n      \"kind\": \"event\",\n      \"method\": null,\n      \"event\": \"health\",\n      \"ok\": null,\n      \"data\": null\n    },\n    {\n      \"ts\": 1783574167474,\n      \"kind\": \"event\",\n      \"method\": null,\n      \"event\": \"health\",\n      \"ok\": null,\n      \"data\": null\n    },\n    {\n      \"ts\": 1783574167505,\n      \"kind\": \"event\",\n      \"method\": null,\n      \"event\": \"presence\",\n      \"ok\": null,\n      \"data\": null\n    },\n    {\n      \"ts\": 1783574167563,\n      \"kind\": \"event\",\n      \"method\": null,\n      \"event\": \"health\",\n      \"ok\": null,\n      \"data\": null\n    },\n    {\n      \"ts\": 1783574167574,\n      \"kind\": \"event\",\n      \"method\": null,\n      \"event\": \"presence\",\n      \"ok\": null,\n      \"data\": null\n    },\n    {\n      \"ts\": 1783574167578,\n      \"kind\": \"event\",\n      \"method\": null,\n      \"event\": \"presence\",\n      \"ok\": null,\n      \"data\": null\n    },\n    {\n      \"ts\": 1783574167789,\n      \"kind\": \"event\",\n      \"method\": null,\n      \"event\": \"health\",\n      \"ok\": null,\n      \"data\": null\n    },\n    {\n      \"ts\": 1783574167809,\n      \"kind\": \"event\",\n      \"method\": null,\n      \"event\": \"presence\",\n      \"ok\": null,\n      \"data\": null\n    },\n    {\n      \"ts\": 1783574167843,\n      \"kind\": \"event\",\n      \"method\": null,\n      \"event\": \"agent\",\n      \"ok\": null,\n      \"data\": null\n    },\n    {\n      \"ts\": 1783574168012,\n      \"kind\": \"event\",\n      \"method\": null,\n      \"event\": \"task\",\n      \"ok\": null,\n      \"data\": null\n    },\n    {\n      \"ts\": 1783574168639,\n      \"kind\": \"event\",\n      \"method\": null,\n      \"event\": \"health\",\n      \"ok\": null,\n      \"data\": null\n    },\n    {\n      \"ts\": 1783574168649,\n      \"kind\": \"event\",\n      \"method\": null,\n      \"event\": \"task\",\n      \"ok\": null,\n      \"data\": null\n    },\n    {\n      \"ts\": 1783574168649,\n      \"kind\": \"event\",\n      \"method\": null,\n      \"event\": \"task\",\n      \"ok\": null,\n      \"data\": null\n    },\n    {\n      \"ts\": 1783574168649,\n      \"kind\": \"event\",\n      \"method\": null,\n      \"event\": \"agent\",\n      \"ok\": null,\n      \"data\": null\n    },\n    {\n      \"ts\": 1783574168649,\n      \"kind\": \"event\",\n      \"method\": null,\n      \"event\": \"chat\",\n      \"ok\": null,\n      \"data\": null\n    },\n    {\n      \"ts\": 1783574168650,\n      \"kind\": \"event\",\n      \"method\": null,\n      \"event\": \"task\",\n      \"ok\": null,\n      \"data\": null\n    },\n    {\n      \"ts\": 1783574168651,\n      \"kind\": \"event\",\n      \"method\": null,\n      \"event\": \"task\",\n      \"ok\": null,\n      \"data\": null\n    },\n    {\n      \"ts\": 1783574168651,\n      \"kind\": \"event\",\n      \"method\": null,\n      \"event\": \"task\",\n      \"ok\": null,\n      \"data\": null\n    },\n    {\n      \"ts\": 1783574168651,\n      \"kind\": \"event\",\n      \"method\": null,\n      \"event\": \"task\",\n      \"ok\": null,\n      \"data\": null\n    },\n    {\n      \"ts\": 1783574168652,\n      \"kind\": \"event\",\n      \"method\": null,\n      \"event\": \"task\",\n      \"ok\": null,\n      \"data\": null\n    },\n    {\n      \"ts\": 1783574168653,\n      \"kind\": \"event\",\n      \"method\": null,\n      \"event\": \"task\",\n      \"ok\": null,\n      \"data\": null\n    },\n    {\n      \"ts\": 1783574168653,\n      \"kind\": \"event\",\n      \"method\": null,\n      \"event\": \"task\",\n      \"ok\": null,\n      \"data\": null\n    },\n    {\n      \"ts\": 1783574168653,\n      \"kind\": \"event\",\n      \"method\": null,\n      \"event\": \"task\",\n      \"ok\": null,\n      \"data\": null\n    },\n    {\n      \"ts\": 1783574168654,\n      \"kind\": \"event\",\n      \"method\": null,\n      \"event\": \"task\",\n      \"ok\": null,\n      \"data\": null\n    },\n    {\n      \"ts\": 1783574168674,\n      \"kind\": \"event\",\n      \"method\": null,\n      \"event\": \"task\",\n      \"ok\": null,\n      \"data\": null\n    },\n    {\n      \"ts\": 1783574168678,\n      \"kind\": \"event\",\n      \"method\": null,\n      \"event\": \"task\",\n      \"ok\": null,\n      \"data\": null\n    },\n    {\n      \"ts\": 1783574168679,\n      \"kind\": \"event\",\n      \"method\": null,\n      \"event\": \"task\",\n      \"ok\": null,\n      \"data\": null\n    },\n    {\n      \"ts\": 1783574168680,\n      \"kind\": \"event\",\n      \"method\": null,\n      \"event\": \"task\",\n      \"ok\": null,\n      \"data\": null\n    },\n    {\n      \"ts\": 1783574168680,\n      \"kind\": \"event\",\n      \"method\": null,\n      \"event\": \"task\",\n      \"ok\": null,\n      \"data\": null\n    },\n    {\n      \"ts\": 1783574168681,\n      \"kind\": \"event\",\n      \"method\": null,\n      \"event\": \"task\",\n      \"ok\": null,\n      \"data\": null\n    },\n    {\n      \"ts\": 1783574168681,\n      \"kind\": \"event\",\n      \"method\": null,\n      \"event\": \"task\",\n      \"ok\": null,\n      \"data\": null\n    },\n    {\n      \"ts\": 1783574168682,\n      \"kind\": \"event\",\n      \"method\": null,\n      \"event\": \"task\",\n      \"ok\": null,\n      \"data\": null\n    },\n    {\n      \"ts\": 1783574168682,\n      \"kind\": \"event\",\n      \"method\": null,\n      \"event\": \"task\",\n      \"ok\": null,\n      \"data\": null\n    },\n    {\n      \"ts\": 1783574168683,\n      \"kind\": \"event\",\n      \"method\": null,\n      \"event\": \"task\",\n      \"ok\": null,\n      \"data\": null\n    },\n    {\n      \"ts\": 1783574168683,\n      \"kind\": \"event\",\n      \"method\": null,\n      \"event\": \"task\",\n      \"ok\": null,\n      \"data\": null\n    },\n    {\n      \"ts\": 1783574168684,\n      \"kind\": \"event\",\n      \"method\": null,\n      \"event\": \"task\",\n      \"ok\": null,\n      \"data\": null\n    },\n    {\n      \"ts\": 1783574168684,\n      \"kind\": \"event\",\n      \"method\": null,\n      \"event\": \"task\",\n      \"ok\": null,\n      \"data\": null\n    },\n    {\n      \"ts\": 1783574168684,\n      \"kind\": \"event\",\n      \"method\": null,\n      \"event\": \"task\",\n      \"ok\": null,\n      \"data\": null\n    },\n    {\n      \"ts\": 1783574168685,\n      \"kind\": \"event\",\n      \"method\": null,\n      \"event\": \"task\",\n      \"ok\": null,\n      \"data\": null\n    },\n    {\n      \"ts\": 1783574168685,\n      \"kind\": \"event\",\n      \"method\": null,\n      \"event\": \"task\",\n      \"ok\": null,\n      \"data\": null\n    },\n    {\n      \"ts\": 1783574168686,\n      \"kind\": \"event\",\n      \"method\": null,\n      \"event\": \"task\",\n      \"ok\": null,\n      \"data\": null\n    },\n    {\n      \"ts\": 1783574168686,\n      \"kind\": \"event\",\n      \"method\": null,\n      \"event\": \"task\",\n      \"ok\": null,\n      \"data\": null\n    },\n    {\n      \"ts\": 1783574168686,\n      \"kind\": \"event\",\n      \"method\": null,\n      \"event\": \"task\",\n      \"ok\": null,\n      \"data\": null\n    },\n    {\n      \"ts\": 1783574168687,\n      \"kind\": \"event\",\n      \"method\": null,\n      \"event\": \"task\",\n      \"ok\": null,\n      \"data\": null\n    },\n    {\n      \"ts\": 1783574168687,\n      \"kind\": \"event\",\n      \"method\": null,\n      \"event\": \"task\",\n      \"ok\": null,\n      \"data\": null\n    },\n    {\n      \"ts\": 1783574168688,\n      \"kind\": \"event\",\n      \"method\": null,\n      \"event\": \"task\",\n      \"ok\": null,\n      \"data\": null\n    },\n    {\n      \"ts\": 1783574168688,\n      \"kind\": \"event\",\n      \"method\": null,\n      \"event\": \"task\",\n      \"ok\": null,\n      \"data\": null\n    },\n    {\n      \"ts\": 1783574168689,\n      \"kind\": \"event\",\n      \"method\": null,\n      \"event\": \"task\",\n      \"ok\": null,\n      \"data\": null\n    },\n    {\n      \"ts\": 1783574168689,\n      \"kind\": \"event\",\n      \"method\": null,\n      \"event\": \"task\",\n      \"ok\": null,\n      \"data\": null\n    },\n    {\n      \"ts\": 1783574168689,\n      \"kind\": \"event\",\n      \"method\": null,\n      \"event\": \"tick\",\n      \"ok\": null,\n      \"data\": null\n    },\n    {\n      \"ts\": 1783574168691,\n      \"kind\": \"event\",\n      \"method\": null,\n      \"event\": \"task\",\n      \"ok\": null,\n      \"data\": null\n    },\n    {\n      \"ts\": 1783574168691,\n      \"kind\": \"event\",\n      \"method\": null,\n      \"event\": \"task\",\n      \"ok\": null,\n      \"data\": null\n    },\n    {\n      \"ts\": 1783574168691,\n      \"kind\": \"event\",\n      \"method\": null,\n      \"event\": \"task\",\n      \"ok\": null,\n      \"data\": null\n    },\n    {\n      \"ts\": 1783574168691,\n      \"kind\": \"event\",\n      \"method\": null,\n      \"event\": \"task\",\n      \"ok\": null,\n      \"data\": null\n    },\n    {\n      \"ts\": 1783574168692,\n      \"kind\": \"event\",\n      \"method\": null,\n      \"event\": \"task\",\n      \"ok\": null,\n      \"data\": null\n    },\n    {\n      \"ts\": 1783574168692,\n      \"kind\": \"event\",\n      \"method\": null,\n      \"event\": \"task\",\n      \"ok\": null,\n      \"data\": null\n    },\n    {\n      \"ts\": 1783574168693,\n      \"kind\": \"event\",\n      \"method\": null,\n      \"event\": \"task\",\n      \"ok\": null,\n      \"data\": null\n    },\n    {\n      \"ts\": 1783574168693,\n      \"kind\": \"event\",\n      \"method\": null,\n      \"event\": \"task\",\n      \"ok\": null,\n      \"data\": null\n    },\n    {\n      \"ts\": 1783574168701,\n      \"kind\": \"event\",\n      \"method\": null,\n      \"event\": \"presence\",\n      \"ok\": null,\n      \"data\": null\n    },\n    {\n      \"ts\": 1783574168723,\n      \"kind\": \"event\",\n      \"method\": null,\n      \"event\": \"task\",\n      \"ok\": null,\n      \"data\": null\n    },\n    {\n      \"ts\": 1783574168723,\n      \"kind\": \"event\",\n      \"method\": null,\n      \"event\": \"task\",\n      \"ok\": null,\n      \"data\": null\n    },\n    {\n      \"ts\": 1783574168723,\n      \"kind\": \"event\",\n      \"method\": null,\n      \"event\": \"agent\",\n      \"ok\": null,\n      \"data\": null\n    },\n    {\n      \"ts\": 1783574168723,\n      \"kind\": \"event\",\n      \"method\": null,\n      \"event\": \"agent\",\n      \"ok\": null,\n      \"data\": null\n    },\n    {\n      \"ts\": 1783574168850,\n      \"kind\": \"event\",\n      \"method\": null,\n      \"event\": \"task\",\n      \"ok\": null,\n      \"data\": null\n    },\n    {\n      \"ts\": 1783574168851,\n      \"kind\": \"event\",\n      \"method\": null,\n      \"event\": \"task\",\n      \"ok\": null,\n      \"data\": null\n    },\n    {\n      \"ts\": 1783574168892,\n      \"kind\": \"event\",\n      \"method\": null,\n      \"event\": \"agent\",\n      \"ok\": null,\n      \"data\": null\n    },\n    {\n      \"ts\": 1783574168892,\n      \"kind\": \"event\",\n      \"method\": null,\n      \"event\": \"chat\",\n      \"ok\": null,\n      \"data\": null\n    },\n    {\n      \"ts\": 1783574168892,\n      \"kind\": \"event\",\n      \"method\": null,\n      \"event\": \"chat\",\n      \"ok\": null,\n      \"data\": null\n    },\n    {\n      \"ts\": 1783574168897,\n      \"kind\": \"event\",\n      \"method\": null,\n      \"event\": \"task\",\n      \"ok\": null,\n      \"data\": null\n    },\n    {\n      \"ts\": 1783574168949,\n      \"kind\": \"event\",\n      \"method\": null,\n      \"event\": \"presence\",\n      \"ok\": null,\n      \"data\": null\n    },\n    {\n      \"ts\": 1783574169072,\n      \"kind\": \"event\",\n      \"method\": null,\n      \"event\": \"health\",\n      \"ok\": null,\n      \"data\": null\n    },\n    {\n      \"ts\": 1783574169095,\n      \"kind\": \"event\",\n      \"method\": null,\n      \"event\": \"presence\",\n      \"ok\": null,\n      \"data\": null\n    },\n    {\n      \"ts\": 1783574169146,\n      \"kind\": \"event\",\n      \"method\": null,\n      \"event\": \"task\",\n      \"ok\": null,\n      \"data\": null\n    },\n    {\n      \"ts\": 1783574169189,\n      \"kind\": \"event\",\n      \"method\": null,\n      \"event\": \"task\",\n      \"ok\": null,\n      \"data\": null\n    },\n    {\n      \"ts\": 1783574169426,\n      \"kind\": \"event\",\n      \"method\": null,\n      \"event\": \"task\",\n      \"ok\": null,\n      \"data\": null\n    },\n    {\n      \"ts\": 1783574170226,\n      \"kind\": \"event\",\n      \"method\": null,\n      \"event\": \"health\",\n      \"ok\": null,\n      \"data\": null\n    },\n    {\n      \"ts\": 1783574170282,\n      \"kind\": \"event\",\n      \"method\": null,\n      \"event\": \"health\",\n      \"ok\": null,\n      \"data\": null\n    },\n    {\n      \"ts\": 1783574170302,\n      \"kind\": \"event\",\n      \"method\": null,\n      \"event\": \"presence\",\n      \"ok\": null,\n      \"data\": null\n    },\n    {\n      \"ts\": 1783574170308,\n      \"kind\": \"event\",\n      \"method\": null,\n      \"event\": \"presence\",\n      \"ok\": null,\n      \"data\": null\n    },\n    {\n      \"ts\": 1783574170337,\n      \"kind\": \"event\",\n      \"method\": null,\n      \"event\": \"agent\",\n      \"ok\": null,\n      \"data\": null\n    },\n    {\n      \"ts\": 1783574171382,\n      \"kind\": \"event\",\n      \"method\": null,\n      \"event\": \"health\",\n      \"ok\": null,\n      \"data\": null\n    },\n    {\n      \"ts\": 1783574171388,\n      \"kind\": \"event\",\n      \"method\": null,\n      \"event\": \"presence\",\n      \"ok\": null,\n      \"data\": null\n    },\n    {\n      \"ts\": 1783574172440,\n      \"kind\": \"event\",\n      \"method\": null,\n      \"event\": \"health\",\n      \"ok\": null,\n      \"data\": null\n    },\n    {\n      \"ts\": 1783574172444,\n      \"kind\": \"event\",\n      \"method\": null,\n      \"event\": \"presence\",\n      \"ok\": null,\n      \"data\": null\n    },\n    {\n      \"ts\": 1783574172992,\n      \"kind\": \"event\",\n      \"method\": null,\n      \"event\": \"agent\",\n      \"ok\": null,\n      \"data\": null\n    },\n    {\n      \"ts\": 1783574172992,\n      \"kind\": \"event\",\n      \"method\": null,\n      \"event\": \"chat\",\n      \"ok\": null,\n      \"data\": null\n    },\n    {\n      \"ts\": 1783574173424,\n      \"kind\": \"event\",\n      \"method\": null,\n      \"event\": \"agent\",\n      \"ok\": null,\n      \"data\": null\n    },\n    {\n      \"ts\": 1783574173452,\n      \"kind\": \"event\",\n      \"method\": null,\n      \"event\": \"agent\",\n      \"ok\": null,\n      \"data\": null\n    },\n    {\n      \"ts\": 1783574173493,\n      \"kind\": \"event\",\n      \"method\": null,\n      \"event\": \"session.message\",\n      \"ok\": null,\n      \"data\": null\n    },\n    {\n      \"ts\": 1783574173603,\n      \"kind\": \"event\",\n      \"method\": null,\n      \"event\": \"health\",\n      \"ok\": null,\n      \"data\": null\n    },\n    {\n      \"ts\": 1783574173629,\n      \"kind\": \"event\",\n      \"method\": null,\n      \"event\": \"presence\",\n      \"ok\": null,\n      \"data\": null\n    },\n    {\n      \"ts\": 1783574174693,\n      \"kind\": \"event\",\n      \"method\": null,\n      \"event\": \"health\",\n      \"ok\": null,\n      \"data\": null\n    },\n    {\n      \"ts\": 1783574174702,\n      \"kind\": \"event\",\n      \"method\": null,\n      \"event\": \"presence\",\n      \"ok\": null,\n      \"data\": null\n    },\n    {\n      \"ts\": 1783574175788,\n      \"kind\": \"event\",\n      \"method\": null,\n      \"event\": \"health\",\n      \"ok\": null,\n      \"data\": null\n    },\n    {\n      \"ts\": 1783574175793,\n      \"kind\": \"event\",\n      \"method\": null,\n      \"event\": \"presence\",\n      \"ok\": null,\n      \"data\": null\n    },\n    {\n      \"ts\": 1783574176888,\n      \"kind\": \"event\",\n      \"method\": null,\n      \"event\": \"health\",\n      \"ok\": null,\n      \"data\": null\n    },\n    {\n      \"ts\": 1783574176891,\n      \"kind\": \"event\",\n      \"method\": null,\n      \"event\": \"presence\",\n      \"ok\": null,\n      \"data\": null\n    },\n    {\n      \"ts\": 1783574177059,\n      \"kind\": \"event\",\n      \"method\": null,\n      \"event\": \"agent\",\n      \"ok\": null,\n      \"data\": null\n    },\n    {\n      \"ts\": 1783574177951,\n      \"kind\": \"event\",\n      \"method\": null,\n      \"event\": \"health\",\n      \"ok\": null,\n      \"data\": null\n    },\n    {\n      \"ts\": 1783574177957,\n      \"kind\": \"event\",\n      \"method\": null,\n      \"event\": \"presence\",\n      \"ok\": null,\n      \"data\": null\n    },\n    {\n      \"ts\": 1783574179224,\n      \"kind\": \"event\",\n      \"method\": null,\n      \"event\": \"health\",\n      \"ok\": null,\n      \"data\": null\n    },\n    {\n      \"ts\": 1783574179227,\n      \"kind\": \"event\",\n      \"method\": null,\n      \"event\": \"presence\",\n      \"ok\": null,\n      \"data\": null\n    },\n    {\n      \"ts\": 1783574179274,\n      \"kind\": \"event\",\n      \"method\": null,\n      \"event\": \"health\",\n      \"ok\": null,\n      \"data\": null\n    },\n    {\n      \"ts\": 1783574179294,\n      \"kind\": \"event\",\n      \"method\": null,\n      \"event\": \"presence\",\n      \"ok\": null,\n      \"data\": null\n    },\n    {\n      \"ts\": 1783574179328,\n      \"kind\": \"event\",\n      \"method\": null,\n      \"event\": \"agent\",\n      \"ok\": null,\n      \"data\": null\n    },\n    {\n      \"ts\": 1783574179933,\n      \"kind\": \"event\",\n      \"method\": null,\n      \"event\": \"presence\",\n      \"ok\": null,\n      \"data\": null\n    },\n    {\n      \"ts\": 1783574180280,\n      \"kind\": \"event\",\n      \"method\": null,\n      \"event\": \"health\",\n      \"ok\": null,\n      \"data\": null\n    },\n    {\n      \"ts\": 1783574180286,\n      \"kind\": \"event\",\n      \"method\": null,\n      \"event\": \"presence\",\n      \"ok\": null,\n      \"data\": null\n    },\n    {\n      \"ts\": 1783574181317,\n      \"kind\": \"event\",\n      \"method\": null,\n      \"event\": \"health\",\n      \"ok\": null,\n      \"data\": null\n    },\n    {\n      \"ts\": 1783574181372,\n      \"kind\": \"event\",\n      \"method\": null,\n      \"event\": \"health\",\n      \"ok\": null,\n      \"data\": null\n    },\n    {\n      \"ts\": 1783574181383,\n      \"kind\": \"event\",\n      \"method\": null,\n      \"event\": \"presence\",\n      \"ok\": null,\n      \"data\": null\n    },\n    {\n      \"ts\": 1783574181873,\n      \"kind\": \"event\",\n      \"method\": null,\n      \"event\": \"chat\",\n      \"ok\": null,\n      \"data\": null\n    },\n    {\n      \"ts\": 1783574182046,\n      \"kind\": \"event\",\n      \"method\": null,\n      \"event\": \"agent\",\n      \"ok\": null,\n      \"data\": null\n    },\n    {\n      \"ts\": 1783574182047,\n      \"kind\": \"event\",\n      \"method\": null,\n      \"event\": \"chat\",\n      \"ok\": null,\n      \"data\": null\n    },\n    {\n      \"ts\": 1783574182439,\n      \"kind\": \"event\",\n      \"method\": null,\n      \"event\": \"task\",\n      \"ok\": null,\n      \"data\": null\n    },\n    {\n      \"ts\": 1783574182439,\n      \"kind\": \"event\",\n      \"method\": null,\n      \"event\": \"task\",\n      \"ok\": null,\n      \"data\": null\n    },\n    {\n      \"ts\": 1783574182486,\n      \"kind\": \"event\",\n      \"method\": null,\n      \"event\": \"agent\",\n      \"ok\": null,\n      \"data\": null\n    },\n    {\n      \"ts\": 1783574182536,\n      \"kind\": \"event\",\n      \"method\": null,\n      \"event\": \"session.message\",\n      \"ok\": null,\n      \"data\": null\n    }\n  ],\n  \"ended\": \"2026-07-09T05:16:22.536Z\",\n  \"duration_ms\": 33521\n}" source=console
project81 k6 proof on ronan	Run Project 81 k6 proof wrapper	2026-07-09T05:16:22.5473986Z time="2026-07-08T22:16:22-07:00" level=info msg="--- END EVIDENCE ---" source=console
project81 k6 proof on ronan	Run Project 81 k6 proof wrapper	2026-07-09T05:16:22.5474313Z time="2026-07-08T22:16:22-07:00" level=info msg="\n[R-CD-MODEL-TOKEN] VERDICT: PASS-candidate" source=console
project81 k6 proof on ronan	Run Project 81 k6 proof wrapper	2026-07-09T05:16:22.5474517Z 
project81 k6 proof on ronan	Run Project 81 k6 proof wrapper	2026-07-09T05:16:22.5474686Z [R-CD-MODEL-TOKEN] Summary: PASS-candidate | SHA: 5292af40d0ad5303b85a678f6e629503a8725848 | Seat: ronan
project81 k6 proof on ronan	Run Project 81 k6 proof wrapper	2026-07-09T05:16:22.5474902Z 
project81 k6 proof on ronan	Run Project 81 k6 proof wrapper	2026-07-09T05:16:22.5474992Z running (0m33.5s), 0/1 VUs, 1 complete and 0 interrupted iterations
project81 k6 proof on ronan	Run Project 81 k6 proof wrapper	2026-07-09T05:16:22.5475437Z r_cd_model_token ✓ [ 100% ] 1 VUs  0m33.5s/3m30s  1/1 shared iters
project81 k6 proof on ronan	Run Project 81 k6 proof wrapper	2026-07-09T05:16:22.6315482Z ./r-cd-model-token-summary.json
project81 k6 proof on ronan	Run Project 81 k6 proof wrapper	2026-07-09T05:16:22.7397517Z [R-CD-MODEL-TOKEN] METRICS: /home/figs/actions-runner/_work/openclaw-bootstrap/openclaw-bootstrap/openclaw-bootstrap/PROOFS/ee9295cc6bb4fb27b135c3c21252ef9e815e2766/project81-k6/20260709T051307Z-ronan-dgx-4013874/5292af40d0ad5303b85a678f6e629503a8725848/R-CD-MODEL-TOKEN/ronan/20260709T051548Z-r-cd-model-token/openclaw-proofs-k6.prom
project81 k6 proof on ronan	Run Project 81 k6 proof wrapper	2026-07-09T05:16:22.7403731Z [R-CD-MODEL-TOKEN] ARTIFACTS: /home/figs/actions-runner/_work/openclaw-bootstrap/openclaw-bootstrap/openclaw-bootstrap/PROOFS/ee9295cc6bb4fb27b135c3c21252ef9e815e2766/project81-k6/20260709T051307Z-ronan-dgx-4013874/5292af40d0ad5303b85a678f6e629503a8725848/R-CD-MODEL-TOKEN/ronan/20260709T051548Z-r-cd-model-token
project81 k6 proof on ronan	Run Project 81 k6 proof wrapper	2026-07-09T05:16:22.7404424Z [R-CD-MODEL-TOKEN] COMPLETED.
project81 k6 proof on ronan	Run Project 81 k6 proof wrapper	2026-07-09T05:16:22.7404658Z Observability check: query Grafana for run/nonce or review Tempo traces if trace ID was emitted.
project81 k6 proof on ronan	Run Project 81 k6 proof wrapper	2026-07-09T05:16:22.7748641Z 
project81 k6 proof on ronan	Run Project 81 k6 proof wrapper	2026-07-09T05:16:22.7749086Z ----------------------------------------
project81 k6 proof on ronan	Run Project 81 k6 proof wrapper	2026-07-09T05:16:22.7749308Z Row: R-CD-MODEL-TOOL
project81 k6 proof on ronan	Run Project 81 k6 proof wrapper	2026-07-09T05:16:22.7749727Z Manifest: /home/figs/actions-runner/_work/openclaw-bootstrap/openclaw-bootstrap/karmaterminal-openclaw-docs/tools/k6-proofs/manifests/r-cd-model-tool.json
project81 k6 proof on ronan	Run Project 81 k6 proof wrapper	2026-07-09T05:16:22.7750117Z Scenario: scenarios/r-cd-model-tool.js
project81 k6 proof on ronan	Run Project 81 k6 proof wrapper	2026-07-09T05:16:22.7750254Z Status: runnable
project81 k6 proof on ronan	Run Project 81 k6 proof wrapper	2026-07-09T05:16:22.7750353Z Live Safety: k6-runnable
project81 k6 proof on ronan	Run Project 81 k6 proof wrapper	2026-07-09T05:16:22.7750471Z [R-CD-MODEL-TOOL] RUNNING...
project81 k6 proof on ronan	Run Project 81 k6 proof wrapper	2026-07-09T05:16:22.8025026Z 
project81 k6 proof on ronan	Run Project 81 k6 proof wrapper	2026-07-09T05:16:22.8025741Z          /\      Grafana   /‾‾/  
project81 k6 proof on ronan	Run Project 81 k6 proof wrapper	2026-07-09T05:16:22.8025945Z     /\  /  \     |\  __   /  /   
project81 k6 proof on ronan	Run Project 81 k6 proof wrapper	2026-07-09T05:16:22.8026093Z    /  \/    \    | |/ /  /   ‾‾\ 
project81 k6 proof on ronan	Run Project 81 k6 proof wrapper	2026-07-09T05:16:22.8026235Z   /          \   |   (  |  (‾)  |
project81 k6 proof on ronan	Run Project 81 k6 proof wrapper	2026-07-09T05:16:22.8026348Z  / __________ \  |_|\_\  \_____/ 
project81 k6 proof on ronan	Run Project 81 k6 proof wrapper	2026-07-09T05:16:22.8026426Z 
project81 k6 proof on ronan	Run Project 81 k6 proof wrapper	2026-07-09T05:16:22.8026429Z 
project81 k6 proof on ronan	Run Project 81 k6 proof wrapper	2026-07-09T05:16:22.8026549Z      execution: local
project81 k6 proof on ronan	Run Project 81 k6 proof wrapper	2026-07-09T05:16:22.8027206Z         script: scenarios/r-cd-model-tool.js
project81 k6 proof on ronan	Run Project 81 k6 proof wrapper	2026-07-09T05:16:22.8027360Z         output: -
project81 k6 proof on ronan	Run Project 81 k6 proof wrapper	2026-07-09T05:16:22.8027425Z 
project81 k6 proof on ronan	Run Project 81 k6 proof wrapper	2026-07-09T05:16:22.8027684Z      scenarios: (100.00%) 1 scenario, 1 max VUs, 4m0s max duration (incl. graceful stop):
project81 k6 proof on ronan	Run Project 81 k6 proof wrapper	2026-07-09T05:16:22.8028009Z               * r_cd_model_tool: 1 iterations shared among 1 VUs (maxDuration: 3m30s, gracefulStop: 30s)
project81 k6 proof on ronan	Run Project 81 k6 proof wrapper	2026-07-09T05:16:22.8028205Z 
project81 k6 proof on ronan	Run Project 81 k6 proof wrapper	2026-07-09T05:16:23.3856569Z time="2026-07-08T22:16:23-07:00" level=info msg="✓ disposable session created: agent:main:r-cd-model-tool-r-cd-model-tool-1783574182805-zitotla4" source=console
project81 k6 proof on ronan	Run Project 81 k6 proof wrapper	2026-07-09T05:16:23.8036417Z 
project81 k6 proof on ronan	Run Project 81 k6 proof wrapper	2026-07-09T05:16:23.8038008Z running (0m01.0s), 1/1 VUs, 0 complete and 0 interrupted iterations
project81 k6 proof on ronan	Run Project 81 k6 proof wrapper	2026-07-09T05:16:23.8038475Z r_cd_model_tool   [   0% ] 1 VUs  0m01.0s/3m30s  0/1 shared iters
project81 k6 proof on ronan	Run Project 81 k6 proof wrapper	2026-07-09T05:16:23.9948735Z time="2026-07-08T22:16:23-07:00" level=info msg="✓ sessions.send accepted — explicit model delegate turn triggered" source=console
project81 k6 proof on ronan	Run Project 81 k6 proof wrapper	2026-07-09T05:16:24.8034716Z 
project81 k6 proof on ronan	Run Project 81 k6 proof wrapper	2026-07-09T05:16:24.8036358Z running (0m02.0s), 1/1 VUs, 0 complete and 0 interrupted iterations
project81 k6 proof on ronan	Run Project 81 k6 proof wrapper	2026-07-09T05:16:24.8037108Z r_cd_model_tool   [   0% ] 1 VUs  0m02.0s/3m30s  0/1 shared iters
project81 k6 proof on ronan	Run Project 81 k6 proof wrapper	2026-07-09T05:16:25.8035424Z 
project81 k6 proof on ronan	Run Project 81 k6 proof wrapper	2026-07-09T05:16:25.8037063Z running (0m03.0s), 1/1 VUs, 0 complete and 0 interrupted iterations
project81 k6 proof on ronan	Run Project 81 k6 proof wrapper	2026-07-09T05:16:25.8037530Z r_cd_model_tool   [   0% ] 1 VUs  0m03.0s/3m30s  0/1 shared iters
project81 k6 proof on ronan	Run Project 81 k6 proof wrapper	2026-07-09T05:16:26.8043597Z 
project81 k6 proof on ronan	Run Project 81 k6 proof wrapper	2026-07-09T05:16:26.8044242Z running (0m04.0s), 1/1 VUs, 0 complete and 0 interrupted iterations
project81 k6 proof on ronan	Run Project 81 k6 proof wrapper	2026-07-09T05:16:26.8044709Z r_cd_model_tool   [   0% ] 1 VUs  0m04.0s/3m30s  0/1 shared iters
project81 k6 proof on ronan	Run Project 81 k6 proof wrapper	2026-07-09T05:16:27.8029637Z 
project81 k6 proof on ronan	Run Project 81 k6 proof wrapper	2026-07-09T05:16:27.8030094Z running (0m05.0s), 1/1 VUs, 0 complete and 0 interrupted iterations
project81 k6 proof on ronan	Run Project 81 k6 proof wrapper	2026-07-09T05:16:27.8030558Z r_cd_model_tool   [   0% ] 1 VUs  0m05.0s/3m30s  0/1 shared iters
project81 k6 proof on ronan	Run Project 81 k6 proof wrapper	2026-07-09T05:16:28.8030073Z 
project81 k6 proof on ronan	Run Project 81 k6 proof wrapper	2026-07-09T05:16:28.8030523Z running (0m06.0s), 1/1 VUs, 0 complete and 0 interrupted iterations
project81 k6 proof on ronan	Run Project 81 k6 proof wrapper	2026-07-09T05:16:28.8030992Z r_cd_model_tool   [   0% ] 1 VUs  0m06.0s/3m30s  0/1 shared iters
project81 k6 proof on ronan	Run Project 81 k6 proof wrapper	2026-07-09T05:16:29.8032604Z 
project81 k6 proof on ronan	Run Project 81 k6 proof wrapper	2026-07-09T05:16:29.8033089Z running (0m07.0s), 1/1 VUs, 0 complete and 0 interrupted iterations
project81 k6 proof on ronan	Run Project 81 k6 proof wrapper	2026-07-09T05:16:29.8033586Z r_cd_model_tool   [   0% ] 1 VUs  0m07.0s/3m30s  0/1 shared iters
project81 k6 proof on ronan	Run Project 81 k6 proof wrapper	2026-07-09T05:16:30.8035742Z 
project81 k6 proof on ronan	Run Project 81 k6 proof wrapper	2026-07-09T05:16:30.8036274Z running (0m08.0s), 1/1 VUs, 0 complete and 0 interrupted iterations
project81 k6 proof on ronan	Run Project 81 k6 proof wrapper	2026-07-09T05:16:30.8036853Z r_cd_model_tool   [   0% ] 1 VUs  0m08.0s/3m30s  0/1 shared iters
project81 k6 proof on ronan	Run Project 81 k6 proof wrapper	2026-07-09T05:16:31.8035182Z 
project81 k6 proof on ronan	Run Project 81 k6 proof wrapper	2026-07-09T05:16:31.8037010Z running (0m09.0s), 1/1 VUs, 0 complete and 0 interrupted iterations
project81 k6 proof on ronan	Run Project 81 k6 proof wrapper	2026-07-09T05:16:31.8037489Z r_cd_model_tool   [   0% ] 1 VUs  0m09.0s/3m30s  0/1 shared iters
project81 k6 proof on ronan	Run Project 81 k6 proof wrapper	2026-07-09T05:16:32.8029438Z 
project81 k6 proof on ronan	Run Project 81 k6 proof wrapper	2026-07-09T05:16:32.8029998Z running (0m10.0s), 1/1 VUs, 0 complete and 0 interrupted iterations
project81 k6 proof on ronan	Run Project 81 k6 proof wrapper	2026-07-09T05:16:32.8030483Z r_cd_model_tool   [   0% ] 1 VUs  0m10.0s/3m30s  0/1 shared iters
project81 k6 proof on ronan	Run Project 81 k6 proof wrapper	2026-07-09T05:16:33.8039338Z 
project81 k6 proof on ronan	Run Project 81 k6 proof wrapper	2026-07-09T05:16:33.8040735Z running (0m11.0s), 1/1 VUs, 0 complete and 0 interrupted iterations
project81 k6 proof on ronan	Run Project 81 k6 proof wrapper	2026-07-09T05:16:33.8041033Z r_cd_model_tool   [   0% ] 1 VUs  0m11.0s/3m30s  0/1 shared iters
project81 k6 proof on ronan	Run Project 81 k6 proof wrapper	2026-07-09T05:16:34.8032633Z 
project81 k6 proof on ronan	Run Project 81 k6 proof wrapper	2026-07-09T05:16:34.8033097Z running (0m12.0s), 1/1 VUs, 0 complete and 0 interrupted iterations
project81 k6 proof on ronan	Run Project 81 k6 proof wrapper	2026-07-09T05:16:34.8033560Z r_cd_model_tool   [   0% ] 1 VUs  0m12.0s/3m30s  0/1 shared iters
project81 k6 proof on ronan	Run Project 81 k6 proof wrapper	2026-07-09T05:16:35.8031010Z 
project81 k6 proof on ronan	Run Project 81 k6 proof wrapper	2026-07-09T05:16:35.8032834Z running (0m13.0s), 1/1 VUs, 0 complete and 0 interrupted iterations
project81 k6 proof on ronan	Run Project 81 k6 proof wrapper	2026-07-09T05:16:35.8033162Z r_cd_model_tool   [   0% ] 1 VUs  0m13.0s/3m30s  0/1 shared iters
project81 k6 proof on ronan	Run Project 81 k6 proof wrapper	2026-07-09T05:16:36.8032903Z 
project81 k6 proof on ronan	Run Project 81 k6 proof wrapper	2026-07-09T05:16:36.8033545Z running (0m14.0s), 1/1 VUs, 0 complete and 0 interrupted iterations
project81 k6 proof on ronan	Run Project 81 k6 proof wrapper	2026-07-09T05:16:36.8033828Z r_cd_model_tool   [   0% ] 1 VUs  0m14.0s/3m30s  0/1 shared iters
project81 k6 proof on ronan	Run Project 81 k6 proof wrapper	2026-07-09T05:16:37.8035004Z 
project81 k6 proof on ronan	Run Project 81 k6 proof wrapper	2026-07-09T05:16:37.8035737Z running (0m15.0s), 1/1 VUs, 0 complete and 0 interrupted iterations
project81 k6 proof on ronan	Run Project 81 k6 proof wrapper	2026-07-09T05:16:37.8036073Z r_cd_model_tool   [   0% ] 1 VUs  0m15.0s/3m30s  0/1 shared iters
project81 k6 proof on ronan	Run Project 81 k6 proof wrapper	2026-07-09T05:16:38.8030514Z 
project81 k6 proof on ronan	Run Project 81 k6 proof wrapper	2026-07-09T05:16:38.8031104Z running (0m16.0s), 1/1 VUs, 0 complete and 0 interrupted iterations
project81 k6 proof on ronan	Run Project 81 k6 proof wrapper	2026-07-09T05:16:38.8031413Z r_cd_model_tool   [   0% ] 1 VUs  0m16.0s/3m30s  0/1 shared iters
project81 k6 proof on ronan	Run Project 81 k6 proof wrapper	2026-07-09T05:16:39.8033974Z 
project81 k6 proof on ronan	Run Project 81 k6 proof wrapper	2026-07-09T05:16:39.8034562Z running (0m17.0s), 1/1 VUs, 0 complete and 0 interrupted iterations
project81 k6 proof on ronan	Run Project 81 k6 proof wrapper	2026-07-09T05:16:39.8035037Z r_cd_model_tool   [   0% ] 1 VUs  0m17.0s/3m30s  0/1 shared iters
project81 k6 proof on ronan	Run Project 81 k6 proof wrapper	2026-07-09T05:16:40.8034616Z 
project81 k6 proof on ronan	Run Project 81 k6 proof wrapper	2026-07-09T05:16:40.8035315Z running (0m18.0s), 1/1 VUs, 0 complete and 0 interrupted iterations
project81 k6 proof on ronan	Run Project 81 k6 proof wrapper	2026-07-09T05:16:40.8035813Z r_cd_model_tool   [   0% ] 1 VUs  0m18.0s/3m30s  0/1 shared iters
project81 k6 proof on ronan	Run Project 81 k6 proof wrapper	2026-07-09T05:16:41.8036875Z 
project81 k6 proof on ronan	Run Project 81 k6 proof wrapper	2026-07-09T05:16:41.8037489Z running (0m19.0s), 1/1 VUs, 0 complete and 0 interrupted iterations
project81 k6 proof on ronan	Run Project 81 k6 proof wrapper	2026-07-09T05:16:41.8037762Z r_cd_model_tool   [   0% ] 1 VUs  0m19.0s/3m30s  0/1 shared iters
project81 k6 proof on ronan	Run Project 81 k6 proof wrapper	2026-07-09T05:16:42.8033089Z 
project81 k6 proof on ronan	Run Project 81 k6 proof wrapper	2026-07-09T05:16:42.8033549Z running (0m20.0s), 1/1 VUs, 0 complete and 0 interrupted iterations
project81 k6 proof on ronan	Run Project 81 k6 proof wrapper	2026-07-09T05:16:42.8034042Z r_cd_model_tool   [   0% ] 1 VUs  0m20.0s/3m30s  0/1 shared iters
project81 k6 proof on ronan	Run Project 81 k6 proof wrapper	2026-07-09T05:16:43.8029517Z 
project81 k6 proof on ronan	Run Project 81 k6 proof wrapper	2026-07-09T05:16:44.8035721Z running (0m21.0s), 1/1 VUs, 0 complete and 0 interrupted iterations
project81 k6 proof on ronan	Run Project 81 k6 proof wrapper	2026-07-09T05:16:44.8036260Z r_cd_model_tool   [   0% ] 1 VUs  0m21.0s/3m30s  0/1 shared iters
project81 k6 proof on ronan	Run Project 81 k6 proof wrapper	2026-07-09T05:16:44.8036630Z 
project81 k6 proof on ronan	Run Project 81 k6 proof wrapper	2026-07-09T05:16:44.8036802Z running (0m22.0s), 1/1 VUs, 0 complete and 0 interrupted iterations
project81 k6 proof on ronan	Run Project 81 k6 proof wrapper	2026-07-09T05:16:44.8037219Z r_cd_model_tool   [   0% ] 1 VUs  0m22.0s/3m30s  0/1 shared iters
project81 k6 proof on ronan	Run Project 81 k6 proof wrapper	2026-07-09T05:16:45.8041761Z 
project81 k6 proof on ronan	Run Project 81 k6 proof wrapper	2026-07-09T05:16:45.8042367Z running (0m23.0s), 1/1 VUs, 0 complete and 0 interrupted iterations
project81 k6 proof on ronan	Run Project 81 k6 proof wrapper	2026-07-09T05:16:45.8042849Z r_cd_model_tool   [   0% ] 1 VUs  0m23.0s/3m30s  0/1 shared iters
project81 k6 proof on ronan	Run Project 81 k6 proof wrapper	2026-07-09T05:16:46.8036307Z 
project81 k6 proof on ronan	Run Project 81 k6 proof wrapper	2026-07-09T05:16:46.8036873Z running (0m24.0s), 1/1 VUs, 0 complete and 0 interrupted iterations
project81 k6 proof on ronan	Run Project 81 k6 proof wrapper	2026-07-09T05:16:46.8037345Z r_cd_model_tool   [   0% ] 1 VUs  0m24.0s/3m30s  0/1 shared iters
project81 k6 proof on ronan	Run Project 81 k6 proof wrapper	2026-07-09T05:16:47.8033424Z 
project81 k6 proof on ronan	Run Project 81 k6 proof wrapper	2026-07-09T05:16:47.8033967Z running (0m25.0s), 1/1 VUs, 0 complete and 0 interrupted iterations
project81 k6 proof on ronan	Run Project 81 k6 proof wrapper	2026-07-09T05:16:47.8034453Z r_cd_model_tool   [   0% ] 1 VUs  0m25.0s/3m30s  0/1 shared iters
project81 k6 proof on ronan	Run Project 81 k6 proof wrapper	2026-07-09T05:16:48.8035281Z 
project81 k6 proof on ronan	Run Project 81 k6 proof wrapper	2026-07-09T05:16:48.8035730Z running (0m26.0s), 1/1 VUs, 0 complete and 0 interrupted iterations
project81 k6 proof on ronan	Run Project 81 k6 proof wrapper	2026-07-09T05:16:48.8036195Z r_cd_model_tool   [   0% ] 1 VUs  0m26.0s/3m30s  0/1 shared iters
project81 k6 proof on ronan	Run Project 81 k6 proof wrapper	2026-07-09T05:16:49.8029275Z 
project81 k6 proof on ronan	Run Project 81 k6 proof wrapper	2026-07-09T05:16:49.8030028Z running (0m27.0s), 1/1 VUs, 0 complete and 0 interrupted iterations
project81 k6 proof on ronan	Run Project 81 k6 proof wrapper	2026-07-09T05:16:49.8030527Z r_cd_model_tool   [   0% ] 1 VUs  0m27.0s/3m30s  0/1 shared iters
project81 k6 proof on ronan	Run Project 81 k6 proof wrapper	2026-07-09T05:16:50.8033084Z 
project81 k6 proof on ronan	Run Project 81 k6 proof wrapper	2026-07-09T05:16:50.8033712Z running (0m28.0s), 1/1 VUs, 0 complete and 0 interrupted iterations
project81 k6 proof on ronan	Run Project 81 k6 proof wrapper	2026-07-09T05:16:50.8034203Z r_cd_model_tool   [   0% ] 1 VUs  0m28.0s/3m30s  0/1 shared iters
project81 k6 proof on ronan	Run Project 81 k6 proof wrapper	2026-07-09T05:16:51.1083895Z time="2026-07-08T22:16:51-07:00" level=info msg="✓ parent scheduled sentinel observed" source=console
project81 k6 proof on ronan	Run Project 81 k6 proof wrapper	2026-07-09T05:16:51.1135027Z time="2026-07-08T22:16:51-07:00" level=info msg="✓ parent scheduled sentinel observed" source=console
project81 k6 proof on ronan	Run Project 81 k6 proof wrapper	2026-07-09T05:16:51.2296061Z time="2026-07-08T22:16:51-07:00" level=info msg="✓ parent scheduled sentinel observed" source=console
project81 k6 proof on ronan	Run Project 81 k6 proof wrapper	2026-07-09T05:16:51.2297102Z time="2026-07-08T22:16:51-07:00" level=info msg="✓ parent scheduled sentinel observed" source=console
project81 k6 proof on ronan	Run Project 81 k6 proof wrapper	2026-07-09T05:16:51.8029793Z 
project81 k6 proof on ronan	Run Project 81 k6 proof wrapper	2026-07-09T05:16:51.8030334Z running (0m29.0s), 1/1 VUs, 0 complete and 0 interrupted iterations
project81 k6 proof on ronan	Run Project 81 k6 proof wrapper	2026-07-09T05:16:51.8030624Z r_cd_model_tool   [   0% ] 1 VUs  0m29.0s/3m30s  0/1 shared iters
project81 k6 proof on ronan	Run Project 81 k6 proof wrapper	2026-07-09T05:16:52.8030502Z 
project81 k6 proof on ronan	Run Project 81 k6 proof wrapper	2026-07-09T05:16:52.8031194Z running (0m30.0s), 1/1 VUs, 0 complete and 0 interrupted iterations
project81 k6 proof on ronan	Run Project 81 k6 proof wrapper	2026-07-09T05:16:52.8031496Z r_cd_model_tool   [   0% ] 1 VUs  0m30.0s/3m30s  0/1 shared iters
project81 k6 proof on ronan	Run Project 81 k6 proof wrapper	2026-07-09T05:16:53.8030949Z 
project81 k6 proof on ronan	Run Project 81 k6 proof wrapper	2026-07-09T05:16:53.8031394Z running (0m31.0s), 1/1 VUs, 0 complete and 0 interrupted iterations
project81 k6 proof on ronan	Run Project 81 k6 proof wrapper	2026-07-09T05:16:53.8031855Z r_cd_model_tool   [   0% ] 1 VUs  0m31.0s/3m30s  0/1 shared iters
project81 k6 proof on ronan	Run Project 81 k6 proof wrapper	2026-07-09T05:16:54.8033365Z 
project81 k6 proof on ronan	Run Project 81 k6 proof wrapper	2026-07-09T05:16:54.8033837Z running (0m32.0s), 1/1 VUs, 0 complete and 0 interrupted iterations
project81 k6 proof on ronan	Run Project 81 k6 proof wrapper	2026-07-09T05:16:54.8034308Z r_cd_model_tool   [   0% ] 1 VUs  0m32.0s/3m30s  0/1 shared iters
project81 k6 proof on ronan	Run Project 81 k6 proof wrapper	2026-07-09T05:16:55.8029824Z 
project81 k6 proof on ronan	Run Project 81 k6 proof wrapper	2026-07-09T05:16:55.8030443Z running (0m33.0s), 1/1 VUs, 0 complete and 0 interrupted iterations
project81 k6 proof on ronan	Run Project 81 k6 proof wrapper	2026-07-09T05:16:55.8030735Z r_cd_model_tool   [   0% ] 1 VUs  0m33.0s/3m30s  0/1 shared iters
project81 k6 proof on ronan	Run Project 81 k6 proof wrapper	2026-07-09T05:16:56.8030838Z 
project81 k6 proof on ronan	Run Project 81 k6 proof wrapper	2026-07-09T05:16:56.8031335Z running (0m34.0s), 1/1 VUs, 0 complete and 0 interrupted iterations
project81 k6 proof on ronan	Run Project 81 k6 proof wrapper	2026-07-09T05:16:56.8031796Z r_cd_model_tool   [   0% ] 1 VUs  0m34.0s/3m30s  0/1 shared iters
project81 k6 proof on ronan	Run Project 81 k6 proof wrapper	2026-07-09T05:16:57.8029380Z 
project81 k6 proof on ronan	Run Project 81 k6 proof wrapper	2026-07-09T05:16:57.8029893Z running (0m35.0s), 1/1 VUs, 0 complete and 0 interrupted iterations
project81 k6 proof on ronan	Run Project 81 k6 proof wrapper	2026-07-09T05:16:57.8030369Z r_cd_model_tool   [   0% ] 1 VUs  0m35.0s/3m30s  0/1 shared iters
project81 k6 proof on ronan	Run Project 81 k6 proof wrapper	2026-07-09T05:16:58.8036312Z 
project81 k6 proof on ronan	Run Project 81 k6 proof wrapper	2026-07-09T05:16:58.8036862Z running (0m36.0s), 1/1 VUs, 0 complete and 0 interrupted iterations
project81 k6 proof on ronan	Run Project 81 k6 proof wrapper	2026-07-09T05:16:58.8037327Z r_cd_model_tool   [   0% ] 1 VUs  0m36.0s/3m30s  0/1 shared iters
project81 k6 proof on ronan	Run Project 81 k6 proof wrapper	2026-07-09T05:16:59.8033349Z 
project81 k6 proof on ronan	Run Project 81 k6 proof wrapper	2026-07-09T05:16:59.8033810Z running (0m37.0s), 1/1 VUs, 0 complete and 0 interrupted iterations
project81 k6 proof on ronan	Run Project 81 k6 proof wrapper	2026-07-09T05:16:59.8034318Z r_cd_model_tool   [   0% ] 1 VUs  0m37.0s/3m30s  0/1 shared iters
project81 k6 proof on ronan	Run Project 81 k6 proof wrapper	2026-07-09T05:17:00.8031450Z 
project81 k6 proof on ronan	Run Project 81 k6 proof wrapper	2026-07-09T05:17:00.8032037Z running (0m38.0s), 1/1 VUs, 0 complete and 0 interrupted iterations
project81 k6 proof on ronan	Run Project 81 k6 proof wrapper	2026-07-09T05:17:00.8032798Z r_cd_model_tool   [   0% ] 1 VUs  0m38.0s/3m30s  0/1 shared iters
project81 k6 proof on ronan	Run Project 81 k6 proof wrapper	2026-07-09T05:17:01.8035644Z 
project81 k6 proof on ronan	Run Project 81 k6 proof wrapper	2026-07-09T05:17:01.8036182Z running (0m39.0s), 1/1 VUs, 0 complete and 0 interrupted iterations
project81 k6 proof on ronan	Run Project 81 k6 proof wrapper	2026-07-09T05:17:01.8037031Z r_cd_model_tool   [   0% ] 1 VUs  0m39.0s/3m30s  0/1 shared iters
project81 k6 proof on ronan	Run Project 81 k6 proof wrapper	2026-07-09T05:17:02.8034824Z 
project81 k6 proof on ronan	Run Project 81 k6 proof wrapper	2026-07-09T05:17:02.8035480Z running (0m40.0s), 1/1 VUs, 0 complete and 0 interrupted iterations
project81 k6 proof on ronan	Run Project 81 k6 proof wrapper	2026-07-09T05:17:02.8035964Z r_cd_model_tool   [   0% ] 1 VUs  0m40.0s/3m30s  0/1 shared iters
project81 k6 proof on ronan	Run Project 81 k6 proof wrapper	2026-07-09T05:17:03.8030504Z 
project81 k6 proof on ronan	Run Project 81 k6 proof wrapper	2026-07-09T05:17:03.8031091Z running (0m41.0s), 1/1 VUs, 0 complete and 0 interrupted iterations
project81 k6 proof on ronan	Run Project 81 k6 proof wrapper	2026-07-09T05:17:03.8031613Z r_cd_model_tool   [   0% ] 1 VUs  0m41.0s/3m30s  0/1 shared iters
project81 k6 proof on ronan	Run Project 81 k6 proof wrapper	2026-07-09T05:17:04.8034457Z 
project81 k6 proof on ronan	Run Project 81 k6 proof wrapper	2026-07-09T05:17:04.8034924Z running (0m42.0s), 1/1 VUs, 0 complete and 0 interrupted iterations
project81 k6 proof on ronan	Run Project 81 k6 proof wrapper	2026-07-09T05:17:04.8035388Z r_cd_model_tool   [   0% ] 1 VUs  0m42.0s/3m30s  0/1 shared iters
project81 k6 proof on ronan	Run Project 81 k6 proof wrapper	2026-07-09T05:17:05.8035913Z 
project81 k6 proof on ronan	Run Project 81 k6 proof wrapper	2026-07-09T05:17:05.8037083Z running (0m43.0s), 1/1 VUs, 0 complete and 0 interrupted iterations
project81 k6 proof on ronan	Run Project 81 k6 proof wrapper	2026-07-09T05:17:05.8037577Z r_cd_model_tool   [   0% ] 1 VUs  0m43.0s/3m30s  0/1 shared iters
project81 k6 proof on ronan	Run Project 81 k6 proof wrapper	2026-07-09T05:17:06.8039698Z 
project81 k6 proof on ronan	Run Project 81 k6 proof wrapper	2026-07-09T05:17:06.8040152Z running (0m44.0s), 1/1 VUs, 0 complete and 0 interrupted iterations
project81 k6 proof on ronan	Run Project 81 k6 proof wrapper	2026-07-09T05:17:06.8040615Z r_cd_model_tool   [   0% ] 1 VUs  0m44.0s/3m30s  0/1 shared iters
project81 k6 proof on ronan	Run Project 81 k6 proof wrapper	2026-07-09T05:17:07.8031200Z 
project81 k6 proof on ronan	Run Project 81 k6 proof wrapper	2026-07-09T05:17:07.8031976Z running (0m45.0s), 1/1 VUs, 0 complete and 0 interrupted iterations
project81 k6 proof on ronan	Run Project 81 k6 proof wrapper	2026-07-09T05:17:07.8032471Z r_cd_model_tool   [   0% ] 1 VUs  0m45.0s/3m30s  0/1 shared iters
project81 k6 proof on ronan	Run Project 81 k6 proof wrapper	2026-07-09T05:17:08.8037464Z 
project81 k6 proof on ronan	Run Project 81 k6 proof wrapper	2026-07-09T05:17:08.8037903Z running (0m46.0s), 1/1 VUs, 0 complete and 0 interrupted iterations
project81 k6 proof on ronan	Run Project 81 k6 proof wrapper	2026-07-09T05:17:08.8038404Z r_cd_model_tool   [   0% ] 1 VUs  0m46.0s/3m30s  0/1 shared iters
project81 k6 proof on ronan	Run Project 81 k6 proof wrapper	2026-07-09T05:17:09.8039452Z 
project81 k6 proof on ronan	Run Project 81 k6 proof wrapper	2026-07-09T05:17:09.8039966Z running (0m47.0s), 1/1 VUs, 0 complete and 0 interrupted iterations
project81 k6 proof on ronan	Run Project 81 k6 proof wrapper	2026-07-09T05:17:09.8040244Z r_cd_model_tool   [   0% ] 1 VUs  0m47.0s/3m30s  0/1 shared iters
project81 k6 proof on ronan	Run Project 81 k6 proof wrapper	2026-07-09T05:17:10.8031020Z 
project81 k6 proof on ronan	Run Project 81 k6 proof wrapper	2026-07-09T05:17:10.8031579Z running (0m48.0s), 1/1 VUs, 0 complete and 0 interrupted iterations
project81 k6 proof on ronan	Run Project 81 k6 proof wrapper	2026-07-09T05:17:10.8032048Z r_cd_model_tool   [   0% ] 1 VUs  0m48.0s/3m30s  0/1 shared iters
project81 k6 proof on ronan	Run Project 81 k6 proof wrapper	2026-07-09T05:17:11.8029289Z 
project81 k6 proof on ronan	Run Project 81 k6 proof wrapper	2026-07-09T05:17:11.8029848Z running (0m49.0s), 1/1 VUs, 0 complete and 0 interrupted iterations
project81 k6 proof on ronan	Run Project 81 k6 proof wrapper	2026-07-09T05:17:11.8030329Z r_cd_model_tool   [   0% ] 1 VUs  0m49.0s/3m30s  0/1 shared iters
project81 k6 proof on ronan	Run Project 81 k6 proof wrapper	2026-07-09T05:17:12.8033246Z 
project81 k6 proof on ronan	Run Project 81 k6 proof wrapper	2026-07-09T05:17:12.8033962Z running (0m50.0s), 1/1 VUs, 0 complete and 0 interrupted iterations
project81 k6 proof on ronan	Run Project 81 k6 proof wrapper	2026-07-09T05:17:12.8035365Z r_cd_model_tool   [   0% ] 1 VUs  0m50.0s/3m30s  0/1 shared iters
project81 k6 proof on ronan	Run Project 81 k6 proof wrapper	2026-07-09T05:17:13.8033426Z 
project81 k6 proof on ronan	Run Project 81 k6 proof wrapper	2026-07-09T05:17:13.8034997Z running (0m51.0s), 1/1 VUs, 0 complete and 0 interrupted iterations
project81 k6 proof on ronan	Run Project 81 k6 proof wrapper	2026-07-09T05:17:13.8035469Z r_cd_model_tool   [   0% ] 1 VUs  0m51.0s/3m30s  0/1 shared iters
project81 k6 proof on ronan	Run Project 81 k6 proof wrapper	2026-07-09T05:17:14.8034708Z 
project81 k6 proof on ronan	Run Project 81 k6 proof wrapper	2026-07-09T05:17:14.8035222Z running (0m52.0s), 1/1 VUs, 0 complete and 0 interrupted iterations
project81 k6 proof on ronan	Run Project 81 k6 proof wrapper	2026-07-09T05:17:14.8035694Z r_cd_model_tool   [   0% ] 1 VUs  0m52.0s/3m30s  0/1 shared iters
project81 k6 proof on ronan	Run Project 81 k6 proof wrapper	2026-07-09T05:17:15.8037300Z 
project81 k6 proof on ronan	Run Project 81 k6 proof wrapper	2026-07-09T05:17:15.8037767Z running (0m53.0s), 1/1 VUs, 0 complete and 0 interrupted iterations
project81 k6 proof on ronan	Run Project 81 k6 proof wrapper	2026-07-09T05:17:15.8038242Z r_cd_model_tool   [   0% ] 1 VUs  0m53.0s/3m30s  0/1 shared iters
project81 k6 proof on ronan	Run Project 81 k6 proof wrapper	2026-07-09T05:17:16.8035484Z 
project81 k6 proof on ronan	Run Project 81 k6 proof wrapper	2026-07-09T05:17:16.8036014Z running (0m54.0s), 1/1 VUs, 0 complete and 0 interrupted iterations
project81 k6 proof on ronan	Run Project 81 k6 proof wrapper	2026-07-09T05:17:16.8036612Z r_cd_model_tool   [   0% ] 1 VUs  0m54.0s/3m30s  0/1 shared iters
project81 k6 proof on ronan	Run Project 81 k6 proof wrapper	2026-07-09T05:17:17.8037859Z 
project81 k6 proof on ronan	Run Project 81 k6 proof wrapper	2026-07-09T05:17:17.8043588Z running (0m55.0s), 1/1 VUs, 0 complete and 0 interrupted iterations
project81 k6 proof on ronan	Run Project 81 k6 proof wrapper	2026-07-09T05:17:17.8048587Z r_cd_model_tool   [   0% ] 1 VUs  0m55.0s/3m30s  0/1 shared iters
project81 k6 proof on ronan	Run Project 81 k6 proof wrapper	2026-07-09T05:17:18.8033502Z 
project81 k6 proof on ronan	Run Project 81 k6 proof wrapper	2026-07-09T05:17:18.8035104Z running (0m56.0s), 1/1 VUs, 0 complete and 0 interrupted iterations
project81 k6 proof on ronan	Run Project 81 k6 proof wrapper	2026-07-09T05:17:18.8035376Z r_cd_model_tool   [   0% ] 1 VUs  0m56.0s/3m30s  0/1 shared iters
project81 k6 proof on ronan	Run Project 81 k6 proof wrapper	2026-07-09T05:17:19.8033233Z 
project81 k6 proof on ronan	Run Project 81 k6 proof wrapper	2026-07-09T05:17:19.8033842Z running (0m57.0s), 1/1 VUs, 0 complete and 0 interrupted iterations
project81 k6 proof on ronan	Run Project 81 k6 proof wrapper	2026-07-09T05:17:19.8034119Z r_cd_model_tool   [   0% ] 1 VUs  0m57.0s/3m30s  0/1 shared iters
project81 k6 proof on ronan	Run Project 81 k6 proof wrapper	2026-07-09T05:17:20.8035490Z 
project81 k6 proof on ronan	Run Project 81 k6 proof wrapper	2026-07-09T05:17:20.8037137Z running (0m58.0s), 1/1 VUs, 0 complete and 0 interrupted iterations
project81 k6 proof on ronan	Run Project 81 k6 proof wrapper	2026-07-09T05:17:20.8037408Z r_cd_model_tool   [   0% ] 1 VUs  0m58.0s/3m30s  0/1 shared iters
project81 k6 proof on ronan	Run Project 81 k6 proof wrapper	2026-07-09T05:17:21.8033257Z 
project81 k6 proof on ronan	Run Project 81 k6 proof wrapper	2026-07-09T05:17:21.8033850Z running (0m59.0s), 1/1 VUs, 0 complete and 0 interrupted iterations
project81 k6 proof on ronan	Run Project 81 k6 proof wrapper	2026-07-09T05:17:21.8034147Z r_cd_model_tool   [   0% ] 1 VUs  0m59.0s/3m30s  0/1 shared iters
project81 k6 proof on ronan	Run Project 81 k6 proof wrapper	2026-07-09T05:17:22.8031934Z 
project81 k6 proof on ronan	Run Project 81 k6 proof wrapper	2026-07-09T05:17:22.8032398Z running (1m00.0s), 1/1 VUs, 0 complete and 0 interrupted iterations
project81 k6 proof on ronan	Run Project 81 k6 proof wrapper	2026-07-09T05:17:22.8032907Z r_cd_model_tool   [   0% ] 1 VUs  1m00.0s/3m30s  0/1 shared iters
project81 k6 proof on ronan	Run Project 81 k6 proof wrapper	2026-07-09T05:17:23.8030832Z 
project81 k6 proof on ronan	Run Project 81 k6 proof wrapper	2026-07-09T05:17:23.8031399Z running (1m01.0s), 1/1 VUs, 0 complete and 0 interrupted iterations
project81 k6 proof on ronan	Run Project 81 k6 proof wrapper	2026-07-09T05:17:23.8031677Z r_cd_model_tool   [   0% ] 1 VUs  1m01.0s/3m30s  0/1 shared iters
project81 k6 proof on ronan	Run Project 81 k6 proof wrapper	2026-07-09T05:17:24.8040797Z 
project81 k6 proof on ronan	Run Project 81 k6 proof wrapper	2026-07-09T05:17:24.8042546Z running (1m02.0s), 1/1 VUs, 0 complete and 0 interrupted iterations
project81 k6 proof on ronan	Run Project 81 k6 proof wrapper	2026-07-09T05:17:24.8042832Z r_cd_model_tool   [   0% ] 1 VUs  1m02.0s/3m30s  0/1 shared iters
project81 k6 proof on ronan	Run Project 81 k6 proof wrapper	2026-07-09T05:17:25.8037699Z 
project81 k6 proof on ronan	Run Project 81 k6 proof wrapper	2026-07-09T05:17:25.8038297Z running (1m03.0s), 1/1 VUs, 0 complete and 0 interrupted iterations
project81 k6 proof on ronan	Run Project 81 k6 proof wrapper	2026-07-09T05:17:25.8038577Z r_cd_model_tool   [   0% ] 1 VUs  1m03.0s/3m30s  0/1 shared iters
project81 k6 proof on ronan	Run Project 81 k6 proof wrapper	2026-07-09T05:17:26.8035385Z 
project81 k6 proof on ronan	Run Project 81 k6 proof wrapper	2026-07-09T05:17:26.8035997Z running (1m04.0s), 1/1 VUs, 0 complete and 0 interrupted iterations
project81 k6 proof on ronan	Run Project 81 k6 proof wrapper	2026-07-09T05:17:26.8036302Z r_cd_model_tool   [   0% ] 1 VUs  1m04.0s/3m30s  0/1 shared iters
project81 k6 proof on ronan	Run Project 81 k6 proof wrapper	2026-07-09T05:17:27.8036962Z 
project81 k6 proof on ronan	Run Project 81 k6 proof wrapper	2026-07-09T05:17:27.8038189Z running (1m05.0s), 1/1 VUs, 0 complete and 0 interrupted iterations
project81 k6 proof on ronan	Run Project 81 k6 proof wrapper	2026-07-09T05:17:27.8038472Z r_cd_model_tool   [   0% ] 1 VUs  1m05.0s/3m30s  0/1 shared iters
project81 k6 proof on ronan	Run Project 81 k6 proof wrapper	2026-07-09T05:17:28.8036213Z 
project81 k6 proof on ronan	Run Project 81 k6 proof wrapper	2026-07-09T05:17:28.8036934Z running (1m06.0s), 1/1 VUs, 0 complete and 0 interrupted iterations
project81 k6 proof on ronan	Run Project 81 k6 proof wrapper	2026-07-09T05:17:28.8037202Z r_cd_model_tool   [   0% ] 1 VUs  1m06.0s/3m30s  0/1 shared iters
project81 k6 proof on ronan	Run Project 81 k6 proof wrapper	2026-07-09T05:17:29.8040206Z 
project81 k6 proof on ronan	Run Project 81 k6 proof wrapper	2026-07-09T05:17:29.8040894Z running (1m07.0s), 1/1 VUs, 0 complete and 0 interrupted iterations
project81 k6 proof on ronan	Run Project 81 k6 proof wrapper	2026-07-09T05:17:29.8041194Z r_cd_model_tool   [   0% ] 1 VUs  1m07.0s/3m30s  0/1 shared iters
project81 k6 proof on ronan	Run Project 81 k6 proof wrapper	2026-07-09T05:17:30.8047611Z 
project81 k6 proof on ronan	Run Project 81 k6 proof wrapper	2026-07-09T05:17:30.8054565Z running (1m08.0s), 1/1 VUs, 0 complete and 0 interrupted iterations
project81 k6 proof on ronan	Run Project 81 k6 proof wrapper	2026-07-09T05:17:30.8058826Z r_cd_model_tool   [   0% ] 1 VUs  1m08.0s/3m30s  0/1 shared iters
project81 k6 proof on ronan	Run Project 81 k6 proof wrapper	2026-07-09T05:17:31.8036863Z 
project81 k6 proof on ronan	Run Project 81 k6 proof wrapper	2026-07-09T05:17:31.8037410Z running (1m09.0s), 1/1 VUs, 0 complete and 0 interrupted iterations
project81 k6 proof on ronan	Run Project 81 k6 proof wrapper	2026-07-09T05:17:31.8038147Z r_cd_model_tool   [   0% ] 1 VUs  1m09.0s/3m30s  0/1 shared iters
project81 k6 proof on ronan	Run Project 81 k6 proof wrapper	2026-07-09T05:17:32.8037009Z 
project81 k6 proof on ronan	Run Project 81 k6 proof wrapper	2026-07-09T05:17:32.8041847Z running (1m10.0s), 1/1 VUs, 0 complete and 0 interrupted iterations
project81 k6 proof on ronan	Run Project 81 k6 proof wrapper	2026-07-09T05:17:32.8042576Z r_cd_model_tool   [   0% ] 1 VUs  1m10.0s/3m30s  0/1 shared iters
project81 k6 proof on ronan	Run Project 81 k6 proof wrapper	2026-07-09T05:17:33.8042675Z 
project81 k6 proof on ronan	Run Project 81 k6 proof wrapper	2026-07-09T05:17:33.8043305Z running (1m11.0s), 1/1 VUs, 0 complete and 0 interrupted iterations
project81 k6 proof on ronan	Run Project 81 k6 proof wrapper	2026-07-09T05:17:33.8043585Z r_cd_model_tool   [   0% ] 1 VUs  1m11.0s/3m30s  0/1 shared iters
project81 k6 proof on ronan	Run Project 81 k6 proof wrapper	2026-07-09T05:17:34.8038603Z 
project81 k6 proof on ronan	Run Project 81 k6 proof wrapper	2026-07-09T05:17:34.8040266Z running (1m12.0s), 1/1 VUs, 0 complete and 0 interrupted iterations
project81 k6 proof on ronan	Run Project 81 k6 proof wrapper	2026-07-09T05:17:34.8040797Z r_cd_model_tool   [   0% ] 1 VUs  1m12.0s/3m30s  0/1 shared iters
project81 k6 proof on ronan	Run Project 81 k6 proof wrapper	2026-07-09T05:17:35.8036879Z 
project81 k6 proof on ronan	Run Project 81 k6 proof wrapper	2026-07-09T05:17:35.8038665Z running (1m13.0s), 1/1 VUs, 0 complete and 0 interrupted iterations
project81 k6 proof on ronan	Run Project 81 k6 proof wrapper	2026-07-09T05:17:35.8039232Z r_cd_model_tool   [   0% ] 1 VUs  1m13.0s/3m30s  0/1 shared iters
project81 k6 proof on ronan	Run Project 81 k6 proof wrapper	2026-07-09T05:17:36.8040003Z 
project81 k6 proof on ronan	Run Project 81 k6 proof wrapper	2026-07-09T05:17:36.8041594Z running (1m14.0s), 1/1 VUs, 0 complete and 0 interrupted iterations
project81 k6 proof on ronan	Run Project 81 k6 proof wrapper	2026-07-09T05:17:36.8042169Z r_cd_model_tool   [   0% ] 1 VUs  1m14.0s/3m30s  0/1 shared iters
project81 k6 proof on ronan	Run Project 81 k6 proof wrapper	2026-07-09T05:17:37.8036392Z 
project81 k6 proof on ronan	Run Project 81 k6 proof wrapper	2026-07-09T05:17:37.8037133Z running (1m15.0s), 1/1 VUs, 0 complete and 0 interrupted iterations
project81 k6 proof on ronan	Run Project 81 k6 proof wrapper	2026-07-09T05:17:37.8037793Z r_cd_model_tool   [   0% ] 1 VUs  1m15.0s/3m30s  0/1 shared iters
project81 k6 proof on ronan	Run Project 81 k6 proof wrapper	2026-07-09T05:17:38.8047745Z 
project81 k6 proof on ronan	Run Project 81 k6 proof wrapper	2026-07-09T05:17:38.8049204Z running (1m16.0s), 1/1 VUs, 0 complete and 0 interrupted iterations
project81 k6 proof on ronan	Run Project 81 k6 proof wrapper	2026-07-09T05:17:38.8049727Z r_cd_model_tool   [   0% ] 1 VUs  1m16.0s/3m30s  0/1 shared iters
project81 k6 proof on ronan	Run Project 81 k6 proof wrapper	2026-07-09T05:17:39.8037551Z 
project81 k6 proof on ronan	Run Project 81 k6 proof wrapper	2026-07-09T05:17:39.8041230Z running (1m17.0s), 1/1 VUs, 0 complete and 0 interrupted iterations
project81 k6 proof on ronan	Run Project 81 k6 proof wrapper	2026-07-09T05:17:39.8041733Z r_cd_model_tool   [   0% ] 1 VUs  1m17.0s/3m30s  0/1 shared iters
project81 k6 proof on ronan	Run Project 81 k6 proof wrapper	2026-07-09T05:17:40.8046676Z 
project81 k6 proof on ronan	Run Project 81 k6 proof wrapper	2026-07-09T05:17:40.8048010Z running (1m18.0s), 1/1 VUs, 0 complete and 0 interrupted iterations
project81 k6 proof on ronan	Run Project 81 k6 proof wrapper	2026-07-09T05:17:40.8048538Z r_cd_model_tool   [   0% ] 1 VUs  1m18.0s/3m30s  0/1 shared iters
project81 k6 proof on ronan	Run Project 81 k6 proof wrapper	2026-07-09T05:17:41.8035475Z 
project81 k6 proof on ronan	Run Project 81 k6 proof wrapper	2026-07-09T05:17:41.8036041Z running (1m19.0s), 1/1 VUs, 0 complete and 0 interrupted iterations
project81 k6 proof on ronan	Run Project 81 k6 proof wrapper	2026-07-09T05:17:41.8039218Z r_cd_model_tool   [   0% ] 1 VUs  1m19.0s/3m30s  0/1 shared iters
project81 k6 proof on ronan	Run Project 81 k6 proof wrapper	2026-07-09T05:17:42.8038340Z 
project81 k6 proof on ronan	Run Project 81 k6 proof wrapper	2026-07-09T05:17:42.8038774Z running (1m20.0s), 1/1 VUs, 0 complete and 0 interrupted iterations
project81 k6 proof on ronan	Run Project 81 k6 proof wrapper	2026-07-09T05:17:42.8039239Z r_cd_model_tool   [   0% ] 1 VUs  1m20.0s/3m30s  0/1 shared iters
project81 k6 proof on ronan	Run Project 81 k6 proof wrapper	2026-07-09T05:17:43.8030656Z 
project81 k6 proof on ronan	Run Project 81 k6 proof wrapper	2026-07-09T05:17:43.8031268Z running (1m21.0s), 1/1 VUs, 0 complete and 0 interrupted iterations
project81 k6 proof on ronan	Run Project 81 k6 proof wrapper	2026-07-09T05:17:43.8031740Z r_cd_model_tool   [   0% ] 1 VUs  1m21.0s/3m30s  0/1 shared iters
project81 k6 proof on ronan	Run Project 81 k6 proof wrapper	2026-07-09T05:17:44.8034018Z 
project81 k6 proof on ronan	Run Project 81 k6 proof wrapper	2026-07-09T05:17:44.8035466Z running (1m22.0s), 1/1 VUs, 0 complete and 0 interrupted iterations
project81 k6 proof on ronan	Run Project 81 k6 proof wrapper	2026-07-09T05:17:44.8035928Z r_cd_model_tool   [   0% ] 1 VUs  1m22.0s/3m30s  0/1 shared iters
project81 k6 proof on ronan	Run Project 81 k6 proof wrapper	2026-07-09T05:17:45.8034935Z 
project81 k6 proof on ronan	Run Project 81 k6 proof wrapper	2026-07-09T05:17:45.8035495Z running (1m23.0s), 1/1 VUs, 0 complete and 0 interrupted iterations
project81 k6 proof on ronan	Run Project 81 k6 proof wrapper	2026-07-09T05:17:45.8035992Z r_cd_model_tool   [   0% ] 1 VUs  1m23.0s/3m30s  0/1 shared iters
project81 k6 proof on ronan	Run Project 81 k6 proof wrapper	2026-07-09T05:17:46.8045139Z 
project81 k6 proof on ronan	Run Project 81 k6 proof wrapper	2026-07-09T05:17:46.8046607Z running (1m24.0s), 1/1 VUs, 0 complete and 0 interrupted iterations
project81 k6 proof on ronan	Run Project 81 k6 proof wrapper	2026-07-09T05:17:46.8047077Z r_cd_model_tool   [   0% ] 1 VUs  1m24.0s/3m30s  0/1 shared iters
project81 k6 proof on ronan	Run Project 81 k6 proof wrapper	2026-07-09T05:17:47.8042491Z 
project81 k6 proof on ronan	Run Project 81 k6 proof wrapper	2026-07-09T05:17:47.8043860Z running (1m25.0s), 1/1 VUs, 0 complete and 0 interrupted iterations
project81 k6 proof on ronan	Run Project 81 k6 proof wrapper	2026-07-09T05:17:47.8045647Z r_cd_model_tool   [   0% ] 1 VUs  1m25.0s/3m30s  0/1 shared iters
project81 k6 proof on ronan	Run Project 81 k6 proof wrapper	2026-07-09T05:17:48.8042875Z 
project81 k6 proof on ronan	Run Project 81 k6 proof wrapper	2026-07-09T05:17:48.8044408Z running (1m26.0s), 1/1 VUs, 0 complete and 0 interrupted iterations
project81 k6 proof on ronan	Run Project 81 k6 proof wrapper	2026-07-09T05:17:48.8044875Z r_cd_model_tool   [   0% ] 1 VUs  1m26.0s/3m30s  0/1 shared iters
project81 k6 proof on ronan	Run Project 81 k6 proof wrapper	2026-07-09T05:17:49.8033872Z 
project81 k6 proof on ronan	Run Project 81 k6 proof wrapper	2026-07-09T05:17:49.8034359Z running (1m27.0s), 1/1 VUs, 0 complete and 0 interrupted iterations
project81 k6 proof on ronan	Run Project 81 k6 proof wrapper	2026-07-09T05:17:49.8035540Z r_cd_model_tool   [   0% ] 1 VUs  1m27.0s/3m30s  0/1 shared iters
project81 k6 proof on ronan	Run Project 81 k6 proof wrapper	2026-07-09T05:17:50.8035429Z 
project81 k6 proof on ronan	Run Project 81 k6 proof wrapper	2026-07-09T05:17:50.8036831Z running (1m28.0s), 1/1 VUs, 0 complete and 0 interrupted iterations
project81 k6 proof on ronan	Run Project 81 k6 proof wrapper	2026-07-09T05:17:50.8037311Z r_cd_model_tool   [   0% ] 1 VUs  1m28.0s/3m30s  0/1 shared iters
project81 k6 proof on ronan	Run Project 81 k6 proof wrapper	2026-07-09T05:17:51.8032165Z 
project81 k6 proof on ronan	Run Project 81 k6 proof wrapper	2026-07-09T05:17:51.8032741Z running (1m29.0s), 1/1 VUs, 0 complete and 0 interrupted iterations
project81 k6 proof on ronan	Run Project 81 k6 proof wrapper	2026-07-09T05:17:51.8033202Z r_cd_model_tool   [   0% ] 1 VUs  1m29.0s/3m30s  0/1 shared iters
project81 k6 proof on ronan	Run Project 81 k6 proof wrapper	2026-07-09T05:17:52.8043609Z 
project81 k6 proof on ronan	Run Project 81 k6 proof wrapper	2026-07-09T05:17:52.8044094Z running (1m30.0s), 1/1 VUs, 0 complete and 0 interrupted iterations
project81 k6 proof on ronan	Run Project 81 k6 proof wrapper	2026-07-09T05:17:52.8044557Z r_cd_model_tool   [   0% ] 1 VUs  1m30.0s/3m30s  0/1 shared iters
project81 k6 proof on ronan	Run Project 81 k6 proof wrapper	2026-07-09T05:17:53.8039370Z 
project81 k6 proof on ronan	Run Project 81 k6 proof wrapper	2026-07-09T05:17:53.8039816Z running (1m31.0s), 1/1 VUs, 0 complete and 0 interrupted iterations
project81 k6 proof on ronan	Run Project 81 k6 proof wrapper	2026-07-09T05:17:53.8040281Z r_cd_model_tool   [   0% ] 1 VUs  1m31.0s/3m30s  0/1 shared iters
project81 k6 proof on ronan	Run Project 81 k6 proof wrapper	2026-07-09T05:17:54.8045048Z 
project81 k6 proof on ronan	Run Project 81 k6 proof wrapper	2026-07-09T05:17:54.8046399Z running (1m32.0s), 1/1 VUs, 0 complete and 0 interrupted iterations
project81 k6 proof on ronan	Run Project 81 k6 proof wrapper	2026-07-09T05:17:54.8047078Z r_cd_model_tool   [   0% ] 1 VUs  1m32.0s/3m30s  0/1 shared iters
project81 k6 proof on ronan	Run Project 81 k6 proof wrapper	2026-07-09T05:17:55.8034112Z 
project81 k6 proof on ronan	Run Project 81 k6 proof wrapper	2026-07-09T05:17:55.8035475Z running (1m33.0s), 1/1 VUs, 0 complete and 0 interrupted iterations
project81 k6 proof on ronan	Run Project 81 k6 proof wrapper	2026-07-09T05:17:55.8035940Z r_cd_model_tool   [   0% ] 1 VUs  1m33.0s/3m30s  0/1 shared iters
project81 k6 proof on ronan	Run Project 81 k6 proof wrapper	2026-07-09T05:17:56.8034409Z 
project81 k6 proof on ronan	Run Project 81 k6 proof wrapper	2026-07-09T05:17:56.8035782Z running (1m34.0s), 1/1 VUs, 0 complete and 0 interrupted iterations
project81 k6 proof on ronan	Run Project 81 k6 proof wrapper	2026-07-09T05:17:56.8036242Z r_cd_model_tool   [   0% ] 1 VUs  1m34.0s/3m30s  0/1 shared iters
project81 k6 proof on ronan	Run Project 81 k6 proof wrapper	2026-07-09T05:17:57.8035537Z 
project81 k6 proof on ronan	Run Project 81 k6 proof wrapper	2026-07-09T05:17:57.8036115Z running (1m35.0s), 1/1 VUs, 0 complete and 0 interrupted iterations
project81 k6 proof on ronan	Run Project 81 k6 proof wrapper	2026-07-09T05:17:57.8036394Z r_cd_model_tool   [   0% ] 1 VUs  1m35.0s/3m30s  0/1 shared iters
project81 k6 proof on ronan	Run Project 81 k6 proof wrapper	2026-07-09T05:17:58.8041311Z 
project81 k6 proof on ronan	Run Project 81 k6 proof wrapper	2026-07-09T05:17:58.8042744Z running (1m36.0s), 1/1 VUs, 0 complete and 0 interrupted iterations
project81 k6 proof on ronan	Run Project 81 k6 proof wrapper	2026-07-09T05:17:58.8043038Z r_cd_model_tool   [   0% ] 1 VUs  1m36.0s/3m30s  0/1 shared iters
project81 k6 proof on ronan	Run Project 81 k6 proof wrapper	2026-07-09T05:17:59.8041037Z 
project81 k6 proof on ronan	Run Project 81 k6 proof wrapper	2026-07-09T05:17:59.8041470Z running (1m37.0s), 1/1 VUs, 0 complete and 0 interrupted iterations
project81 k6 proof on ronan	Run Project 81 k6 proof wrapper	2026-07-09T05:17:59.8041761Z r_cd_model_tool   [   0% ] 1 VUs  1m37.0s/3m30s  0/1 shared iters
project81 k6 proof on ronan	Run Project 81 k6 proof wrapper	2026-07-09T05:18:00.8033237Z 
project81 k6 proof on ronan	Run Project 81 k6 proof wrapper	2026-07-09T05:18:00.8033831Z running (1m38.0s), 1/1 VUs, 0 complete and 0 interrupted iterations
project81 k6 proof on ronan	Run Project 81 k6 proof wrapper	2026-07-09T05:18:00.8034105Z r_cd_model_tool   [   0% ] 1 VUs  1m38.0s/3m30s  0/1 shared iters
project81 k6 proof on ronan	Run Project 81 k6 proof wrapper	2026-07-09T05:18:01.8043645Z 
project81 k6 proof on ronan	Run Project 81 k6 proof wrapper	2026-07-09T05:18:01.8051123Z running (1m39.0s), 1/1 VUs, 0 complete and 0 interrupted iterations
project81 k6 proof on ronan	Run Project 81 k6 proof wrapper	2026-07-09T05:18:01.8058799Z r_cd_model_tool   [   0% ] 1 VUs  1m39.0s/3m30s  0/1 shared iters
project81 k6 proof on ronan	Run Project 81 k6 proof wrapper	2026-07-09T05:18:02.8049132Z 
project81 k6 proof on ronan	Run Project 81 k6 proof wrapper	2026-07-09T05:18:02.8053087Z running (1m40.0s), 1/1 VUs, 0 complete and 0 interrupted iterations
project81 k6 proof on ronan	Run Project 81 k6 proof wrapper	2026-07-09T05:18:02.8053427Z r_cd_model_tool   [   0% ] 1 VUs  1m40.0s/3m30s  0/1 shared iters
project81 k6 proof on ronan	Run Project 81 k6 proof wrapper	2026-07-09T05:18:03.8040067Z 
project81 k6 proof on ronan	Run Project 81 k6 proof wrapper	2026-07-09T05:18:03.8040664Z running (1m41.0s), 1/1 VUs, 0 complete and 0 interrupted iterations
project81 k6 proof on ronan	Run Project 81 k6 proof wrapper	2026-07-09T05:18:03.8041166Z r_cd_model_tool   [   0% ] 1 VUs  1m41.0s/3m30s  0/1 shared iters
project81 k6 proof on ronan	Run Project 81 k6 proof wrapper	2026-07-09T05:18:04.8042185Z 
project81 k6 proof on ronan	Run Project 81 k6 proof wrapper	2026-07-09T05:18:04.8043662Z running (1m42.0s), 1/1 VUs, 0 complete and 0 interrupted iterations
project81 k6 proof on ronan	Run Project 81 k6 proof wrapper	2026-07-09T05:18:04.8044208Z r_cd_model_tool   [   0% ] 1 VUs  1m42.0s/3m30s  0/1 shared iters
project81 k6 proof on ronan	Run Project 81 k6 proof wrapper	2026-07-09T05:18:05.8031859Z 
project81 k6 proof on ronan	Run Project 81 k6 proof wrapper	2026-07-09T05:18:05.8032307Z running (1m43.0s), 1/1 VUs, 0 complete and 0 interrupted iterations
project81 k6 proof on ronan	Run Project 81 k6 proof wrapper	2026-07-09T05:18:05.8032765Z r_cd_model_tool   [   0% ] 1 VUs  1m43.0s/3m30s  0/1 shared iters
project81 k6 proof on ronan	Run Project 81 k6 proof wrapper	2026-07-09T05:18:06.8045520Z 
project81 k6 proof on ronan	Run Project 81 k6 proof wrapper	2026-07-09T05:18:06.8047102Z running (1m44.0s), 1/1 VUs, 0 complete and 0 interrupted iterations
project81 k6 proof on ronan	Run Project 81 k6 proof wrapper	2026-07-09T05:18:06.8049384Z r_cd_model_tool   [   0% ] 1 VUs  1m44.0s/3m30s  0/1 shared iters
project81 k6 proof on ronan	Run Project 81 k6 proof wrapper	2026-07-09T05:18:07.8047449Z 
project81 k6 proof on ronan	Run Project 81 k6 proof wrapper	2026-07-09T05:18:07.8049015Z running (1m45.0s), 1/1 VUs, 0 complete and 0 interrupted iterations
project81 k6 proof on ronan	Run Project 81 k6 proof wrapper	2026-07-09T05:18:07.8049483Z r_cd_model_tool   [   0% ] 1 VUs  1m45.0s/3m30s  0/1 shared iters
project81 k6 proof on ronan	Run Project 81 k6 proof wrapper	2026-07-09T05:18:08.8039241Z 
project81 k6 proof on ronan	Run Project 81 k6 proof wrapper	2026-07-09T05:18:08.8039753Z running (1m46.0s), 1/1 VUs, 0 complete and 0 interrupted iterations
project81 k6 proof on ronan	Run Project 81 k6 proof wrapper	2026-07-09T05:18:08.8040940Z r_cd_model_tool   [   0% ] 1 VUs  1m46.0s/3m30s  0/1 shared iters
project81 k6 proof on ronan	Run Project 81 k6 proof wrapper	2026-07-09T05:18:09.8041091Z 
project81 k6 proof on ronan	Run Project 81 k6 proof wrapper	2026-07-09T05:18:09.8042493Z running (1m47.0s), 1/1 VUs, 0 complete and 0 interrupted iterations
project81 k6 proof on ronan	Run Project 81 k6 proof wrapper	2026-07-09T05:18:09.8042786Z r_cd_model_tool   [   0% ] 1 VUs  1m47.0s/3m30s  0/1 shared iters
project81 k6 proof on ronan	Run Project 81 k6 proof wrapper	2026-07-09T05:18:10.8040671Z 
project81 k6 proof on ronan	Run Project 81 k6 proof wrapper	2026-07-09T05:18:10.8041434Z running (1m48.0s), 1/1 VUs, 0 complete and 0 interrupted iterations
project81 k6 proof on ronan	Run Project 81 k6 proof wrapper	2026-07-09T05:18:10.8041698Z r_cd_model_tool   [   0% ] 1 VUs  1m48.0s/3m30s  0/1 shared iters
project81 k6 proof on ronan	Run Project 81 k6 proof wrapper	2026-07-09T05:18:11.8043138Z 
project81 k6 proof on ronan	Run Project 81 k6 proof wrapper	2026-07-09T05:18:11.8043795Z running (1m49.0s), 1/1 VUs, 0 complete and 0 interrupted iterations
project81 k6 proof on ronan	Run Project 81 k6 proof wrapper	2026-07-09T05:18:11.8044073Z r_cd_model_tool   [   0% ] 1 VUs  1m49.0s/3m30s  0/1 shared iters
project81 k6 proof on ronan	Run Project 81 k6 proof wrapper	2026-07-09T05:18:12.8041881Z 
project81 k6 proof on ronan	Run Project 81 k6 proof wrapper	2026-07-09T05:18:12.8047206Z running (1m50.0s), 1/1 VUs, 0 complete and 0 interrupted iterations
project81 k6 proof on ronan	Run Project 81 k6 proof wrapper	2026-07-09T05:18:12.8047855Z r_cd_model_tool   [   0% ] 1 VUs  1m50.0s/3m30s  0/1 shared iters
project81 k6 proof on ronan	Run Project 81 k6 proof wrapper	2026-07-09T05:18:13.8039318Z 
project81 k6 proof on ronan	Run Project 81 k6 proof wrapper	2026-07-09T05:18:13.8040838Z running (1m51.0s), 1/1 VUs, 0 complete and 0 interrupted iterations
project81 k6 proof on ronan	Run Project 81 k6 proof wrapper	2026-07-09T05:18:13.8041301Z r_cd_model_tool   [   0% ] 1 VUs  1m51.0s/3m30s  0/1 shared iters
project81 k6 proof on ronan	Run Project 81 k6 proof wrapper	2026-07-09T05:18:14.8041155Z 
project81 k6 proof on ronan	Run Project 81 k6 proof wrapper	2026-07-09T05:18:14.8042624Z running (1m52.0s), 1/1 VUs, 0 complete and 0 interrupted iterations
project81 k6 proof on ronan	Run Project 81 k6 proof wrapper	2026-07-09T05:18:14.8043151Z r_cd_model_tool   [   0% ] 1 VUs  1m52.0s/3m30s  0/1 shared iters
project81 k6 proof on ronan	Run Project 81 k6 proof wrapper	2026-07-09T05:18:15.8033701Z 
project81 k6 proof on ronan	Run Project 81 k6 proof wrapper	2026-07-09T05:18:15.8035307Z running (1m53.0s), 1/1 VUs, 0 complete and 0 interrupted iterations
project81 k6 proof on ronan	Run Project 81 k6 proof wrapper	2026-07-09T05:18:15.8035775Z r_cd_model_tool   [   0% ] 1 VUs  1m53.0s/3m30s  0/1 shared iters
project81 k6 proof on ronan	Run Project 81 k6 proof wrapper	2026-07-09T05:18:16.8040030Z 
project81 k6 proof on ronan	Run Project 81 k6 proof wrapper	2026-07-09T05:18:16.8041732Z running (1m54.0s), 1/1 VUs, 0 complete and 0 interrupted iterations
project81 k6 proof on ronan	Run Project 81 k6 proof wrapper	2026-07-09T05:18:16.8042264Z r_cd_model_tool   [   0% ] 1 VUs  1m54.0s/3m30s  0/1 shared iters
project81 k6 proof on ronan	Run Project 81 k6 proof wrapper	2026-07-09T05:18:17.8034308Z 
project81 k6 proof on ronan	Run Project 81 k6 proof wrapper	2026-07-09T05:18:17.8035928Z running (1m55.0s), 1/1 VUs, 0 complete and 0 interrupted iterations
project81 k6 proof on ronan	Run Project 81 k6 proof wrapper	2026-07-09T05:18:17.8036589Z r_cd_model_tool   [   0% ] 1 VUs  1m55.0s/3m30s  0/1 shared iters
project81 k6 proof on ronan	Run Project 81 k6 proof wrapper	2026-07-09T05:18:18.8040932Z 
project81 k6 proof on ronan	Run Project 81 k6 proof wrapper	2026-07-09T05:18:18.8043245Z running (1m56.0s), 1/1 VUs, 0 complete and 0 interrupted iterations
project81 k6 proof on ronan	Run Project 81 k6 proof wrapper	2026-07-09T05:18:18.8043778Z r_cd_model_tool   [   0% ] 1 VUs  1m56.0s/3m30s  0/1 shared iters
project81 k6 proof on ronan	Run Project 81 k6 proof wrapper	2026-07-09T05:18:19.8032369Z 
project81 k6 proof on ronan	Run Project 81 k6 proof wrapper	2026-07-09T05:18:19.8033739Z running (1m57.0s), 1/1 VUs, 0 complete and 0 interrupted iterations
project81 k6 proof on ronan	Run Project 81 k6 proof wrapper	2026-07-09T05:18:19.8034009Z r_cd_model_tool   [   0% ] 1 VUs  1m57.0s/3m30s  0/1 shared iters
project81 k6 proof on ronan	Run Project 81 k6 proof wrapper	2026-07-09T05:18:20.8036200Z 
project81 k6 proof on ronan	Run Project 81 k6 proof wrapper	2026-07-09T05:18:20.8038287Z running (1m58.0s), 1/1 VUs, 0 complete and 0 interrupted iterations
project81 k6 proof on ronan	Run Project 81 k6 proof wrapper	2026-07-09T05:18:20.8038816Z r_cd_model_tool   [   0% ] 1 VUs  1m58.0s/3m30s  0/1 shared iters
project81 k6 proof on ronan	Run Project 81 k6 proof wrapper	2026-07-09T05:18:21.8052761Z 
project81 k6 proof on ronan	Run Project 81 k6 proof wrapper	2026-07-09T05:18:21.8054209Z running (1m59.0s), 1/1 VUs, 0 complete and 0 interrupted iterations
project81 k6 proof on ronan	Run Project 81 k6 proof wrapper	2026-07-09T05:18:21.8054676Z r_cd_model_tool   [   0% ] 1 VUs  1m59.0s/3m30s  0/1 shared iters
project81 k6 proof on ronan	Run Project 81 k6 proof wrapper	2026-07-09T05:18:22.8040964Z 
project81 k6 proof on ronan	Run Project 81 k6 proof wrapper	2026-07-09T05:18:22.8044761Z running (2m00.0s), 1/1 VUs, 0 complete and 0 interrupted iterations
project81 k6 proof on ronan	Run Project 81 k6 proof wrapper	2026-07-09T05:18:22.8045284Z r_cd_model_tool   [   0% ] 1 VUs  2m00.0s/3m30s  0/1 shared iters
project81 k6 proof on ronan	Run Project 81 k6 proof wrapper	2026-07-09T05:18:23.8038419Z 
project81 k6 proof on ronan	Run Project 81 k6 proof wrapper	2026-07-09T05:18:23.8039954Z running (2m01.0s), 1/1 VUs, 0 complete and 0 interrupted iterations
project81 k6 proof on ronan	Run Project 81 k6 proof wrapper	2026-07-09T05:18:23.8040422Z r_cd_model_tool   [   0% ] 1 VUs  2m01.0s/3m30s  0/1 shared iters
project81 k6 proof on ronan	Run Project 81 k6 proof wrapper	2026-07-09T05:18:24.8036721Z 
project81 k6 proof on ronan	Run Project 81 k6 proof wrapper	2026-07-09T05:18:24.8037171Z running (2m02.0s), 1/1 VUs, 0 complete and 0 interrupted iterations
project81 k6 proof on ronan	Run Project 81 k6 proof wrapper	2026-07-09T05:18:24.8037640Z r_cd_model_tool   [   0% ] 1 VUs  2m02.0s/3m30s  0/1 shared iters
project81 k6 proof on ronan	Run Project 81 k6 proof wrapper	2026-07-09T05:18:25.8031694Z 
project81 k6 proof on ronan	Run Project 81 k6 proof wrapper	2026-07-09T05:18:25.8032403Z running (2m03.0s), 1/1 VUs, 0 complete and 0 interrupted iterations
project81 k6 proof on ronan	Run Project 81 k6 proof wrapper	2026-07-09T05:18:25.8032895Z r_cd_model_tool   [   0% ] 1 VUs  2m03.0s/3m30s  0/1 shared iters
project81 k6 proof on ronan	Run Project 81 k6 proof wrapper	2026-07-09T05:18:26.8041104Z 
project81 k6 proof on ronan	Run Project 81 k6 proof wrapper	2026-07-09T05:18:26.8043716Z running (2m04.0s), 1/1 VUs, 0 complete and 0 interrupted iterations
project81 k6 proof on ronan	Run Project 81 k6 proof wrapper	2026-07-09T05:18:26.8045602Z r_cd_model_tool   [   0% ] 1 VUs  2m04.0s/3m30s  0/1 shared iters
project81 k6 proof on ronan	Run Project 81 k6 proof wrapper	2026-07-09T05:18:27.8040631Z 
project81 k6 proof on ronan	Run Project 81 k6 proof wrapper	2026-07-09T05:18:27.8042098Z running (2m05.0s), 1/1 VUs, 0 complete and 0 interrupted iterations
project81 k6 proof on ronan	Run Project 81 k6 proof wrapper	2026-07-09T05:18:27.8042565Z r_cd_model_tool   [   0% ] 1 VUs  2m05.0s/3m30s  0/1 shared iters
project81 k6 proof on ronan	Run Project 81 k6 proof wrapper	2026-07-09T05:18:28.8051661Z 
project81 k6 proof on ronan	Run Project 81 k6 proof wrapper	2026-07-09T05:18:28.8053147Z running (2m06.0s), 1/1 VUs, 0 complete and 0 interrupted iterations
project81 k6 proof on ronan	Run Project 81 k6 proof wrapper	2026-07-09T05:18:29.8039870Z r_cd_model_tool   [   0% ] 1 VUs  2m06.0s/3m30s  0/1 shared iters
project81 k6 proof on ronan	Run Project 81 k6 proof wrapper	2026-07-09T05:18:29.8040096Z 
project81 k6 proof on ronan	Run Project 81 k6 proof wrapper	2026-07-09T05:18:29.8040805Z running (2m07.0s), 1/1 VUs, 0 complete and 0 interrupted iterations
project81 k6 proof on ronan	Run Project 81 k6 proof wrapper	2026-07-09T05:18:29.8041107Z r_cd_model_tool   [   0% ] 1 VUs  2m07.0s/3m30s  0/1 shared iters
project81 k6 proof on ronan	Run Project 81 k6 proof wrapper	2026-07-09T05:18:30.8041677Z 
project81 k6 proof on ronan	Run Project 81 k6 proof wrapper	2026-07-09T05:18:30.8046561Z running (2m08.0s), 1/1 VUs, 0 complete and 0 interrupted iterations
project81 k6 proof on ronan	Run Project 81 k6 proof wrapper	2026-07-09T05:18:30.8047060Z r_cd_model_tool   [   0% ] 1 VUs  2m08.0s/3m30s  0/1 shared iters
project81 k6 proof on ronan	Run Project 81 k6 proof wrapper	2026-07-09T05:18:31.8035850Z 
project81 k6 proof on ronan	Run Project 81 k6 proof wrapper	2026-07-09T05:18:31.8036786Z running (2m09.0s), 1/1 VUs, 0 complete and 0 interrupted iterations
project81 k6 proof on ronan	Run Project 81 k6 proof wrapper	2026-07-09T05:18:31.8037081Z r_cd_model_tool   [   0% ] 1 VUs  2m09.0s/3m30s  0/1 shared iters
project81 k6 proof on ronan	Run Project 81 k6 proof wrapper	2026-07-09T05:18:32.8042341Z 
project81 k6 proof on ronan	Run Project 81 k6 proof wrapper	2026-07-09T05:18:32.8043826Z running (2m10.0s), 1/1 VUs, 0 complete and 0 interrupted iterations
project81 k6 proof on ronan	Run Project 81 k6 proof wrapper	2026-07-09T05:18:32.8044290Z r_cd_model_tool   [   0% ] 1 VUs  2m10.0s/3m30s  0/1 shared iters
project81 k6 proof on ronan	Run Project 81 k6 proof wrapper	2026-07-09T05:18:33.8041853Z 
project81 k6 proof on ronan	Run Project 81 k6 proof wrapper	2026-07-09T05:18:33.8042555Z running (2m11.0s), 1/1 VUs, 0 complete and 0 interrupted iterations
project81 k6 proof on ronan	Run Project 81 k6 proof wrapper	2026-07-09T05:18:33.8042861Z r_cd_model_tool   [   0% ] 1 VUs  2m11.0s/3m30s  0/1 shared iters
project81 k6 proof on ronan	Run Project 81 k6 proof wrapper	2026-07-09T05:18:34.8043409Z 
project81 k6 proof on ronan	Run Project 81 k6 proof wrapper	2026-07-09T05:18:34.8044930Z running (2m12.0s), 1/1 VUs, 0 complete and 0 interrupted iterations
project81 k6 proof on ronan	Run Project 81 k6 proof wrapper	2026-07-09T05:18:34.8045399Z r_cd_model_tool   [   0% ] 1 VUs  2m12.0s/3m30s  0/1 shared iters
project81 k6 proof on ronan	Run Project 81 k6 proof wrapper	2026-07-09T05:18:35.8030602Z 
project81 k6 proof on ronan	Run Project 81 k6 proof wrapper	2026-07-09T05:18:35.8031058Z running (2m13.0s), 1/1 VUs, 0 complete and 0 interrupted iterations
project81 k6 proof on ronan	Run Project 81 k6 proof wrapper	2026-07-09T05:18:35.8031556Z r_cd_model_tool   [   0% ] 1 VUs  2m13.0s/3m30s  0/1 shared iters
project81 k6 proof on ronan	Run Project 81 k6 proof wrapper	2026-07-09T05:18:36.8037420Z 
project81 k6 proof on ronan	Run Project 81 k6 proof wrapper	2026-07-09T05:18:36.8038842Z running (2m14.0s), 1/1 VUs, 0 complete and 0 interrupted iterations
project81 k6 proof on ronan	Run Project 81 k6 proof wrapper	2026-07-09T05:18:36.8039145Z r_cd_model_tool   [   0% ] 1 VUs  2m14.0s/3m30s  0/1 shared iters
project81 k6 proof on ronan	Run Project 81 k6 proof wrapper	2026-07-09T05:18:37.8037652Z 
project81 k6 proof on ronan	Run Project 81 k6 proof wrapper	2026-07-09T05:18:37.8038148Z running (2m15.0s), 1/1 VUs, 0 complete and 0 interrupted iterations
project81 k6 proof on ronan	Run Project 81 k6 proof wrapper	2026-07-09T05:18:37.8038451Z r_cd_model_tool   [   0% ] 1 VUs  2m15.0s/3m30s  0/1 shared iters
project81 k6 proof on ronan	Run Project 81 k6 proof wrapper	2026-07-09T05:18:38.8036997Z 
project81 k6 proof on ronan	Run Project 81 k6 proof wrapper	2026-07-09T05:18:38.8037595Z running (2m16.0s), 1/1 VUs, 0 complete and 0 interrupted iterations
project81 k6 proof on ronan	Run Project 81 k6 proof wrapper	2026-07-09T05:18:38.8042157Z r_cd_model_tool   [   0% ] 1 VUs  2m16.0s/3m30s  0/1 shared iters
project81 k6 proof on ronan	Run Project 81 k6 proof wrapper	2026-07-09T05:18:39.8041198Z 
project81 k6 proof on ronan	Run Project 81 k6 proof wrapper	2026-07-09T05:18:39.8042759Z running (2m17.0s), 1/1 VUs, 0 complete and 0 interrupted iterations
project81 k6 proof on ronan	Run Project 81 k6 proof wrapper	2026-07-09T05:18:39.8043223Z r_cd_model_tool   [   0% ] 1 VUs  2m17.0s/3m30s  0/1 shared iters
project81 k6 proof on ronan	Run Project 81 k6 proof wrapper	2026-07-09T05:18:40.8038612Z 
project81 k6 proof on ronan	Run Project 81 k6 proof wrapper	2026-07-09T05:18:40.8040006Z running (2m18.0s), 1/1 VUs, 0 complete and 0 interrupted iterations
project81 k6 proof on ronan	Run Project 81 k6 proof wrapper	2026-07-09T05:18:40.8040523Z r_cd_model_tool   [   0% ] 1 VUs  2m18.0s/3m30s  0/1 shared iters
project81 k6 proof on ronan	Run Project 81 k6 proof wrapper	2026-07-09T05:18:41.8034862Z 
project81 k6 proof on ronan	Run Project 81 k6 proof wrapper	2026-07-09T05:18:41.8035343Z running (2m19.0s), 1/1 VUs, 0 complete and 0 interrupted iterations
project81 k6 proof on ronan	Run Project 81 k6 proof wrapper	2026-07-09T05:18:41.8035805Z r_cd_model_tool   [   0% ] 1 VUs  2m19.0s/3m30s  0/1 shared iters
project81 k6 proof on ronan	Run Project 81 k6 proof wrapper	2026-07-09T05:18:42.8043949Z 
project81 k6 proof on ronan	Run Project 81 k6 proof wrapper	2026-07-09T05:18:42.8045466Z running (2m20.0s), 1/1 VUs, 0 complete and 0 interrupted iterations
project81 k6 proof on ronan	Run Project 81 k6 proof wrapper	2026-07-09T05:18:42.8045932Z r_cd_model_tool   [   0% ] 1 VUs  2m20.0s/3m30s  0/1 shared iters
project81 k6 proof on ronan	Run Project 81 k6 proof wrapper	2026-07-09T05:18:43.8045113Z 
project81 k6 proof on ronan	Run Project 81 k6 proof wrapper	2026-07-09T05:18:43.8047657Z running (2m21.0s), 1/1 VUs, 0 complete and 0 interrupted iterations
project81 k6 proof on ronan	Run Project 81 k6 proof wrapper	2026-07-09T05:18:43.8048181Z r_cd_model_tool   [   0% ] 1 VUs  2m21.0s/3m30s  0/1 shared iters
project81 k6 proof on ronan	Run Project 81 k6 proof wrapper	2026-07-09T05:18:44.8040598Z 
project81 k6 proof on ronan	Run Project 81 k6 proof wrapper	2026-07-09T05:18:44.8041861Z running (2m22.0s), 1/1 VUs, 0 complete and 0 interrupted iterations
project81 k6 proof on ronan	Run Project 81 k6 proof wrapper	2026-07-09T05:18:44.8042322Z r_cd_model_tool   [   0% ] 1 VUs  2m22.0s/3m30s  0/1 shared iters
project81 k6 proof on ronan	Run Project 81 k6 proof wrapper	2026-07-09T05:18:45.8035859Z 
project81 k6 proof on ronan	Run Project 81 k6 proof wrapper	2026-07-09T05:18:45.8036318Z running (2m23.0s), 1/1 VUs, 0 complete and 0 interrupted iterations
project81 k6 proof on ronan	Run Project 81 k6 proof wrapper	2026-07-09T05:18:45.8037836Z r_cd_model_tool   [   0% ] 1 VUs  2m23.0s/3m30s  0/1 shared iters
project81 k6 proof on ronan	Run Project 81 k6 proof wrapper	2026-07-09T05:18:46.8036246Z 
project81 k6 proof on ronan	Run Project 81 k6 proof wrapper	2026-07-09T05:18:46.8037871Z running (2m24.0s), 1/1 VUs, 0 complete and 0 interrupted iterations
project81 k6 proof on ronan	Run Project 81 k6 proof wrapper	2026-07-09T05:18:46.8038335Z r_cd_model_tool   [   0% ] 1 VUs  2m24.0s/3m30s  0/1 shared iters
project81 k6 proof on ronan	Run Project 81 k6 proof wrapper	2026-07-09T05:18:47.8033636Z 
project81 k6 proof on ronan	Run Project 81 k6 proof wrapper	2026-07-09T05:18:47.8034105Z running (2m25.0s), 1/1 VUs, 0 complete and 0 interrupted iterations
project81 k6 proof on ronan	Run Project 81 k6 proof wrapper	2026-07-09T05:18:47.8034381Z r_cd_model_tool   [   0% ] 1 VUs  2m25.0s/3m30s  0/1 shared iters
project81 k6 proof on ronan	Run Project 81 k6 proof wrapper	2026-07-09T05:18:48.8038705Z 
project81 k6 proof on ronan	Run Project 81 k6 proof wrapper	2026-07-09T05:18:48.8043869Z running (2m26.0s), 1/1 VUs, 0 complete and 0 interrupted iterations
project81 k6 proof on ronan	Run Project 81 k6 proof wrapper	2026-07-09T05:18:48.8048490Z r_cd_model_tool   [   0% ] 1 VUs  2m26.0s/3m30s  0/1 shared iters
project81 k6 proof on ronan	Run Project 81 k6 proof wrapper	2026-07-09T05:18:49.8034304Z 
project81 k6 proof on ronan	Run Project 81 k6 proof wrapper	2026-07-09T05:18:49.8034812Z running (2m27.0s), 1/1 VUs, 0 complete and 0 interrupted iterations
project81 k6 proof on ronan	Run Project 81 k6 proof wrapper	2026-07-09T05:18:49.8035306Z r_cd_model_tool   [   0% ] 1 VUs  2m27.0s/3m30s  0/1 shared iters
project81 k6 proof on ronan	Run Project 81 k6 proof wrapper	2026-07-09T05:18:50.8032961Z 
project81 k6 proof on ronan	Run Project 81 k6 proof wrapper	2026-07-09T05:18:50.8034556Z running (2m28.0s), 1/1 VUs, 0 complete and 0 interrupted iterations
project81 k6 proof on ronan	Run Project 81 k6 proof wrapper	2026-07-09T05:18:50.8035022Z r_cd_model_tool   [   0% ] 1 VUs  2m28.0s/3m30s  0/1 shared iters
project81 k6 proof on ronan	Run Project 81 k6 proof wrapper	2026-07-09T05:18:51.8039464Z 
project81 k6 proof on ronan	Run Project 81 k6 proof wrapper	2026-07-09T05:18:51.8040958Z running (2m29.0s), 1/1 VUs, 0 complete and 0 interrupted iterations
project81 k6 proof on ronan	Run Project 81 k6 proof wrapper	2026-07-09T05:18:51.8041425Z r_cd_model_tool   [   0% ] 1 VUs  2m29.0s/3m30s  0/1 shared iters
project81 k6 proof on ronan	Run Project 81 k6 proof wrapper	2026-07-09T05:18:52.8034941Z 
project81 k6 proof on ronan	Run Project 81 k6 proof wrapper	2026-07-09T05:18:52.8036533Z running (2m30.0s), 1/1 VUs, 0 complete and 0 interrupted iterations
project81 k6 proof on ronan	Run Project 81 k6 proof wrapper	2026-07-09T05:18:52.8037010Z r_cd_model_tool   [   0% ] 1 VUs  2m30.0s/3m30s  0/1 shared iters
project81 k6 proof on ronan	Run Project 81 k6 proof wrapper	2026-07-09T05:18:53.8049967Z 
project81 k6 proof on ronan	Run Project 81 k6 proof wrapper	2026-07-09T05:18:53.8056756Z running (2m31.0s), 1/1 VUs, 0 complete and 0 interrupted iterations
project81 k6 proof on ronan	Run Project 81 k6 proof wrapper	2026-07-09T05:18:53.8057416Z r_cd_model_tool   [   0% ] 1 VUs  2m31.0s/3m30s  0/1 shared iters
project81 k6 proof on ronan	Run Project 81 k6 proof wrapper	2026-07-09T05:18:54.8041293Z 
project81 k6 proof on ronan	Run Project 81 k6 proof wrapper	2026-07-09T05:18:54.8043577Z running (2m32.0s), 1/1 VUs, 0 complete and 0 interrupted iterations
project81 k6 proof on ronan	Run Project 81 k6 proof wrapper	2026-07-09T05:18:54.8044104Z r_cd_model_tool   [   0% ] 1 VUs  2m32.0s/3m30s  0/1 shared iters
project81 k6 proof on ronan	Run Project 81 k6 proof wrapper	2026-07-09T05:18:55.8048403Z 
project81 k6 proof on ronan	Run Project 81 k6 proof wrapper	2026-07-09T05:18:55.8050829Z running (2m33.0s), 1/1 VUs, 0 complete and 0 interrupted iterations
project81 k6 proof on ronan	Run Project 81 k6 proof wrapper	2026-07-09T05:18:55.8051508Z r_cd_model_tool   [   0% ] 1 VUs  2m33.0s/3m30s  0/1 shared iters
project81 k6 proof on ronan	Run Project 81 k6 proof wrapper	2026-07-09T05:18:56.8032884Z 
project81 k6 proof on ronan	Run Project 81 k6 proof wrapper	2026-07-09T05:18:56.8034372Z running (2m34.0s), 1/1 VUs, 0 complete and 0 interrupted iterations
project81 k6 proof on ronan	Run Project 81 k6 proof wrapper	2026-07-09T05:18:56.8034838Z r_cd_model_tool   [   0% ] 1 VUs  2m34.0s/3m30s  0/1 shared iters
project81 k6 proof on ronan	Run Project 81 k6 proof wrapper	2026-07-09T05:18:57.8048844Z 
project81 k6 proof on ronan	Run Project 81 k6 proof wrapper	2026-07-09T05:18:57.8050319Z running (2m35.0s), 1/1 VUs, 0 complete and 0 interrupted iterations
project81 k6 proof on ronan	Run Project 81 k6 proof wrapper	2026-07-09T05:18:57.8050797Z r_cd_model_tool   [   0% ] 1 VUs  2m35.0s/3m30s  0/1 shared iters
project81 k6 proof on ronan	Run Project 81 k6 proof wrapper	2026-07-09T05:18:58.8034405Z 
project81 k6 proof on ronan	Run Project 81 k6 proof wrapper	2026-07-09T05:18:58.8035783Z running (2m36.0s), 1/1 VUs, 0 complete and 0 interrupted iterations
project81 k6 proof on ronan	Run Project 81 k6 proof wrapper	2026-07-09T05:18:58.8036295Z r_cd_model_tool   [   0% ] 1 VUs  2m36.0s/3m30s  0/1 shared iters
project81 k6 proof on ronan	Run Project 81 k6 proof wrapper	2026-07-09T05:18:59.8039689Z 
project81 k6 proof on ronan	Run Project 81 k6 proof wrapper	2026-07-09T05:18:59.8041151Z running (2m37.0s), 1/1 VUs, 0 complete and 0 interrupted iterations
project81 k6 proof on ronan	Run Project 81 k6 proof wrapper	2026-07-09T05:18:59.8041656Z r_cd_model_tool   [   0% ] 1 VUs  2m37.0s/3m30s  0/1 shared iters
project81 k6 proof on ronan	Run Project 81 k6 proof wrapper	2026-07-09T05:19:00.8037327Z 
project81 k6 proof on ronan	Run Project 81 k6 proof wrapper	2026-07-09T05:19:00.8038767Z running (2m38.0s), 1/1 VUs, 0 complete and 0 interrupted iterations
project81 k6 proof on ronan	Run Project 81 k6 proof wrapper	2026-07-09T05:19:00.8039228Z r_cd_model_tool   [   0% ] 1 VUs  2m38.0s/3m30s  0/1 shared iters
project81 k6 proof on ronan	Run Project 81 k6 proof wrapper	2026-07-09T05:19:01.8037202Z 
project81 k6 proof on ronan	Run Project 81 k6 proof wrapper	2026-07-09T05:19:01.8037756Z running (2m39.0s), 1/1 VUs, 0 complete and 0 interrupted iterations
project81 k6 proof on ronan	Run Project 81 k6 proof wrapper	2026-07-09T05:19:01.8038224Z r_cd_model_tool   [   0% ] 1 VUs  2m39.0s/3m30s  0/1 shared iters
project81 k6 proof on ronan	Run Project 81 k6 proof wrapper	2026-07-09T05:19:02.8042869Z 
project81 k6 proof on ronan	Run Project 81 k6 proof wrapper	2026-07-09T05:19:02.8044253Z running (2m40.0s), 1/1 VUs, 0 complete and 0 interrupted iterations
project81 k6 proof on ronan	Run Project 81 k6 proof wrapper	2026-07-09T05:19:02.8044715Z r_cd_model_tool   [   0% ] 1 VUs  2m40.0s/3m30s  0/1 shared iters
project81 k6 proof on ronan	Run Project 81 k6 proof wrapper	2026-07-09T05:19:03.8039763Z 
project81 k6 proof on ronan	Run Project 81 k6 proof wrapper	2026-07-09T05:19:03.8042869Z running (2m41.0s), 1/1 VUs, 0 complete and 0 interrupted iterations
project81 k6 proof on ronan	Run Project 81 k6 proof wrapper	2026-07-09T05:19:03.8043175Z r_cd_model_tool   [   0% ] 1 VUs  2m41.0s/3m30s  0/1 shared iters
project81 k6 proof on ronan	Run Project 81 k6 proof wrapper	2026-07-09T05:19:04.8035131Z 
project81 k6 proof on ronan	Run Project 81 k6 proof wrapper	2026-07-09T05:19:04.8035615Z running (2m42.0s), 1/1 VUs, 0 complete and 0 interrupted iterations
project81 k6 proof on ronan	Run Project 81 k6 proof wrapper	2026-07-09T05:19:04.8036080Z r_cd_model_tool   [   0% ] 1 VUs  2m42.0s/3m30s  0/1 shared iters
project81 k6 proof on ronan	Run Project 81 k6 proof wrapper	2026-07-09T05:19:05.8042600Z 
project81 k6 proof on ronan	Run Project 81 k6 proof wrapper	2026-07-09T05:19:05.8043975Z running (2m43.0s), 1/1 VUs, 0 complete and 0 interrupted iterations
project81 k6 proof on ronan	Run Project 81 k6 proof wrapper	2026-07-09T05:19:05.8044440Z r_cd_model_tool   [   0% ] 1 VUs  2m43.0s/3m30s  0/1 shared iters
project81 k6 proof on ronan	Run Project 81 k6 proof wrapper	2026-07-09T05:19:06.8039666Z 
project81 k6 proof on ronan	Run Project 81 k6 proof wrapper	2026-07-09T05:19:06.8041194Z running (2m44.0s), 1/1 VUs, 0 complete and 0 interrupted iterations
project81 k6 proof on ronan	Run Project 81 k6 proof wrapper	2026-07-09T05:19:06.8041663Z r_cd_model_tool   [   0% ] 1 VUs  2m44.0s/3m30s  0/1 shared iters
project81 k6 proof on ronan	Run Project 81 k6 proof wrapper	2026-07-09T05:19:07.8033302Z 
project81 k6 proof on ronan	Run Project 81 k6 proof wrapper	2026-07-09T05:19:07.8034827Z running (2m45.0s), 1/1 VUs, 0 complete and 0 interrupted iterations
project81 k6 proof on ronan	Run Project 81 k6 proof wrapper	2026-07-09T05:19:07.8035298Z r_cd_model_tool   [   0% ] 1 VUs  2m45.0s/3m30s  0/1 shared iters
project81 k6 proof on ronan	Run Project 81 k6 proof wrapper	2026-07-09T05:19:08.8037155Z 
project81 k6 proof on ronan	Run Project 81 k6 proof wrapper	2026-07-09T05:19:08.8037870Z running (2m46.0s), 1/1 VUs, 0 complete and 0 interrupted iterations
project81 k6 proof on ronan	Run Project 81 k6 proof wrapper	2026-07-09T05:19:08.8038452Z r_cd_model_tool   [   0% ] 1 VUs  2m46.0s/3m30s  0/1 shared iters
project81 k6 proof on ronan	Run Project 81 k6 proof wrapper	2026-07-09T05:19:09.8039737Z 
project81 k6 proof on ronan	Run Project 81 k6 proof wrapper	2026-07-09T05:19:09.8041369Z running (2m47.0s), 1/1 VUs, 0 complete and 0 interrupted iterations
project81 k6 proof on ronan	Run Project 81 k6 proof wrapper	2026-07-09T05:19:09.8041826Z r_cd_model_tool   [   0% ] 1 VUs  2m47.0s/3m30s  0/1 shared iters
project81 k6 proof on ronan	Run Project 81 k6 proof wrapper	2026-07-09T05:19:10.8041098Z 
project81 k6 proof on ronan	Run Project 81 k6 proof wrapper	2026-07-09T05:19:10.8049307Z running (2m48.0s), 1/1 VUs, 0 complete and 0 interrupted iterations
project81 k6 proof on ronan	Run Project 81 k6 proof wrapper	2026-07-09T05:19:10.8049872Z r_cd_model_tool   [   0% ] 1 VUs  2m48.0s/3m30s  0/1 shared iters
project81 k6 proof on ronan	Run Project 81 k6 proof wrapper	2026-07-09T05:19:11.8049744Z 
project81 k6 proof on ronan	Run Project 81 k6 proof wrapper	2026-07-09T05:19:11.8052200Z running (2m49.0s), 1/1 VUs, 0 complete and 0 interrupted iterations
project81 k6 proof on ronan	Run Project 81 k6 proof wrapper	2026-07-09T05:19:11.8052853Z r_cd_model_tool   [   0% ] 1 VUs  2m49.0s/3m30s  0/1 shared iters
project81 k6 proof on ronan	Run Project 81 k6 proof wrapper	2026-07-09T05:19:12.8040136Z 
project81 k6 proof on ronan	Run Project 81 k6 proof wrapper	2026-07-09T05:19:12.8041876Z running (2m50.0s), 1/1 VUs, 0 complete and 0 interrupted iterations
project81 k6 proof on ronan	Run Project 81 k6 proof wrapper	2026-07-09T05:19:12.8042174Z r_cd_model_tool   [   0% ] 1 VUs  2m50.0s/3m30s  0/1 shared iters
project81 k6 proof on ronan	Run Project 81 k6 proof wrapper	2026-07-09T05:19:13.8038963Z 
project81 k6 proof on ronan	Run Project 81 k6 proof wrapper	2026-07-09T05:19:13.8039488Z running (2m51.0s), 1/1 VUs, 0 complete and 0 interrupted iterations
project81 k6 proof on ronan	Run Project 81 k6 proof wrapper	2026-07-09T05:19:13.8039951Z r_cd_model_tool   [   0% ] 1 VUs  2m51.0s/3m30s  0/1 shared iters
project81 k6 proof on ronan	Run Project 81 k6 proof wrapper	2026-07-09T05:19:14.8037312Z 
project81 k6 proof on ronan	Run Project 81 k6 proof wrapper	2026-07-09T05:19:14.8037907Z running (2m52.0s), 1/1 VUs, 0 complete and 0 interrupted iterations
project81 k6 proof on ronan	Run Project 81 k6 proof wrapper	2026-07-09T05:19:14.8038172Z r_cd_model_tool   [   0% ] 1 VUs  2m52.0s/3m30s  0/1 shared iters
project81 k6 proof on ronan	Run Project 81 k6 proof wrapper	2026-07-09T05:19:15.8031718Z 
project81 k6 proof on ronan	Run Project 81 k6 proof wrapper	2026-07-09T05:19:15.8032129Z running (2m53.0s), 1/1 VUs, 0 complete and 0 interrupted iterations
project81 k6 proof on ronan	Run Project 81 k6 proof wrapper	2026-07-09T05:19:15.8032590Z r_cd_model_tool   [   0% ] 1 VUs  2m53.0s/3m30s  0/1 shared iters
project81 k6 proof on ronan	Run Project 81 k6 proof wrapper	2026-07-09T05:19:16.8038432Z 
project81 k6 proof on ronan	Run Project 81 k6 proof wrapper	2026-07-09T05:19:16.8038899Z running (2m54.0s), 1/1 VUs, 0 complete and 0 interrupted iterations
project81 k6 proof on ronan	Run Project 81 k6 proof wrapper	2026-07-09T05:19:16.8039362Z r_cd_model_tool   [   0% ] 1 VUs  2m54.0s/3m30s  0/1 shared iters
project81 k6 proof on ronan	Run Project 81 k6 proof wrapper	2026-07-09T05:19:17.8043509Z 
project81 k6 proof on ronan	Run Project 81 k6 proof wrapper	2026-07-09T05:19:17.8043980Z running (2m55.0s), 1/1 VUs, 0 complete and 0 interrupted iterations
project81 k6 proof on ronan	Run Project 81 k6 proof wrapper	2026-07-09T05:19:17.8044439Z r_cd_model_tool   [   0% ] 1 VUs  2m55.0s/3m30s  0/1 shared iters
project81 k6 proof on ronan	Run Project 81 k6 proof wrapper	2026-07-09T05:19:18.8035482Z 
project81 k6 proof on ronan	Run Project 81 k6 proof wrapper	2026-07-09T05:19:18.8035929Z running (2m56.0s), 1/1 VUs, 0 complete and 0 interrupted iterations
project81 k6 proof on ronan	Run Project 81 k6 proof wrapper	2026-07-09T05:19:18.8036398Z r_cd_model_tool   [   0% ] 1 VUs  2m56.0s/3m30s  0/1 shared iters
project81 k6 proof on ronan	Run Project 81 k6 proof wrapper	2026-07-09T05:19:19.8039813Z 
project81 k6 proof on ronan	Run Project 81 k6 proof wrapper	2026-07-09T05:19:19.8041340Z running (2m57.0s), 1/1 VUs, 0 complete and 0 interrupted iterations
project81 k6 proof on ronan	Run Project 81 k6 proof wrapper	2026-07-09T05:19:19.8041643Z r_cd_model_tool   [   0% ] 1 VUs  2m57.0s/3m30s  0/1 shared iters
project81 k6 proof on ronan	Run Project 81 k6 proof wrapper	2026-07-09T05:19:20.8039396Z 
project81 k6 proof on ronan	Run Project 81 k6 proof wrapper	2026-07-09T05:19:20.8039881Z running (2m58.0s), 1/1 VUs, 0 complete and 0 interrupted iterations
project81 k6 proof on ronan	Run Project 81 k6 proof wrapper	2026-07-09T05:19:20.8040350Z r_cd_model_tool   [   0% ] 1 VUs  2m58.0s/3m30s  0/1 shared iters
project81 k6 proof on ronan	Run Project 81 k6 proof wrapper	2026-07-09T05:19:21.8036008Z 
project81 k6 proof on ronan	Run Project 81 k6 proof wrapper	2026-07-09T05:19:21.8037556Z running (2m59.0s), 1/1 VUs, 0 complete and 0 interrupted iterations
project81 k6 proof on ronan	Run Project 81 k6 proof wrapper	2026-07-09T05:19:21.8038720Z r_cd_model_tool   [   0% ] 1 VUs  2m59.0s/3m30s  0/1 shared iters
project81 k6 proof on ronan	Run Project 81 k6 proof wrapper	2026-07-09T05:19:22.8040115Z 
project81 k6 proof on ronan	Run Project 81 k6 proof wrapper	2026-07-09T05:19:22.8041829Z running (3m00.0s), 1/1 VUs, 0 complete and 0 interrupted iterations
project81 k6 proof on ronan	Run Project 81 k6 proof wrapper	2026-07-09T05:19:22.8042992Z r_cd_model_tool   [   0% ] 1 VUs  3m00.0s/3m30s  0/1 shared iters
project81 k6 proof on ronan	Run Project 81 k6 proof wrapper	2026-07-09T05:19:23.3868378Z time="2026-07-08T22:19:23-07:00" level=info msg="\n--- R-CD-MODEL-TOOL EVIDENCE SUMMARY ---" source=console
project81 k6 proof on ronan	Post Checkout proof catalog	﻿2026-07-09T05:19:23.6229849Z Node 20 is being deprecated. This workflow is running with Node 24 by default. If you need to temporarily use Node 20, you can set the ACTIONS_ALLOW_USE_UNSECURE_NODE_VERSION=true environment variable. For more information see: https://github.blog/changelog/2025-09-19-deprecation-of-node-20-on-github-actions-runners/
project81 k6 proof on ronan	Post Checkout proof catalog	2026-07-09T05:19:23.6231164Z Post job cleanup.
project81 k6 proof on ronan	Post Checkout proof catalog	2026-07-09T05:19:23.6713296Z [command]/usr/bin/git version
project81 k6 proof on ronan	Post Checkout proof catalog	2026-07-09T05:19:23.6737166Z git version 2.43.0
project81 k6 proof on ronan	Post Checkout proof catalog	2026-07-09T05:19:23.6751391Z Copying '/home/figs/.gitconfig' to '/home/figs/actions-runner/_work/_temp/30d4cee8-343a-4ee0-964e-435fff028c55/.gitconfig'
project81 k6 proof on ronan	Post Checkout proof catalog	2026-07-09T05:19:23.6757131Z Temporarily overriding HOME='/home/figs/actions-runner/_work/_temp/30d4cee8-343a-4ee0-964e-435fff028c55' before making global git config changes
project81 k6 proof on ronan	Post Checkout proof catalog	2026-07-09T05:19:23.6757987Z Adding repository directory to the temporary git global config as a safe directory
project81 k6 proof on ronan	Post Checkout proof catalog	2026-07-09T05:19:23.6758858Z [command]/usr/bin/git config --global --add safe.directory /home/figs/actions-runner/_work/openclaw-bootstrap/openclaw-bootstrap/karmaterminal-openclaw-docs
project81 k6 proof on ronan	Post Checkout proof catalog	2026-07-09T05:19:23.6858302Z [command]/usr/bin/git config --local --name-only --get-regexp core\.sshCommand
project81 k6 proof on ronan	Post Checkout proof catalog	2026-07-09T05:19:23.6886728Z [command]/usr/bin/git submodule foreach --recursive sh -c "git config --local --name-only --get-regexp 'core\.sshCommand' && git config --local --unset-all 'core.sshCommand' || :"
project81 k6 proof on ronan	Post Checkout proof catalog	2026-07-09T05:19:23.7112956Z [command]/usr/bin/git config --local --name-only --get-regexp http\.https\:\/\/github\.com\/\.extraheader
project81 k6 proof on ronan	Post Checkout proof catalog	2026-07-09T05:19:23.7128745Z http.https://github.com/.extraheader
project81 k6 proof on ronan	Post Checkout proof catalog	2026-07-09T05:19:23.7134264Z [command]/usr/bin/git config --local --unset-all http.https://github.com/.extraheader
project81 k6 proof on ronan	Post Checkout proof catalog	2026-07-09T05:19:23.7161953Z [command]/usr/bin/git submodule foreach --recursive sh -c "git config --local --name-only --get-regexp 'http\.https\:\/\/github\.com\/\.extraheader' && git config --local --unset-all 'http.https://github.com/.extraheader' || :"
project81 k6 proof on ronan	Post Checkout proof catalog	2026-07-09T05:19:23.7388928Z [command]/usr/bin/git config --local --name-only --get-regexp ^includeIf\.gitdir:
project81 k6 proof on ronan	Post Checkout proof catalog	2026-07-09T05:19:23.7411403Z [command]/usr/bin/git submodule foreach --recursive git config --local --show-origin --name-only --get-regexp remote.origin.url
project81 k6 proof on ronan	Post Checkout bootstrap	﻿2026-07-09T05:19:23.7936902Z Node 20 is being deprecated. This workflow is running with Node 24 by default. If you need to temporarily use Node 20, you can set the ACTIONS_ALLOW_USE_UNSECURE_NODE_VERSION=true environment variable. For more information see: https://github.blog/changelog/2025-09-19-deprecation-of-node-20-on-github-actions-runners/
project81 k6 proof on ronan	Post Checkout bootstrap	2026-07-09T05:19:23.7937601Z Post job cleanup.
project81 k6 proof on ronan	Post Checkout bootstrap	2026-07-09T05:19:23.8411766Z [command]/usr/bin/git version
project81 k6 proof on ronan	Post Checkout bootstrap	2026-07-09T05:19:23.8434550Z git version 2.43.0
project81 k6 proof on ronan	Post Checkout bootstrap	2026-07-09T05:19:23.8448458Z Copying '/home/figs/.gitconfig' to '/home/figs/actions-runner/_work/_temp/8fc5f071-c792-4d4c-abe5-6418752e0417/.gitconfig'
project81 k6 proof on ronan	Post Checkout bootstrap	2026-07-09T05:19:23.8453918Z Temporarily overriding HOME='/home/figs/actions-runner/_work/_temp/8fc5f071-c792-4d4c-abe5-6418752e0417' before making global git config changes
project81 k6 proof on ronan	Post Checkout bootstrap	2026-07-09T05:19:23.8454581Z Adding repository directory to the temporary git global config as a safe directory
project81 k6 proof on ronan	Post Checkout bootstrap	2026-07-09T05:19:23.8455805Z [command]/usr/bin/git config --global --add safe.directory /home/figs/actions-runner/_work/openclaw-bootstrap/openclaw-bootstrap/openclaw-bootstrap
project81 k6 proof on ronan	Post Checkout bootstrap	2026-07-09T05:19:23.8555842Z [command]/usr/bin/git config --local --name-only --get-regexp core\.sshCommand
project81 k6 proof on ronan	Post Checkout bootstrap	2026-07-09T05:19:23.8576892Z [command]/usr/bin/git submodule foreach --recursive sh -c "git config --local --name-only --get-regexp 'core\.sshCommand' && git config --local --unset-all 'core.sshCommand' || :"
project81 k6 proof on ronan	Post Checkout bootstrap	2026-07-09T05:19:23.8791284Z [command]/usr/bin/git config --local --name-only --get-regexp http\.https\:\/\/github\.com\/\.extraheader
project81 k6 proof on ronan	Post Checkout bootstrap	2026-07-09T05:19:23.8807779Z http.https://github.com/.extraheader
project81 k6 proof on ronan	Post Checkout bootstrap	2026-07-09T05:19:23.8815784Z [command]/usr/bin/git config --local --unset-all http.https://github.com/.extraheader
project81 k6 proof on ronan	Post Checkout bootstrap	2026-07-09T05:19:23.8838185Z [command]/usr/bin/git submodule foreach --recursive sh -c "git config --local --name-only --get-regexp 'http\.https\:\/\/github\.com\/\.extraheader' && git config --local --unset-all 'http.https://github.com/.extraheader' || :"
project81 k6 proof on ronan	Post Checkout bootstrap	2026-07-09T05:19:23.9055551Z [command]/usr/bin/git config --local --name-only --get-regexp ^includeIf\.gitdir:
project81 k6 proof on ronan	Post Checkout bootstrap	2026-07-09T05:19:23.9087855Z [command]/usr/bin/git submodule foreach --recursive git config --local --show-origin --name-only --get-regexp remote.origin.url
project81 k6 proof on ronan	Complete job	﻿2026-07-09T05:19:23.9494123Z Cleaning up orphan processes
project81 k6 proof on ronan	Complete job	2026-07-09T05:19:24.0480461Z ##[warning]Node.js 20 is deprecated. The following actions target Node.js 20 but are being forced to run on Node.js 24: actions/checkout@v4. For more information see: https://github.blog/changelog/2025-09-19-deprecation-of-node-20-on-github-actions-runners/
