project81 k6 proof on cael	Set up job	﻿2026-07-09T05:24:26.5868670Z Current runner version: '2.335.1'
project81 k6 proof on cael	Set up job	2026-07-09T05:24:26.5873014Z Runner name: 'cael'
project81 k6 proof on cael	Set up job	2026-07-09T05:24:26.5873472Z Runner group name: 'thornfield'
project81 k6 proof on cael	Set up job	2026-07-09T05:24:26.5874117Z Machine name: 'cael'
project81 k6 proof on cael	Set up job	2026-07-09T05:24:26.5875548Z ##[group]GITHUB_TOKEN Permissions
project81 k6 proof on cael	Set up job	2026-07-09T05:24:26.5877242Z Contents: read
project81 k6 proof on cael	Set up job	2026-07-09T05:24:26.5877620Z Metadata: read
project81 k6 proof on cael	Set up job	2026-07-09T05:24:26.5877943Z ##[endgroup]
project81 k6 proof on cael	Set up job	2026-07-09T05:24:26.5879237Z Secret source: Actions
project81 k6 proof on cael	Set up job	2026-07-09T05:24:26.5879689Z Prepare workflow directory
project81 k6 proof on cael	Set up job	2026-07-09T05:24:26.6293262Z Prepare all required actions
project81 k6 proof on cael	Set up job	2026-07-09T05:24:26.6315223Z Getting action download info
project81 k6 proof on cael	Set up job	2026-07-09T05:24:27.0124811Z Download action repository 'actions/checkout@v4' (SHA:34e114876b0b11c390a56381ad16ebd13914f8d5)
project81 k6 proof on cael	Set up job	2026-07-09T05:24:27.4090325Z Download action repository 'actions/upload-artifact@v4' (SHA:ea165f8d65b6e75b540449e92b4886f43607fa02)
project81 k6 proof on cael	Set up job	2026-07-09T05:24:28.0144264Z Complete job name: project81 k6 proof on cael
project81 k6 proof on cael	Checkout bootstrap	﻿2026-07-09T05:24:28.0761668Z Node 20 is being deprecated. This workflow is running with Node 24 by default. If you need to temporarily use Node 20, you can set the ACTIONS_ALLOW_USE_UNSECURE_NODE_VERSION=true environment variable. For more information see: https://github.blog/changelog/2025-09-19-deprecation-of-node-20-on-github-actions-runners/
project81 k6 proof on cael	Checkout bootstrap	2026-07-09T05:24:28.0766184Z ##[group]Run actions/checkout@v4
project81 k6 proof on cael	Checkout bootstrap	2026-07-09T05:24:28.0766583Z with:
project81 k6 proof on cael	Checkout bootstrap	2026-07-09T05:24:28.0766827Z   path: openclaw-bootstrap
project81 k6 proof on cael	Checkout bootstrap	2026-07-09T05:24:28.0767127Z   repository: karmaterminal/openclaw-bootstrap
project81 k6 proof on cael	Checkout bootstrap	2026-07-09T05:24:28.0769380Z   token: ***
project81 k6 proof on cael	Checkout bootstrap	2026-07-09T05:24:28.0769671Z   ssh-strict: true
project81 k6 proof on cael	Checkout bootstrap	2026-07-09T05:24:28.0769913Z   ssh-user: git
project81 k6 proof on cael	Checkout bootstrap	2026-07-09T05:24:28.0770161Z   persist-credentials: true
project81 k6 proof on cael	Checkout bootstrap	2026-07-09T05:24:28.0770428Z   clean: true
project81 k6 proof on cael	Checkout bootstrap	2026-07-09T05:24:28.0770678Z   sparse-checkout-cone-mode: true
project81 k6 proof on cael	Checkout bootstrap	2026-07-09T05:24:28.0770966Z   fetch-depth: 1
project81 k6 proof on cael	Checkout bootstrap	2026-07-09T05:24:28.0771205Z   fetch-tags: false
project81 k6 proof on cael	Checkout bootstrap	2026-07-09T05:24:28.0771452Z   show-progress: true
project81 k6 proof on cael	Checkout bootstrap	2026-07-09T05:24:28.0771724Z   lfs: false
project81 k6 proof on cael	Checkout bootstrap	2026-07-09T05:24:28.0771973Z   submodules: false
project81 k6 proof on cael	Checkout bootstrap	2026-07-09T05:24:28.0772228Z   set-safe-directory: true
project81 k6 proof on cael	Checkout bootstrap	2026-07-09T05:24:28.0772551Z env:
project81 k6 proof on cael	Checkout bootstrap	2026-07-09T05:24:28.0772779Z   TARGET_PRINCE: cael
project81 k6 proof on cael	Checkout bootstrap	2026-07-09T05:24:28.0773078Z   CANDIDATE_SHA: 5292af40d0ad5303b85a678f6e629503a8725848
project81 k6 proof on cael	Checkout bootstrap	2026-07-09T05:24:28.0773423Z   TARGET_REF: 
project81 k6 proof on cael	Checkout bootstrap	2026-07-09T05:24:28.0774212Z   ROWS: R-CD-SILENT,R-CD-TOKEN,R-CONFIG-defaults,R-CONFIG-INTERSESSION,R-CW-1,R-CW-2,R-CW-3,R-CW-4,R-CW-DELEGATE-SELF-CONTINUATION,R-CW-TOKEN,R-OBS-1,R-OBS-status,R-RC-1,R-RC-2
project81 k6 proof on cael	Checkout bootstrap	2026-07-09T05:24:28.0775053Z   K6SCENARIOS: 
project81 k6 proof on cael	Checkout bootstrap	2026-07-09T05:24:28.0775315Z   SESSION_SELECTOR: p81-5292-cael-live-tail
project81 k6 proof on cael	Checkout bootstrap	2026-07-09T05:24:28.0775638Z   MANIFEST_PATH: project81-k6/manifest.json
project81 k6 proof on cael	Checkout bootstrap	2026-07-09T05:24:28.0775962Z   DOCS_REF: scribe/20260708/proofs-5292-rerun
project81 k6 proof on cael	Checkout bootstrap	2026-07-09T05:24:28.0776270Z   USE_DOCS_CATALOG: true
project81 k6 proof on cael	Checkout bootstrap	2026-07-09T05:24:28.0776564Z   DRY_RUN: false
project81 k6 proof on cael	Checkout bootstrap	2026-07-09T05:24:28.0776819Z   PROOFS_METRICS_PUSH: true
project81 k6 proof on cael	Checkout bootstrap	2026-07-09T05:24:28.0777171Z   PROOFS_METRICS_OTLP_ENDPOINT: http://10.0.0.99:4318/v1/metrics
project81 k6 proof on cael	Checkout bootstrap	2026-07-09T05:24:28.0777540Z   OPENCLAW_ALT_MODEL: 
project81 k6 proof on cael	Checkout bootstrap	2026-07-09T05:24:28.0777815Z   OPENCLAW_CREATE_DISPOSABLE_SESSION: true
project81 k6 proof on cael	Checkout bootstrap	2026-07-09T05:24:28.0778209Z   OPENCLAW_CREATE_DISPOSABLE_SESSIONS: true
project81 k6 proof on cael	Checkout bootstrap	2026-07-09T05:24:28.0778650Z   REASON: P81 5292 true remaining gateway-live rows after excluding corpus-dependent rows
project81 k6 proof on cael	Checkout bootstrap	2026-07-09T05:24:28.0779089Z ##[endgroup]
project81 k6 proof on cael	Checkout bootstrap	2026-07-09T05:24:28.1379228Z Syncing repository: karmaterminal/openclaw-bootstrap
project81 k6 proof on cael	Checkout bootstrap	2026-07-09T05:24:28.1381290Z ##[group]Getting Git version info
project81 k6 proof on cael	Checkout bootstrap	2026-07-09T05:24:28.1382420Z Working directory is '/home/figs/actions-runner/_work/openclaw-bootstrap/openclaw-bootstrap/openclaw-bootstrap'
project81 k6 proof on cael	Checkout bootstrap	2026-07-09T05:24:28.1383845Z [command]/usr/bin/git version
project81 k6 proof on cael	Checkout bootstrap	2026-07-09T05:24:28.1384491Z git version 2.43.0
project81 k6 proof on cael	Checkout bootstrap	2026-07-09T05:24:28.1386266Z ##[endgroup]
project81 k6 proof on cael	Checkout bootstrap	2026-07-09T05:24:28.1390977Z Copying '/home/figs/.gitconfig' to '/home/figs/actions-runner/_work/_temp/0bcbd49a-55a4-4515-aba1-1213f6e9ea30/.gitconfig'
project81 k6 proof on cael	Checkout bootstrap	2026-07-09T05:24:28.1392723Z Temporarily overriding HOME='/home/figs/actions-runner/_work/_temp/0bcbd49a-55a4-4515-aba1-1213f6e9ea30' before making global git config changes
project81 k6 proof on cael	Checkout bootstrap	2026-07-09T05:24:28.1394847Z Adding repository directory to the temporary git global config as a safe directory
project81 k6 proof on cael	Checkout bootstrap	2026-07-09T05:24:28.1396385Z [command]/usr/bin/git config --global --add safe.directory /home/figs/actions-runner/_work/openclaw-bootstrap/openclaw-bootstrap/openclaw-bootstrap
project81 k6 proof on cael	Checkout bootstrap	2026-07-09T05:24:28.1451462Z [command]/usr/bin/git config --local --get remote.origin.url
project81 k6 proof on cael	Checkout bootstrap	2026-07-09T05:24:28.1471263Z https://github.com/karmaterminal/openclaw-bootstrap
project81 k6 proof on cael	Checkout bootstrap	2026-07-09T05:24:28.1480249Z ##[group]Removing previously created refs, to avoid conflicts
project81 k6 proof on cael	Checkout bootstrap	2026-07-09T05:24:28.1481302Z [command]/usr/bin/git rev-parse --symbolic-full-name --verify --quiet HEAD
project81 k6 proof on cael	Checkout bootstrap	2026-07-09T05:24:28.1500801Z refs/heads/main
project81 k6 proof on cael	Checkout bootstrap	2026-07-09T05:24:28.1504340Z [command]/usr/bin/git checkout --detach
project81 k6 proof on cael	Checkout bootstrap	2026-07-09T05:24:28.1561972Z HEAD is now at 997d742 Add prince MinIO filesharing runbook (#1259)
project81 k6 proof on cael	Checkout bootstrap	2026-07-09T05:24:28.1590811Z [command]/usr/bin/git branch --delete --force main
project81 k6 proof on cael	Checkout bootstrap	2026-07-09T05:24:28.1618544Z Deleted branch main (was 997d742).
project81 k6 proof on cael	Checkout bootstrap	2026-07-09T05:24:28.1658427Z ##[endgroup]
project81 k6 proof on cael	Checkout bootstrap	2026-07-09T05:24:28.1661433Z [command]/usr/bin/git submodule status
project81 k6 proof on cael	Checkout bootstrap	2026-07-09T05:24:28.1884943Z ##[group]Cleaning the repository
project81 k6 proof on cael	Checkout bootstrap	2026-07-09T05:24:28.1889961Z [command]/usr/bin/git clean -ffdx
project81 k6 proof on cael	Checkout bootstrap	2026-07-09T05:24:28.1958332Z Removing PROOFS/
project81 k6 proof on cael	Checkout bootstrap	2026-07-09T05:24:28.1963831Z [command]/usr/bin/git reset --hard HEAD
project81 k6 proof on cael	Checkout bootstrap	2026-07-09T05:24:28.2029141Z HEAD is now at 997d742 Add prince MinIO filesharing runbook (#1259)
project81 k6 proof on cael	Checkout bootstrap	2026-07-09T05:24:28.2032872Z ##[endgroup]
project81 k6 proof on cael	Checkout bootstrap	2026-07-09T05:24:28.2033308Z ##[group]Disabling automatic garbage collection
project81 k6 proof on cael	Checkout bootstrap	2026-07-09T05:24:28.2035408Z [command]/usr/bin/git config --local gc.auto 0
project81 k6 proof on cael	Checkout bootstrap	2026-07-09T05:24:28.2053604Z ##[endgroup]
project81 k6 proof on cael	Checkout bootstrap	2026-07-09T05:24:28.2054000Z ##[group]Setting up auth
project81 k6 proof on cael	Checkout bootstrap	2026-07-09T05:24:28.2056831Z [command]/usr/bin/git config --local --name-only --get-regexp core\.sshCommand
project81 k6 proof on cael	Checkout bootstrap	2026-07-09T05:24:28.2079522Z [command]/usr/bin/git submodule foreach --recursive sh -c "git config --local --name-only --get-regexp 'core\.sshCommand' && git config --local --unset-all 'core.sshCommand' || :"
project81 k6 proof on cael	Checkout bootstrap	2026-07-09T05:24:28.2310767Z [command]/usr/bin/git config --local --name-only --get-regexp http\.https\:\/\/github\.com\/\.extraheader
project81 k6 proof on cael	Checkout bootstrap	2026-07-09T05:24:28.2341066Z [command]/usr/bin/git submodule foreach --recursive sh -c "git config --local --name-only --get-regexp 'http\.https\:\/\/github\.com\/\.extraheader' && git config --local --unset-all 'http.https://github.com/.extraheader' || :"
project81 k6 proof on cael	Checkout bootstrap	2026-07-09T05:24:28.2550545Z [command]/usr/bin/git config --local --name-only --get-regexp ^includeIf\.gitdir:
project81 k6 proof on cael	Checkout bootstrap	2026-07-09T05:24:28.2575530Z [command]/usr/bin/git submodule foreach --recursive git config --local --show-origin --name-only --get-regexp remote.origin.url
project81 k6 proof on cael	Checkout bootstrap	2026-07-09T05:24:28.2793347Z [command]/usr/bin/git config --local http.https://github.com/.extraheader AUTHORIZATION: basic ***
project81 k6 proof on cael	Checkout bootstrap	2026-07-09T05:24:28.2836489Z ##[endgroup]
project81 k6 proof on cael	Checkout bootstrap	2026-07-09T05:24:28.2837010Z ##[group]Fetching the repository
project81 k6 proof on cael	Checkout bootstrap	2026-07-09T05:24:28.2838967Z [command]/usr/bin/git -c protocol.version=2 fetch --no-tags --prune --no-recurse-submodules --depth=1 origin +997d7423b6d29af4e4e899ff23295831e7c08718:refs/remotes/origin/main
project81 k6 proof on cael	Checkout bootstrap	2026-07-09T05:24:28.7025187Z ##[endgroup]
project81 k6 proof on cael	Checkout bootstrap	2026-07-09T05:24:28.7026183Z ##[group]Determining the checkout info
project81 k6 proof on cael	Checkout bootstrap	2026-07-09T05:24:28.7027332Z ##[endgroup]
project81 k6 proof on cael	Checkout bootstrap	2026-07-09T05:24:28.7028188Z [command]/usr/bin/git sparse-checkout disable
project81 k6 proof on cael	Checkout bootstrap	2026-07-09T05:24:28.7108592Z [command]/usr/bin/git config --local --unset-all extensions.worktreeConfig
project81 k6 proof on cael	Checkout bootstrap	2026-07-09T05:24:28.7134596Z ##[group]Checking out the ref
project81 k6 proof on cael	Checkout bootstrap	2026-07-09T05:24:28.7136044Z [command]/usr/bin/git checkout --progress --force -B main refs/remotes/origin/main
project81 k6 proof on cael	Checkout bootstrap	2026-07-09T05:24:28.7183145Z Switched to a new branch 'main'
project81 k6 proof on cael	Checkout bootstrap	2026-07-09T05:24:28.7183848Z branch 'main' set up to track 'origin/main'.
project81 k6 proof on cael	Checkout bootstrap	2026-07-09T05:24:28.7187849Z ##[endgroup]
project81 k6 proof on cael	Checkout bootstrap	2026-07-09T05:24:28.7224645Z [command]/usr/bin/git log -1 --format=%H
project81 k6 proof on cael	Checkout bootstrap	2026-07-09T05:24:28.7247099Z 997d7423b6d29af4e4e899ff23295831e7c08718
project81 k6 proof on cael	Checkout proof catalog	﻿2026-07-09T05:24:28.7505176Z Node 20 is being deprecated. This workflow is running with Node 24 by default. If you need to temporarily use Node 20, you can set the ACTIONS_ALLOW_USE_UNSECURE_NODE_VERSION=true environment variable. For more information see: https://github.blog/changelog/2025-09-19-deprecation-of-node-20-on-github-actions-runners/
project81 k6 proof on cael	Checkout proof catalog	2026-07-09T05:24:28.7508349Z ##[group]Run actions/checkout@v4
project81 k6 proof on cael	Checkout proof catalog	2026-07-09T05:24:28.7508820Z with:
project81 k6 proof on cael	Checkout proof catalog	2026-07-09T05:24:28.7509284Z   repository: karmaterminal/karmaterminal-openclaw-docs
project81 k6 proof on cael	Checkout proof catalog	2026-07-09T05:24:28.7509918Z   ref: scribe/20260708/proofs-5292-rerun
project81 k6 proof on cael	Checkout proof catalog	2026-07-09T05:24:28.7510453Z   path: karmaterminal-openclaw-docs
project81 k6 proof on cael	Checkout proof catalog	2026-07-09T05:24:28.7514595Z   token: ***
project81 k6 proof on cael	Checkout proof catalog	2026-07-09T05:24:28.7514967Z   ssh-strict: true
project81 k6 proof on cael	Checkout proof catalog	2026-07-09T05:24:28.7515350Z   ssh-user: git
project81 k6 proof on cael	Checkout proof catalog	2026-07-09T05:24:28.7515747Z   persist-credentials: true
project81 k6 proof on cael	Checkout proof catalog	2026-07-09T05:24:28.7516184Z   clean: true
project81 k6 proof on cael	Checkout proof catalog	2026-07-09T05:24:28.7516634Z   sparse-checkout-cone-mode: true
project81 k6 proof on cael	Checkout proof catalog	2026-07-09T05:24:28.7517111Z   fetch-depth: 1
project81 k6 proof on cael	Checkout proof catalog	2026-07-09T05:24:28.7517487Z   fetch-tags: false
project81 k6 proof on cael	Checkout proof catalog	2026-07-09T05:24:28.7517912Z   show-progress: true
project81 k6 proof on cael	Checkout proof catalog	2026-07-09T05:24:28.7518312Z   lfs: false
project81 k6 proof on cael	Checkout proof catalog	2026-07-09T05:24:28.7518679Z   submodules: false
project81 k6 proof on cael	Checkout proof catalog	2026-07-09T05:24:28.7519088Z   set-safe-directory: true
project81 k6 proof on cael	Checkout proof catalog	2026-07-09T05:24:28.7519518Z env:
project81 k6 proof on cael	Checkout proof catalog	2026-07-09T05:24:28.7519872Z   TARGET_PRINCE: cael
project81 k6 proof on cael	Checkout proof catalog	2026-07-09T05:24:28.7520375Z   CANDIDATE_SHA: 5292af40d0ad5303b85a678f6e629503a8725848
project81 k6 proof on cael	Checkout proof catalog	2026-07-09T05:24:28.7520952Z   TARGET_REF: 
project81 k6 proof on cael	Checkout proof catalog	2026-07-09T05:24:28.7522407Z   ROWS: R-CD-SILENT,R-CD-TOKEN,R-CONFIG-defaults,R-CONFIG-INTERSESSION,R-CW-1,R-CW-2,R-CW-3,R-CW-4,R-CW-DELEGATE-SELF-CONTINUATION,R-CW-TOKEN,R-OBS-1,R-OBS-status,R-RC-1,R-RC-2
project81 k6 proof on cael	Checkout proof catalog	2026-07-09T05:24:28.7523999Z   K6SCENARIOS: 
project81 k6 proof on cael	Checkout proof catalog	2026-07-09T05:24:28.7533030Z   SESSION_SELECTOR: p81-5292-cael-live-tail
project81 k6 proof on cael	Checkout proof catalog	2026-07-09T05:24:28.7533647Z   MANIFEST_PATH: project81-k6/manifest.json
project81 k6 proof on cael	Checkout proof catalog	2026-07-09T05:24:28.7534212Z   DOCS_REF: scribe/20260708/proofs-5292-rerun
project81 k6 proof on cael	Checkout proof catalog	2026-07-09T05:24:28.7534748Z   USE_DOCS_CATALOG: true
project81 k6 proof on cael	Checkout proof catalog	2026-07-09T05:24:28.7535173Z   DRY_RUN: false
project81 k6 proof on cael	Checkout proof catalog	2026-07-09T05:24:28.7535566Z   PROOFS_METRICS_PUSH: true
project81 k6 proof on cael	Checkout proof catalog	2026-07-09T05:24:28.7536170Z   PROOFS_METRICS_OTLP_ENDPOINT: http://10.0.0.99:4318/v1/metrics
project81 k6 proof on cael	Checkout proof catalog	2026-07-09T05:24:28.7536920Z   OPENCLAW_ALT_MODEL: 
project81 k6 proof on cael	Checkout proof catalog	2026-07-09T05:24:28.7537373Z   OPENCLAW_CREATE_DISPOSABLE_SESSION: true
project81 k6 proof on cael	Checkout proof catalog	2026-07-09T05:24:28.7537939Z   OPENCLAW_CREATE_DISPOSABLE_SESSIONS: true
project81 k6 proof on cael	Checkout proof catalog	2026-07-09T05:24:28.7538752Z   REASON: P81 5292 true remaining gateway-live rows after excluding corpus-dependent rows
project81 k6 proof on cael	Checkout proof catalog	2026-07-09T05:24:28.7539574Z ##[endgroup]
project81 k6 proof on cael	Checkout proof catalog	2026-07-09T05:24:28.8034420Z Syncing repository: karmaterminal/karmaterminal-openclaw-docs
project81 k6 proof on cael	Checkout proof catalog	2026-07-09T05:24:28.8036302Z ##[group]Getting Git version info
project81 k6 proof on cael	Checkout proof catalog	2026-07-09T05:24:28.8038385Z Working directory is '/home/figs/actions-runner/_work/openclaw-bootstrap/openclaw-bootstrap/karmaterminal-openclaw-docs'
project81 k6 proof on cael	Checkout proof catalog	2026-07-09T05:24:28.8060369Z [command]/usr/bin/git version
project81 k6 proof on cael	Checkout proof catalog	2026-07-09T05:24:28.8087622Z git version 2.43.0
project81 k6 proof on cael	Checkout proof catalog	2026-07-09T05:24:28.8096614Z ##[endgroup]
project81 k6 proof on cael	Checkout proof catalog	2026-07-09T05:24:28.8102051Z Copying '/home/figs/.gitconfig' to '/home/figs/actions-runner/_work/_temp/f2b3b0bd-41a7-4ca7-851b-42c906d3b7d7/.gitconfig'
project81 k6 proof on cael	Checkout proof catalog	2026-07-09T05:24:28.8110597Z Temporarily overriding HOME='/home/figs/actions-runner/_work/_temp/f2b3b0bd-41a7-4ca7-851b-42c906d3b7d7' before making global git config changes
project81 k6 proof on cael	Checkout proof catalog	2026-07-09T05:24:28.8113209Z Adding repository directory to the temporary git global config as a safe directory
project81 k6 proof on cael	Checkout proof catalog	2026-07-09T05:24:28.8115954Z [command]/usr/bin/git config --global --add safe.directory /home/figs/actions-runner/_work/openclaw-bootstrap/openclaw-bootstrap/karmaterminal-openclaw-docs
project81 k6 proof on cael	Checkout proof catalog	2026-07-09T05:24:28.8148150Z [command]/usr/bin/git config --local --get remote.origin.url
project81 k6 proof on cael	Checkout proof catalog	2026-07-09T05:24:28.8166007Z https://github.com/karmaterminal/karmaterminal-openclaw-docs
project81 k6 proof on cael	Checkout proof catalog	2026-07-09T05:24:28.8174800Z ##[group]Removing previously created refs, to avoid conflicts
project81 k6 proof on cael	Checkout proof catalog	2026-07-09T05:24:28.8176558Z [command]/usr/bin/git rev-parse --symbolic-full-name --verify --quiet HEAD
project81 k6 proof on cael	Checkout proof catalog	2026-07-09T05:24:28.8193951Z refs/heads/scribe/20260708/proofs-5292-rerun
project81 k6 proof on cael	Checkout proof catalog	2026-07-09T05:24:28.8197008Z [command]/usr/bin/git checkout --detach
project81 k6 proof on cael	Checkout proof catalog	2026-07-09T05:24:28.8362700Z HEAD is now at cc408f7 PROOFS: seed Project 81 rerun corpus for 5292af40
project81 k6 proof on cael	Checkout proof catalog	2026-07-09T05:24:28.8397588Z [command]/usr/bin/git branch --delete --force scribe/20260708/proofs-5292-rerun
project81 k6 proof on cael	Checkout proof catalog	2026-07-09T05:24:28.8435336Z Deleted branch scribe/20260708/proofs-5292-rerun (was cc408f7).
project81 k6 proof on cael	Checkout proof catalog	2026-07-09T05:24:28.8471352Z ##[endgroup]
project81 k6 proof on cael	Checkout proof catalog	2026-07-09T05:24:28.8472130Z [command]/usr/bin/git submodule status
project81 k6 proof on cael	Checkout proof catalog	2026-07-09T05:24:28.8697312Z ##[group]Cleaning the repository
project81 k6 proof on cael	Checkout proof catalog	2026-07-09T05:24:28.8698290Z [command]/usr/bin/git clean -ffdx
project81 k6 proof on cael	Checkout proof catalog	2026-07-09T05:24:28.8944968Z [command]/usr/bin/git reset --hard HEAD
project81 k6 proof on cael	Checkout proof catalog	2026-07-09T05:24:28.9323587Z HEAD is now at cc408f7 PROOFS: seed Project 81 rerun corpus for 5292af40
project81 k6 proof on cael	Checkout proof catalog	2026-07-09T05:24:28.9331667Z ##[endgroup]
project81 k6 proof on cael	Checkout proof catalog	2026-07-09T05:24:28.9332910Z ##[group]Disabling automatic garbage collection
project81 k6 proof on cael	Checkout proof catalog	2026-07-09T05:24:28.9334156Z [command]/usr/bin/git config --local gc.auto 0
project81 k6 proof on cael	Checkout proof catalog	2026-07-09T05:24:28.9365411Z ##[endgroup]
project81 k6 proof on cael	Checkout proof catalog	2026-07-09T05:24:28.9366062Z ##[group]Setting up auth
project81 k6 proof on cael	Checkout proof catalog	2026-07-09T05:24:28.9367733Z [command]/usr/bin/git config --local --name-only --get-regexp core\.sshCommand
project81 k6 proof on cael	Checkout proof catalog	2026-07-09T05:24:28.9391616Z [command]/usr/bin/git submodule foreach --recursive sh -c "git config --local --name-only --get-regexp 'core\.sshCommand' && git config --local --unset-all 'core.sshCommand' || :"
project81 k6 proof on cael	Checkout proof catalog	2026-07-09T05:24:28.9621361Z [command]/usr/bin/git config --local --name-only --get-regexp http\.https\:\/\/github\.com\/\.extraheader
project81 k6 proof on cael	Checkout proof catalog	2026-07-09T05:24:28.9648288Z [command]/usr/bin/git submodule foreach --recursive sh -c "git config --local --name-only --get-regexp 'http\.https\:\/\/github\.com\/\.extraheader' && git config --local --unset-all 'http.https://github.com/.extraheader' || :"
project81 k6 proof on cael	Checkout proof catalog	2026-07-09T05:24:28.9876710Z [command]/usr/bin/git config --local --name-only --get-regexp ^includeIf\.gitdir:
project81 k6 proof on cael	Checkout proof catalog	2026-07-09T05:24:28.9906819Z [command]/usr/bin/git submodule foreach --recursive git config --local --show-origin --name-only --get-regexp remote.origin.url
project81 k6 proof on cael	Checkout proof catalog	2026-07-09T05:24:29.0132929Z [command]/usr/bin/git config --local http.https://github.com/.extraheader AUTHORIZATION: basic ***
project81 k6 proof on cael	Checkout proof catalog	2026-07-09T05:24:29.0159718Z ##[endgroup]
project81 k6 proof on cael	Checkout proof catalog	2026-07-09T05:24:29.0160926Z ##[group]Fetching the repository
project81 k6 proof on cael	Checkout proof catalog	2026-07-09T05:24:29.0165200Z [command]/usr/bin/git -c protocol.version=2 fetch --no-tags --prune --no-recurse-submodules --depth=1 origin +refs/heads/scribe/20260708/proofs-5292-rerun*:refs/remotes/origin/scribe/20260708/proofs-5292-rerun* +refs/tags/scribe/20260708/proofs-5292-rerun*:refs/tags/scribe/20260708/proofs-5292-rerun*
project81 k6 proof on cael	Checkout proof catalog	2026-07-09T05:24:29.5427661Z ##[endgroup]
project81 k6 proof on cael	Checkout proof catalog	2026-07-09T05:24:29.5428252Z ##[group]Determining the checkout info
project81 k6 proof on cael	Checkout proof catalog	2026-07-09T05:24:29.5429589Z [command]/usr/bin/git branch --list --remote origin/scribe/20260708/proofs-5292-rerun
project81 k6 proof on cael	Checkout proof catalog	2026-07-09T05:24:29.5447136Z   origin/scribe/20260708/proofs-5292-rerun
project81 k6 proof on cael	Checkout proof catalog	2026-07-09T05:24:29.5449982Z ##[endgroup]
project81 k6 proof on cael	Checkout proof catalog	2026-07-09T05:24:29.5454652Z [command]/usr/bin/git sparse-checkout disable
project81 k6 proof on cael	Checkout proof catalog	2026-07-09T05:24:29.5553386Z [command]/usr/bin/git config --local --unset-all extensions.worktreeConfig
project81 k6 proof on cael	Checkout proof catalog	2026-07-09T05:24:29.5580555Z ##[group]Checking out the ref
project81 k6 proof on cael	Checkout proof catalog	2026-07-09T05:24:29.5582741Z [command]/usr/bin/git checkout --progress --force -B scribe/20260708/proofs-5292-rerun refs/remotes/origin/scribe/20260708/proofs-5292-rerun
project81 k6 proof on cael	Checkout proof catalog	2026-07-09T05:24:29.5808858Z Switched to a new branch 'scribe/20260708/proofs-5292-rerun'
project81 k6 proof on cael	Checkout proof catalog	2026-07-09T05:24:29.5809497Z branch 'scribe/20260708/proofs-5292-rerun' set up to track 'origin/scribe/20260708/proofs-5292-rerun'.
project81 k6 proof on cael	Checkout proof catalog	2026-07-09T05:24:29.5811457Z ##[endgroup]
project81 k6 proof on cael	Checkout proof catalog	2026-07-09T05:24:29.5834034Z [command]/usr/bin/git log -1 --format=%H
project81 k6 proof on cael	Checkout proof catalog	2026-07-09T05:24:29.5857462Z cc408f75eaf760d01224a93f3326f9a8a837e114
project81 k6 proof on cael	Run Project 81 k6 proof wrapper	﻿2026-07-09T05:24:29.5985660Z ##[group]Run set -euo pipefail
project81 k6 proof on cael	Run Project 81 k6 proof wrapper	2026-07-09T05:24:29.5985937Z [36;1mset -euo pipefail[0m
project81 k6 proof on cael	Run Project 81 k6 proof wrapper	2026-07-09T05:24:29.5986075Z [36;1mcd openclaw-bootstrap[0m
project81 k6 proof on cael	Run Project 81 k6 proof wrapper	2026-07-09T05:24:29.5986283Z [36;1msummary_output="$(scripts/project81-k6-proof/run.sh)"[0m
project81 k6 proof on cael	Run Project 81 k6 proof wrapper	2026-07-09T05:24:29.5986620Z [36;1msummary_path="$(printf '%s\n' "${summary_output}" | tail -n 1)"[0m
project81 k6 proof on cael	Run Project 81 k6 proof wrapper	2026-07-09T05:24:29.5986956Z [36;1mtest -f "${summary_path}"[0m
project81 k6 proof on cael	Run Project 81 k6 proof wrapper	2026-07-09T05:24:29.5987138Z [36;1mecho "summary_path=${summary_path}" >> "$GITHUB_OUTPUT"[0m
project81 k6 proof on cael	Run Project 81 k6 proof wrapper	2026-07-09T05:24:29.5987371Z [36;1mecho "### Project 81 k6 proof" >> "$GITHUB_STEP_SUMMARY"[0m
project81 k6 proof on cael	Run Project 81 k6 proof wrapper	2026-07-09T05:24:29.5987565Z [36;1mecho "" >> "$GITHUB_STEP_SUMMARY"[0m
project81 k6 proof on cael	Run Project 81 k6 proof wrapper	2026-07-09T05:24:29.5987783Z [36;1mecho "- target prince: ${TARGET_PRINCE}" >> "$GITHUB_STEP_SUMMARY"[0m
project81 k6 proof on cael	Run Project 81 k6 proof wrapper	2026-07-09T05:24:29.5988018Z [36;1mecho "- rows: ${ROWS}" >> "$GITHUB_STEP_SUMMARY"[0m
project81 k6 proof on cael	Run Project 81 k6 proof wrapper	2026-07-09T05:24:29.5988227Z [36;1mecho "- dry run: ${DRY_RUN}" >> "$GITHUB_STEP_SUMMARY"[0m
project81 k6 proof on cael	Run Project 81 k6 proof wrapper	2026-07-09T05:24:29.5988486Z [36;1mecho "- alt model: ${OPENCLAW_ALT_MODEL:-}" >> "$GITHUB_STEP_SUMMARY"[0m
project81 k6 proof on cael	Run Project 81 k6 proof wrapper	2026-07-09T05:24:29.5988745Z [36;1mecho "- reason: ${REASON:-}" >> "$GITHUB_STEP_SUMMARY"[0m
project81 k6 proof on cael	Run Project 81 k6 proof wrapper	2026-07-09T05:24:29.5988974Z [36;1mecho "- summary: \`${summary_path}\`" >> "$GITHUB_STEP_SUMMARY"[0m
project81 k6 proof on cael	Run Project 81 k6 proof wrapper	2026-07-09T05:24:29.5989208Z [36;1mecho "" >> "$GITHUB_STEP_SUMMARY"[0m
project81 k6 proof on cael	Run Project 81 k6 proof wrapper	2026-07-09T05:24:29.5989415Z [36;1mecho '```json' >> "$GITHUB_STEP_SUMMARY"[0m
project81 k6 proof on cael	Run Project 81 k6 proof wrapper	2026-07-09T05:24:29.5989608Z [36;1mjq . "${summary_path}" >> "$GITHUB_STEP_SUMMARY"[0m
project81 k6 proof on cael	Run Project 81 k6 proof wrapper	2026-07-09T05:24:29.5989789Z [36;1mecho '```' >> "$GITHUB_STEP_SUMMARY"[0m
project81 k6 proof on cael	Run Project 81 k6 proof wrapper	2026-07-09T05:24:29.6029116Z shell: /usr/bin/bash -e {0}
project81 k6 proof on cael	Run Project 81 k6 proof wrapper	2026-07-09T05:24:29.6029263Z env:
project81 k6 proof on cael	Run Project 81 k6 proof wrapper	2026-07-09T05:24:29.6029368Z   TARGET_PRINCE: cael
project81 k6 proof on cael	Run Project 81 k6 proof wrapper	2026-07-09T05:24:29.6029520Z   CANDIDATE_SHA: 5292af40d0ad5303b85a678f6e629503a8725848
project81 k6 proof on cael	Run Project 81 k6 proof wrapper	2026-07-09T05:24:29.6029693Z   TARGET_REF: 
project81 k6 proof on cael	Run Project 81 k6 proof wrapper	2026-07-09T05:24:29.6030247Z   ROWS: R-CD-SILENT,R-CD-TOKEN,R-CONFIG-defaults,R-CONFIG-INTERSESSION,R-CW-1,R-CW-2,R-CW-3,R-CW-4,R-CW-DELEGATE-SELF-CONTINUATION,R-CW-TOKEN,R-OBS-1,R-OBS-status,R-RC-1,R-RC-2
project81 k6 proof on cael	Run Project 81 k6 proof wrapper	2026-07-09T05:24:29.6030836Z   K6SCENARIOS: 
project81 k6 proof on cael	Run Project 81 k6 proof wrapper	2026-07-09T05:24:29.6030956Z   SESSION_SELECTOR: p81-5292-cael-live-tail
project81 k6 proof on cael	Run Project 81 k6 proof wrapper	2026-07-09T05:24:29.6031126Z   MANIFEST_PATH: project81-k6/manifest.json
project81 k6 proof on cael	Run Project 81 k6 proof wrapper	2026-07-09T05:24:29.6031292Z   DOCS_REF: scribe/20260708/proofs-5292-rerun
project81 k6 proof on cael	Run Project 81 k6 proof wrapper	2026-07-09T05:24:29.6031446Z   USE_DOCS_CATALOG: true
project81 k6 proof on cael	Run Project 81 k6 proof wrapper	2026-07-09T05:24:29.6031569Z   DRY_RUN: false
project81 k6 proof on cael	Run Project 81 k6 proof wrapper	2026-07-09T05:24:29.6031683Z   PROOFS_METRICS_PUSH: true
project81 k6 proof on cael	Run Project 81 k6 proof wrapper	2026-07-09T05:24:29.6031932Z   PROOFS_METRICS_OTLP_ENDPOINT: http://10.0.0.99:4318/v1/metrics
project81 k6 proof on cael	Run Project 81 k6 proof wrapper	2026-07-09T05:24:29.6032130Z   OPENCLAW_ALT_MODEL: 
project81 k6 proof on cael	Run Project 81 k6 proof wrapper	2026-07-09T05:24:29.6032263Z   OPENCLAW_CREATE_DISPOSABLE_SESSION: true
project81 k6 proof on cael	Run Project 81 k6 proof wrapper	2026-07-09T05:24:29.6032428Z   OPENCLAW_CREATE_DISPOSABLE_SESSIONS: true
project81 k6 proof on cael	Run Project 81 k6 proof wrapper	2026-07-09T05:24:29.6032676Z   REASON: P81 5292 true remaining gateway-live rows after excluding corpus-dependent rows
project81 k6 proof on cael	Run Project 81 k6 proof wrapper	2026-07-09T05:24:29.6032918Z ##[endgroup]
project81 k6 proof on cael	Run Project 81 k6 proof wrapper	2026-07-09T05:24:30.6938653Z [project81-k6] proof metrics OTLP push enabled for live run
project81 k6 proof on cael	Run Project 81 k6 proof wrapper	2026-07-09T05:24:30.6941156Z [project81-k6] using docs catalog at /home/figs/actions-runner/_work/openclaw-bootstrap/openclaw-bootstrap/openclaw-bootstrap/../karmaterminal-openclaw-docs ref=scribe/20260708/proofs-5292-rerun
project81 k6 proof on cael	Run Project 81 k6 proof wrapper	2026-07-09T05:24:32.2950314Z ==========================================================
project81 k6 proof on cael	Run Project 81 k6 proof wrapper	2026-07-09T05:24:32.2951292Z Project 81: Seat-Aware k6 Proof Runner
project81 k6 proof on cael	Run Project 81 k6 proof wrapper	2026-07-09T05:24:32.2951629Z Seat: cael
project81 k6 proof on cael	Run Project 81 k6 proof wrapper	2026-07-09T05:24:32.2951891Z Target Candidate SHA: 5292af40d0ad5303b85a678f6e629503a8725848
project81 k6 proof on cael	Run Project 81 k6 proof wrapper	2026-07-09T05:24:32.2952273Z Deployed Runtime SHA: OpenClaw 2026.6.11 (5292af4)
project81 k6 proof on cael	Run Project 81 k6 proof wrapper	2026-07-09T05:24:32.2952577Z Session: p81-5292-cael-live-tail
project81 k6 proof on cael	Run Project 81 k6 proof wrapper	2026-07-09T05:24:32.2953558Z Artifact root: /home/figs/actions-runner/_work/openclaw-bootstrap/openclaw-bootstrap/openclaw-bootstrap/PROOFS/d29ba41eb2c7a26a8ce51fe7a36d8962f46cc067/project81-k6/20260709T052430Z-cael-dgx-4083595
project81 k6 proof on cael	Run Project 81 k6 proof wrapper	2026-07-09T05:24:32.2955164Z Rows: R-CD-SILENT,R-CD-TOKEN,R-CONFIG-defaults,R-CONFIG-INTERSESSION,R-CW-1,R-CW-2,R-CW-3,R-CW-4,R-CW-DELEGATE-SELF-CONTINUATION,R-CW-TOKEN,R-OBS-1,R-OBS-status,R-RC-1,R-RC-2
project81 k6 proof on cael	Run Project 81 k6 proof wrapper	2026-07-09T05:24:32.2957088Z Dry Run: false
project81 k6 proof on cael	Run Project 81 k6 proof wrapper	2026-07-09T05:24:32.2957301Z ==========================================================
project81 k6 proof on cael	Run Project 81 k6 proof wrapper	2026-07-09T05:24:32.2964670Z Running seat-readiness preflight (k6/tooling/gateway/continuation config)...
project81 k6 proof on cael	Run Project 81 k6 proof wrapper	2026-07-09T05:24:33.1985049Z SEAT READINESS: /home/figs/actions-runner/_work/openclaw-bootstrap/openclaw-bootstrap/openclaw-bootstrap/PROOFS/d29ba41eb2c7a26a8ce51fe7a36d8962f46cc067/project81-k6/20260709T052430Z-cael-dgx-4083595/seat-readiness.json
project81 k6 proof on cael	Run Project 81 k6 proof wrapper	2026-07-09T05:24:33.2286175Z 
project81 k6 proof on cael	Run Project 81 k6 proof wrapper	2026-07-09T05:24:33.2286647Z ----------------------------------------
project81 k6 proof on cael	Run Project 81 k6 proof wrapper	2026-07-09T05:24:33.2286945Z Row: R-CD-SILENT
project81 k6 proof on cael	Run Project 81 k6 proof wrapper	2026-07-09T05:24:33.2287608Z Manifest: /home/figs/actions-runner/_work/openclaw-bootstrap/openclaw-bootstrap/karmaterminal-openclaw-docs/tools/k6-proofs/manifests/r-cd-silent.json
project81 k6 proof on cael	Run Project 81 k6 proof wrapper	2026-07-09T05:24:33.2288348Z Scenario: scenarios/r-cd-silent.js
project81 k6 proof on cael	Run Project 81 k6 proof wrapper	2026-07-09T05:24:33.2288599Z Status: runnable
project81 k6 proof on cael	Run Project 81 k6 proof wrapper	2026-07-09T05:24:33.2288798Z Live Safety: k6-runnable
project81 k6 proof on cael	Run Project 81 k6 proof wrapper	2026-07-09T05:24:33.2289289Z [R-CD-SILENT] RUNNING...
project81 k6 proof on cael	Run Project 81 k6 proof wrapper	2026-07-09T05:24:33.2508643Z 
project81 k6 proof on cael	Run Project 81 k6 proof wrapper	2026-07-09T05:24:33.2509138Z          /\      Grafana   /‾‾/  
project81 k6 proof on cael	Run Project 81 k6 proof wrapper	2026-07-09T05:24:33.2509415Z     /\  /  \     |\  __   /  /   
project81 k6 proof on cael	Run Project 81 k6 proof wrapper	2026-07-09T05:24:33.2509686Z    /  \/    \    | |/ /  /   ‾‾\ 
project81 k6 proof on cael	Run Project 81 k6 proof wrapper	2026-07-09T05:24:33.2509949Z   /          \   |   (  |  (‾)  |
project81 k6 proof on cael	Run Project 81 k6 proof wrapper	2026-07-09T05:24:33.2510268Z  / __________ \  |_|\_\  \_____/ 
project81 k6 proof on cael	Run Project 81 k6 proof wrapper	2026-07-09T05:24:33.2510474Z 
project81 k6 proof on cael	Run Project 81 k6 proof wrapper	2026-07-09T05:24:33.2510914Z 
project81 k6 proof on cael	Run Project 81 k6 proof wrapper	2026-07-09T05:24:33.2511061Z      execution: local
project81 k6 proof on cael	Run Project 81 k6 proof wrapper	2026-07-09T05:24:33.2511207Z         script: scenarios/r-cd-silent.js
project81 k6 proof on cael	Run Project 81 k6 proof wrapper	2026-07-09T05:24:33.2511352Z         output: -
project81 k6 proof on cael	Run Project 81 k6 proof wrapper	2026-07-09T05:24:33.2511414Z 
project81 k6 proof on cael	Run Project 81 k6 proof wrapper	2026-07-09T05:24:33.2511567Z      scenarios: (100.00%) 1 scenario, 1 max VUs, 4m0s max duration (incl. graceful stop):
project81 k6 proof on cael	Run Project 81 k6 proof wrapper	2026-07-09T05:24:33.2511884Z               * r_cd_silent: 1 iterations shared among 1 VUs (maxDuration: 3m30s, gracefulStop: 30s)
project81 k6 proof on cael	Run Project 81 k6 proof wrapper	2026-07-09T05:24:33.2512076Z 
project81 k6 proof on cael	Run Project 81 k6 proof wrapper	2026-07-09T05:24:33.6442086Z time="2026-07-08T22:24:33-07:00" level=info msg="✓ disposable session created: agent:main:r-cd-silent-r-cd-silent-1783574673251-nyrj44ks" source=console
project81 k6 proof on cael	Run Project 81 k6 proof wrapper	2026-07-09T05:24:34.1796357Z time="2026-07-08T22:24:34-07:00" level=info msg="✓ dispatch sessions.send accepted for mode=silent" source=console
project81 k6 proof on cael	Run Project 81 k6 proof wrapper	2026-07-09T05:24:34.2524806Z 
project81 k6 proof on cael	Run Project 81 k6 proof wrapper	2026-07-09T05:24:34.2526231Z running (0m01.0s), 1/1 VUs, 0 complete and 0 interrupted iterations
project81 k6 proof on cael	Run Project 81 k6 proof wrapper	2026-07-09T05:24:34.2526864Z r_cd_silent   [   0% ] 1 VUs  0m01.0s/3m30s  0/1 shared iters
project81 k6 proof on cael	Run Project 81 k6 proof wrapper	2026-07-09T05:24:35.2517905Z 
project81 k6 proof on cael	Run Project 81 k6 proof wrapper	2026-07-09T05:24:35.2519290Z running (0m02.0s), 1/1 VUs, 0 complete and 0 interrupted iterations
project81 k6 proof on cael	Run Project 81 k6 proof wrapper	2026-07-09T05:24:35.2519732Z r_cd_silent   [   0% ] 1 VUs  0m02.0s/3m30s  0/1 shared iters
project81 k6 proof on cael	Run Project 81 k6 proof wrapper	2026-07-09T05:24:36.2548179Z 
project81 k6 proof on cael	Run Project 81 k6 proof wrapper	2026-07-09T05:24:36.2549882Z running (0m03.0s), 1/1 VUs, 0 complete and 0 interrupted iterations
project81 k6 proof on cael	Run Project 81 k6 proof wrapper	2026-07-09T05:24:36.2550333Z r_cd_silent   [   0% ] 1 VUs  0m03.0s/3m30s  0/1 shared iters
project81 k6 proof on cael	Run Project 81 k6 proof wrapper	2026-07-09T05:24:37.2534229Z 
project81 k6 proof on cael	Run Project 81 k6 proof wrapper	2026-07-09T05:24:37.2535787Z running (0m04.0s), 1/1 VUs, 0 complete and 0 interrupted iterations
project81 k6 proof on cael	Run Project 81 k6 proof wrapper	2026-07-09T05:24:37.2536271Z r_cd_silent   [   0% ] 1 VUs  0m04.0s/3m30s  0/1 shared iters
project81 k6 proof on cael	Run Project 81 k6 proof wrapper	2026-07-09T05:24:38.2517435Z 
project81 k6 proof on cael	Run Project 81 k6 proof wrapper	2026-07-09T05:24:38.2519804Z running (0m05.0s), 1/1 VUs, 0 complete and 0 interrupted iterations
project81 k6 proof on cael	Run Project 81 k6 proof wrapper	2026-07-09T05:24:38.2520311Z r_cd_silent   [   0% ] 1 VUs  0m05.0s/3m30s  0/1 shared iters
project81 k6 proof on cael	Run Project 81 k6 proof wrapper	2026-07-09T05:24:39.2522654Z 
project81 k6 proof on cael	Run Project 81 k6 proof wrapper	2026-07-09T05:24:39.2524393Z running (0m06.0s), 1/1 VUs, 0 complete and 0 interrupted iterations
project81 k6 proof on cael	Run Project 81 k6 proof wrapper	2026-07-09T05:24:39.2524879Z r_cd_silent   [   0% ] 1 VUs  0m06.0s/3m30s  0/1 shared iters
project81 k6 proof on cael	Run Project 81 k6 proof wrapper	2026-07-09T05:24:40.2522239Z 
project81 k6 proof on cael	Run Project 81 k6 proof wrapper	2026-07-09T05:24:40.2523792Z running (0m07.0s), 1/1 VUs, 0 complete and 0 interrupted iterations
project81 k6 proof on cael	Run Project 81 k6 proof wrapper	2026-07-09T05:24:40.2524234Z r_cd_silent   [   0% ] 1 VUs  0m07.0s/3m30s  0/1 shared iters
project81 k6 proof on cael	Run Project 81 k6 proof wrapper	2026-07-09T05:24:41.2541562Z 
project81 k6 proof on cael	Run Project 81 k6 proof wrapper	2026-07-09T05:24:41.2548600Z running (0m08.0s), 1/1 VUs, 0 complete and 0 interrupted iterations
project81 k6 proof on cael	Run Project 81 k6 proof wrapper	2026-07-09T05:24:41.2550364Z r_cd_silent   [   0% ] 1 VUs  0m08.0s/3m30s  0/1 shared iters
project81 k6 proof on cael	Run Project 81 k6 proof wrapper	2026-07-09T05:24:42.2526877Z 
project81 k6 proof on cael	Run Project 81 k6 proof wrapper	2026-07-09T05:24:42.2538252Z running (0m09.0s), 1/1 VUs, 0 complete and 0 interrupted iterations
project81 k6 proof on cael	Run Project 81 k6 proof wrapper	2026-07-09T05:24:42.2540710Z r_cd_silent   [   0% ] 1 VUs  0m09.0s/3m30s  0/1 shared iters
project81 k6 proof on cael	Run Project 81 k6 proof wrapper	2026-07-09T05:24:43.2535444Z 
project81 k6 proof on cael	Run Project 81 k6 proof wrapper	2026-07-09T05:24:43.2541994Z running (0m10.0s), 1/1 VUs, 0 complete and 0 interrupted iterations
project81 k6 proof on cael	Run Project 81 k6 proof wrapper	2026-07-09T05:24:43.2556201Z r_cd_silent   [   0% ] 1 VUs  0m10.0s/3m30s  0/1 shared iters
project81 k6 proof on cael	Run Project 81 k6 proof wrapper	2026-07-09T05:24:44.2527440Z 
project81 k6 proof on cael	Run Project 81 k6 proof wrapper	2026-07-09T05:24:44.2529068Z running (0m11.0s), 1/1 VUs, 0 complete and 0 interrupted iterations
project81 k6 proof on cael	Run Project 81 k6 proof wrapper	2026-07-09T05:24:44.2529522Z r_cd_silent   [   0% ] 1 VUs  0m11.0s/3m30s  0/1 shared iters
project81 k6 proof on cael	Run Project 81 k6 proof wrapper	2026-07-09T05:24:45.2531776Z 
project81 k6 proof on cael	Run Project 81 k6 proof wrapper	2026-07-09T05:24:45.2534823Z running (0m12.0s), 1/1 VUs, 0 complete and 0 interrupted iterations
project81 k6 proof on cael	Run Project 81 k6 proof wrapper	2026-07-09T05:24:45.2535354Z r_cd_silent   [   0% ] 1 VUs  0m12.0s/3m30s  0/1 shared iters
project81 k6 proof on cael	Run Project 81 k6 proof wrapper	2026-07-09T05:24:46.2557794Z 
project81 k6 proof on cael	Run Project 81 k6 proof wrapper	2026-07-09T05:24:46.2560417Z running (0m13.0s), 1/1 VUs, 0 complete and 0 interrupted iterations
project81 k6 proof on cael	Run Project 81 k6 proof wrapper	2026-07-09T05:24:46.2560917Z r_cd_silent   [   0% ] 1 VUs  0m13.0s/3m30s  0/1 shared iters
project81 k6 proof on cael	Run Project 81 k6 proof wrapper	2026-07-09T05:24:47.2517507Z 
project81 k6 proof on cael	Run Project 81 k6 proof wrapper	2026-07-09T05:24:47.2518907Z running (0m14.0s), 1/1 VUs, 0 complete and 0 interrupted iterations
project81 k6 proof on cael	Run Project 81 k6 proof wrapper	2026-07-09T05:24:47.2519357Z r_cd_silent   [   0% ] 1 VUs  0m14.0s/3m30s  0/1 shared iters
project81 k6 proof on cael	Run Project 81 k6 proof wrapper	2026-07-09T05:24:48.2535813Z 
project81 k6 proof on cael	Run Project 81 k6 proof wrapper	2026-07-09T05:24:48.2541729Z running (0m15.0s), 1/1 VUs, 0 complete and 0 interrupted iterations
project81 k6 proof on cael	Run Project 81 k6 proof wrapper	2026-07-09T05:24:48.2546682Z r_cd_silent   [   0% ] 1 VUs  0m15.0s/3m30s  0/1 shared iters
project81 k6 proof on cael	Run Project 81 k6 proof wrapper	2026-07-09T05:24:49.2520796Z 
project81 k6 proof on cael	Run Project 81 k6 proof wrapper	2026-07-09T05:24:49.2522576Z running (0m16.0s), 1/1 VUs, 0 complete and 0 interrupted iterations
project81 k6 proof on cael	Run Project 81 k6 proof wrapper	2026-07-09T05:24:49.2523022Z r_cd_silent   [   0% ] 1 VUs  0m16.0s/3m30s  0/1 shared iters
project81 k6 proof on cael	Run Project 81 k6 proof wrapper	2026-07-09T05:24:50.2524125Z 
project81 k6 proof on cael	Run Project 81 k6 proof wrapper	2026-07-09T05:24:50.2528560Z running (0m17.0s), 1/1 VUs, 0 complete and 0 interrupted iterations
project81 k6 proof on cael	Run Project 81 k6 proof wrapper	2026-07-09T05:24:50.2529294Z r_cd_silent   [   0% ] 1 VUs  0m17.0s/3m30s  0/1 shared iters
project81 k6 proof on cael	Run Project 81 k6 proof wrapper	2026-07-09T05:24:50.6838940Z time="2026-07-08T22:24:50-07:00" level=info msg="✓ scheduled sentinel observed" source=console
project81 k6 proof on cael	Run Project 81 k6 proof wrapper	2026-07-09T05:24:50.6881219Z time="2026-07-08T22:24:50-07:00" level=info msg="✓ scheduled sentinel observed" source=console
project81 k6 proof on cael	Run Project 81 k6 proof wrapper	2026-07-09T05:24:50.7948153Z time="2026-07-08T22:24:50-07:00" level=info msg="✓ scheduled sentinel observed" source=console
project81 k6 proof on cael	Run Project 81 k6 proof wrapper	2026-07-09T05:24:50.7949213Z time="2026-07-08T22:24:50-07:00" level=info msg="✓ scheduled sentinel observed" source=console
project81 k6 proof on cael	Run Project 81 k6 proof wrapper	2026-07-09T05:24:51.2541958Z 
project81 k6 proof on cael	Run Project 81 k6 proof wrapper	2026-07-09T05:24:51.2545739Z running (0m18.0s), 1/1 VUs, 0 complete and 0 interrupted iterations
project81 k6 proof on cael	Run Project 81 k6 proof wrapper	2026-07-09T05:24:51.2546391Z r_cd_silent   [   0% ] 1 VUs  0m18.0s/3m30s  0/1 shared iters
project81 k6 proof on cael	Run Project 81 k6 proof wrapper	2026-07-09T05:24:52.2522390Z 
project81 k6 proof on cael	Run Project 81 k6 proof wrapper	2026-07-09T05:24:52.2522890Z running (0m19.0s), 1/1 VUs, 0 complete and 0 interrupted iterations
project81 k6 proof on cael	Run Project 81 k6 proof wrapper	2026-07-09T05:24:52.2523457Z r_cd_silent   [   0% ] 1 VUs  0m19.0s/3m30s  0/1 shared iters
project81 k6 proof on cael	Run Project 81 k6 proof wrapper	2026-07-09T05:24:53.2516683Z 
project81 k6 proof on cael	Run Project 81 k6 proof wrapper	2026-07-09T05:24:53.2517110Z running (0m20.0s), 1/1 VUs, 0 complete and 0 interrupted iterations
project81 k6 proof on cael	Run Project 81 k6 proof wrapper	2026-07-09T05:24:53.2517554Z r_cd_silent   [   0% ] 1 VUs  0m20.0s/3m30s  0/1 shared iters
project81 k6 proof on cael	Run Project 81 k6 proof wrapper	2026-07-09T05:24:54.2515160Z 
project81 k6 proof on cael	Run Project 81 k6 proof wrapper	2026-07-09T05:24:54.2515873Z running (0m21.0s), 1/1 VUs, 0 complete and 0 interrupted iterations
project81 k6 proof on cael	Run Project 81 k6 proof wrapper	2026-07-09T05:24:54.2516178Z r_cd_silent   [   0% ] 1 VUs  0m21.0s/3m30s  0/1 shared iters
project81 k6 proof on cael	Run Project 81 k6 proof wrapper	2026-07-09T05:24:55.2532515Z 
project81 k6 proof on cael	Run Project 81 k6 proof wrapper	2026-07-09T05:24:55.2536869Z running (0m22.0s), 1/1 VUs, 0 complete and 0 interrupted iterations
project81 k6 proof on cael	Run Project 81 k6 proof wrapper	2026-07-09T05:24:55.2537480Z r_cd_silent   [   0% ] 1 VUs  0m22.0s/3m30s  0/1 shared iters
project81 k6 proof on cael	Run Project 81 k6 proof wrapper	2026-07-09T05:24:56.2522299Z 
project81 k6 proof on cael	Run Project 81 k6 proof wrapper	2026-07-09T05:24:56.2523816Z running (0m23.0s), 1/1 VUs, 0 complete and 0 interrupted iterations
project81 k6 proof on cael	Run Project 81 k6 proof wrapper	2026-07-09T05:24:56.2524082Z r_cd_silent   [   0% ] 1 VUs  0m23.0s/3m30s  0/1 shared iters
project81 k6 proof on cael	Run Project 81 k6 proof wrapper	2026-07-09T05:24:57.2519832Z 
project81 k6 proof on cael	Run Project 81 k6 proof wrapper	2026-07-09T05:24:57.2520455Z running (0m24.0s), 1/1 VUs, 0 complete and 0 interrupted iterations
project81 k6 proof on cael	Run Project 81 k6 proof wrapper	2026-07-09T05:24:57.2520731Z r_cd_silent   [   0% ] 1 VUs  0m24.0s/3m30s  0/1 shared iters
project81 k6 proof on cael	Run Project 81 k6 proof wrapper	2026-07-09T05:24:58.2530939Z 
project81 k6 proof on cael	Run Project 81 k6 proof wrapper	2026-07-09T05:24:58.2535361Z running (0m25.0s), 1/1 VUs, 0 complete and 0 interrupted iterations
project81 k6 proof on cael	Run Project 81 k6 proof wrapper	2026-07-09T05:24:58.2536371Z r_cd_silent   [   0% ] 1 VUs  0m25.0s/3m30s  0/1 shared iters
project81 k6 proof on cael	Run Project 81 k6 proof wrapper	2026-07-09T05:24:59.2526851Z 
project81 k6 proof on cael	Run Project 81 k6 proof wrapper	2026-07-09T05:24:59.2531791Z running (0m26.0s), 1/1 VUs, 0 complete and 0 interrupted iterations
project81 k6 proof on cael	Run Project 81 k6 proof wrapper	2026-07-09T05:24:59.2536080Z r_cd_silent   [   0% ] 1 VUs  0m26.0s/3m30s  0/1 shared iters
project81 k6 proof on cael	Run Project 81 k6 proof wrapper	2026-07-09T05:25:00.2523132Z 
project81 k6 proof on cael	Run Project 81 k6 proof wrapper	2026-07-09T05:25:00.2532453Z running (0m27.0s), 1/1 VUs, 0 complete and 0 interrupted iterations
project81 k6 proof on cael	Run Project 81 k6 proof wrapper	2026-07-09T05:25:00.2533795Z r_cd_silent   [   0% ] 1 VUs  0m27.0s/3m30s  0/1 shared iters
project81 k6 proof on cael	Run Project 81 k6 proof wrapper	2026-07-09T05:25:01.2519189Z 
project81 k6 proof on cael	Run Project 81 k6 proof wrapper	2026-07-09T05:25:01.2526784Z running (0m28.0s), 1/1 VUs, 0 complete and 0 interrupted iterations
project81 k6 proof on cael	Run Project 81 k6 proof wrapper	2026-07-09T05:25:01.2531659Z r_cd_silent   [   0% ] 1 VUs  0m28.0s/3m30s  0/1 shared iters
project81 k6 proof on cael	Run Project 81 k6 proof wrapper	2026-07-09T05:25:02.2523712Z 
project81 k6 proof on cael	Run Project 81 k6 proof wrapper	2026-07-09T05:25:02.2531005Z running (0m29.0s), 1/1 VUs, 0 complete and 0 interrupted iterations
project81 k6 proof on cael	Run Project 81 k6 proof wrapper	2026-07-09T05:25:02.2540544Z r_cd_silent   [   0% ] 1 VUs  0m29.0s/3m30s  0/1 shared iters
project81 k6 proof on cael	Run Project 81 k6 proof wrapper	2026-07-09T05:25:02.4999366Z time="2026-07-08T22:25:02-07:00" level=info msg="✓ silent child completion observed on internal stream" source=console
project81 k6 proof on cael	Run Project 81 k6 proof wrapper	2026-07-09T05:25:03.2524417Z 
project81 k6 proof on cael	Run Project 81 k6 proof wrapper	2026-07-09T05:25:03.2532668Z running (0m30.0s), 1/1 VUs, 0 complete and 0 interrupted iterations
project81 k6 proof on cael	Run Project 81 k6 proof wrapper	2026-07-09T05:25:03.2540650Z r_cd_silent   [   0% ] 1 VUs  0m30.0s/3m30s  0/1 shared iters
project81 k6 proof on cael	Run Project 81 k6 proof wrapper	2026-07-09T05:25:04.2521445Z 
project81 k6 proof on cael	Run Project 81 k6 proof wrapper	2026-07-09T05:25:04.2523028Z running (0m31.0s), 1/1 VUs, 0 complete and 0 interrupted iterations
project81 k6 proof on cael	Run Project 81 k6 proof wrapper	2026-07-09T05:25:04.2523508Z r_cd_silent   [   0% ] 1 VUs  0m31.0s/3m30s  0/1 shared iters
project81 k6 proof on cael	Run Project 81 k6 proof wrapper	2026-07-09T05:25:05.2532192Z 
project81 k6 proof on cael	Run Project 81 k6 proof wrapper	2026-07-09T05:25:05.2544744Z running (0m32.0s), 1/1 VUs, 0 complete and 0 interrupted iterations
project81 k6 proof on cael	Run Project 81 k6 proof wrapper	2026-07-09T05:25:05.2554794Z r_cd_silent   [   0% ] 1 VUs  0m32.0s/3m30s  0/1 shared iters
project81 k6 proof on cael	Run Project 81 k6 proof wrapper	2026-07-09T05:25:06.2535456Z 
project81 k6 proof on cael	Run Project 81 k6 proof wrapper	2026-07-09T05:25:06.2544991Z running (0m33.0s), 1/1 VUs, 0 complete and 0 interrupted iterations
project81 k6 proof on cael	Run Project 81 k6 proof wrapper	2026-07-09T05:25:06.2551807Z r_cd_silent   [   0% ] 1 VUs  0m33.0s/3m30s  0/1 shared iters
project81 k6 proof on cael	Run Project 81 k6 proof wrapper	2026-07-09T05:25:07.2522471Z 
project81 k6 proof on cael	Run Project 81 k6 proof wrapper	2026-07-09T05:25:07.2523138Z running (0m34.0s), 1/1 VUs, 0 complete and 0 interrupted iterations
project81 k6 proof on cael	Run Project 81 k6 proof wrapper	2026-07-09T05:25:07.2523701Z r_cd_silent   [   0% ] 1 VUs  0m34.0s/3m30s  0/1 shared iters
project81 k6 proof on cael	Run Project 81 k6 proof wrapper	2026-07-09T05:25:07.5594371Z time="2026-07-08T22:25:07-07:00" level=info msg="✓ follow-up sessions.send accepted" source=console
project81 k6 proof on cael	Run Project 81 k6 proof wrapper	2026-07-09T05:25:08.2520497Z 
project81 k6 proof on cael	Run Project 81 k6 proof wrapper	2026-07-09T05:25:08.2522121Z running (0m35.0s), 1/1 VUs, 0 complete and 0 interrupted iterations
project81 k6 proof on cael	Run Project 81 k6 proof wrapper	2026-07-09T05:25:08.2522600Z r_cd_silent   [   0% ] 1 VUs  0m35.0s/3m30s  0/1 shared iters
project81 k6 proof on cael	Run Project 81 k6 proof wrapper	2026-07-09T05:25:09.2516221Z 
project81 k6 proof on cael	Run Project 81 k6 proof wrapper	2026-07-09T05:25:09.2517744Z running (0m36.0s), 1/1 VUs, 0 complete and 0 interrupted iterations
project81 k6 proof on cael	Run Project 81 k6 proof wrapper	2026-07-09T05:25:09.2518189Z r_cd_silent   [   0% ] 1 VUs  0m36.0s/3m30s  0/1 shared iters
project81 k6 proof on cael	Run Project 81 k6 proof wrapper	2026-07-09T05:25:10.2516904Z 
project81 k6 proof on cael	Run Project 81 k6 proof wrapper	2026-07-09T05:25:10.2518705Z running (0m37.0s), 1/1 VUs, 0 complete and 0 interrupted iterations
project81 k6 proof on cael	Run Project 81 k6 proof wrapper	2026-07-09T05:25:10.2519151Z r_cd_silent   [   0% ] 1 VUs  0m37.0s/3m30s  0/1 shared iters
project81 k6 proof on cael	Run Project 81 k6 proof wrapper	2026-07-09T05:25:11.2527373Z 
project81 k6 proof on cael	Run Project 81 k6 proof wrapper	2026-07-09T05:25:11.2537044Z running (0m38.0s), 1/1 VUs, 0 complete and 0 interrupted iterations
project81 k6 proof on cael	Run Project 81 k6 proof wrapper	2026-07-09T05:25:11.2543952Z r_cd_silent   [   0% ] 1 VUs  0m38.0s/3m30s  0/1 shared iters
project81 k6 proof on cael	Run Project 81 k6 proof wrapper	2026-07-09T05:25:12.2547891Z 
project81 k6 proof on cael	Run Project 81 k6 proof wrapper	2026-07-09T05:25:12.2553516Z running (0m39.0s), 1/1 VUs, 0 complete and 0 interrupted iterations
project81 k6 proof on cael	Run Project 81 k6 proof wrapper	2026-07-09T05:25:12.2554527Z r_cd_silent   [   0% ] 1 VUs  0m39.0s/3m30s  0/1 shared iters
project81 k6 proof on cael	Run Project 81 k6 proof wrapper	2026-07-09T05:25:13.2520171Z 
project81 k6 proof on cael	Run Project 81 k6 proof wrapper	2026-07-09T05:25:13.2521617Z running (0m40.0s), 1/1 VUs, 0 complete and 0 interrupted iterations
project81 k6 proof on cael	Run Project 81 k6 proof wrapper	2026-07-09T05:25:13.2522097Z r_cd_silent   [   0% ] 1 VUs  0m40.0s/3m30s  0/1 shared iters
project81 k6 proof on cael	Run Project 81 k6 proof wrapper	2026-07-09T05:25:14.2520800Z 
project81 k6 proof on cael	Run Project 81 k6 proof wrapper	2026-07-09T05:25:14.2524642Z running (0m41.0s), 1/1 VUs, 0 complete and 0 interrupted iterations
project81 k6 proof on cael	Run Project 81 k6 proof wrapper	2026-07-09T05:25:14.2525055Z r_cd_silent   [   0% ] 1 VUs  0m41.0s/3m30s  0/1 shared iters
project81 k6 proof on cael	Run Project 81 k6 proof wrapper	2026-07-09T05:25:15.2534514Z 
project81 k6 proof on cael	Run Project 81 k6 proof wrapper	2026-07-09T05:25:15.2536033Z running (0m42.0s), 1/1 VUs, 0 complete and 0 interrupted iterations
project81 k6 proof on cael	Run Project 81 k6 proof wrapper	2026-07-09T05:25:15.2536299Z r_cd_silent   [   0% ] 1 VUs  0m42.0s/3m30s  0/1 shared iters
project81 k6 proof on cael	Run Project 81 k6 proof wrapper	2026-07-09T05:25:16.2528912Z 
project81 k6 proof on cael	Run Project 81 k6 proof wrapper	2026-07-09T05:25:16.2530381Z running (0m43.0s), 1/1 VUs, 0 complete and 0 interrupted iterations
project81 k6 proof on cael	Run Project 81 k6 proof wrapper	2026-07-09T05:25:16.2531111Z r_cd_silent   [   0% ] 1 VUs  0m43.0s/3m30s  0/1 shared iters
project81 k6 proof on cael	Run Project 81 k6 proof wrapper	2026-07-09T05:25:17.2538445Z 
project81 k6 proof on cael	Run Project 81 k6 proof wrapper	2026-07-09T05:25:17.2540932Z running (0m44.0s), 1/1 VUs, 0 complete and 0 interrupted iterations
project81 k6 proof on cael	Run Project 81 k6 proof wrapper	2026-07-09T05:25:17.2541550Z r_cd_silent   [   0% ] 1 VUs  0m44.0s/3m30s  0/1 shared iters
project81 k6 proof on cael	Run Project 81 k6 proof wrapper	2026-07-09T05:25:18.2537536Z 
project81 k6 proof on cael	Run Project 81 k6 proof wrapper	2026-07-09T05:25:18.2539259Z running (0m45.0s), 1/1 VUs, 0 complete and 0 interrupted iterations
project81 k6 proof on cael	Run Project 81 k6 proof wrapper	2026-07-09T05:25:18.2539712Z r_cd_silent   [   0% ] 1 VUs  0m45.0s/3m30s  0/1 shared iters
project81 k6 proof on cael	Run Project 81 k6 proof wrapper	2026-07-09T05:25:18.6237920Z time="2026-07-08T22:25:18-07:00" level=info msg="✓ parent reported silent child token from internal context" source=console
project81 k6 proof on cael	Run Project 81 k6 proof wrapper	2026-07-09T05:25:18.6238407Z time="2026-07-08T22:25:18-07:00" level=info msg="All required R-CD-SILENT evidence gathered, closing early" source=console
project81 k6 proof on cael	Run Project 81 k6 proof wrapper	2026-07-09T05:25:18.6273928Z time="2026-07-08T22:25:18-07:00" level=info msg="R_CD_SILENT_EVIDENCE {\"row\":\"R-CD-SILENT\",\"manifest_loaded\":true,\"nonce\":\"R-CD-SILENT-1783574673251-nyrj44ks\",\"seat\":\"cael\",\"requestedSessionKey\":\"p81-5292-cael-live-tail\",\"sessionKey\":\"agent:main:r-cd-silent-r-cd-silent-1783574673251-nyrj44ks\",\"session_created\":true,\"created_session_key\":\"agent:main:r-cd-silent-r-cd-silent-1783574673251-nyrj44ks\",\"candidateSha\":\"5292af40d0ad5303b85a678f6e629503a8725848\",\"started\":\"2026-07-09T05:24:33.252Z\",\"dispatch_accepted\":true,\"scheduled_sentinel\":true,\"child_completion_observed\":true,\"followup_accepted\":true,\"parent_internal_context_observed\":true,\"no_channel_delivery\":true,\"child_channel_delivery_observed\":false,\"dispatch_accepted_at_ms\":1783574674179,\"followup_sent_at_ms\":1783574707500,\"trace_id\":null,\"redacted_events\":[{\"ts\":1783574673253,\"kind\":\"event\",\"method\":null,\"event\":\"connect.challenge\",\"ok\":null,\"data\":{\"ts\":1783574673253}},{\"ts\":1783574673255,\"kind\":\"other\",\"method\":null,\"event\":null,\"ok\":null,\"data\":{}},{\"ts\":1783574673329,\"kind\":\"event\",\"method\":null,\"event\":\"health\",\"ok\":null,\"data\":{\"ok\":true,\"ts\":1783574673329}},{\"ts\":1783574673643,\"kind\":\"response\",\"method\":\"sessions.create\",\"event\":null,\"ok\":true,\"data\":{\"ok\":true}},{\"ts\":1783574673671,\"kind\":\"response\",\"method\":\"sessions.messages.subscribe\",\"event\":null,\"ok\":true,\"data\":{}},{\"ts\":1783574674179,\"kind\":\"response\",\"method\":\"sessions.send\",\"event\":null,\"ok\":true,\"data\":{\"runId\":\"R-CD-SILENT-DISPATCH-R-CD-SILENT-1783574673251-nyrj44ks\",\"status\":\"started\"}},{\"ts\":1783574674859,\"kind\":\"event\",\"method\":null,\"event\":\"agent\",\"ok\":null,\"data\":{\"runId\":\"active-memory-mrd2b6sd-9893eab3\",\"sessionKey\":\"agent:main:r-cd-silent-r-cd-silent-1783574673251-nyrj44ks:active-memory:cfc7c53f33f3\",\"ts\":1783574674859}},{\"ts\":1783574677858,\"kind\":\"event\",\"method\":null,\"event\":\"agent\",\"ok\":null,\"data\":{\"runId\":\"active-memory-mrd2b6sd-9893eab3\",\"sessionKey\":\"agent:main:r-cd-silent-r-cd-silent-1783574673251-nyrj44ks:active-memory:cfc7c53f33f3\",\"ts\":1783574677846}},{\"ts\":1783574678923,\"kind\":\"event\",\"method\":null,\"event\":\"health\",\"ok\":null,\"data\":{\"ok\":true,\"ts\":1783574678923}},{\"ts\":1783574678936,\"kind\":\"event\",\"method\":null,\"event\":\"presence\",\"ok\":null,\"data\":{}},{\"ts\":1783574678969,\"kind\":\"event\",\"method\":null,\"event\":\"agent\",\"ok\":null,\"data\":{\"runId\":\"active-memory-mrd2b6sd-9893eab3\",\"sessionKey\":\"agent:main:r-cd-silent-r-cd-silent-1783574673251-nyrj44ks:active-memory:cfc7c53f33f3\",\"ts\":1783574678956}},{\"ts\":1783574680254,\"kind\":\"event\",\"method\":null,\"event\":\"agent\",\"ok\":null,\"data\":{\"runId\":\"active-memory-mrd2b6sd-9893eab3\",\"sessionKey\":\"agent:main:r-cd-silent-r-cd-silent-1783574673251-nyrj44ks:active-memory:cfc7c53f33f3\",\"ts\":1783574680253}},{\"ts\":1783574680254,\"kind\":\"event\",\"method\":null,\"event\":\"chat\",\"ok\":null,\"data\":{\"runId\":\"active-memory-mrd2b6sd-9893eab3\",\"sessionKey\":\"agent:main:r-cd-silent-r-cd-silent-1783574673251-nyrj44ks:active-memory:cfc7c53f33f3\",\"state\":\"error\"}},{\"ts\":1783574680395,\"kind\":\"event\",\"method\":null,\"event\":\"agent\",\"ok\":null,\"data\":{\"runId\":\"R-CD-SILENT-DISPATCH-R-CD-SILENT-1783574673251-nyrj44ks\",\"sessionKey\":\"agent:main:r-cd-silent-r-cd-silent-1783574673251-nyrj44ks\",\"ts\":1783574680394}},{\"ts\":1783574680448,\"kind\":\"event\",\"method\":null,\"event\":\"session.message\",\"ok\":null,\"data\":{\"sessionKey\":\"agent:main:r-cd-silent-r-cd-silent-1783574673251-nyrj44ks\"}},{\"ts\":1783574687713,\"kind\":\"event\",\"method\":null,\"event\":\"session.message\",\"ok\":null,\"data\":{\"sessionKey\":\"agent:main:r-cd-silent-r-cd-silent-1783574673251-nyrj44ks\",\"status\":\"running\",\"startedAt\":1783574680394}},{\"ts\":1783574687748,\"kind\":\"event\",\"method\":null,\"event\":\"agent\",\"ok\":null,\"data\":{\"runId\":\"R-CD-SILENT-DISPATCH-R-CD-SILENT-1783574673251-nyrj44ks\",\"sessionKey\":\"agent:main:r-cd-silent-r-cd-silent-1783574673251-nyrj44ks\",\"ts\":1783574687718}},{\"ts\":1783574687785,\"kind\":\"event\",\"method\":null,\"event\":\"agent\",\"ok\":null,\"data\":{\"runId\":\"R-CD-SILENT-DISPATCH-R-CD-SILENT-1783574673251-nyrj44ks\",\"sessionKey\":\"agent:main:r-cd-silent-r-cd-silent-1783574673251-nyrj44ks\",\"ts\":1783574687773}},{\"ts\":1783574689725,\"kind\":\"event\",\"method\":null,\"event\":\"tick\",\"ok\":null,\"data\":{\"ts\":1783574689724}},{\"ts\":1783574690565,\"kind\":\"event\",\"method\":null,\"event\":\"agent\",\"ok\":null,\"data\":{\"runId\":\"R-CD-SILENT-DISPATCH-R-CD-SILENT-1783574673251-nyrj44ks\",\"sessionKey\":\"agent:main:r-cd-silent-r-cd-silent-1783574673251-nyrj44ks\",\"ts\":1783574690565}},{\"ts\":1783574690565,\"kind\":\"event\",\"method\":null,\"event\":\"chat\",\"ok\":null,\"data\":{\"runId\":\"R-CD-SILENT-DISPATCH-R-CD-SILENT-1783574673251-nyrj44ks\",\"sessionKey\":\"agent:main:r-cd-silent-r-cd-silent-1783574673251-nyrj44ks\",\"state\":\"delta\"}},{\"ts\":1783574690683,\"kind\":\"event\",\"method\":null,\"event\":\"session.message\",\"ok\":null,\"data\":{\"sessionKey\":\"agent:main:r-cd-silent-r-cd-silent-1783574673251-nyrj44ks\",\"status\":\"running\",\"startedAt\":1783574680394}},{\"ts\":1783574690687,\"kind\":\"event\",\"method\":null,\"event\":\"agent\",\"ok\":null,\"data\":{\"runId\":\"R-CD-SILENT-DISPATCH-R-CD-SILENT-1783574673251-nyrj44ks\",\"sessionKey\":\"agent:main:r-cd-silent-r-cd-silent-1783574673251-nyrj44ks\",\"ts\":1783574690636}},{\"ts\":1783574690687,\"kind\":\"event\",\"method\":null,\"event\":\"agent\",\"ok\":null,\"data\":{\"runId\":\"R-CD-SILENT-DISPATCH-R-CD-SILENT-1783574673251-nyrj44ks\",\"sessionKey\":\"agent:main:r-cd-silent-r-cd-silent-1783574673251-nyrj44ks\",\"ts\":1783574690686}},{\"ts\":1783574690793,\"kind\":\"event\",\"method\":null,\"event\":\"agent\",\"ok\":null,\"data\":{\"runId\":\"R-CD-SILENT-DISPATCH-R-CD-SILENT-1783574673251-nyrj44ks\",\"sessionKey\":\"agent:main:r-cd-silent-r-cd-silent-1783574673251-nyrj44ks\",\"ts\":1783574690793}},{\"ts\":1783574690794,\"kind\":\"event\",\"method\":null,\"event\":\"chat\",\"ok\":null,\"data\":{\"runId\":\"R-CD-SILENT-DISPATCH-R-CD-SILENT-1783574673251-nyrj44ks\",\"sessionKey\":\"agent:main:r-cd-silent-r-cd-silent-1783574673251-nyrj44ks\",\"state\":\"delta\"}},{\"ts\":1783574690794,\"kind\":\"event\",\"method\":null,\"event\":\"chat\",\"ok\":null,\"data\":{\"runId\":\"R-CD-SILENT-DISPATCH-R-CD-SILENT-1783574673251-nyrj44ks\",\"sessionKey\":\"agent:main:r-cd-silent-r-cd-silent-1783574673251-nyrj44ks\",\"state\":\"final\"}},{\"ts\":1783574693251,\"kind\":\"event\",\"method\":null,\"event\":\"task\",\"ok\":null,\"data\":{}},{\"ts\":1783574693252,\"kind\":\"event\",\"method\":null,\"event\":\"task\",\"ok\":null,\"data\":{}},{\"ts\":1783574693294,\"kind\":\"event\",\"method\":null,\"event\":\"task\",\"ok\":null,\"data\":{}},{\"ts\":1783574693470,\"kind\":\"event\",\"method\":null,\"event\":\"health\",\"ok\":null,\"data\":{\"ok\":true,\"ts\":1783574693469}},{\"ts\":1783574694123,\"kind\":\"event\",\"method\":null,\"event\":\"agent\",\"ok\":null,\"data\":{\"runId\":\"active-memory-mrd2bllq-899c6bad\",\"sessionKey\":\"agent:main:subagent:continuation-bf1a055f0c4b7519728a185613d30c94:active-memory:750e398adf7c\",\"ts\":1783574694123}},{\"ts\":1783574696400,\"kind\":\"event\",\"method\":null,\"event\":\"agent\",\"ok\":null,\"data\":{\"runId\":\"active-memory-mrd2bllq-899c6bad\",\"sessionKey\":\"agent:main:subagent:continuation-bf1a055f0c4b7519728a185613d30c94:active-memory:750e398adf7c\",\"ts\":1783574696383}},{\"ts\":1783574697608,\"kind\":\"event\",\"method\":null,\"event\":\"health\",\"ok\":null,\"data\":{\"ok\":true,\"ts\":1783574697607}},{\"ts\":1783574697620,\"kind\":\"event\",\"method\":null,\"event\":\"presence\",\"ok\":null,\"data\":{}},{\"ts\":1783574697871,\"kind\":\"event\",\"method\":null,\"event\":\"agent\",\"ok\":null,\"data\":{\"runId\":\"active-memory-mrd2bllq-899c6bad\",\"sessionKey\":\"agent:main:subagent:continuation-bf1a055f0c4b7519728a185613d30c94:active-memory:750e398adf7c\",\"ts\":1783574697858}},{\"ts\":1783574699472,\"kind\":\"event\",\"method\":null,\"event\":\"agent\",\"ok\":null,\"data\":{\"runId\":\"active-memory-mrd2bllq-899c6bad\",\"sessionKey\":\"agent:main:subagent:continuation-bf1a055f0c4b7519728a185613d30c94:active-memory:750e398adf7c\",\"ts\":1783574699471}},{\"ts\":1783574699472,\"kind\":\"event\",\"method\":null,\"event\":\"chat\",\"ok\":null,\"data\":{\"runId\":\"active-memory-mrd2bllq-899c6bad\",\"sessionKey\":\"agent:main:subagent:continuation-bf1a055f0c4b7519728a185613d30c94:active-memory:750e398adf7c\",\"state\":\"error\"}},{\"ts\":1783574699674,\"kind\":\"event\",\"method\":null,\"event\":\"task\",\"ok\":null,\"data\":{}},{\"ts\":1783574699675,\"kind\":\"event\",\"method\":null,\"event\":\"task\",\"ok\":null,\"data\":{}},{\"ts\":1783574699677,\"kind\":\"event\",\"method\":null,\"event\":\"agent\",\"ok\":null,\"data\":{\"runId\":\"continuation-delegate-bf1a055f0c4b7519728a185613d30c94\",\"sessionKey\":\"agent:main:subagent:continuation-bf1a055f0c4b7519728a185613d30c94\",\"ts\":1783574699627}},{\"ts\":1783574702235,\"kind\":\"event\",\"method\":null,\"event\":\"task\",\"ok\":null,\"data\":{}},{\"ts\":1783574702235,\"kind\":\"event\",\"method\":null,\"event\":\"task\",\"ok\":null,\"data\":{}},{\"ts\":1783574702236,\"kind\":\"event\",\"method\":null,\"event\":\"agent\",\"ok\":null,\"data\":{\"runId\":\"continuation-delegate-bf1a055f0c4b7519728a185613d30c94\",\"sessionKey\":\"agent:main:subagent:continuation-bf1a055f0c4b7519728a185613d30c94\",\"ts\":1783574702233}},{\"ts\":1783574702236,\"kind\":\"event\",\"method\":null,\"event\":\"chat\",\"ok\":null,\"data\":{\"runId\":\"continuation-delegate-bf1a055f0c4b7519728a185613d30c94\",\"sessionKey\":\"agent:main:subagent:continuation-bf1a055f0c4b7519728a185613d30c94\",\"state\":\"delta\"}},{\"ts\":1783574702236,\"kind\":\"event\",\"method\":null,\"event\":\"task\",\"ok\":null,\"data\":{}},{\"ts\":1783574702236,\"kind\":\"event\",\"method\":null,\"event\":\"task\",\"ok\":null,\"data\":{}},{\"ts\":1783574702237,\"kind\":\"event\",\"method\":null,\"event\":\"task\",\"ok\":null,\"data\":{}},{\"ts\":1783574702237,\"kind\":\"event\",\"method\":null,\"event\":\"task\",\"ok\":null,\"data\":{}},{\"ts\":1783574702238,\"kind\":\"event\",\"method\":null,\"event\":\"task\",\"ok\":null,\"data\":{}},{\"ts\":1783574702239,\"kind\":\"event\",\"method\":null,\"event\":\"task\",\"ok\":null,\"data\":{}},{\"ts\":1783574702239,\"kind\":\"event\",\"method\":null,\"event\":\"task\",\"ok\":null,\"data\":{}},{\"ts\":1783574702239,\"kind\":\"event\",\"method\":null,\"event\":\"task\",\"ok\":null,\"data\":{}},{\"ts\":1783574702240,\"kind\":\"event\",\"method\":null,\"event\":\"task\",\"ok\":null,\"data\":{}},{\"ts\":1783574702240,\"kind\":\"event\",\"method\":null,\"event\":\"task\",\"ok\":null,\"data\":{}},{\"ts\":1783574702241,\"kind\":\"event\",\"method\":null,\"event\":\"task\",\"ok\":null,\"data\":{}},{\"ts\":1783574702241,\"kind\":\"event\",\"method\":null,\"event\":\"task\",\"ok\":null,\"data\":{}},{\"ts\":1783574702242,\"kind\":\"event\",\"method\":null,\"event\":\"task\",\"ok\":null,\"data\":{}},{\"ts\":1783574702242,\"kind\":\"event\",\"method\":null,\"event\":\"task\",\"ok\":null,\"data\":{}},{\"ts\":1783574702242,\"kind\":\"event\",\"method\":null,\"event\":\"task\",\"ok\":null,\"data\":{}},{\"ts\":1783574702243,\"kind\":\"event\",\"method\":null,\"event\":\"task\",\"ok\":null,\"data\":{}},{\"ts\":1783574702244,\"kind\":\"event\",\"method\":null,\"event\":\"task\",\"ok\":null,\"data\":{}},{\"ts\":1783574702244,\"kind\":\"event\",\"method\":null,\"event\":\"task\",\"ok\":null,\"data\":{}},{\"ts\":1783574702244,\"kind\":\"event\",\"method\":null,\"event\":\"task\",\"ok\":null,\"data\":{}},{\"ts\":1783574702244,\"kind\":\"event\",\"method\":null,\"event\":\"task\",\"ok\":null,\"data\":{}},{\"ts\":1783574702245,\"kind\":\"event\",\"method\":null,\"event\":\"task\",\"ok\":null,\"data\":{}},{\"ts\":1783574702245,\"kind\":\"event\",\"method\":null,\"event\":\"task\",\"ok\":null,\"data\":{}},{\"ts\":1783574702246,\"kind\":\"event\",\"method\":null,\"event\":\"task\",\"ok\":null,\"data\":{}},{\"ts\":1783574702246,\"kind\":\"event\",\"method\":null,\"event\":\"task\",\"ok\":null,\"data\":{}},{\"ts\":1783574702247,\"kind\":\"event\",\"method\":null,\"event\":\"task\",\"ok\":null,\"data\":{}},{\"ts\":1783574702247,\"kind\":\"event\",\"method\":null,\"event\":\"task\",\"ok\":null,\"data\":{}},{\"ts\":1783574702247,\"kind\":\"event\",\"method\":null,\"event\":\"task\",\"ok\":null,\"data\":{}},{\"ts\":1783574702248,\"kind\":\"event\",\"method\":null,\"event\":\"task\",\"ok\":null,\"data\":{}},{\"ts\":1783574702248,\"kind\":\"event\",\"method\":null,\"event\":\"task\",\"ok\":null,\"data\":{}},{\"ts\":1783574702249,\"kind\":\"event\",\"method\":null,\"event\":\"task\",\"ok\":null,\"data\":{}},{\"ts\":1783574702249,\"kind\":\"event\",\"method\":null,\"event\":\"task\",\"ok\":null,\"data\":{}},{\"ts\":1783574702249,\"kind\":\"event\",\"method\":null,\"event\":\"task\",\"ok\":null,\"data\":{}},{\"ts\":1783574702250,\"kind\":\"event\",\"method\":null,\"event\":\"task\",\"ok\":null,\"data\":{}},{\"ts\":1783574702250,\"kind\":\"event\",\"method\":null,\"event\":\"task\",\"ok\":null,\"data\":{}},{\"ts\":1783574702251,\"kind\":\"event\",\"method\":null,\"event\":\"task\",\"ok\":null,\"data\":{}},{\"ts\":1783574702251,\"kind\":\"event\",\"method\":null,\"event\":\"task\",\"ok\":null,\"data\":{}},{\"ts\":1783574702252,\"kind\":\"event\",\"method\":null,\"event\":\"task\",\"ok\":null,\"data\":{}},{\"ts\":1783574702252,\"kind\":\"event\",\"method\":null,\"event\":\"task\",\"ok\":null,\"data\":{}},{\"ts\":1783574702253,\"kind\":\"event\",\"method\":null,\"event\":\"task\",\"ok\":null,\"data\":{}},{\"ts\":1783574702253,\"kind\":\"event\",\"method\":null,\"event\":\"task\",\"ok\":null,\"data\":{}},{\"ts\":1783574702253,\"kind\":\"event\",\"method\":null,\"event\":\"task\",\"ok\":null,\"data\":{}},{\"ts\":1783574702253,\"kind\":\"event\",\"method\":null,\"event\":\"task\",\"ok\":null,\"data\":{}},{\"ts\":1783574702254,\"kind\":\"event\",\"method\":null,\"event\":\"task\",\"ok\":null,\"data\":{}},{\"ts\":1783574702255,\"kind\":\"event\",\"method\":null,\"event\":\"task\",\"ok\":null,\"data\":{}},{\"ts\":1783574702255,\"kind\":\"event\",\"method\":null,\"event\":\"task\",\"ok\":null,\"data\":{}},{\"ts\":1783574702255,\"kind\":\"event\",\"method\":null,\"event\":\"task\",\"ok\":null,\"data\":{}},{\"ts\":1783574702273,\"kind\":\"event\",\"method\":null,\"event\":\"task\",\"ok\":null,\"data\":{}},{\"ts\":1783574702273,\"kind\":\"event\",\"method\":null,\"event\":\"task\",\"ok\":null,\"data\":{}},{\"ts\":1783574702274,\"kind\":\"event\",\"method\":null,\"event\":\"task\",\"ok\":null,\"data\":{}},{\"ts\":1783574702274,\"kind\":\"event\",\"method\":null,\"event\":\"task\",\"ok\":null,\"data\":{}},{\"ts\":1783574702293,\"kind\":\"event\",\"method\":null,\"event\":\"task\",\"ok\":null,\"data\":{}},{\"ts\":1783574702293,\"kind\":\"event\",\"method\":null,\"event\":\"task\",\"ok\":null,\"data\":{}},{\"ts\":1783574702293,\"kind\":\"event\",\"method\":null,\"event\":\"agent\",\"ok\":null,\"data\":{\"runId\":\"continuation-delegate-bf1a055f0c4b7519728a185613d30c94\",\"sessionKey\":\"agent:main:subagent:continuation-bf1a055f0c4b7519728a185613d30c94\",\"ts\":1783574702273}},{\"ts\":1783574702293,\"kind\":\"event\",\"method\":null,\"event\":\"agent\",\"ok\":null,\"data\":{\"runId\":\"continuation-delegate-bf1a055f0c4b7519728a185613d30c94\",\"sessionKey\":\"agent:main:subagent:continuation-bf1a055f0c4b7519728a185613d30c94\",\"ts\":1783574702292}},{\"ts\":1783574702448,\"kind\":\"event\",\"method\":null,\"event\":\"task\",\"ok\":null,\"data\":{}},{\"ts\":1783574702448,\"kind\":\"event\",\"method\":null,\"event\":\"task\",\"ok\":null,\"data\":{}},{\"ts\":1783574702499,\"kind\":\"event\",\"method\":null,\"event\":\"agent\",\"ok\":null,\"data\":{\"runId\":\"continuation-delegate-bf1a055f0c4b7519728a185613d30c94\",\"sessionKey\":\"agent:main:subagent:continuation-bf1a055f0c4b7519728a185613d30c94\",\"ts\":1783574702446}},{\"ts\":1783574702499,\"kind\":\"event\",\"method\":null,\"event\":\"chat\",\"ok\":null,\"data\":{\"runId\":\"continuation-delegate-bf1a055f0c4b7519728a185613d30c94\",\"sessionKey\":\"agent:main:subagent:continuation-bf1a055f0c4b7519728a185613d30c94\",\"state\":\"delta\"}},{\"ts\":1783574702499,\"kind\":\"event\",\"method\":null,\"event\":\"chat\",\"ok\":null,\"data\":{\"runId\":\"continuation-delegate-bf1a055f0c4b7519728a185613d30c94\",\"sessionKey\":\"agent:main:subagent:continuation-bf1a055f0c4b7519728a185613d30c94\",\"state\":\"final\"}},{\"ts\":1783574702504,\"kind\":\"event\",\"method\":null,\"event\":\"task\",\"ok\":null,\"data\":{}},{\"ts\":1783574702545,\"kind\":\"event\",\"method\":null,\"event\":\"presence\",\"ok\":null,\"data\":{}},{\"ts\":1783574702658,\"kind\":\"event\",\"method\":null,\"event\":\"health\",\"ok\":null,\"data\":{\"ok\":true,\"ts\":1783574702657}},{\"ts\":1783574702686,\"kind\":\"event\",\"method\":null,\"event\":\"presence\",\"ok\":null,\"data\":{}},{\"ts\":1783574702725,\"kind\":\"event\",\"method\":null,\"event\":\"task\",\"ok\":null,\"data\":{}},{\"ts\":1783574702755,\"kind\":\"event\",\"method\":null,\"event\":\"task\",\"ok\":null,\"data\":{}},{\"ts\":1783574703153,\"kind\":\"event\",\"method\":null,\"event\":\"task\",\"ok\":null,\"data\":{}},{\"ts\":1783574707558,\"kind\":\"response\",\"method\":\"sessions.send\",\"event\":null,\"ok\":true,\"data\":{\"runId\":\"R-CD-SILENT-FOLLOWUP-R-CD-SILENT-1783574673251-nyrj44ks\",\"status\":\"started\"}},{\"ts\":1783574708292,\"kind\":\"event\",\"method\":null,\"event\":\"agent\",\"ok\":null,\"data\":{\"runId\":\"active-memory-mrd2bwl4-31271629\",\"sessionKey\":\"agent:main:r-cd-silent-r-cd-silent-1783574673251-nyrj44ks:active-memory:2486c9844e72\",\"ts\":1783574708292}},{\"ts\":1783574712906,\"kind\":\"event\",\"method\":null,\"event\":\"agent\",\"ok\":null,\"data\":{\"runId\":\"active-memory-mrd2bwl4-31271629\",\"sessionKey\":\"agent:main:r-cd-silent-r-cd-silent-1783574673251-nyrj44ks:active-memory:2486c9844e72\",\"ts\":1783574712893}},{\"ts\":1783574714022,\"kind\":\"event\",\"method\":null,\"event\":\"health\",\"ok\":null,\"data\":{\"ok\":true,\"ts\":1783574714022}},{\"ts\":1783574714038,\"kind\":\"event\",\"method\":null,\"event\":\"presence\",\"ok\":null,\"data\":{}},{\"ts\":1783574714075,\"kind\":\"event\",\"method\":null,\"event\":\"agent\",\"ok\":null,\"data\":{\"runId\":\"active-memory-mrd2bwl4-31271629\",\"sessionKey\":\"agent:main:r-cd-silent-r-cd-silent-1783574673251-nyrj44ks:active-memory:2486c9844e72\",\"ts\":1783574714061}},{\"ts\":1783574715326,\"kind\":\"event\",\"method\":null,\"event\":\"agent\",\"ok\":null,\"data\":{\"runId\":\"active-memory-mrd2bwl4-31271629\",\"sessionKey\":\"agent:main:r-cd-silent-r-cd-silent-1783574673251-nyrj44ks:active-memory:2486c9844e72\",\"ts\":1783574715325}},{\"ts\":1783574715326,\"kind\":\"event\",\"method\":null,\"event\":\"chat\",\"ok\":null,\"data\":{\"runId\":\"active-memory-mrd2bwl4-31271629\",\"sessionKey\":\"agent:main:r-cd-silent-r-cd-silent-1783574673251-nyrj44ks:active-memory:2486c9844e72\",\"state\":\"error\"}},{\"ts\":1783574715489,\"kind\":\"event\",\"method\":null,\"event\":\"agent\",\"ok\":null,\"data\":{\"runId\":\"R-CD-SILENT-FOLLOWUP-R-CD-SILENT-1783574673251-nyrj44ks\",\"sessionKey\":\"agent:main:r-cd-silent-r-cd-silent-1783574673251-nyrj44ks\",\"ts\":1783574715489}},{\"ts\":1783574715538,\"kind\":\"event\",\"method\":null,\"event\":\"session.message\",\"ok\":null,\"data\":{\"sessionKey\":\"agent:main:r-cd-silent-r-cd-silent-1783574673251-nyrj44ks\",\"status\":\"done\",\"startedAt\":1783574680394}},{\"ts\":1783574718476,\"kind\":\"event\",\"method\":null,\"event\":\"agent\",\"ok\":null,\"data\":{\"runId\":\"R-CD-SILENT-FOLLOWUP-R-CD-SILENT-1783574673251-nyrj44ks\",\"sessionKey\":\"agent:main:r-cd-silent-r-cd-silent-1783574673251-nyrj44ks\",\"ts\":1783574718475}},{\"ts\":1783574718476,\"kind\":\"event\",\"method\":null,\"event\":\"chat\",\"ok\":null,\"data\":{\"runId\":\"R-CD-SILENT-FOLLOWUP-R-CD-SILENT-1783574673251-nyrj44ks\",\"sessionKey\":\"agent:main:r-cd-silent-r-cd-silent-1783574673251-nyrj44ks\",\"state\":\"delta\"}},{\"ts\":1783574718623,\"kind\":\"event\",\"method\":null,\"event\":\"session.message\",\"ok\":null,\"data\":{\"sessionKey\":\"agent:main:r-cd-silent-r-cd-silent-1783574673251-nyrj44ks\",\"status\":\"running\",\"startedAt\":1783574715489}}],\"ended\":\"2026-07-09T05:25:18.623Z\",\"duration_ms\":45371}" source=console
project81 k6 proof on cael	Run Project 81 k6 proof wrapper	2026-07-09T05:25:18.6308513Z time="2026-07-08T22:25:18-07:00" level=info msg="\n--- R-CD-SILENT EVIDENCE SUMMARY ---" source=console
project81 k6 proof on cael	Run Project 81 k6 proof wrapper	2026-07-09T05:25:18.6350783Z time="2026-07-08T22:25:18-07:00" level=info msg="{\n  \"row\": \"R-CD-SILENT\",\n  \"manifest_loaded\": true,\n  \"nonce\": \"R-CD-SILENT-1783574673251-nyrj44ks\",\n  \"seat\": \"cael\",\n  \"requestedSessionKey\": \"p81-5292-cael-live-tail\",\n  \"sessionKey\": \"agent:main:r-cd-silent-r-cd-silent-1783574673251-nyrj44ks\",\n  \"session_created\": true,\n  \"created_session_key\": \"agent:main:r-cd-silent-r-cd-silent-1783574673251-nyrj44ks\",\n  \"candidateSha\": \"5292af40d0ad5303b85a678f6e629503a8725848\",\n  \"started\": \"2026-07-09T05:24:33.252Z\",\n  \"dispatch_accepted\": true,\n  \"scheduled_sentinel\": true,\n  \"child_completion_observed\": true,\n  \"followup_accepted\": true,\n  \"parent_internal_context_observed\": true,\n  \"no_channel_delivery\": true,\n  \"child_channel_delivery_observed\": false,\n  \"dispatch_accepted_at_ms\": 1783574674179,\n  \"followup_sent_at_ms\": 1783574707500,\n  \"trace_id\": null,\n  \"redacted_events\": [\n    {\n      \"ts\": 1783574673253,\n      \"kind\": \"event\",\n      \"method\": null,\n      \"event\": \"connect.challenge\",\n      \"ok\": null,\n      \"data\": {\n        \"ts\": 1783574673253\n      }\n    },\n    {\n      \"ts\": 1783574673255,\n      \"kind\": \"other\",\n      \"method\": null,\n      \"event\": null,\n      \"ok\": null,\n      \"data\": {}\n    },\n    {\n      \"ts\": 1783574673329,\n      \"kind\": \"event\",\n      \"method\": null,\n      \"event\": \"health\",\n      \"ok\": null,\n      \"data\": {\n        \"ok\": true,\n        \"ts\": 1783574673329\n      }\n    },\n    {\n      \"ts\": 1783574673643,\n      \"kind\": \"response\",\n      \"method\": \"sessions.create\",\n      \"event\": null,\n      \"ok\": true,\n      \"data\": {\n        \"ok\": true\n      }\n    },\n    {\n      \"ts\": 1783574673671,\n      \"kind\": \"response\",\n      \"method\": \"sessions.messages.subscribe\",\n      \"event\": null,\n      \"ok\": true,\n      \"data\": {}\n    },\n    {\n      \"ts\": 1783574674179,\n      \"kind\": \"response\",\n      \"method\": \"sessions.send\",\n      \"event\": null,\n      \"ok\": true,\n      \"data\": {\n        \"runId\": \"R-CD-SILENT-DISPATCH-R-CD-SILENT-1783574673251-nyrj44ks\",\n        \"status\": \"started\"\n      }\n    },\n    {\n      \"ts\": 1783574674859,\n      \"kind\": \"event\",\n      \"method\": null,\n      \"event\": \"agent\",\n      \"ok\": null,\n      \"data\": {\n        \"runId\": \"active-memory-mrd2b6sd-9893eab3\",\n        \"sessionKey\": \"agent:main:r-cd-silent-r-cd-silent-1783574673251-nyrj44ks:active-memory:cfc7c53f33f3\",\n        \"ts\": 1783574674859\n      }\n    },\n    {\n      \"ts\": 1783574677858,\n      \"kind\": \"event\",\n      \"method\": null,\n      \"event\": \"agent\",\n      \"ok\": null,\n      \"data\": {\n        \"runId\": \"active-memory-mrd2b6sd-9893eab3\",\n        \"sessionKey\": \"agent:main:r-cd-silent-r-cd-silent-1783574673251-nyrj44ks:active-memory:cfc7c53f33f3\",\n        \"ts\": 1783574677846\n      }\n    },\n    {\n      \"ts\": 1783574678923,\n      \"kind\": \"event\",\n      \"method\": null,\n      \"event\": \"health\",\n      \"ok\": null,\n      \"data\": {\n        \"ok\": true,\n        \"ts\": 1783574678923\n      }\n    },\n    {\n      \"ts\": 1783574678936,\n      \"kind\": \"event\",\n      \"method\": null,\n      \"event\": \"presence\",\n      \"ok\": null,\n      \"data\": {}\n    },\n    {\n      \"ts\": 1783574678969,\n      \"kind\": \"event\",\n      \"method\": null,\n      \"event\": \"agent\",\n      \"ok\": null,\n      \"data\": {\n        \"runId\": \"active-memory-mrd2b6sd-9893eab3\",\n        \"sessionKey\": \"agent:main:r-cd-silent-r-cd-silent-1783574673251-nyrj44ks:active-memory:cfc7c53f33f3\",\n        \"ts\": 1783574678956\n      }\n    },\n    {\n      \"ts\": 1783574680254,\n      \"kind\": \"event\",\n      \"method\": null,\n      \"event\": \"agent\",\n      \"ok\": null,\n      \"data\": {\n        \"runId\": \"active-memory-mrd2b6sd-9893eab3\",\n        \"sessionKey\": \"agent:main:r-cd-silent-r-cd-silent-1783574673251-nyrj44ks:active-memory:cfc7c53f33f3\",\n        \"ts\": 1783574680253\n      }\n    },\n    {\n      \"ts\": 1783574680254,\n      \"kind\": \"event\",\n      \"method\": null,\n      \"event\": \"chat\",\n      \"ok\": null,\n      \"data\": {\n        \"runId\": \"active-memory-mrd2b6sd-9893eab3\",\n        \"sessionKey\": \"agent:main:r-cd-silent-r-cd-silent-1783574673251-nyrj44ks:active-memory:cfc7c53f33f3\",\n        \"state\": \"error\"\n      }\n    },\n    {\n      \"ts\": 1783574680395,\n      \"kind\": \"event\",\n      \"method\": null,\n      \"event\": \"agent\",\n      \"ok\": null,\n      \"data\": {\n        \"runId\": \"R-CD-SILENT-DISPATCH-R-CD-SILENT-1783574673251-nyrj44ks\",\n        \"sessionKey\": \"agent:main:r-cd-silent-r-cd-silent-1783574673251-nyrj44ks\",\n        \"ts\": 1783574680394\n      }\n    },\n    {\n      \"ts\": 1783574680448,\n      \"kind\": \"event\",\n      \"method\": null,\n      \"event\": \"session.message\",\n      \"ok\": null,\n      \"data\": {\n        \"sessionKey\": \"agent:main:r-cd-silent-r-cd-silent-1783574673251-nyrj44ks\"\n      }\n    },\n    {\n      \"ts\": 1783574687713,\n      \"kind\": \"event\",\n      \"method\": null,\n      \"event\": \"session.message\",\n      \"ok\": null,\n      \"data\": {\n        \"sessionKey\": \"agent:main:r-cd-silent-r-cd-silent-1783574673251-nyrj44ks\",\n        \"status\": \"running\",\n        \"startedAt\": 1783574680394\n      }\n    },\n    {\n      \"ts\": 1783574687748,\n      \"kind\": \"event\",\n      \"method\": null,\n      \"event\": \"agent\",\n      \"ok\": null,\n      \"data\": {\n        \"runId\": \"R-CD-SILENT-DISPATCH-R-CD-SILENT-1783574673251-nyrj44ks\",\n        \"sessionKey\": \"agent:main:r-cd-silent-r-cd-silent-1783574673251-nyrj44ks\",\n        \"ts\": 1783574687718\n      }\n    },\n    {\n      \"ts\": 1783574687785,\n      \"kind\": \"event\",\n      \"method\": null,\n      \"event\": \"agent\",\n      \"ok\": null,\n      \"data\": {\n        \"runId\": \"R-CD-SILENT-DISPATCH-R-CD-SILENT-1783574673251-nyrj44ks\",\n        \"sessionKey\": \"agent:main:r-cd-silent-r-cd-silent-1783574673251-nyrj44ks\",\n        \"ts\": 1783574687773\n      }\n    },\n    {\n      \"ts\": 1783574689725,\n      \"kind\": \"event\",\n      \"method\": null,\n      \"event\": \"tick\",\n      \"ok\": null,\n      \"data\": {\n        \"ts\": 1783574689724\n      }\n    },\n    {\n      \"ts\": 1783574690565,\n      \"kind\": \"event\",\n      \"method\": null,\n      \"event\": \"agent\",\n      \"ok\": null,\n      \"data\": {\n        \"runId\": \"R-CD-SILENT-DISPATCH-R-CD-SILENT-1783574673251-nyrj44ks\",\n        \"sessionKey\": \"agent:main:r-cd-silent-r-cd-silent-1783574673251-nyrj44ks\",\n        \"ts\": 1783574690565\n      }\n    },\n    {\n      \"ts\": 1783574690565,\n      \"kind\": \"event\",\n      \"method\": null,\n      \"event\": \"chat\",\n      \"ok\": null,\n      \"data\": {\n        \"runId\": \"R-CD-SILENT-DISPATCH-R-CD-SILENT-1783574673251-nyrj44ks\",\n        \"sessionKey\": \"agent:main:r-cd-silent-r-cd-silent-1783574673251-nyrj44ks\",\n        \"state\": \"delta\"\n      }\n    },\n    {\n      \"ts\": 1783574690683,\n      \"kind\": \"event\",\n      \"method\": null,\n      \"event\": \"session.message\",\n      \"ok\": null,\n      \"data\": {\n        \"sessionKey\": \"agent:main:r-cd-silent-r-cd-silent-1783574673251-nyrj44ks\",\n        \"status\": \"running\",\n        \"startedAt\": 1783574680394\n      }\n    },\n    {\n      \"ts\": 1783574690687,\n      \"kind\": \"event\",\n      \"method\": null,\n      \"event\": \"agent\",\n      \"ok\": null,\n      \"data\": {\n        \"runId\": \"R-CD-SILENT-DISPATCH-R-CD-SILENT-1783574673251-nyrj44ks\",\n        \"sessionKey\": \"agent:main:r-cd-silent-r-cd-silent-1783574673251-nyrj44ks\",\n        \"ts\": 1783574690636\n      }\n    },\n    {\n      \"ts\": 1783574690687,\n      \"kind\": \"event\",\n      \"method\": null,\n      \"event\": \"agent\",\n      \"ok\": null,\n      \"data\": {\n        \"runId\": \"R-CD-SILENT-DISPATCH-R-CD-SILENT-1783574673251-nyrj44ks\",\n        \"sessionKey\": \"agent:main:r-cd-silent-r-cd-silent-1783574673251-nyrj44ks\",\n        \"ts\": 1783574690686\n      }\n    },\n    {\n      \"ts\": 1783574690793,\n      \"kind\": \"event\",\n      \"method\": null,\n      \"event\": \"agent\",\n      \"ok\": null,\n      \"data\": {\n        \"runId\": \"R-CD-SILENT-DISPATCH-R-CD-SILENT-1783574673251-nyrj44ks\",\n        \"sessionKey\": \"agent:main:r-cd-silent-r-cd-silent-1783574673251-nyrj44ks\",\n        \"ts\": 1783574690793\n      }\n    },\n    {\n      \"ts\": 1783574690794,\n      \"kind\": \"event\",\n      \"method\": null,\n      \"event\": \"chat\",\n      \"ok\": null,\n      \"data\": {\n        \"runId\": \"R-CD-SILENT-DISPATCH-R-CD-SILENT-1783574673251-nyrj44ks\",\n        \"sessionKey\": \"agent:main:r-cd-silent-r-cd-silent-1783574673251-nyrj44ks\",\n        \"state\": \"delta\"\n      }\n    },\n    {\n      \"ts\": 1783574690794,\n      \"kind\": \"event\",\n      \"method\": null,\n      \"event\": \"chat\",\n      \"ok\": null,\n      \"data\": {\n        \"runId\": \"R-CD-SILENT-DISPATCH-R-CD-SILENT-1783574673251-nyrj44ks\",\n        \"sessionKey\": \"agent:main:r-cd-silent-r-cd-silent-1783574673251-nyrj44ks\",\n        \"state\": \"final\"\n      }\n    },\n    {\n      \"ts\": 1783574693251,\n      \"kind\": \"event\",\n      \"method\": null,\n      \"event\": \"task\",\n      \"ok\": null,\n      \"data\": {}\n    },\n    {\n      \"ts\": 1783574693252,\n      \"kind\": \"event\",\n      \"method\": null,\n      \"event\": \"task\",\n      \"ok\": null,\n      \"data\": {}\n    },\n    {\n      \"ts\": 1783574693294,\n      \"kind\": \"event\",\n      \"method\": null,\n      \"event\": \"task\",\n      \"ok\": null,\n      \"data\": {}\n    },\n    {\n      \"ts\": 1783574693470,\n      \"kind\": \"event\",\n      \"method\": null,\n      \"event\": \"health\",\n      \"ok\": null,\n      \"data\": {\n        \"ok\": true,\n        \"ts\": 1783574693469\n      }\n    },\n    {\n      \"ts\": 1783574694123,\n      \"kind\": \"event\",\n      \"method\": null,\n      \"event\": \"agent\",\n      \"ok\": null,\n      \"data\": {\n        \"runId\": \"active-memory-mrd2bllq-899c6bad\",\n        \"sessionKey\": \"agent:main:subagent:continuation-bf1a055f0c4b7519728a185613d30c94:active-memory:750e398adf7c\",\n        \"ts\": 1783574694123\n      }\n    },\n    {\n      \"ts\": 1783574696400,\n      \"kind\": \"event\",\n      \"method\": null,\n      \"event\": \"agent\",\n      \"ok\": null,\n      \"data\": {\n        \"runId\": \"active-memory-mrd2bllq-899c6bad\",\n        \"sessionKey\": \"agent:main:subagent:continuation-bf1a055f0c4b7519728a185613d30c94:active-memory:750e398adf7c\",\n        \"ts\": 1783574696383\n      }\n    },\n    {\n      \"ts\": 1783574697608,\n      \"kind\": \"event\",\n      \"method\": null,\n      \"event\": \"health\",\n      \"ok\": null,\n      \"data\": {\n        \"ok\": true,\n        \"ts\": 1783574697607\n      }\n    },\n    {\n      \"ts\": 1783574697620,\n      \"kind\": \"event\",\n      \"method\": null,\n      \"event\": \"presence\",\n      \"ok\": null,\n      \"data\": {}\n    },\n    {\n      \"ts\": 1783574697871,\n      \"kind\": \"event\",\n      \"method\": null,\n      \"event\": \"agent\",\n      \"ok\": null,\n      \"data\": {\n        \"runId\": \"active-memory-mrd2bllq-899c6bad\",\n        \"sessionKey\": \"agent:main:subagent:continuation-bf1a055f0c4b7519728a185613d30c94:active-memory:750e398adf7c\",\n        \"ts\": 1783574697858\n      }\n    },\n    {\n      \"ts\": 1783574699472,\n      \"kind\": \"event\",\n      \"method\": null,\n      \"event\": \"agent\",\n      \"ok\": null,\n      \"data\": {\n        \"runId\": \"active-memory-mrd2bllq-899c6bad\",\n        \"sessionKey\": \"agent:main:subagent:continuation-bf1a055f0c4b7519728a185613d30c94:active-memory:750e398adf7c\",\n        \"ts\": 1783574699471\n      }\n    },\n    {\n      \"ts\": 1783574699472,\n      \"kind\": \"event\",\n      \"method\": null,\n      \"event\": \"chat\",\n      \"ok\": null,\n      \"data\": {\n        \"runId\": \"active-memory-mrd2bllq-899c6bad\",\n        \"sessionKey\": \"agent:main:subagent:continuation-bf1a055f0c4b7519728a185613d30c94:active-memory:750e398adf7c\",\n        \"state\": \"error\"\n      }\n    },\n    {\n      \"ts\": 1783574699674,\n      \"kind\": \"event\",\n      \"method\": null,\n      \"event\": \"task\",\n      \"ok\": null,\n      \"data\": {}\n    },\n    {\n      \"ts\": 1783574699675,\n      \"kind\": \"event\",\n      \"method\": null,\n      \"event\": \"task\",\n      \"ok\": null,\n      \"data\": {}\n    },\n    {\n      \"ts\": 1783574699677,\n      \"kind\": \"event\",\n      \"method\": null,\n      \"event\": \"agent\",\n      \"ok\": null,\n      \"data\": {\n        \"runId\": \"continuation-delegate-bf1a055f0c4b7519728a185613d30c94\",\n        \"sessionKey\": \"agent:main:subagent:continuation-bf1a055f0c4b7519728a185613d30c94\",\n        \"ts\": 1783574699627\n      }\n    },\n    {\n      \"ts\": 1783574702235,\n      \"kind\": \"event\",\n      \"method\": null,\n      \"event\": \"task\",\n      \"ok\": null,\n      \"data\": {}\n    },\n    {\n      \"ts\": 1783574702235,\n      \"kind\": \"event\",\n      \"method\": null,\n      \"event\": \"task\",\n      \"ok\": null,\n      \"data\": {}\n    },\n    {\n      \"ts\": 1783574702236,\n      \"kind\": \"event\",\n      \"method\": null,\n      \"event\": \"agent\",\n      \"ok\": null,\n      \"data\": {\n        \"runId\": \"continuation-delegate-bf1a055f0c4b7519728a185613d30c94\",\n        \"sessionKey\": \"agent:main:subagent:continuation-bf1a055f0c4b7519728a185613d30c94\",\n        \"ts\": 1783574702233\n      }\n    },\n    {\n      \"ts\": 1783574702236,\n      \"kind\": \"event\",\n      \"method\": null,\n      \"event\": \"chat\",\n      \"ok\": null,\n      \"data\": {\n        \"runId\": \"continuation-delegate-bf1a055f0c4b7519728a185613d30c94\",\n        \"sessionKey\": \"agent:main:subagent:continuation-bf1a055f0c4b7519728a185613d30c94\",\n        \"state\": \"delta\"\n      }\n    },\n    {\n      \"ts\": 1783574702236,\n      \"kind\": \"event\",\n      \"method\": null,\n      \"event\": \"task\",\n      \"ok\": null,\n      \"data\": {}\n    },\n    {\n      \"ts\": 1783574702236,\n      \"kind\": \"event\",\n      \"method\": null,\n      \"event\": \"task\",\n      \"ok\": null,\n      \"data\": {}\n    },\n    {\n      \"ts\": 1783574702237,\n      \"kind\": \"event\",\n      \"method\": null,\n      \"event\": \"task\",\n      \"ok\": null,\n      \"data\": {}\n    },\n    {\n      \"ts\": 1783574702237,\n      \"kind\": \"event\",\n      \"method\": null,\n      \"event\": \"task\",\n      \"ok\": null,\n      \"data\": {}\n    },\n    {\n      \"ts\": 1783574702238,\n      \"kind\": \"event\",\n      \"method\": null,\n      \"event\": \"task\",\n      \"ok\": null,\n      \"data\": {}\n    },\n    {\n      \"ts\": 1783574702239,\n      \"kind\": \"event\",\n      \"method\": null,\n      \"event\": \"task\",\n      \"ok\": null,\n      \"data\": {}\n    },\n    {\n      \"ts\": 1783574702239,\n      \"kind\": \"event\",\n      \"method\": null,\n      \"event\": \"task\",\n      \"ok\": null,\n      \"data\": {}\n    },\n    {\n      \"ts\": 1783574702239,\n      \"kind\": \"event\",\n      \"method\": null,\n      \"event\": \"task\",\n      \"ok\": null,\n      \"data\": {}\n    },\n    {\n      \"ts\": 1783574702240,\n      \"kind\": \"event\",\n      \"method\": null,\n      \"event\": \"task\",\n      \"ok\": null,\n      \"data\": {}\n    },\n    {\n      \"ts\": 1783574702240,\n      \"kind\": \"event\",\n      \"method\": null,\n      \"event\": \"task\",\n      \"ok\": null,\n      \"data\": {}\n    },\n    {\n      \"ts\": 1783574702241,\n      \"kind\": \"event\",\n      \"method\": null,\n      \"event\": \"task\",\n      \"ok\": null,\n      \"data\": {}\n    },\n    {\n      \"ts\": 1783574702241,\n      \"kind\": \"event\",\n      \"method\": null,\n      \"event\": \"task\",\n      \"ok\": null,\n      \"data\": {}\n    },\n    {\n      \"ts\": 1783574702242,\n      \"kind\": \"event\",\n      \"method\": null,\n      \"event\": \"task\",\n      \"ok\": null,\n      \"data\": {}\n    },\n    {\n      \"ts\": 1783574702242,\n      \"kind\": \"event\",\n      \"method\": null,\n      \"event\": \"task\",\n      \"ok\": null,\n      \"data\": {}\n    },\n    {\n      \"ts\": 1783574702242,\n      \"kind\": \"event\",\n      \"method\": null,\n      \"event\": \"task\",\n      \"ok\": null,\n      \"data\": {}\n    },\n    {\n      \"ts\": 1783574702243,\n      \"kind\": \"event\",\n      \"method\": null,\n      \"event\": \"task\",\n      \"ok\": null,\n      \"data\": {}\n    },\n    {\n      \"ts\": 1783574702244,\n      \"kind\": \"event\",\n      \"method\": null,\n      \"event\": \"task\",\n      \"ok\": null,\n      \"data\": {}\n    },\n    {\n      \"ts\": 1783574702244,\n      \"kind\": \"event\",\n      \"method\": null,\n      \"event\": \"task\",\n      \"ok\": null,\n      \"data\": {}\n    },\n    {\n      \"ts\": 1783574702244,\n      \"kind\": \"event\",\n      \"method\": null,\n      \"event\": \"task\",\n      \"ok\": null,\n      \"data\": {}\n    },\n    {\n      \"ts\": 1783574702244,\n      \"kind\": \"event\",\n      \"method\": null,\n      \"event\": \"task\",\n      \"ok\": null,\n      \"data\": {}\n    },\n    {\n      \"ts\": 1783574702245,\n      \"kind\": \"event\",\n      \"method\": null,\n      \"event\": \"task\",\n      \"ok\": null,\n      \"data\": {}\n    },\n    {\n      \"ts\": 1783574702245,\n      \"kind\": \"event\",\n      \"method\": null,\n      \"event\": \"task\",\n      \"ok\": null,\n      \"data\": {}\n    },\n    {\n      \"ts\": 1783574702246,\n      \"kind\": \"event\",\n      \"method\": null,\n      \"event\": \"task\",\n      \"ok\": null,\n      \"data\": {}\n    },\n    {\n      \"ts\": 1783574702246,\n      \"kind\": \"event\",\n      \"method\": null,\n      \"event\": \"task\",\n      \"ok\": null,\n      \"data\": {}\n    },\n    {\n      \"ts\": 1783574702247,\n      \"kind\": \"event\",\n      \"method\": null,\n      \"event\": \"task\",\n      \"ok\": null,\n      \"data\": {}\n    },\n    {\n      \"ts\": 1783574702247,\n      \"kind\": \"event\",\n      \"method\": null,\n      \"event\": \"task\",\n      \"ok\": null,\n      \"data\": {}\n    },\n    {\n      \"ts\": 1783574702247,\n      \"kind\": \"event\",\n      \"method\": null,\n      \"event\": \"task\",\n      \"ok\": null,\n      \"data\": {}\n    },\n    {\n      \"ts\": 1783574702248,\n      \"kind\": \"event\",\n      \"method\": null,\n      \"event\": \"task\",\n      \"ok\": null,\n      \"data\": {}\n    },\n    {\n      \"ts\": 1783574702248,\n      \"kind\": \"event\",\n      \"method\": null,\n      \"event\": \"task\",\n      \"ok\": null,\n      \"data\": {}\n    },\n    {\n      \"ts\": 1783574702249,\n      \"kind\": \"event\",\n      \"method\": null,\n      \"event\": \"task\",\n      \"ok\": null,\n      \"data\": {}\n    },\n    {\n      \"ts\": 1783574702249,\n      \"kind\": \"event\",\n      \"method\": null,\n      \"event\": \"task\",\n      \"ok\": null,\n      \"data\": {}\n    },\n    {\n      \"ts\": 1783574702249,\n      \"kind\": \"event\",\n      \"method\": null,\n      \"event\": \"task\",\n      \"ok\": null,\n      \"data\": {}\n    },\n    {\n      \"ts\": 1783574702250,\n      \"kind\": \"event\",\n      \"method\": null,\n      \"event\": \"task\",\n      \"ok\": null,\n      \"data\": {}\n    },\n    {\n      \"ts\": 1783574702250,\n      \"kind\": \"event\",\n      \"method\": null,\n      \"event\": \"task\",\n      \"ok\": null,\n      \"data\": {}\n    },\n    {\n      \"ts\": 1783574702251,\n      \"kind\": \"event\",\n      \"method\": null,\n      \"event\": \"task\",\n      \"ok\": null,\n      \"data\": {}\n    },\n    {\n      \"ts\": 1783574702251,\n      \"kind\": \"event\",\n      \"method\": null,\n      \"event\": \"task\",\n      \"ok\": null,\n      \"data\": {}\n    },\n    {\n      \"ts\": 1783574702252,\n      \"kind\": \"event\",\n      \"method\": null,\n      \"event\": \"task\",\n      \"ok\": null,\n      \"data\": {}\n    },\n    {\n      \"ts\": 1783574702252,\n      \"kind\": \"event\",\n      \"method\": null,\n      \"event\": \"task\",\n      \"ok\": null,\n      \"data\": {}\n    },\n    {\n      \"ts\": 1783574702253,\n      \"kind\": \"event\",\n      \"method\": null,\n      \"event\": \"task\",\n      \"ok\": null,\n      \"data\": {}\n    },\n    {\n      \"ts\": 1783574702253,\n      \"kind\": \"event\",\n      \"method\": null,\n      \"event\": \"task\",\n      \"ok\": null,\n      \"data\": {}\n    },\n    {\n      \"ts\": 1783574702253,\n      \"kind\": \"event\",\n      \"method\": null,\n      \"event\": \"task\",\n      \"ok\": null,\n      \"data\": {}\n    },\n    {\n      \"ts\": 1783574702253,\n      \"kind\": \"event\",\n      \"method\": null,\n      \"event\": \"task\",\n      \"ok\": null,\n      \"data\": {}\n    },\n    {\n      \"ts\": 1783574702254,\n      \"kind\": \"event\",\n      \"method\": null,\n      \"event\": \"task\",\n      \"ok\": null,\n      \"data\": {}\n    },\n    {\n      \"ts\": 1783574702255,\n      \"kind\": \"event\",\n      \"method\": null,\n      \"event\": \"task\",\n      \"ok\": null,\n      \"data\": {}\n    },\n    {\n      \"ts\": 1783574702255,\n      \"kind\": \"event\",\n      \"method\": null,\n      \"event\": \"task\",\n      \"ok\": null,\n      \"data\": {}\n    },\n    {\n      \"ts\": 1783574702255,\n      \"kind\": \"event\",\n      \"method\": null,\n      \"event\": \"task\",\n      \"ok\": null,\n      \"data\": {}\n    },\n    {\n      \"ts\": 1783574702273,\n      \"kind\": \"event\",\n      \"method\": null,\n      \"event\": \"task\",\n      \"ok\": null,\n      \"data\": {}\n    },\n    {\n      \"ts\": 1783574702273,\n      \"kind\": \"event\",\n      \"method\": null,\n      \"event\": \"task\",\n      \"ok\": null,\n      \"data\": {}\n    },\n    {\n      \"ts\": 1783574702274,\n      \"kind\": \"event\",\n      \"method\": null,\n      \"event\": \"task\",\n      \"ok\": null,\n      \"data\": {}\n    },\n    {\n      \"ts\": 1783574702274,\n      \"kind\": \"event\",\n      \"method\": null,\n      \"event\": \"task\",\n      \"ok\": null,\n      \"data\": {}\n    },\n    {\n      \"ts\": 1783574702293,\n      \"kind\": \"event\",\n      \"method\": null,\n      \"event\": \"task\",\n      \"ok\": null,\n      \"data\": {}\n    },\n    {\n      \"ts\": 1783574702293,\n      \"kind\": \"event\",\n      \"method\": null,\n      \"event\": \"task\",\n      \"ok\": null,\n      \"data\": {}\n    },\n    {\n      \"ts\": 1783574702293,\n      \"kind\": \"event\",\n      \"method\": null,\n      \"event\": \"agent\",\n      \"ok\": null,\n      \"data\": {\n        \"runId\": \"continuation-delegate-bf1a055f0c4b7519728a185613d30c94\",\n        \"sessionKey\": \"agent:main:subagent:continuation-bf1a055f0c4b7519728a185613d30c94\",\n        \"ts\": 1783574702273\n      }\n    },\n    {\n      \"ts\": 1783574702293,\n      \"kind\": \"event\",\n      \"method\": null,\n      \"event\": \"agent\",\n      \"ok\": null,\n      \"data\": {\n        \"runId\": \"continuation-delegate-bf1a055f0c4b7519728a185613d30c94\",\n        \"sessionKey\": \"agent:main:subagent:continuation-bf1a055f0c4b7519728a185613d30c94\",\n        \"ts\": 1783574702292\n      }\n    },\n    {\n      \"ts\": 1783574702448,\n      \"kind\": \"event\",\n      \"method\": null,\n      \"event\": \"task\",\n      \"ok\": null,\n      \"data\": {}\n    },\n    {\n      \"ts\": 1783574702448,\n      \"kind\": \"event\",\n      \"method\": null,\n      \"event\": \"task\",\n      \"ok\": null,\n      \"data\": {}\n    },\n    {\n      \"ts\": 1783574702499,\n      \"kind\": \"event\",\n      \"method\": null,\n      \"event\": \"agent\",\n      \"ok\": null,\n      \"data\": {\n        \"runId\": \"continuation-delegate-bf1a055f0c4b7519728a185613d30c94\",\n        \"sessionKey\": \"agent:main:subagent:continuation-bf1a055f0c4b7519728a185613d30c94\",\n        \"ts\": 1783574702446\n      }\n    },\n    {\n      \"ts\": 1783574702499,\n      \"kind\": \"event\",\n      \"method\": null,\n      \"event\": \"chat\",\n      \"ok\": null,\n      \"data\": {\n        \"runId\": \"continuation-delegate-bf1a055f0c4b7519728a185613d30c94\",\n        \"sessionKey\": \"agent:main:subagent:continuation-bf1a055f0c4b7519728a185613d30c94\",\n        \"state\": \"delta\"\n      }\n    },\n    {\n      \"ts\": 1783574702499,\n      \"kind\": \"event\",\n      \"method\": null,\n      \"event\": \"chat\",\n      \"ok\": null,\n      \"data\": {\n        \"runId\": \"continuation-delegate-bf1a055f0c4b7519728a185613d30c94\",\n        \"sessionKey\": \"agent:main:subagent:continuation-bf1a055f0c4b7519728a185613d30c94\",\n        \"state\": \"final\"\n      }\n    },\n    {\n      \"ts\": 1783574702504,\n      \"kind\": \"event\",\n      \"method\": null,\n      \"event\": \"task\",\n      \"ok\": null,\n      \"data\": {}\n    },\n    {\n      \"ts\": 1783574702545,\n      \"kind\": \"event\",\n      \"method\": null,\n      \"event\": \"presence\",\n      \"ok\": null,\n      \"data\": {}\n    },\n    {\n      \"ts\": 1783574702658,\n      \"kind\": \"event\",\n      \"method\": null,\n      \"event\": \"health\",\n      \"ok\": null,\n      \"data\": {\n        \"ok\": true,\n        \"ts\": 1783574702657\n      }\n    },\n    {\n      \"ts\": 1783574702686,\n      \"kind\": \"event\",\n      \"method\": null,\n      \"event\": \"presence\",\n      \"ok\": null,\n      \"data\": {}\n    },\n    {\n      \"ts\": 1783574702725,\n      \"kind\": \"event\",\n      \"method\": null,\n      \"event\": \"task\",\n      \"ok\": null,\n      \"data\": {}\n    },\n    {\n      \"ts\": 1783574702755,\n      \"kind\": \"event\",\n      \"method\": null,\n      \"event\": \"task\",\n      \"ok\": null,\n      \"data\": {}\n    },\n    {\n      \"ts\": 1783574703153,\n      \"kind\": \"event\",\n      \"method\": null,\n      \"event\": \"task\",\n      \"ok\": null,\n      \"data\": {}\n    },\n    {\n      \"ts\": 1783574707558,\n      \"kind\": \"response\",\n      \"method\": \"sessions.send\",\n      \"event\": null,\n      \"ok\": true,\n      \"data\": {\n        \"runId\": \"R-CD-SILENT-FOLLOWUP-R-CD-SILENT-1783574673251-nyrj44ks\",\n        \"status\": \"started\"\n      }\n    },\n    {\n      \"ts\": 1783574708292,\n      \"kind\": \"event\",\n      \"method\": null,\n      \"event\": \"agent\",\n      \"ok\": null,\n      \"data\": {\n        \"runId\": \"active-memory-mrd2bwl4-31271629\",\n        \"sessionKey\": \"agent:main:r-cd-silent-r-cd-silent-1783574673251-nyrj44ks:active-memory:2486c9844e72\",\n        \"ts\": 1783574708292\n      }\n    },\n    {\n      \"ts\": 1783574712906,\n      \"kind\": \"event\",\n      \"method\": null,\n      \"event\": \"agent\",\n      \"ok\": null,\n      \"data\": {\n        \"runId\": \"active-memory-mrd2bwl4-31271629\",\n        \"sessionKey\": \"agent:main:r-cd-silent-r-cd-silent-1783574673251-nyrj44ks:active-memory:2486c9844e72\",\n        \"ts\": 1783574712893\n      }\n    },\n    {\n      \"ts\": 1783574714022,\n      \"kind\": \"event\",\n      \"method\": null,\n      \"event\": \"health\",\n      \"ok\": null,\n      \"data\": {\n        \"ok\": true,\n        \"ts\": 1783574714022\n      }\n    },\n    {\n      \"ts\": 1783574714038,\n      \"kind\": \"event\",\n      \"method\": null,\n      \"event\": \"presence\",\n      \"ok\": null,\n      \"data\": {}\n    },\n    {\n      \"ts\": 1783574714075,\n      \"kind\": \"event\",\n      \"method\": null,\n      \"event\": \"agent\",\n      \"ok\": null,\n      \"data\": {\n        \"runId\": \"active-memory-mrd2bwl4-31271629\",\n        \"sessionKey\": \"agent:main:r-cd-silent-r-cd-silent-1783574673251-nyrj44ks:active-memory:2486c9844e72\",\n        \"ts\": 1783574714061\n      }\n    },\n    {\n      \"ts\": 1783574715326,\n      \"kind\": \"event\",\n      \"method\": null,\n      \"event\": \"agent\",\n      \"ok\": null,\n      \"data\": {\n        \"runId\": \"active-memory-mrd2bwl4-31271629\",\n        \"sessionKey\": \"agent:main:r-cd-silent-r-cd-silent-1783574673251-nyrj44ks:active-memory:2486c9844e72\",\n        \"ts\": 1783574715325\n      }\n    },\n    {\n      \"ts\": 1783574715326,\n      \"kind\": \"event\",\n      \"method\": null,\n      \"event\": \"chat\",\n      \"ok\": null,\n      \"data\": {\n        \"runId\": \"active-memory-mrd2bwl4-31271629\",\n        \"sessionKey\": \"agent:main:r-cd-silent-r-cd-silent-1783574673251-nyrj44ks:active-memory:2486c9844e72\",\n        \"state\": \"error\"\n      }\n    },\n    {\n      \"ts\": 1783574715489,\n      \"kind\": \"event\",\n      \"method\": null,\n      \"event\": \"agent\",\n      \"ok\": null,\n      \"data\": {\n        \"runId\": \"R-CD-SILENT-FOLLOWUP-R-CD-SILENT-1783574673251-nyrj44ks\",\n        \"sessionKey\": \"agent:main:r-cd-silent-r-cd-silent-1783574673251-nyrj44ks\",\n        \"ts\": 1783574715489\n      }\n    },\n    {\n      \"ts\": 1783574715538,\n      \"kind\": \"event\",\n      \"method\": null,\n      \"event\": \"session.message\",\n      \"ok\": null,\n      \"data\": {\n        \"sessionKey\": \"agent:main:r-cd-silent-r-cd-silent-1783574673251-nyrj44ks\",\n        \"status\": \"done\",\n        \"startedAt\": 1783574680394\n      }\n    },\n    {\n      \"ts\": 1783574718476,\n      \"kind\": \"event\",\n      \"method\": null,\n      \"event\": \"agent\",\n      \"ok\": null,\n      \"data\": {\n        \"runId\": \"R-CD-SILENT-FOLLOWUP-R-CD-SILENT-1783574673251-nyrj44ks\",\n        \"sessionKey\": \"agent:main:r-cd-silent-r-cd-silent-1783574673251-nyrj44ks\",\n        \"ts\": 1783574718475\n      }\n    },\n    {\n      \"ts\": 1783574718476,\n      \"kind\": \"event\",\n      \"method\": null,\n      \"event\": \"chat\",\n      \"ok\": null,\n      \"data\": {\n        \"runId\": \"R-CD-SILENT-FOLLOWUP-R-CD-SILENT-1783574673251-nyrj44ks\",\n        \"sessionKey\": \"agent:main:r-cd-silent-r-cd-silent-1783574673251-nyrj44ks\",\n        \"state\": \"delta\"\n      }\n    },\n    {\n      \"ts\": 1783574718623,\n      \"kind\": \"event\",\n      \"method\": null,\n      \"event\": \"session.message\",\n      \"ok\": null,\n      \"data\": {\n        \"sessionKey\": \"agent:main:r-cd-silent-r-cd-silent-1783574673251-nyrj44ks\",\n        \"status\": \"running\",\n        \"startedAt\": 1783574715489\n      }\n    }\n  ],\n  \"ended\": \"2026-07-09T05:25:18.623Z\",\n  \"duration_ms\": 45371\n}" source=console
project81 k6 proof on cael	Run Project 81 k6 proof wrapper	2026-07-09T05:25:18.6393436Z time="2026-07-08T22:25:18-07:00" level=info msg="--- END EVIDENCE ---" source=console
project81 k6 proof on cael	Run Project 81 k6 proof wrapper	2026-07-09T05:25:18.6393747Z time="2026-07-08T22:25:18-07:00" level=info msg="\n[R-CD-SILENT] VERDICT: PASS-candidate" source=console
project81 k6 proof on cael	Run Project 81 k6 proof wrapper	2026-07-09T05:25:18.6393950Z 
project81 k6 proof on cael	Run Project 81 k6 proof wrapper	2026-07-09T05:25:18.6394172Z [R-CD-SILENT] Summary: PASS-candidate | SHA: 5292af40d0ad5303b85a678f6e629503a8725848 | Seat: cael
project81 k6 proof on cael	Run Project 81 k6 proof wrapper	2026-07-09T05:25:18.6394374Z 
project81 k6 proof on cael	Run Project 81 k6 proof wrapper	2026-07-09T05:25:18.6394469Z running (0m45.4s), 0/1 VUs, 1 complete and 0 interrupted iterations
project81 k6 proof on cael	Run Project 81 k6 proof wrapper	2026-07-09T05:25:18.6394746Z r_cd_silent ✓ [ 100% ] 1 VUs  0m45.4s/3m30s  1/1 shared iters
project81 k6 proof on cael	Run Project 81 k6 proof wrapper	2026-07-09T05:25:18.7204021Z ./r-cd-silent-summary.json
project81 k6 proof on cael	Run Project 81 k6 proof wrapper	2026-07-09T05:25:18.8455773Z [R-CD-SILENT] METRICS: /home/figs/actions-runner/_work/openclaw-bootstrap/openclaw-bootstrap/openclaw-bootstrap/PROOFS/d29ba41eb2c7a26a8ce51fe7a36d8962f46cc067/project81-k6/20260709T052430Z-cael-dgx-4083595/5292af40d0ad5303b85a678f6e629503a8725848/R-CD-SILENT/cael/20260709T052433Z-r-cd-silent/openclaw-proofs-k6.prom
project81 k6 proof on cael	Run Project 81 k6 proof wrapper	2026-07-09T05:25:18.8464590Z [R-CD-SILENT] ARTIFACTS: /home/figs/actions-runner/_work/openclaw-bootstrap/openclaw-bootstrap/openclaw-bootstrap/PROOFS/d29ba41eb2c7a26a8ce51fe7a36d8962f46cc067/project81-k6/20260709T052430Z-cael-dgx-4083595/5292af40d0ad5303b85a678f6e629503a8725848/R-CD-SILENT/cael/20260709T052433Z-r-cd-silent
project81 k6 proof on cael	Run Project 81 k6 proof wrapper	2026-07-09T05:25:18.8465271Z [R-CD-SILENT] COMPLETED.
project81 k6 proof on cael	Run Project 81 k6 proof wrapper	2026-07-09T05:25:18.8465499Z Observability check: query Grafana for run/nonce or review Tempo traces if trace ID was emitted.
project81 k6 proof on cael	Run Project 81 k6 proof wrapper	2026-07-09T05:25:18.8852660Z 
project81 k6 proof on cael	Run Project 81 k6 proof wrapper	2026-07-09T05:25:18.8853087Z ----------------------------------------
project81 k6 proof on cael	Run Project 81 k6 proof wrapper	2026-07-09T05:25:18.8853407Z Row: R-CD-TOKEN
project81 k6 proof on cael	Run Project 81 k6 proof wrapper	2026-07-09T05:25:18.8854101Z Manifest: /home/figs/actions-runner/_work/openclaw-bootstrap/openclaw-bootstrap/karmaterminal-openclaw-docs/tools/k6-proofs/manifests/r-cd-token.json
project81 k6 proof on cael	Run Project 81 k6 proof wrapper	2026-07-09T05:25:18.8854869Z Scenario: scenarios/r-cd-token-bracket-delegate.js
project81 k6 proof on cael	Run Project 81 k6 proof wrapper	2026-07-09T05:25:18.8855175Z Status: runnable
project81 k6 proof on cael	Run Project 81 k6 proof wrapper	2026-07-09T05:25:18.8855371Z Live Safety: k6-runnable
project81 k6 proof on cael	Run Project 81 k6 proof wrapper	2026-07-09T05:25:18.8855594Z [R-CD-TOKEN] RUNNING...
project81 k6 proof on cael	Run Project 81 k6 proof wrapper	2026-07-09T05:25:18.9072740Z 
project81 k6 proof on cael	Run Project 81 k6 proof wrapper	2026-07-09T05:25:18.9073290Z          /\      Grafana   /‾‾/  
project81 k6 proof on cael	Run Project 81 k6 proof wrapper	2026-07-09T05:25:18.9073580Z     /\  /  \     |\  __   /  /   
project81 k6 proof on cael	Run Project 81 k6 proof wrapper	2026-07-09T05:25:18.9073853Z    /  \/    \    | |/ /  /   ‾‾\ 
project81 k6 proof on cael	Run Project 81 k6 proof wrapper	2026-07-09T05:25:18.9074115Z   /          \   |   (  |  (‾)  |
project81 k6 proof on cael	Run Project 81 k6 proof wrapper	2026-07-09T05:25:18.9074378Z  / __________ \  |_|\_\  \_____/ 
project81 k6 proof on cael	Run Project 81 k6 proof wrapper	2026-07-09T05:25:18.9074531Z 
project81 k6 proof on cael	Run Project 81 k6 proof wrapper	2026-07-09T05:25:18.9074544Z 
project81 k6 proof on cael	Run Project 81 k6 proof wrapper	2026-07-09T05:25:18.9074621Z      execution: local
project81 k6 proof on cael	Run Project 81 k6 proof wrapper	2026-07-09T05:25:18.9074892Z         script: scenarios/r-cd-token-bracket-delegate.js
project81 k6 proof on cael	Run Project 81 k6 proof wrapper	2026-07-09T05:25:18.9075208Z         output: -
project81 k6 proof on cael	Run Project 81 k6 proof wrapper	2026-07-09T05:25:18.9075327Z 
project81 k6 proof on cael	Run Project 81 k6 proof wrapper	2026-07-09T05:25:18.9075573Z      scenarios: (100.00%) 1 scenario, 1 max VUs, 4m0s max duration (incl. graceful stop):
project81 k6 proof on cael	Run Project 81 k6 proof wrapper	2026-07-09T05:25:18.9076220Z               * r_cd_token_bracket_delegate: 1 iterations shared among 1 VUs (maxDuration: 3m30s, gracefulStop: 30s)
project81 k6 proof on cael	Run Project 81 k6 proof wrapper	2026-07-09T05:25:18.9076801Z 
project81 k6 proof on cael	Run Project 81 k6 proof wrapper	2026-07-09T05:25:19.3477281Z time="2026-07-08T22:25:19-07:00" level=info msg="✓ disposable session created: agent:main:r-cd-token-r-cd-token-1783574718908-rr11wm0h" source=console
project81 k6 proof on cael	Run Project 81 k6 proof wrapper	2026-07-09T05:25:19.8866066Z time="2026-07-08T22:25:19-07:00" level=info msg="✓ sessions.send accepted — parent agent turn triggered" source=console
project81 k6 proof on cael	Run Project 81 k6 proof wrapper	2026-07-09T05:25:19.9098045Z 
project81 k6 proof on cael	Run Project 81 k6 proof wrapper	2026-07-09T05:25:19.9099467Z running (0m01.0s), 1/1 VUs, 0 complete and 0 interrupted iterations
project81 k6 proof on cael	Run Project 81 k6 proof wrapper	2026-07-09T05:25:19.9099972Z r_cd_token_bracket_delegate   [   0% ] 1 VUs  0m01.0s/3m30s  0/1 shared iters
project81 k6 proof on cael	Run Project 81 k6 proof wrapper	2026-07-09T05:25:20.9092193Z 
project81 k6 proof on cael	Run Project 81 k6 proof wrapper	2026-07-09T05:25:20.9097439Z running (0m02.0s), 1/1 VUs, 0 complete and 0 interrupted iterations
project81 k6 proof on cael	Run Project 81 k6 proof wrapper	2026-07-09T05:25:20.9099788Z r_cd_token_bracket_delegate   [   0% ] 1 VUs  0m02.0s/3m30s  0/1 shared iters
project81 k6 proof on cael	Run Project 81 k6 proof wrapper	2026-07-09T05:25:21.9093763Z 
project81 k6 proof on cael	Run Project 81 k6 proof wrapper	2026-07-09T05:25:21.9096210Z running (0m03.0s), 1/1 VUs, 0 complete and 0 interrupted iterations
project81 k6 proof on cael	Run Project 81 k6 proof wrapper	2026-07-09T05:25:21.9097222Z r_cd_token_bracket_delegate   [   0% ] 1 VUs  0m03.0s/3m30s  0/1 shared iters
project81 k6 proof on cael	Run Project 81 k6 proof wrapper	2026-07-09T05:25:22.9092003Z 
project81 k6 proof on cael	Run Project 81 k6 proof wrapper	2026-07-09T05:25:22.9094214Z running (0m04.0s), 1/1 VUs, 0 complete and 0 interrupted iterations
project81 k6 proof on cael	Run Project 81 k6 proof wrapper	2026-07-09T05:25:22.9094724Z r_cd_token_bracket_delegate   [   0% ] 1 VUs  0m04.0s/3m30s  0/1 shared iters
project81 k6 proof on cael	Run Project 81 k6 proof wrapper	2026-07-09T05:25:23.9102308Z 
project81 k6 proof on cael	Run Project 81 k6 proof wrapper	2026-07-09T05:25:23.9104659Z running (0m05.0s), 1/1 VUs, 0 complete and 0 interrupted iterations
project81 k6 proof on cael	Run Project 81 k6 proof wrapper	2026-07-09T05:25:23.9106392Z r_cd_token_bracket_delegate   [   0% ] 1 VUs  0m05.0s/3m30s  0/1 shared iters
project81 k6 proof on cael	Run Project 81 k6 proof wrapper	2026-07-09T05:25:24.9085670Z 
project81 k6 proof on cael	Run Project 81 k6 proof wrapper	2026-07-09T05:25:24.9087290Z running (0m06.0s), 1/1 VUs, 0 complete and 0 interrupted iterations
project81 k6 proof on cael	Run Project 81 k6 proof wrapper	2026-07-09T05:25:24.9087788Z r_cd_token_bracket_delegate   [   0% ] 1 VUs  0m06.0s/3m30s  0/1 shared iters
project81 k6 proof on cael	Run Project 81 k6 proof wrapper	2026-07-09T05:25:25.9095660Z 
project81 k6 proof on cael	Run Project 81 k6 proof wrapper	2026-07-09T05:25:25.9097372Z running (0m07.0s), 1/1 VUs, 0 complete and 0 interrupted iterations
project81 k6 proof on cael	Run Project 81 k6 proof wrapper	2026-07-09T05:25:25.9097932Z r_cd_token_bracket_delegate   [   0% ] 1 VUs  0m07.0s/3m30s  0/1 shared iters
project81 k6 proof on cael	Run Project 81 k6 proof wrapper	2026-07-09T05:25:26.9086555Z 
project81 k6 proof on cael	Run Project 81 k6 proof wrapper	2026-07-09T05:25:26.9087736Z running (0m08.0s), 1/1 VUs, 0 complete and 0 interrupted iterations
project81 k6 proof on cael	Run Project 81 k6 proof wrapper	2026-07-09T05:25:26.9088251Z r_cd_token_bracket_delegate   [   0% ] 1 VUs  0m08.0s/3m30s  0/1 shared iters
project81 k6 proof on cael	Run Project 81 k6 proof wrapper	2026-07-09T05:25:27.9088674Z 
project81 k6 proof on cael	Run Project 81 k6 proof wrapper	2026-07-09T05:25:27.9090562Z running (0m09.0s), 1/1 VUs, 0 complete and 0 interrupted iterations
project81 k6 proof on cael	Run Project 81 k6 proof wrapper	2026-07-09T05:25:27.9091118Z r_cd_token_bracket_delegate   [   0% ] 1 VUs  0m09.0s/3m30s  0/1 shared iters
project81 k6 proof on cael	Run Project 81 k6 proof wrapper	2026-07-09T05:25:28.0116981Z time="2026-07-08T22:25:28-07:00" level=info msg="ℹ Ignoring harness prompt echo event" source=console
project81 k6 proof on cael	Run Project 81 k6 proof wrapper	2026-07-09T05:25:28.9101461Z 
project81 k6 proof on cael	Run Project 81 k6 proof wrapper	2026-07-09T05:25:28.9112864Z running (0m10.0s), 1/1 VUs, 0 complete and 0 interrupted iterations
project81 k6 proof on cael	Run Project 81 k6 proof wrapper	2026-07-09T05:25:28.9117684Z r_cd_token_bracket_delegate   [   0% ] 1 VUs  0m10.0s/3m30s  0/1 shared iters
project81 k6 proof on cael	Run Project 81 k6 proof wrapper	2026-07-09T05:25:29.9086978Z 
project81 k6 proof on cael	Run Project 81 k6 proof wrapper	2026-07-09T05:25:29.9088429Z running (0m11.0s), 1/1 VUs, 0 complete and 0 interrupted iterations
project81 k6 proof on cael	Run Project 81 k6 proof wrapper	2026-07-09T05:25:29.9088731Z r_cd_token_bracket_delegate   [   0% ] 1 VUs  0m11.0s/3m30s  0/1 shared iters
project81 k6 proof on cael	Run Project 81 k6 proof wrapper	2026-07-09T05:25:30.9097918Z 
project81 k6 proof on cael	Run Project 81 k6 proof wrapper	2026-07-09T05:25:30.9100395Z running (0m12.0s), 1/1 VUs, 0 complete and 0 interrupted iterations
project81 k6 proof on cael	Run Project 81 k6 proof wrapper	2026-07-09T05:25:30.9100899Z r_cd_token_bracket_delegate   [   0% ] 1 VUs  0m12.0s/3m30s  0/1 shared iters
project81 k6 proof on cael	Run Project 81 k6 proof wrapper	2026-07-09T05:25:31.9104367Z 
project81 k6 proof on cael	Run Project 81 k6 proof wrapper	2026-07-09T05:25:31.9105950Z running (0m13.0s), 1/1 VUs, 0 complete and 0 interrupted iterations
project81 k6 proof on cael	Run Project 81 k6 proof wrapper	2026-07-09T05:25:31.9106252Z r_cd_token_bracket_delegate   [   0% ] 1 VUs  0m13.0s/3m30s  0/1 shared iters
project81 k6 proof on cael	Run Project 81 k6 proof wrapper	2026-07-09T05:25:32.9089138Z 
project81 k6 proof on cael	Run Project 81 k6 proof wrapper	2026-07-09T05:25:32.9099767Z running (0m14.0s), 1/1 VUs, 0 complete and 0 interrupted iterations
project81 k6 proof on cael	Run Project 81 k6 proof wrapper	2026-07-09T05:25:32.9104941Z r_cd_token_bracket_delegate   [   0% ] 1 VUs  0m14.0s/3m30s  0/1 shared iters
project81 k6 proof on cael	Run Project 81 k6 proof wrapper	2026-07-09T05:25:33.4119100Z time="2026-07-08T22:25:33-07:00" level=info msg="✓ parent sessions_spawn acceptance signal observed" source=console
project81 k6 proof on cael	Run Project 81 k6 proof wrapper	2026-07-09T05:25:33.4120256Z time="2026-07-08T22:25:33-07:00" level=info msg="✓ bracket-token child turn observed" source=console
project81 k6 proof on cael	Run Project 81 k6 proof wrapper	2026-07-09T05:25:33.4121275Z time="2026-07-08T22:25:33-07:00" level=info msg="✓ CD-TOKEN-DELEGATE-DONE return sentinel observed" source=console
project81 k6 proof on cael	Run Project 81 k6 proof wrapper	2026-07-09T05:25:33.4122055Z time="2026-07-08T22:25:33-07:00" level=info msg="All required R-CD-TOKEN evidence gathered, closing early" source=console
project81 k6 proof on cael	Run Project 81 k6 proof wrapper	2026-07-09T05:25:33.4122771Z time="2026-07-08T22:25:33-07:00" level=info msg="\n--- R-CD-TOKEN EVIDENCE SUMMARY ---" source=console
project81 k6 proof on cael	Run Project 81 k6 proof wrapper	2026-07-09T05:25:33.4134552Z time="2026-07-08T22:25:33-07:00" level=info msg="{\n  \"row\": \"R-CD-TOKEN\",\n  \"manifest_loaded\": true,\n  \"nonce\": \"R-CD-TOKEN-1783574718908-rr11wm0h\",\n  \"seat\": \"cael\",\n  \"requestedSessionKey\": \"p81-5292-cael-live-tail\",\n  \"sessionKey\": \"agent:main:r-cd-token-r-cd-token-1783574718908-rr11wm0h\",\n  \"session_created\": true,\n  \"created_session_key\": \"agent:main:r-cd-token-r-cd-token-1783574718908-rr11wm0h\",\n  \"candidateSha\": \"5292af40d0ad5303b85a678f6e629503a8725848\",\n  \"started\": \"2026-07-09T05:25:18.908Z\",\n  \"prompt_injected\": true,\n  \"subagent_spawn_requested\": true,\n  \"subagent_spawn_accepted\": true,\n  \"bracket_token_observed\": true,\n  \"delegate_spawn_or_return_observed\": true,\n  \"child_spawned\": true,\n  \"parent_return_event\": true,\n  \"dispatch_accepted_at_ms\": 1783574719885,\n  \"child_session_key\": null,\n  \"trace_id\": null,\n  \"redacted_events\": [\n    {\n      \"ts\": 1783574718922,\n      \"kind\": \"event\",\n      \"method\": null,\n      \"event\": \"connect.challenge\",\n      \"ok\": null,\n      \"data\": null\n    },\n    {\n      \"ts\": 1783574718923,\n      \"kind\": \"other\",\n      \"method\": null,\n      \"event\": null,\n      \"ok\": null,\n      \"data\": null\n    },\n    {\n      \"ts\": 1783574719035,\n      \"kind\": \"event\",\n      \"method\": null,\n      \"event\": \"health\",\n      \"ok\": null,\n      \"data\": null\n    },\n    {\n      \"ts\": 1783574719316,\n      \"kind\": \"event\",\n      \"method\": null,\n      \"event\": \"health\",\n      \"ok\": null,\n      \"data\": null\n    },\n    {\n      \"ts\": 1783574719346,\n      \"kind\": \"response\",\n      \"method\": \"sessions.create\",\n      \"event\": null,\n      \"ok\": true,\n      \"data\": {\n        \"ok\": true\n      }\n    },\n    {\n      \"ts\": 1783574719381,\n      \"kind\": \"response\",\n      \"method\": \"sessions.messages.subscribe\",\n      \"event\": null,\n      \"ok\": true,\n      \"data\": {}\n    },\n    {\n      \"ts\": 1783574719725,\n      \"kind\": \"event\",\n      \"method\": null,\n      \"event\": \"tick\",\n      \"ok\": null,\n      \"data\": null\n    },\n    {\n      \"ts\": 1783574719885,\n      \"kind\": \"response\",\n      \"method\": \"sessions.send\",\n      \"event\": null,\n      \"ok\": true,\n      \"data\": {\n        \"runId\": \"R-CD-TOKEN-DISPATCH-R-CD-TOKEN-1783574718908-rr11wm0h\",\n        \"status\": \"started\"\n      }\n    },\n    {\n      \"ts\": 1783574720621,\n      \"kind\": \"event\",\n      \"method\": null,\n      \"event\": \"agent\",\n      \"ok\": null,\n      \"data\": null\n    },\n    {\n      \"ts\": 1783574723261,\n      \"kind\": \"event\",\n      \"method\": null,\n      \"event\": \"agent\",\n      \"ok\": null,\n      \"data\": null\n    },\n    {\n      \"ts\": 1783574724915,\n      \"kind\": \"event\",\n      \"method\": null,\n      \"event\": \"health\",\n      \"ok\": null,\n      \"data\": null\n    },\n    {\n      \"ts\": 1783574724926,\n      \"kind\": \"event\",\n      \"method\": null,\n      \"event\": \"presence\",\n      \"ok\": null,\n      \"data\": null\n    },\n    {\n      \"ts\": 1783574724962,\n      \"kind\": \"event\",\n      \"method\": null,\n      \"event\": \"agent\",\n      \"ok\": null,\n      \"data\": null\n    },\n    {\n      \"ts\": 1783574727786,\n      \"kind\": \"event\",\n      \"method\": null,\n      \"event\": \"agent\",\n      \"ok\": null,\n      \"data\": null\n    },\n    {\n      \"ts\": 1783574727786,\n      \"kind\": \"event\",\n      \"method\": null,\n      \"event\": \"chat\",\n      \"ok\": null,\n      \"data\": null\n    },\n    {\n      \"ts\": 1783574727964,\n      \"kind\": \"event\",\n      \"method\": null,\n      \"event\": \"agent\",\n      \"ok\": null,\n      \"data\": null\n    },\n    {\n      \"ts\": 1783574728011,\n      \"kind\": \"event\",\n      \"method\": null,\n      \"event\": \"session.message\",\n      \"ok\": null,\n      \"data\": null\n    },\n    {\n      \"ts\": 1783574733411,\n      \"kind\": \"event\",\n      \"method\": null,\n      \"event\": \"session.message\",\n      \"ok\": null,\n      \"data\": null\n    }\n  ],\n  \"ended\": \"2026-07-09T05:25:33.411Z\",\n  \"duration_ms\": 14503\n}" source=console
project81 k6 proof on cael	Run Project 81 k6 proof wrapper	2026-07-09T05:25:33.4147121Z time="2026-07-08T22:25:33-07:00" level=info msg="--- END EVIDENCE ---" source=console
project81 k6 proof on cael	Run Project 81 k6 proof wrapper	2026-07-09T05:25:33.4147741Z time="2026-07-08T22:25:33-07:00" level=info msg="\n[R-CD-TOKEN] VERDICT: PASS-candidate" source=console
project81 k6 proof on cael	Run Project 81 k6 proof wrapper	2026-07-09T05:25:33.4158463Z 
project81 k6 proof on cael	Run Project 81 k6 proof wrapper	2026-07-09T05:25:33.4158981Z [R-CD-TOKEN] Summary: PASS-candidate | SHA: 5292af40d0ad5303b85a678f6e629503a8725848 | Seat: cael
project81 k6 proof on cael	Run Project 81 k6 proof wrapper	2026-07-09T05:25:33.4159401Z 
project81 k6 proof on cael	Run Project 81 k6 proof wrapper	2026-07-09T05:25:33.4159586Z running (0m14.5s), 0/1 VUs, 1 complete and 0 interrupted iterations
project81 k6 proof on cael	Run Project 81 k6 proof wrapper	2026-07-09T05:25:33.4160264Z r_cd_token_bracket_delegate ✓ [ 100% ] 1 VUs  0m14.5s/3m30s  1/1 shared iters
project81 k6 proof on cael	Run Project 81 k6 proof wrapper	2026-07-09T05:25:33.5079534Z ./r-cd-token-bracket-delegate-summary.json
project81 k6 proof on cael	Run Project 81 k6 proof wrapper	2026-07-09T05:25:33.6088222Z [R-CD-TOKEN] METRICS: /home/figs/actions-runner/_work/openclaw-bootstrap/openclaw-bootstrap/openclaw-bootstrap/PROOFS/d29ba41eb2c7a26a8ce51fe7a36d8962f46cc067/project81-k6/20260709T052430Z-cael-dgx-4083595/5292af40d0ad5303b85a678f6e629503a8725848/R-CD-TOKEN/cael/20260709T052518Z-r-cd-token/openclaw-proofs-k6.prom
project81 k6 proof on cael	Run Project 81 k6 proof wrapper	2026-07-09T05:25:33.6099918Z [R-CD-TOKEN] ARTIFACTS: /home/figs/actions-runner/_work/openclaw-bootstrap/openclaw-bootstrap/openclaw-bootstrap/PROOFS/d29ba41eb2c7a26a8ce51fe7a36d8962f46cc067/project81-k6/20260709T052430Z-cael-dgx-4083595/5292af40d0ad5303b85a678f6e629503a8725848/R-CD-TOKEN/cael/20260709T052518Z-r-cd-token
project81 k6 proof on cael	Run Project 81 k6 proof wrapper	2026-07-09T05:25:33.6101667Z [R-CD-TOKEN] COMPLETED.
project81 k6 proof on cael	Run Project 81 k6 proof wrapper	2026-07-09T05:25:33.6102092Z Observability check: query Grafana for run/nonce or review Tempo traces if trace ID was emitted.
project81 k6 proof on cael	Run Project 81 k6 proof wrapper	2026-07-09T05:25:33.6517175Z 
project81 k6 proof on cael	Run Project 81 k6 proof wrapper	2026-07-09T05:25:33.6517600Z ----------------------------------------
project81 k6 proof on cael	Run Project 81 k6 proof wrapper	2026-07-09T05:25:33.6517937Z Row: R-CONFIG-DEFAULTS
project81 k6 proof on cael	Run Project 81 k6 proof wrapper	2026-07-09T05:25:33.6518651Z Manifest: /home/figs/actions-runner/_work/openclaw-bootstrap/openclaw-bootstrap/karmaterminal-openclaw-docs/tools/k6-proofs/manifests/r-config-defaults.json
project81 k6 proof on cael	Run Project 81 k6 proof wrapper	2026-07-09T05:25:33.6519454Z Scenario: scenarios/r-config-defaults.js
project81 k6 proof on cael	Run Project 81 k6 proof wrapper	2026-07-09T05:25:33.6519722Z Status: runnable
project81 k6 proof on cael	Run Project 81 k6 proof wrapper	2026-07-09T05:25:33.6519918Z Live Safety: k6-runnable
project81 k6 proof on cael	Run Project 81 k6 proof wrapper	2026-07-09T05:25:33.6520151Z [R-CONFIG-DEFAULTS] RUNNING...
project81 k6 proof on cael	Run Project 81 k6 proof wrapper	2026-07-09T05:25:33.6787371Z 
project81 k6 proof on cael	Run Project 81 k6 proof wrapper	2026-07-09T05:25:33.6787912Z          /\      Grafana   /‾‾/  
project81 k6 proof on cael	Run Project 81 k6 proof wrapper	2026-07-09T05:25:33.6788127Z     /\  /  \     |\  __   /  /   
project81 k6 proof on cael	Run Project 81 k6 proof wrapper	2026-07-09T05:25:33.6788270Z    /  \/    \    | |/ /  /   ‾‾\ 
project81 k6 proof on cael	Run Project 81 k6 proof wrapper	2026-07-09T05:25:33.6788408Z   /          \   |   (  |  (‾)  |
project81 k6 proof on cael	Run Project 81 k6 proof wrapper	2026-07-09T05:25:33.6788520Z  / __________ \  |_|\_\  \_____/ 
project81 k6 proof on cael	Run Project 81 k6 proof wrapper	2026-07-09T05:25:33.6788593Z 
project81 k6 proof on cael	Run Project 81 k6 proof wrapper	2026-07-09T05:25:33.6788595Z 
project81 k6 proof on cael	Run Project 81 k6 proof wrapper	2026-07-09T05:25:33.6788636Z      execution: local
project81 k6 proof on cael	Run Project 81 k6 proof wrapper	2026-07-09T05:25:33.6788766Z         script: scenarios/r-config-defaults.js
project81 k6 proof on cael	Run Project 81 k6 proof wrapper	2026-07-09T05:25:33.6788922Z         output: -
project81 k6 proof on cael	Run Project 81 k6 proof wrapper	2026-07-09T05:25:33.6788986Z 
project81 k6 proof on cael	Run Project 81 k6 proof wrapper	2026-07-09T05:25:33.6789116Z      scenarios: (100.00%) 1 scenario, 1 max VUs, 2m0s max duration (incl. graceful stop):
project81 k6 proof on cael	Run Project 81 k6 proof wrapper	2026-07-09T05:25:33.6789464Z               * r_config_defaults: 1 iterations shared among 1 VUs (maxDuration: 1m30s, gracefulStop: 30s)
project81 k6 proof on cael	Run Project 81 k6 proof wrapper	2026-07-09T05:25:33.6789670Z 
project81 k6 proof on cael	Run Project 81 k6 proof wrapper	2026-07-09T05:25:34.1998483Z time="2026-07-08T22:25:34-07:00" level=info msg="✓ disposable session created: agent:main:r-config-defaults-r-config-defaults-1783574733679-a7qfngn5" source=console
project81 k6 proof on cael	Run Project 81 k6 proof wrapper	2026-07-09T05:25:34.6794439Z 
project81 k6 proof on cael	Run Project 81 k6 proof wrapper	2026-07-09T05:25:34.6794896Z running (0m01.0s), 1/1 VUs, 0 complete and 0 interrupted iterations
project81 k6 proof on cael	Run Project 81 k6 proof wrapper	2026-07-09T05:25:34.6795356Z r_config_defaults   [   0% ] 1 VUs  0m01.0s/1m30s  0/1 shared iters
project81 k6 proof on cael	Run Project 81 k6 proof wrapper	2026-07-09T05:25:34.8138207Z time="2026-07-08T22:25:34-07:00" level=info msg="✓ sessions.send accepted — agent turn triggered for config defaults read" source=console
project81 k6 proof on cael	Run Project 81 k6 proof wrapper	2026-07-09T05:25:35.6797287Z 
project81 k6 proof on cael	Run Project 81 k6 proof wrapper	2026-07-09T05:25:35.6798887Z running (0m02.0s), 1/1 VUs, 0 complete and 0 interrupted iterations
project81 k6 proof on cael	Run Project 81 k6 proof wrapper	2026-07-09T05:25:35.6799359Z r_config_defaults   [   0% ] 1 VUs  0m02.0s/1m30s  0/1 shared iters
project81 k6 proof on cael	Run Project 81 k6 proof wrapper	2026-07-09T05:25:36.6801632Z 
project81 k6 proof on cael	Run Project 81 k6 proof wrapper	2026-07-09T05:25:36.6803351Z running (0m03.0s), 1/1 VUs, 0 complete and 0 interrupted iterations
project81 k6 proof on cael	Run Project 81 k6 proof wrapper	2026-07-09T05:25:36.6803627Z r_config_defaults   [   0% ] 1 VUs  0m03.0s/1m30s  0/1 shared iters
project81 k6 proof on cael	Run Project 81 k6 proof wrapper	2026-07-09T05:25:37.6809537Z 
project81 k6 proof on cael	Run Project 81 k6 proof wrapper	2026-07-09T05:25:37.6811025Z running (0m04.0s), 1/1 VUs, 0 complete and 0 interrupted iterations
project81 k6 proof on cael	Run Project 81 k6 proof wrapper	2026-07-09T05:25:37.6811498Z r_config_defaults   [   0% ] 1 VUs  0m04.0s/1m30s  0/1 shared iters
project81 k6 proof on cael	Run Project 81 k6 proof wrapper	2026-07-09T05:25:38.6792560Z 
project81 k6 proof on cael	Run Project 81 k6 proof wrapper	2026-07-09T05:25:38.6792984Z running (0m05.0s), 1/1 VUs, 0 complete and 0 interrupted iterations
project81 k6 proof on cael	Run Project 81 k6 proof wrapper	2026-07-09T05:25:38.6793451Z r_config_defaults   [   0% ] 1 VUs  0m05.0s/1m30s  0/1 shared iters
project81 k6 proof on cael	Run Project 81 k6 proof wrapper	2026-07-09T05:25:39.6799731Z 
project81 k6 proof on cael	Run Project 81 k6 proof wrapper	2026-07-09T05:25:39.6801231Z running (0m06.0s), 1/1 VUs, 0 complete and 0 interrupted iterations
project81 k6 proof on cael	Run Project 81 k6 proof wrapper	2026-07-09T05:25:39.6801700Z r_config_defaults   [   0% ] 1 VUs  0m06.0s/1m30s  0/1 shared iters
project81 k6 proof on cael	Run Project 81 k6 proof wrapper	2026-07-09T05:25:40.6801202Z 
project81 k6 proof on cael	Run Project 81 k6 proof wrapper	2026-07-09T05:25:40.6803029Z running (0m07.0s), 1/1 VUs, 0 complete and 0 interrupted iterations
project81 k6 proof on cael	Run Project 81 k6 proof wrapper	2026-07-09T05:25:40.6803501Z r_config_defaults   [   0% ] 1 VUs  0m07.0s/1m30s  0/1 shared iters
project81 k6 proof on cael	Run Project 81 k6 proof wrapper	2026-07-09T05:25:41.6800347Z 
project81 k6 proof on cael	Run Project 81 k6 proof wrapper	2026-07-09T05:25:41.6800790Z running (0m08.0s), 1/1 VUs, 0 complete and 0 interrupted iterations
project81 k6 proof on cael	Run Project 81 k6 proof wrapper	2026-07-09T05:25:41.6801265Z r_config_defaults   [   0% ] 1 VUs  0m08.0s/1m30s  0/1 shared iters
project81 k6 proof on cael	Run Project 81 k6 proof wrapper	2026-07-09T05:25:42.6796647Z 
project81 k6 proof on cael	Run Project 81 k6 proof wrapper	2026-07-09T05:25:42.6797482Z running (0m09.0s), 1/1 VUs, 0 complete and 0 interrupted iterations
project81 k6 proof on cael	Run Project 81 k6 proof wrapper	2026-07-09T05:25:42.6798232Z r_config_defaults   [   0% ] 1 VUs  0m09.0s/1m30s  0/1 shared iters
project81 k6 proof on cael	Run Project 81 k6 proof wrapper	2026-07-09T05:25:43.6799269Z 
project81 k6 proof on cael	Run Project 81 k6 proof wrapper	2026-07-09T05:25:43.6799717Z running (0m10.0s), 1/1 VUs, 0 complete and 0 interrupted iterations
project81 k6 proof on cael	Run Project 81 k6 proof wrapper	2026-07-09T05:25:43.6800178Z r_config_defaults   [   0% ] 1 VUs  0m10.0s/1m30s  0/1 shared iters
project81 k6 proof on cael	Run Project 81 k6 proof wrapper	2026-07-09T05:25:44.6807329Z 
project81 k6 proof on cael	Run Project 81 k6 proof wrapper	2026-07-09T05:25:44.6807760Z running (0m11.0s), 1/1 VUs, 0 complete and 0 interrupted iterations
project81 k6 proof on cael	Run Project 81 k6 proof wrapper	2026-07-09T05:25:44.6808238Z r_config_defaults   [   0% ] 1 VUs  0m11.0s/1m30s  0/1 shared iters
project81 k6 proof on cael	Run Project 81 k6 proof wrapper	2026-07-09T05:25:45.6803986Z 
project81 k6 proof on cael	Run Project 81 k6 proof wrapper	2026-07-09T05:25:45.6805549Z running (0m12.0s), 1/1 VUs, 0 complete and 0 interrupted iterations
project81 k6 proof on cael	Run Project 81 k6 proof wrapper	2026-07-09T05:25:46.6800241Z r_config_defaults   [   0% ] 1 VUs  0m12.0s/1m30s  0/1 shared iters
project81 k6 proof on cael	Run Project 81 k6 proof wrapper	2026-07-09T05:25:46.6800457Z 
project81 k6 proof on cael	Run Project 81 k6 proof wrapper	2026-07-09T05:25:46.6800640Z running (0m13.0s), 1/1 VUs, 0 complete and 0 interrupted iterations
project81 k6 proof on cael	Run Project 81 k6 proof wrapper	2026-07-09T05:25:46.6800870Z r_config_defaults   [   0% ] 1 VUs  0m13.0s/1m30s  0/1 shared iters
project81 k6 proof on cael	Run Project 81 k6 proof wrapper	2026-07-09T05:25:47.6812654Z 
project81 k6 proof on cael	Run Project 81 k6 proof wrapper	2026-07-09T05:25:47.6813479Z running (0m14.0s), 1/1 VUs, 0 complete and 0 interrupted iterations
project81 k6 proof on cael	Run Project 81 k6 proof wrapper	2026-07-09T05:25:47.6813982Z r_config_defaults   [   0% ] 1 VUs  0m14.0s/1m30s  0/1 shared iters
project81 k6 proof on cael	Run Project 81 k6 proof wrapper	2026-07-09T05:25:48.6797325Z 
project81 k6 proof on cael	Run Project 81 k6 proof wrapper	2026-07-09T05:25:48.6797998Z running (0m15.0s), 1/1 VUs, 0 complete and 0 interrupted iterations
project81 k6 proof on cael	Run Project 81 k6 proof wrapper	2026-07-09T05:25:48.6798268Z r_config_defaults   [   0% ] 1 VUs  0m15.0s/1m30s  0/1 shared iters
project81 k6 proof on cael	Run Project 81 k6 proof wrapper	2026-07-09T05:25:49.6801848Z 
project81 k6 proof on cael	Run Project 81 k6 proof wrapper	2026-07-09T05:25:49.6803293Z running (0m16.0s), 1/1 VUs, 0 complete and 0 interrupted iterations
project81 k6 proof on cael	Run Project 81 k6 proof wrapper	2026-07-09T05:25:49.6803756Z r_config_defaults   [   0% ] 1 VUs  0m16.0s/1m30s  0/1 shared iters
project81 k6 proof on cael	Run Project 81 k6 proof wrapper	2026-07-09T05:25:50.6801951Z 
project81 k6 proof on cael	Run Project 81 k6 proof wrapper	2026-07-09T05:25:50.6803613Z running (0m17.0s), 1/1 VUs, 0 complete and 0 interrupted iterations
project81 k6 proof on cael	Run Project 81 k6 proof wrapper	2026-07-09T05:25:50.6804081Z r_config_defaults   [   0% ] 1 VUs  0m17.0s/1m30s  0/1 shared iters
project81 k6 proof on cael	Run Project 81 k6 proof wrapper	2026-07-09T05:25:51.6794768Z 
project81 k6 proof on cael	Run Project 81 k6 proof wrapper	2026-07-09T05:25:51.6795204Z running (0m18.0s), 1/1 VUs, 0 complete and 0 interrupted iterations
project81 k6 proof on cael	Run Project 81 k6 proof wrapper	2026-07-09T05:25:51.6795702Z r_config_defaults   [   0% ] 1 VUs  0m18.0s/1m30s  0/1 shared iters
project81 k6 proof on cael	Run Project 81 k6 proof wrapper	2026-07-09T05:25:52.6806688Z 
project81 k6 proof on cael	Run Project 81 k6 proof wrapper	2026-07-09T05:25:52.6815993Z running (0m19.0s), 1/1 VUs, 0 complete and 0 interrupted iterations
project81 k6 proof on cael	Run Project 81 k6 proof wrapper	2026-07-09T05:25:52.6816643Z r_config_defaults   [   0% ] 1 VUs  0m19.0s/1m30s  0/1 shared iters
project81 k6 proof on cael	Run Project 81 k6 proof wrapper	2026-07-09T05:25:53.6797216Z 
project81 k6 proof on cael	Run Project 81 k6 proof wrapper	2026-07-09T05:25:53.6798802Z running (0m20.0s), 1/1 VUs, 0 complete and 0 interrupted iterations
project81 k6 proof on cael	Run Project 81 k6 proof wrapper	2026-07-09T05:25:53.6799334Z r_config_defaults   [   0% ] 1 VUs  0m20.0s/1m30s  0/1 shared iters
project81 k6 proof on cael	Run Project 81 k6 proof wrapper	2026-07-09T05:25:54.6794047Z 
project81 k6 proof on cael	Run Project 81 k6 proof wrapper	2026-07-09T05:25:54.6794506Z running (0m21.0s), 1/1 VUs, 0 complete and 0 interrupted iterations
project81 k6 proof on cael	Run Project 81 k6 proof wrapper	2026-07-09T05:25:54.6795010Z r_config_defaults   [   0% ] 1 VUs  0m21.0s/1m30s  0/1 shared iters
project81 k6 proof on cael	Run Project 81 k6 proof wrapper	2026-07-09T05:25:55.6792220Z 
project81 k6 proof on cael	Run Project 81 k6 proof wrapper	2026-07-09T05:25:55.6792686Z running (0m22.0s), 1/1 VUs, 0 complete and 0 interrupted iterations
project81 k6 proof on cael	Run Project 81 k6 proof wrapper	2026-07-09T05:25:55.6793151Z r_config_defaults   [   0% ] 1 VUs  0m22.0s/1m30s  0/1 shared iters
project81 k6 proof on cael	Run Project 81 k6 proof wrapper	2026-07-09T05:25:56.6800310Z 
project81 k6 proof on cael	Run Project 81 k6 proof wrapper	2026-07-09T05:25:56.6801875Z running (0m23.0s), 1/1 VUs, 0 complete and 0 interrupted iterations
project81 k6 proof on cael	Run Project 81 k6 proof wrapper	2026-07-09T05:25:56.6802353Z r_config_defaults   [   0% ] 1 VUs  0m23.0s/1m30s  0/1 shared iters
project81 k6 proof on cael	Run Project 81 k6 proof wrapper	2026-07-09T05:25:57.6802257Z 
project81 k6 proof on cael	Run Project 81 k6 proof wrapper	2026-07-09T05:25:57.6802837Z running (0m24.0s), 1/1 VUs, 0 complete and 0 interrupted iterations
project81 k6 proof on cael	Run Project 81 k6 proof wrapper	2026-07-09T05:25:57.6803305Z r_config_defaults   [   0% ] 1 VUs  0m24.0s/1m30s  0/1 shared iters
project81 k6 proof on cael	Run Project 81 k6 proof wrapper	2026-07-09T05:25:58.6799836Z 
project81 k6 proof on cael	Run Project 81 k6 proof wrapper	2026-07-09T05:25:58.6800393Z running (0m25.0s), 1/1 VUs, 0 complete and 0 interrupted iterations
project81 k6 proof on cael	Run Project 81 k6 proof wrapper	2026-07-09T05:25:58.6800868Z r_config_defaults   [   0% ] 1 VUs  0m25.0s/1m30s  0/1 shared iters
project81 k6 proof on cael	Run Project 81 k6 proof wrapper	2026-07-09T05:25:59.6804464Z 
project81 k6 proof on cael	Run Project 81 k6 proof wrapper	2026-07-09T05:25:59.6806645Z running (0m26.0s), 1/1 VUs, 0 complete and 0 interrupted iterations
project81 k6 proof on cael	Run Project 81 k6 proof wrapper	2026-07-09T05:25:59.6807183Z r_config_defaults   [   0% ] 1 VUs  0m26.0s/1m30s  0/1 shared iters
project81 k6 proof on cael	Run Project 81 k6 proof wrapper	2026-07-09T05:26:00.6800364Z 
project81 k6 proof on cael	Run Project 81 k6 proof wrapper	2026-07-09T05:26:00.6800889Z running (0m27.0s), 1/1 VUs, 0 complete and 0 interrupted iterations
project81 k6 proof on cael	Run Project 81 k6 proof wrapper	2026-07-09T05:26:00.6801358Z r_config_defaults   [   0% ] 1 VUs  0m27.0s/1m30s  0/1 shared iters
project81 k6 proof on cael	Run Project 81 k6 proof wrapper	2026-07-09T05:26:00.7384803Z time="2026-07-08T22:26:00-07:00" level=info msg="ℹ Ignoring harness prompt echo event" source=console
project81 k6 proof on cael	Run Project 81 k6 proof wrapper	2026-07-09T05:26:01.6798958Z 
project81 k6 proof on cael	Run Project 81 k6 proof wrapper	2026-07-09T05:26:01.6799404Z running (0m28.0s), 1/1 VUs, 0 complete and 0 interrupted iterations
project81 k6 proof on cael	Run Project 81 k6 proof wrapper	2026-07-09T05:26:01.6799866Z r_config_defaults   [   0% ] 1 VUs  0m28.0s/1m30s  0/1 shared iters
project81 k6 proof on cael	Run Project 81 k6 proof wrapper	2026-07-09T05:26:02.6799658Z 
project81 k6 proof on cael	Run Project 81 k6 proof wrapper	2026-07-09T05:26:02.6802448Z running (0m29.0s), 1/1 VUs, 0 complete and 0 interrupted iterations
project81 k6 proof on cael	Run Project 81 k6 proof wrapper	2026-07-09T05:26:02.6802986Z r_config_defaults   [   0% ] 1 VUs  0m29.0s/1m30s  0/1 shared iters
project81 k6 proof on cael	Run Project 81 k6 proof wrapper	2026-07-09T05:26:03.6799507Z 
project81 k6 proof on cael	Run Project 81 k6 proof wrapper	2026-07-09T05:26:03.6801023Z running (0m30.0s), 1/1 VUs, 0 complete and 0 interrupted iterations
project81 k6 proof on cael	Run Project 81 k6 proof wrapper	2026-07-09T05:26:03.6801538Z r_config_defaults   [   0% ] 1 VUs  0m30.0s/1m30s  0/1 shared iters
project81 k6 proof on cael	Run Project 81 k6 proof wrapper	2026-07-09T05:26:04.6793732Z 
project81 k6 proof on cael	Run Project 81 k6 proof wrapper	2026-07-09T05:26:04.6794165Z running (0m31.0s), 1/1 VUs, 0 complete and 0 interrupted iterations
project81 k6 proof on cael	Run Project 81 k6 proof wrapper	2026-07-09T05:26:04.6794626Z r_config_defaults   [   0% ] 1 VUs  0m31.0s/1m30s  0/1 shared iters
project81 k6 proof on cael	Run Project 81 k6 proof wrapper	2026-07-09T05:26:05.6795788Z 
project81 k6 proof on cael	Run Project 81 k6 proof wrapper	2026-07-09T05:26:05.6797315Z running (0m32.0s), 1/1 VUs, 0 complete and 0 interrupted iterations
project81 k6 proof on cael	Run Project 81 k6 proof wrapper	2026-07-09T05:26:05.6797791Z r_config_defaults   [   0% ] 1 VUs  0m32.0s/1m30s  0/1 shared iters
project81 k6 proof on cael	Run Project 81 k6 proof wrapper	2026-07-09T05:26:06.6795865Z 
project81 k6 proof on cael	Run Project 81 k6 proof wrapper	2026-07-09T05:26:06.6797458Z running (0m33.0s), 1/1 VUs, 0 complete and 0 interrupted iterations
project81 k6 proof on cael	Run Project 81 k6 proof wrapper	2026-07-09T05:26:06.6797923Z r_config_defaults   [   0% ] 1 VUs  0m33.0s/1m30s  0/1 shared iters
project81 k6 proof on cael	Run Project 81 k6 proof wrapper	2026-07-09T05:26:07.6803004Z 
project81 k6 proof on cael	Run Project 81 k6 proof wrapper	2026-07-09T05:26:07.6804540Z running (0m34.0s), 1/1 VUs, 0 complete and 0 interrupted iterations
project81 k6 proof on cael	Run Project 81 k6 proof wrapper	2026-07-09T05:26:07.6805035Z r_config_defaults   [   0% ] 1 VUs  0m34.0s/1m30s  0/1 shared iters
project81 k6 proof on cael	Run Project 81 k6 proof wrapper	2026-07-09T05:26:08.6802849Z 
project81 k6 proof on cael	Run Project 81 k6 proof wrapper	2026-07-09T05:26:08.6803283Z running (0m35.0s), 1/1 VUs, 0 complete and 0 interrupted iterations
project81 k6 proof on cael	Run Project 81 k6 proof wrapper	2026-07-09T05:26:08.6803754Z r_config_defaults   [   0% ] 1 VUs  0m35.0s/1m30s  0/1 shared iters
project81 k6 proof on cael	Run Project 81 k6 proof wrapper	2026-07-09T05:26:09.6797231Z 
project81 k6 proof on cael	Run Project 81 k6 proof wrapper	2026-07-09T05:26:09.6798667Z running (0m36.0s), 1/1 VUs, 0 complete and 0 interrupted iterations
project81 k6 proof on cael	Run Project 81 k6 proof wrapper	2026-07-09T05:26:09.6798983Z r_config_defaults   [   0% ] 1 VUs  0m36.0s/1m30s  0/1 shared iters
project81 k6 proof on cael	Run Project 81 k6 proof wrapper	2026-07-09T05:26:10.3730947Z time="2026-07-08T22:26:10-07:00" level=info msg="ℹ CONFIG-DEFAULTS sentinel prefix observed; waiting for complete streamed sentinel" source=console
project81 k6 proof on cael	Run Project 81 k6 proof wrapper	2026-07-09T05:26:10.6796564Z 
project81 k6 proof on cael	Run Project 81 k6 proof wrapper	2026-07-09T05:26:10.6797911Z running (0m37.0s), 1/1 VUs, 0 complete and 0 interrupted iterations
project81 k6 proof on cael	Run Project 81 k6 proof wrapper	2026-07-09T05:26:10.6798447Z r_config_defaults   [   0% ] 1 VUs  0m37.0s/1m30s  0/1 shared iters
project81 k6 proof on cael	Run Project 81 k6 proof wrapper	2026-07-09T05:26:10.7995289Z time="2026-07-08T22:26:10-07:00" level=info msg="✓ CONFIG-DEFAULTS sentinel observed: enabled=true maxChain=200 maxDelegates=500 costCap=500000" source=console
project81 k6 proof on cael	Run Project 81 k6 proof wrapper	2026-07-09T05:26:10.7996283Z time="2026-07-08T22:26:10-07:00" level=info msg="\n--- R-CONFIG-defaults EVIDENCE SUMMARY ---" source=console
project81 k6 proof on cael	Run Project 81 k6 proof wrapper	2026-07-09T05:26:10.8059523Z time="2026-07-08T22:26:10-07:00" level=info msg="{\n  \"row\": \"R-CONFIG-defaults\",\n  \"manifest_loaded\": true,\n  \"nonce\": \"R-CONFIG-defaults-1783574733679-a7qfngn5\",\n  \"seat\": \"cael\",\n  \"requestedSessionKey\": \"p81-5292-cael-live-tail\",\n  \"sessionKey\": \"agent:main:r-config-defaults-r-config-defaults-1783574733679-a7qfngn5\",\n  \"session_created\": true,\n  \"created_session_key\": \"agent:main:r-config-defaults-r-config-defaults-1783574733679-a7qfngn5\",\n  \"candidateSha\": \"5292af40d0ad5303b85a678f6e629503a8725848\",\n  \"started\": \"2026-07-09T05:25:33.680Z\",\n  \"dispatch_accepted\": true,\n  \"config_read\": true,\n  \"enabled\": true,\n  \"max_chain_length\": 200,\n  \"max_delegates_per_turn\": 500,\n  \"max_delegates_per_turn_observed\": true,\n  \"cost_cap_tokens\": 500000,\n  \"cost_cap_tokens_observed\": true,\n  \"trace_id\": null,\n  \"redacted_events\": [\n    {\n      \"ts\": 1783574733683,\n      \"kind\": \"event\",\n      \"method\": null,\n      \"event\": \"connect.challenge\",\n      \"ok\": null,\n      \"data\": null\n    },\n    {\n      \"ts\": 1783574733684,\n      \"kind\": \"other\",\n      \"method\": null,\n      \"event\": null,\n      \"ok\": null,\n      \"data\": null\n    },\n    {\n      \"ts\": 1783574733759,\n      \"kind\": \"event\",\n      \"method\": null,\n      \"event\": \"health\",\n      \"ok\": null,\n      \"data\": null\n    },\n    {\n      \"ts\": 1783574734199,\n      \"kind\": \"response\",\n      \"method\": \"sessions.create\",\n      \"event\": null,\n      \"ok\": true,\n      \"data\": {\n        \"ok\": true\n      }\n    },\n    {\n      \"ts\": 1783574734225,\n      \"kind\": \"response\",\n      \"method\": \"sessions.messages.subscribe\",\n      \"event\": null,\n      \"ok\": true,\n      \"data\": {}\n    },\n    {\n      \"ts\": 1783574734309,\n      \"kind\": \"event\",\n      \"method\": null,\n      \"event\": \"task\",\n      \"ok\": null,\n      \"data\": null\n    },\n    {\n      \"ts\": 1783574734310,\n      \"kind\": \"event\",\n      \"method\": null,\n      \"event\": \"task\",\n      \"ok\": null,\n      \"data\": null\n    },\n    {\n      \"ts\": 1783574734343,\n      \"kind\": \"event\",\n      \"method\": null,\n      \"event\": \"task\",\n      \"ok\": null,\n      \"data\": null\n    },\n    {\n      \"ts\": 1783574734458,\n      \"kind\": \"event\",\n      \"method\": null,\n      \"event\": \"health\",\n      \"ok\": null,\n      \"data\": null\n    },\n    {\n      \"ts\": 1783574734472,\n      \"kind\": \"event\",\n      \"method\": null,\n      \"event\": \"agent\",\n      \"ok\": null,\n      \"data\": null\n    },\n    {\n      \"ts\": 1783574734812,\n      \"kind\": \"response\",\n      \"method\": \"sessions.send\",\n      \"event\": null,\n      \"ok\": true,\n      \"data\": {\n        \"runId\": \"R-CONFIG-defaults-R-CONFIG-defaults-1783574733679-a7qfngn5\",\n        \"status\": \"started\"\n      }\n    },\n    {\n      \"ts\": 1783574735616,\n      \"kind\": \"event\",\n      \"method\": null,\n      \"event\": \"agent\",\n      \"ok\": null,\n      \"data\": null\n    },\n    {\n      \"ts\": 1783574737691,\n      \"kind\": \"event\",\n      \"method\": null,\n      \"event\": \"agent\",\n      \"ok\": null,\n      \"data\": null\n    },\n    {\n      \"ts\": 1783574737691,\n      \"kind\": \"event\",\n      \"method\": null,\n      \"event\": \"chat\",\n      \"ok\": null,\n      \"data\": null\n    },\n    {\n      \"ts\": 1783574737861,\n      \"kind\": \"event\",\n      \"method\": null,\n      \"event\": \"agent\",\n      \"ok\": null,\n      \"data\": null\n    },\n    {\n      \"ts\": 1783574737862,\n      \"kind\": \"event\",\n      \"method\": null,\n      \"event\": \"agent\",\n      \"ok\": null,\n      \"data\": null\n    },\n    {\n      \"ts\": 1783574737862,\n      \"kind\": \"event\",\n      \"method\": null,\n      \"event\": \"chat\",\n      \"ok\": null,\n      \"data\": null\n    },\n    {\n      \"ts\": 1783574737880,\n      \"kind\": \"event\",\n      \"method\": null,\n      \"event\": \"agent\",\n      \"ok\": null,\n      \"data\": null\n    },\n    {\n      \"ts\": 1783574737976,\n      \"kind\": \"event\",\n      \"method\": null,\n      \"event\": \"agent\",\n      \"ok\": null,\n      \"data\": null\n    },\n    {\n      \"ts\": 1783574737976,\n      \"kind\": \"event\",\n      \"method\": null,\n      \"event\": \"chat\",\n      \"ok\": null,\n      \"data\": null\n    },\n    {\n      \"ts\": 1783574738214,\n      \"kind\": \"event\",\n      \"method\": null,\n      \"event\": \"agent\",\n      \"ok\": null,\n      \"data\": null\n    },\n    {\n      \"ts\": 1783574739698,\n      \"kind\": \"event\",\n      \"method\": null,\n      \"event\": \"health\",\n      \"ok\": null,\n      \"data\": null\n    },\n    {\n      \"ts\": 1783574739715,\n      \"kind\": \"event\",\n      \"method\": null,\n      \"event\": \"presence\",\n      \"ok\": null,\n      \"data\": null\n    },\n    {\n      \"ts\": 1783574739747,\n      \"kind\": \"event\",\n      \"method\": null,\n      \"event\": \"agent\",\n      \"ok\": null,\n      \"data\": null\n    },\n    {\n      \"ts\": 1783574749726,\n      \"kind\": \"event\",\n      \"method\": null,\n      \"event\": \"tick\",\n      \"ok\": null,\n      \"data\": null\n    },\n    {\n      \"ts\": 1783574750083,\n      \"kind\": \"event\",\n      \"method\": null,\n      \"event\": \"agent\",\n      \"ok\": null,\n      \"data\": null\n    },\n    {\n      \"ts\": 1783574750083,\n      \"kind\": \"event\",\n      \"method\": null,\n      \"event\": \"chat\",\n      \"ok\": null,\n      \"data\": null\n    },\n    {\n      \"ts\": 1783574750464,\n      \"kind\": \"event\",\n      \"method\": null,\n      \"event\": \"agent\",\n      \"ok\": null,\n      \"data\": null\n    },\n    {\n      \"ts\": 1783574750532,\n      \"kind\": \"event\",\n      \"method\": null,\n      \"event\": \"task\",\n      \"ok\": null,\n      \"data\": null\n    },\n    {\n      \"ts\": 1783574750533,\n      \"kind\": \"event\",\n      \"method\": null,\n      \"event\": \"task\",\n      \"ok\": null,\n      \"data\": null\n    },\n    {\n      \"ts\": 1783574750535,\n      \"kind\": \"event\",\n      \"method\": null,\n      \"event\": \"agent\",\n      \"ok\": null,\n      \"data\": null\n    },\n    {\n      \"ts\": 1783574753580,\n      \"kind\": \"event\",\n      \"method\": null,\n      \"event\": \"agent\",\n      \"ok\": null,\n      \"data\": null\n    },\n    {\n      \"ts\": 1783574753584,\n      \"kind\": \"event\",\n      \"method\": null,\n      \"event\": \"task\",\n      \"ok\": null,\n      \"data\": null\n    },\n    {\n      \"ts\": 1783574753584,\n      \"kind\": \"event\",\n      \"method\": null,\n      \"event\": \"task\",\n      \"ok\": null,\n      \"data\": null\n    },\n    {\n      \"ts\": 1783574753585,\n      \"kind\": \"event\",\n      \"method\": null,\n      \"event\": \"agent\",\n      \"ok\": null,\n      \"data\": null\n    },\n    {\n      \"ts\": 1783574753585,\n      \"kind\": \"event\",\n      \"method\": null,\n      \"event\": \"chat\",\n      \"ok\": null,\n      \"data\": null\n    },\n    {\n      \"ts\": 1783574753586,\n      \"kind\": \"event\",\n      \"method\": null,\n      \"event\": \"task\",\n      \"ok\": null,\n      \"data\": null\n    },\n    {\n      \"ts\": 1783574753586,\n      \"kind\": \"event\",\n      \"method\": null,\n      \"event\": \"task\",\n      \"ok\": null,\n      \"data\": null\n    },\n    {\n      \"ts\": 1783574753587,\n      \"kind\": \"event\",\n      \"method\": null,\n      \"event\": \"task\",\n      \"ok\": null,\n      \"data\": null\n    },\n    {\n      \"ts\": 1783574753587,\n      \"kind\": \"event\",\n      \"method\": null,\n      \"event\": \"task\",\n      \"ok\": null,\n      \"data\": null\n    },\n    {\n      \"ts\": 1783574753587,\n      \"kind\": \"event\",\n      \"method\": null,\n      \"event\": \"task\",\n      \"ok\": null,\n      \"data\": null\n    },\n    {\n      \"ts\": 1783574753588,\n      \"kind\": \"event\",\n      \"method\": null,\n      \"event\": \"task\",\n      \"ok\": null,\n      \"data\": null\n    },\n    {\n      \"ts\": 1783574753588,\n      \"kind\": \"event\",\n      \"method\": null,\n      \"event\": \"task\",\n      \"ok\": null,\n      \"data\": null\n    },\n    {\n      \"ts\": 1783574753589,\n      \"kind\": \"event\",\n      \"method\": null,\n      \"event\": \"task\",\n      \"ok\": null,\n      \"data\": null\n    },\n    {\n      \"ts\": 1783574753589,\n      \"kind\": \"event\",\n      \"method\": null,\n      \"event\": \"task\",\n      \"ok\": null,\n      \"data\": null\n    },\n    {\n      \"ts\": 1783574753589,\n      \"kind\": \"event\",\n      \"method\": null,\n      \"event\": \"task\",\n      \"ok\": null,\n      \"data\": null\n    },\n    {\n      \"ts\": 1783574753590,\n      \"kind\": \"event\",\n      \"method\": null,\n      \"event\": \"task\",\n      \"ok\": null,\n      \"data\": null\n    },\n    {\n      \"ts\": 1783574753591,\n      \"kind\": \"event\",\n      \"method\": null,\n      \"event\": \"task\",\n      \"ok\": null,\n      \"data\": null\n    },\n    {\n      \"ts\": 1783574753591,\n      \"kind\": \"event\",\n      \"method\": null,\n      \"event\": \"task\",\n      \"ok\": null,\n      \"data\": null\n    },\n    {\n      \"ts\": 1783574753591,\n      \"kind\": \"event\",\n      \"method\": null,\n      \"event\": \"task\",\n      \"ok\": null,\n      \"data\": null\n    },\n    {\n      \"ts\": 1783574753592,\n      \"kind\": \"event\",\n      \"method\": null,\n      \"event\": \"task\",\n      \"ok\": null,\n      \"data\": null\n    },\n    {\n      \"ts\": 1783574753592,\n      \"kind\": \"event\",\n      \"method\": null,\n      \"event\": \"task\",\n      \"ok\": null,\n      \"data\": null\n    },\n    {\n      \"ts\": 1783574753593,\n      \"kind\": \"event\",\n      \"method\": null,\n      \"event\": \"task\",\n      \"ok\": null,\n      \"data\": null\n    },\n    {\n      \"ts\": 1783574753593,\n      \"kind\": \"event\",\n      \"method\": null,\n      \"event\": \"task\",\n      \"ok\": null,\n      \"data\": null\n    },\n    {\n      \"ts\": 1783574753594,\n      \"kind\": \"event\",\n      \"method\": null,\n      \"event\": \"task\",\n      \"ok\": null,\n      \"data\": null\n    },\n    {\n      \"ts\": 1783574753594,\n      \"kind\": \"event\",\n      \"method\": null,\n      \"event\": \"task\",\n      \"ok\": null,\n      \"data\": null\n    },\n    {\n      \"ts\": 1783574753595,\n      \"kind\": \"event\",\n      \"method\": null,\n      \"event\": \"task\",\n      \"ok\": null,\n      \"data\": null\n    },\n    {\n      \"ts\": 1783574753595,\n      \"kind\": \"event\",\n      \"method\": null,\n      \"event\": \"task\",\n      \"ok\": null,\n      \"data\": null\n    },\n    {\n      \"ts\": 1783574753595,\n      \"kind\": \"event\",\n      \"method\": null,\n      \"event\": \"task\",\n      \"ok\": null,\n      \"data\": null\n    },\n    {\n      \"ts\": 1783574753596,\n      \"kind\": \"event\",\n      \"method\": null,\n      \"event\": \"task\",\n      \"ok\": null,\n      \"data\": null\n    },\n    {\n      \"ts\": 1783574753596,\n      \"kind\": \"event\",\n      \"method\": null,\n      \"event\": \"task\",\n      \"ok\": null,\n      \"data\": null\n    },\n    {\n      \"ts\": 1783574753596,\n      \"kind\": \"event\",\n      \"method\": null,\n      \"event\": \"task\",\n      \"ok\": null,\n      \"data\": null\n    },\n    {\n      \"ts\": 1783574753597,\n      \"kind\": \"event\",\n      \"method\": null,\n      \"event\": \"task\",\n      \"ok\": null,\n      \"data\": null\n    },\n    {\n      \"ts\": 1783574753597,\n      \"kind\": \"event\",\n      \"method\": null,\n      \"event\": \"task\",\n      \"ok\": null,\n      \"data\": null\n    },\n    {\n      \"ts\": 1783574753598,\n      \"kind\": \"event\",\n      \"method\": null,\n      \"event\": \"task\",\n      \"ok\": null,\n      \"data\": null\n    },\n    {\n      \"ts\": 1783574753598,\n      \"kind\": \"event\",\n      \"method\": null,\n      \"event\": \"task\",\n      \"ok\": null,\n      \"data\": null\n    },\n    {\n      \"ts\": 1783574753599,\n      \"kind\": \"event\",\n      \"method\": null,\n      \"event\": \"task\",\n      \"ok\": null,\n      \"data\": null\n    },\n    {\n      \"ts\": 1783574753599,\n      \"kind\": \"event\",\n      \"method\": null,\n      \"event\": \"task\",\n      \"ok\": null,\n      \"data\": null\n    },\n    {\n      \"ts\": 1783574753599,\n      \"kind\": \"event\",\n      \"method\": null,\n      \"event\": \"task\",\n      \"ok\": null,\n      \"data\": null\n    },\n    {\n      \"ts\": 1783574753600,\n      \"kind\": \"event\",\n      \"method\": null,\n      \"event\": \"task\",\n      \"ok\": null,\n      \"data\": null\n    },\n    {\n      \"ts\": 1783574753600,\n      \"kind\": \"event\",\n      \"method\": null,\n      \"event\": \"task\",\n      \"ok\": null,\n      \"data\": null\n    },\n    {\n      \"ts\": 1783574753601,\n      \"kind\": \"event\",\n      \"method\": null,\n      \"event\": \"task\",\n      \"ok\": null,\n      \"data\": null\n    },\n    {\n      \"ts\": 1783574753601,\n      \"kind\": \"event\",\n      \"method\": null,\n      \"event\": \"task\",\n      \"ok\": null,\n      \"data\": null\n    },\n    {\n      \"ts\": 1783574753601,\n      \"kind\": \"event\",\n      \"method\": null,\n      \"event\": \"task\",\n      \"ok\": null,\n      \"data\": null\n    },\n    {\n      \"ts\": 1783574753602,\n      \"kind\": \"event\",\n      \"method\": null,\n      \"event\": \"task\",\n      \"ok\": null,\n      \"data\": null\n    },\n    {\n      \"ts\": 1783574753602,\n      \"kind\": \"event\",\n      \"method\": null,\n      \"event\": \"task\",\n      \"ok\": null,\n      \"data\": null\n    },\n    {\n      \"ts\": 1783574753603,\n      \"kind\": \"event\",\n      \"method\": null,\n      \"event\": \"task\",\n      \"ok\": null,\n      \"data\": null\n    },\n    {\n      \"ts\": 1783574753603,\n      \"kind\": \"event\",\n      \"method\": null,\n      \"event\": \"task\",\n      \"ok\": null,\n      \"data\": null\n    },\n    {\n      \"ts\": 1783574754167,\n      \"kind\": \"event\",\n      \"method\": null,\n      \"event\": \"task\",\n      \"ok\": null,\n      \"data\": null\n    },\n    {\n      \"ts\": 1783574754168,\n      \"kind\": \"event\",\n      \"method\": null,\n      \"event\": \"task\",\n      \"ok\": null,\n      \"data\": null\n    },\n    {\n      \"ts\": 1783574754168,\n      \"kind\": \"event\",\n      \"method\": null,\n      \"event\": \"agent\",\n      \"ok\": null,\n      \"data\": null\n    },\n    {\n      \"ts\": 1783574754168,\n      \"kind\": \"event\",\n      \"method\": null,\n      \"event\": \"agent\",\n      \"ok\": null,\n      \"data\": null\n    },\n    {\n      \"ts\": 1783574754168,\n      \"kind\": \"event\",\n      \"method\": null,\n      \"event\": \"chat\",\n      \"ok\": null,\n      \"data\": null\n    },\n    {\n      \"ts\": 1783574754185,\n      \"kind\": \"event\",\n      \"method\": null,\n      \"event\": \"task\",\n      \"ok\": null,\n      \"data\": null\n    },\n    {\n      \"ts\": 1783574754186,\n      \"kind\": \"event\",\n      \"method\": null,\n      \"event\": \"task\",\n      \"ok\": null,\n      \"data\": null\n    },\n    {\n      \"ts\": 1783574754186,\n      \"kind\": \"event\",\n      \"method\": null,\n      \"event\": \"agent\",\n      \"ok\": null,\n      \"data\": null\n    },\n    {\n      \"ts\": 1783574754928,\n      \"kind\": \"event\",\n      \"method\": null,\n      \"event\": \"health\",\n      \"ok\": null,\n      \"data\": null\n    },\n    {\n      \"ts\": 1783574754939,\n      \"kind\": \"event\",\n      \"method\": null,\n      \"event\": \"presence\",\n      \"ok\": null,\n      \"data\": null\n    },\n    {\n      \"ts\": 1783574755163,\n      \"kind\": \"event\",\n      \"method\": null,\n      \"event\": \"task\",\n      \"ok\": null,\n      \"data\": null\n    },\n    {\n      \"ts\": 1783574755164,\n      \"kind\": \"event\",\n      \"method\": null,\n      \"event\": \"task\",\n      \"ok\": null,\n      \"data\": null\n    },\n    {\n      \"ts\": 1783574755164,\n      \"kind\": \"event\",\n      \"method\": null,\n      \"event\": \"agent\",\n      \"ok\": null,\n      \"data\": null\n    },\n    {\n      \"ts\": 1783574755164,\n      \"kind\": \"event\",\n      \"method\": null,\n      \"event\": \"chat\",\n      \"ok\": null,\n      \"data\": null\n    },\n    {\n      \"ts\": 1783574755169,\n      \"kind\": \"event\",\n      \"method\": null,\n      \"event\": \"task\",\n      \"ok\": null,\n      \"data\": null\n    },\n    {\n      \"ts\": 1783574755214,\n      \"kind\": \"event\",\n      \"method\": null,\n      \"event\": \"presence\",\n      \"ok\": null,\n      \"data\": null\n    },\n    {\n      \"ts\": 1783574755272,\n      \"kind\": \"event\",\n      \"method\": null,\n      \"event\": \"health\",\n      \"ok\": null,\n      \"data\": null\n    },\n    {\n      \"ts\": 1783574755336,\n      \"kind\": \"event\",\n      \"method\": null,\n      \"event\": \"presence\",\n      \"ok\": null,\n      \"data\": null\n    },\n    {\n      \"ts\": 1783574755367,\n      \"kind\": \"event\",\n      \"method\": null,\n      \"event\": \"task\",\n      \"ok\": null,\n      \"data\": null\n    },\n    {\n      \"ts\": 1783574755408,\n      \"kind\": \"event\",\n      \"method\": null,\n      \"event\": \"task\",\n      \"ok\": null,\n      \"data\": null\n    },\n    {\n      \"ts\": 1783574757867,\n      \"kind\": \"event\",\n      \"method\": null,\n      \"event\": \"agent\",\n      \"ok\": null,\n      \"data\": null\n    },\n    {\n      \"ts\": 1783574760313,\n      \"kind\": \"event\",\n      \"method\": null,\n      \"event\": \"agent\",\n      \"ok\": null,\n      \"data\": null\n    },\n    {\n      \"ts\": 1783574760313,\n      \"kind\": \"event\",\n      \"method\": null,\n      \"event\": \"chat\",\n      \"ok\": null,\n      \"data\": null\n    },\n    {\n      \"ts\": 1783574760599,\n      \"kind\": \"event\",\n      \"method\": null,\n      \"event\": \"agent\",\n      \"ok\": null,\n      \"data\": null\n    },\n    {\n      \"ts\": 1783574760722,\n      \"kind\": \"event\",\n      \"method\": null,\n      \"event\": \"agent\",\n      \"ok\": null,\n      \"data\": null\n    },\n    {\n      \"ts\": 1783574760737,\n      \"kind\": \"event\",\n      \"method\": null,\n      \"event\": \"session.message\",\n      \"ok\": null,\n      \"data\": null\n    },\n    {\n      \"ts\": 1783574761268,\n      \"kind\": \"event\",\n      \"method\": null,\n      \"event\": \"task\",\n      \"ok\": null,\n      \"data\": null\n    },\n    {\n      \"ts\": 1783574761269,\n      \"kind\": \"event\",\n      \"method\": null,\n      \"event\": \"task\",\n      \"ok\": null,\n      \"data\": null\n    },\n    {\n      \"ts\": 1783574761310,\n      \"kind\": \"event\",\n      \"method\": null,\n      \"event\": \"task\",\n      \"ok\": null,\n      \"data\": null\n    },\n    {\n      \"ts\": 1783574761500,\n      \"kind\": \"event\",\n      \"method\": null,\n      \"event\": \"health\",\n      \"ok\": null,\n      \"data\": null\n    },\n    {\n      \"ts\": 1783574762891,\n      \"kind\": \"event\",\n      \"method\": null,\n      \"event\": \"agent\",\n      \"ok\": null,\n      \"data\": null\n    },\n    {\n      \"ts\": 1783574764421,\n      \"kind\": \"event\",\n      \"method\": null,\n      \"event\": \"health\",\n      \"ok\": null,\n      \"data\": null\n    },\n    {\n      \"ts\": 1783574764436,\n      \"kind\": \"event\",\n      \"method\": null,\n      \"event\": \"presence\",\n      \"ok\": null,\n      \"data\": null\n    },\n    {\n      \"ts\": 1783574764627,\n      \"kind\": \"event\",\n      \"method\": null,\n      \"event\": \"agent\",\n      \"ok\": null,\n      \"data\": null\n    },\n    {\n      \"ts\": 1783574765887,\n      \"kind\": \"event\",\n      \"method\": null,\n      \"event\": \"agent\",\n      \"ok\": null,\n      \"data\": null\n    },\n    {\n      \"ts\": 1783574765887,\n      \"kind\": \"event\",\n      \"method\": null,\n      \"event\": \"chat\",\n      \"ok\": null,\n      \"data\": null\n    },\n    {\n      \"ts\": 1783574766309,\n      \"kind\": \"event\",\n      \"method\": null,\n      \"event\": \"agent\",\n      \"ok\": null,\n      \"data\": null\n    },\n    {\n      \"ts\": 1783574766325,\n      \"kind\": \"event\",\n      \"method\": null,\n      \"event\": \"agent\",\n      \"ok\": null,\n      \"data\": null\n    },\n    {\n      \"ts\": 1783574767214,\n      \"kind\": \"event\",\n      \"method\": null,\n      \"event\": \"session.message\",\n      \"ok\": null,\n      \"data\": null\n    },\n    {\n      \"ts\": 1783574767248,\n      \"kind\": \"event\",\n      \"method\": null,\n      \"event\": \"agent\",\n      \"ok\": null,\n      \"data\": null\n    },\n    {\n      \"ts\": 1783574767248,\n      \"kind\": \"event\",\n      \"method\": null,\n      \"event\": \"agent\",\n      \"ok\": null,\n      \"data\": null\n    },\n    {\n      \"ts\": 1783574767297,\n      \"kind\": \"event\",\n      \"method\": null,\n      \"event\": \"agent\",\n      \"ok\": null,\n      \"data\": null\n    },\n    {\n      \"ts\": 1783574767297,\n      \"kind\": \"event\",\n      \"method\": null,\n      \"event\": \"agent\",\n      \"ok\": null,\n      \"data\": null\n    },\n    {\n      \"ts\": 1783574767297,\n      \"kind\": \"event\",\n      \"method\": null,\n      \"event\": \"agent\",\n      \"ok\": null,\n      \"data\": null\n    },\n    {\n      \"ts\": 1783574767329,\n      \"kind\": \"event\",\n      \"method\": null,\n      \"event\": \"agent\",\n      \"ok\": null,\n      \"data\": null\n    },\n    {\n      \"ts\": 1783574767329,\n      \"kind\": \"event\",\n      \"method\": null,\n      \"event\": \"agent\",\n      \"ok\": null,\n      \"data\": null\n    },\n    {\n      \"ts\": 1783574767329,\n      \"kind\": \"event\",\n      \"method\": null,\n      \"event\": \"agent\",\n      \"ok\": null,\n      \"data\": null\n    },\n    {\n      \"ts\": 1783574769162,\n      \"kind\": \"event\",\n      \"method\": null,\n      \"event\": \"agent\",\n      \"ok\": null,\n      \"data\": null\n    },\n    {\n      \"ts\": 1783574770220,\n      \"kind\": \"event\",\n      \"method\": null,\n      \"event\": \"agent\",\n      \"ok\": null,\n      \"data\": null\n    },\n    {\n      \"ts\": 1783574770221,\n      \"kind\": \"event\",\n      \"method\": null,\n      \"event\": \"chat\",\n      \"ok\": null,\n      \"data\": null\n    },\n    {\n      \"ts\": 1783574770372,\n      \"kind\": \"event\",\n      \"method\": null,\n      \"event\": \"agent\",\n      \"ok\": null,\n      \"data\": null\n    },\n    {\n      \"ts\": 1783574770372,\n      \"kind\": \"event\",\n      \"method\": null,\n      \"event\": \"agent\",\n      \"ok\": null,\n      \"data\": null\n    },\n    {\n      \"ts\": 1783574770372,\n      \"kind\": \"event\",\n      \"method\": null,\n      \"event\": \"chat\",\n      \"ok\": null,\n      \"data\": null\n    },\n    {\n      \"ts\": 1783574770785,\n      \"kind\": \"event\",\n      \"method\": null,\n      \"event\": \"agent\",\n      \"ok\": null,\n      \"data\": null\n    },\n    {\n      \"ts\": 1783574770785,\n      \"kind\": \"event\",\n      \"method\": null,\n      \"event\": \"agent\",\n      \"ok\": null,\n      \"data\": null\n    },\n    {\n      \"ts\": 1783574770785,\n      \"kind\": \"event\",\n      \"method\": null,\n      \"event\": \"chat\",\n      \"ok\": null,\n      \"data\": null\n    },\n    {\n      \"ts\": 1783574770798,\n      \"kind\": \"event\",\n      \"method\": null,\n      \"event\": \"session.message\",\n      \"ok\": null,\n      \"data\": null\n    }\n  ],\n  \"ended\": \"2026-07-09T05:26:10.799Z\",\n  \"duration_ms\": 37119\n}" source=console
project81 k6 proof on cael	Run Project 81 k6 proof wrapper	2026-07-09T05:26:10.8117779Z time="2026-07-08T22:26:10-07:00" level=info msg="--- END EVIDENCE ---" source=console
project81 k6 proof on cael	Run Project 81 k6 proof wrapper	2026-07-09T05:26:10.8118418Z time="2026-07-08T22:26:10-07:00" level=info msg="\n[R-CONFIG-defaults] VERDICT: PASS-candidate" source=console
project81 k6 proof on cael	Run Project 81 k6 proof wrapper	2026-07-09T05:26:10.8118852Z 
project81 k6 proof on cael	Run Project 81 k6 proof wrapper	2026-07-09T05:26:10.8119162Z [R-CONFIG-defaults] Summary: PASS-candidate | SHA: 5292af40d0ad5303b85a678f6e629503a8725848 | Seat: cael
project81 k6 proof on cael	Run Project 81 k6 proof wrapper	2026-07-09T05:26:10.8119580Z 
project81 k6 proof on cael	Run Project 81 k6 proof wrapper	2026-07-09T05:26:10.8119750Z running (0m37.1s), 0/1 VUs, 1 complete and 0 interrupted iterations
project81 k6 proof on cael	Run Project 81 k6 proof wrapper	2026-07-09T05:26:10.8120428Z r_config_defaults ✓ [ 100% ] 1 VUs  0m37.1s/1m30s  1/1 shared iters
project81 k6 proof on cael	Run Project 81 k6 proof wrapper	2026-07-09T05:26:10.8897687Z ./r-config-defaults-summary.json
project81 k6 proof on cael	Run Project 81 k6 proof wrapper	2026-07-09T05:26:10.9970869Z [R-CONFIG-DEFAULTS] METRICS: /home/figs/actions-runner/_work/openclaw-bootstrap/openclaw-bootstrap/openclaw-bootstrap/PROOFS/d29ba41eb2c7a26a8ce51fe7a36d8962f46cc067/project81-k6/20260709T052430Z-cael-dgx-4083595/5292af40d0ad5303b85a678f6e629503a8725848/R-CONFIG-DEFAULTS/cael/20260709T052533Z-r-config-defaults/openclaw-proofs-k6.prom
project81 k6 proof on cael	Run Project 81 k6 proof wrapper	2026-07-09T05:26:10.9978216Z [R-CONFIG-DEFAULTS] ARTIFACTS: /home/figs/actions-runner/_work/openclaw-bootstrap/openclaw-bootstrap/openclaw-bootstrap/PROOFS/d29ba41eb2c7a26a8ce51fe7a36d8962f46cc067/project81-k6/20260709T052430Z-cael-dgx-4083595/5292af40d0ad5303b85a678f6e629503a8725848/R-CONFIG-DEFAULTS/cael/20260709T052533Z-r-config-defaults
project81 k6 proof on cael	Run Project 81 k6 proof wrapper	2026-07-09T05:26:10.9980103Z [R-CONFIG-DEFAULTS] COMPLETED.
project81 k6 proof on cael	Run Project 81 k6 proof wrapper	2026-07-09T05:26:10.9980548Z Observability check: query Grafana for run/nonce or review Tempo traces if trace ID was emitted.
project81 k6 proof on cael	Run Project 81 k6 proof wrapper	2026-07-09T05:26:11.0416999Z 
project81 k6 proof on cael	Run Project 81 k6 proof wrapper	2026-07-09T05:26:11.0418267Z ----------------------------------------
project81 k6 proof on cael	Run Project 81 k6 proof wrapper	2026-07-09T05:26:11.0418585Z Row: R-CONFIG-INTERSESSION
project81 k6 proof on cael	Run Project 81 k6 proof wrapper	2026-07-09T05:26:11.0419320Z Manifest: /home/figs/actions-runner/_work/openclaw-bootstrap/openclaw-bootstrap/karmaterminal-openclaw-docs/tools/k6-proofs/manifests/r-config-intersession.json
project81 k6 proof on cael	Run Project 81 k6 proof wrapper	2026-07-09T05:26:11.0420121Z Scenario: scenarios/r-config-intersession.js
project81 k6 proof on cael	Run Project 81 k6 proof wrapper	2026-07-09T05:26:11.0420454Z Status: runnable
project81 k6 proof on cael	Run Project 81 k6 proof wrapper	2026-07-09T05:26:11.0420649Z Live Safety: k6-runnable
project81 k6 proof on cael	Run Project 81 k6 proof wrapper	2026-07-09T05:26:11.0420895Z [R-CONFIG-INTERSESSION] RUNNING...
project81 k6 proof on cael	Run Project 81 k6 proof wrapper	2026-07-09T05:26:11.0670268Z 
project81 k6 proof on cael	Run Project 81 k6 proof wrapper	2026-07-09T05:26:11.0671916Z          /\      Grafana   /‾‾/  
project81 k6 proof on cael	Run Project 81 k6 proof wrapper	2026-07-09T05:26:11.0672208Z     /\  /  \     |\  __   /  /   
project81 k6 proof on cael	Run Project 81 k6 proof wrapper	2026-07-09T05:26:11.0672501Z    /  \/    \    | |/ /  /   ‾‾\ 
project81 k6 proof on cael	Run Project 81 k6 proof wrapper	2026-07-09T05:26:11.0672761Z   /          \   |   (  |  (‾)  |
project81 k6 proof on cael	Run Project 81 k6 proof wrapper	2026-07-09T05:26:11.0672985Z  / __________ \  |_|\_\  \_____/ 
project81 k6 proof on cael	Run Project 81 k6 proof wrapper	2026-07-09T05:26:11.0673137Z 
project81 k6 proof on cael	Run Project 81 k6 proof wrapper	2026-07-09T05:26:11.0673142Z 
project81 k6 proof on cael	Run Project 81 k6 proof wrapper	2026-07-09T05:26:11.0673245Z      execution: local
project81 k6 proof on cael	Run Project 81 k6 proof wrapper	2026-07-09T05:26:11.0673495Z         script: scenarios/r-config-intersession.js
project81 k6 proof on cael	Run Project 81 k6 proof wrapper	2026-07-09T05:26:11.0673794Z         output: -
project81 k6 proof on cael	Run Project 81 k6 proof wrapper	2026-07-09T05:26:11.0673911Z 
project81 k6 proof on cael	Run Project 81 k6 proof wrapper	2026-07-09T05:26:11.0674139Z      scenarios: (100.00%) 1 scenario, 1 max VUs, 2m0s max duration (incl. graceful stop):
project81 k6 proof on cael	Run Project 81 k6 proof wrapper	2026-07-09T05:26:11.0674770Z               * r_config_intersession: 1 iterations shared among 1 VUs (maxDuration: 1m30s, gracefulStop: 30s)
project81 k6 proof on cael	Run Project 81 k6 proof wrapper	2026-07-09T05:26:11.0675171Z 
project81 k6 proof on cael	Run Project 81 k6 proof wrapper	2026-07-09T05:26:11.4996059Z time="2026-07-08T22:26:11-07:00" level=info msg="✓ disposable session created: agent:main:r-config-intersession-r-config-intersession-1783574771068-8owxy9kz" source=console
project81 k6 proof on cael	Run Project 81 k6 proof wrapper	2026-07-09T05:26:12.0683378Z 
project81 k6 proof on cael	Run Project 81 k6 proof wrapper	2026-07-09T05:26:12.0684819Z running (0m01.0s), 1/1 VUs, 0 complete and 0 interrupted iterations
project81 k6 proof on cael	Run Project 81 k6 proof wrapper	2026-07-09T05:26:12.0685299Z r_config_intersession   [   0% ] 1 VUs  0m01.0s/1m30s  0/1 shared iters
project81 k6 proof on cael	Run Project 81 k6 proof wrapper	2026-07-09T05:26:12.0725876Z time="2026-07-08T22:26:12-07:00" level=info msg="✓ sessions.send accepted — agent turn triggered for intersession config read" source=console
project81 k6 proof on cael	Run Project 81 k6 proof wrapper	2026-07-09T05:26:13.0684205Z 
project81 k6 proof on cael	Run Project 81 k6 proof wrapper	2026-07-09T05:26:13.0687225Z running (0m02.0s), 1/1 VUs, 0 complete and 0 interrupted iterations
project81 k6 proof on cael	Run Project 81 k6 proof wrapper	2026-07-09T05:26:13.0688162Z r_config_intersession   [   0% ] 1 VUs  0m02.0s/1m30s  0/1 shared iters
project81 k6 proof on cael	Run Project 81 k6 proof wrapper	2026-07-09T05:26:14.0691384Z 
project81 k6 proof on cael	Run Project 81 k6 proof wrapper	2026-07-09T05:26:14.0694727Z running (0m03.0s), 1/1 VUs, 0 complete and 0 interrupted iterations
project81 k6 proof on cael	Run Project 81 k6 proof wrapper	2026-07-09T05:26:14.0695511Z r_config_intersession   [   0% ] 1 VUs  0m03.0s/1m30s  0/1 shared iters
project81 k6 proof on cael	Run Project 81 k6 proof wrapper	2026-07-09T05:26:15.0687253Z 
project81 k6 proof on cael	Run Project 81 k6 proof wrapper	2026-07-09T05:26:15.0688889Z running (0m04.0s), 1/1 VUs, 0 complete and 0 interrupted iterations
project81 k6 proof on cael	Run Project 81 k6 proof wrapper	2026-07-09T05:26:15.0689202Z r_config_intersession   [   0% ] 1 VUs  0m04.0s/1m30s  0/1 shared iters
project81 k6 proof on cael	Run Project 81 k6 proof wrapper	2026-07-09T05:26:16.0686933Z 
project81 k6 proof on cael	Run Project 81 k6 proof wrapper	2026-07-09T05:26:16.0688635Z running (0m05.0s), 1/1 VUs, 0 complete and 0 interrupted iterations
project81 k6 proof on cael	Run Project 81 k6 proof wrapper	2026-07-09T05:26:16.0689120Z r_config_intersession   [   0% ] 1 VUs  0m05.0s/1m30s  0/1 shared iters
project81 k6 proof on cael	Run Project 81 k6 proof wrapper	2026-07-09T05:26:17.0683875Z 
project81 k6 proof on cael	Run Project 81 k6 proof wrapper	2026-07-09T05:26:17.0685548Z running (0m06.0s), 1/1 VUs, 0 complete and 0 interrupted iterations
project81 k6 proof on cael	Run Project 81 k6 proof wrapper	2026-07-09T05:26:17.0686048Z r_config_intersession   [   0% ] 1 VUs  0m06.0s/1m30s  0/1 shared iters
project81 k6 proof on cael	Run Project 81 k6 proof wrapper	2026-07-09T05:26:17.3580734Z time="2026-07-08T22:26:17-07:00" level=info msg="ℹ CONFIG-INTERSESSION sentinel prefix observed; waiting for complete streamed sentinel" source=console
project81 k6 proof on cael	Run Project 81 k6 proof wrapper	2026-07-09T05:26:18.0678781Z 
project81 k6 proof on cael	Run Project 81 k6 proof wrapper	2026-07-09T05:26:18.0679959Z running (0m07.0s), 1/1 VUs, 0 complete and 0 interrupted iterations
project81 k6 proof on cael	Run Project 81 k6 proof wrapper	2026-07-09T05:26:18.0680437Z r_config_intersession   [   0% ] 1 VUs  0m07.0s/1m30s  0/1 shared iters
project81 k6 proof on cael	Run Project 81 k6 proof wrapper	2026-07-09T05:26:19.0679013Z 
project81 k6 proof on cael	Run Project 81 k6 proof wrapper	2026-07-09T05:26:19.0680531Z running (0m08.0s), 1/1 VUs, 0 complete and 0 interrupted iterations
project81 k6 proof on cael	Run Project 81 k6 proof wrapper	2026-07-09T05:26:19.0681656Z r_config_intersession   [   0% ] 1 VUs  0m08.0s/1m30s  0/1 shared iters
project81 k6 proof on cael	Run Project 81 k6 proof wrapper	2026-07-09T05:26:20.0683404Z 
project81 k6 proof on cael	Run Project 81 k6 proof wrapper	2026-07-09T05:26:20.0683918Z running (0m09.0s), 1/1 VUs, 0 complete and 0 interrupted iterations
project81 k6 proof on cael	Run Project 81 k6 proof wrapper	2026-07-09T05:26:20.0684402Z r_config_intersession   [   0% ] 1 VUs  0m09.0s/1m30s  0/1 shared iters
project81 k6 proof on cael	Run Project 81 k6 proof wrapper	2026-07-09T05:26:21.0689652Z 
project81 k6 proof on cael	Run Project 81 k6 proof wrapper	2026-07-09T05:26:21.0691341Z running (0m10.0s), 1/1 VUs, 0 complete and 0 interrupted iterations
project81 k6 proof on cael	Run Project 81 k6 proof wrapper	2026-07-09T05:26:21.0691822Z r_config_intersession   [   0% ] 1 VUs  0m10.0s/1m30s  0/1 shared iters
project81 k6 proof on cael	Run Project 81 k6 proof wrapper	2026-07-09T05:26:22.0682616Z 
project81 k6 proof on cael	Run Project 81 k6 proof wrapper	2026-07-09T05:26:22.0684175Z running (0m11.0s), 1/1 VUs, 0 complete and 0 interrupted iterations
project81 k6 proof on cael	Run Project 81 k6 proof wrapper	2026-07-09T05:26:22.0684658Z r_config_intersession   [   0% ] 1 VUs  0m11.0s/1m30s  0/1 shared iters
project81 k6 proof on cael	Run Project 81 k6 proof wrapper	2026-07-09T05:26:23.0683354Z 
project81 k6 proof on cael	Run Project 81 k6 proof wrapper	2026-07-09T05:26:23.0686083Z running (0m12.0s), 1/1 VUs, 0 complete and 0 interrupted iterations
project81 k6 proof on cael	Run Project 81 k6 proof wrapper	2026-07-09T05:26:23.0686982Z r_config_intersession   [   0% ] 1 VUs  0m12.0s/1m30s  0/1 shared iters
project81 k6 proof on cael	Run Project 81 k6 proof wrapper	2026-07-09T05:26:23.9454632Z time="2026-07-08T22:26:23-07:00" level=info msg="ℹ Ignoring harness prompt echo event" source=console
project81 k6 proof on cael	Run Project 81 k6 proof wrapper	2026-07-09T05:26:24.0684423Z 
project81 k6 proof on cael	Run Project 81 k6 proof wrapper	2026-07-09T05:26:24.0686031Z running (0m13.0s), 1/1 VUs, 0 complete and 0 interrupted iterations
project81 k6 proof on cael	Run Project 81 k6 proof wrapper	2026-07-09T05:26:24.0686622Z r_config_intersession   [   0% ] 1 VUs  0m13.0s/1m30s  0/1 shared iters
project81 k6 proof on cael	Run Project 81 k6 proof wrapper	2026-07-09T05:26:25.0693915Z 
project81 k6 proof on cael	Run Project 81 k6 proof wrapper	2026-07-09T05:26:25.0697546Z running (0m14.0s), 1/1 VUs, 0 complete and 0 interrupted iterations
project81 k6 proof on cael	Run Project 81 k6 proof wrapper	2026-07-09T05:26:25.0704892Z r_config_intersession   [   0% ] 1 VUs  0m14.0s/1m30s  0/1 shared iters
project81 k6 proof on cael	Run Project 81 k6 proof wrapper	2026-07-09T05:26:26.0694096Z 
project81 k6 proof on cael	Run Project 81 k6 proof wrapper	2026-07-09T05:26:26.0694596Z running (0m15.0s), 1/1 VUs, 0 complete and 0 interrupted iterations
project81 k6 proof on cael	Run Project 81 k6 proof wrapper	2026-07-09T05:26:26.0695079Z r_config_intersession   [   0% ] 1 VUs  0m15.0s/1m30s  0/1 shared iters
project81 k6 proof on cael	Run Project 81 k6 proof wrapper	2026-07-09T05:26:27.0687590Z 
project81 k6 proof on cael	Run Project 81 k6 proof wrapper	2026-07-09T05:26:27.0694630Z running (0m16.0s), 1/1 VUs, 0 complete and 0 interrupted iterations
project81 k6 proof on cael	Run Project 81 k6 proof wrapper	2026-07-09T05:26:27.0695526Z r_config_intersession   [   0% ] 1 VUs  0m16.0s/1m30s  0/1 shared iters
project81 k6 proof on cael	Run Project 81 k6 proof wrapper	2026-07-09T05:26:27.7002861Z time="2026-07-08T22:26:27-07:00" level=error msg="✗ CONFIG-INTERSESSION-FAIL sentinel observed" source=console
project81 k6 proof on cael	Run Project 81 k6 proof wrapper	2026-07-09T05:26:27.7003989Z time="2026-07-08T22:26:27-07:00" level=info msg="\n--- R-CONFIG-INTERSESSION EVIDENCE SUMMARY ---" source=console
project81 k6 proof on cael	Run Project 81 k6 proof wrapper	2026-07-09T05:26:27.7051031Z time="2026-07-08T22:26:27-07:00" level=info msg="{\n  \"row\": \"R-CONFIG-INTERSESSION\",\n  \"manifest_loaded\": true,\n  \"nonce\": \"R-CONFIG-INTERSESSION-1783574771068-8owxy9kz\",\n  \"seat\": \"cael\",\n  \"requestedSessionKey\": \"p81-5292-cael-live-tail\",\n  \"sessionKey\": \"agent:main:r-config-intersession-r-config-intersession-1783574771068-8owxy9kz\",\n  \"session_created\": true,\n  \"created_session_key\": \"agent:main:r-config-intersession-r-config-intersession-1783574771068-8owxy9kz\",\n  \"candidateSha\": \"5292af40d0ad5303b85a678f6e629503a8725848\",\n  \"started\": \"2026-07-09T05:26:11.068Z\",\n  \"dispatch_accepted\": true,\n  \"config_read\": false,\n  \"cross_session_targeting\": null,\n  \"trace_id\": null,\n  \"redacted_events\": [\n    {\n      \"ts\": 1783574771075,\n      \"kind\": \"event\",\n      \"method\": null,\n      \"event\": \"connect.challenge\",\n      \"ok\": null,\n      \"data\": null\n    },\n    {\n      \"ts\": 1783574771077,\n      \"kind\": \"other\",\n      \"method\": null,\n      \"event\": null,\n      \"ok\": null,\n      \"data\": null\n    },\n    {\n      \"ts\": 1783574771120,\n      \"kind\": \"event\",\n      \"method\": null,\n      \"event\": \"health\",\n      \"ok\": null,\n      \"data\": null\n    },\n    {\n      \"ts\": 1783574771235,\n      \"kind\": \"event\",\n      \"method\": null,\n      \"event\": \"agent\",\n      \"ok\": null,\n      \"data\": null\n    },\n    {\n      \"ts\": 1783574771235,\n      \"kind\": \"event\",\n      \"method\": null,\n      \"event\": \"chat\",\n      \"ok\": null,\n      \"data\": null\n    },\n    {\n      \"ts\": 1783574771236,\n      \"kind\": \"event\",\n      \"method\": null,\n      \"event\": \"chat\",\n      \"ok\": null,\n      \"data\": null\n    },\n    {\n      \"ts\": 1783574771498,\n      \"kind\": \"response\",\n      \"method\": \"sessions.create\",\n      \"event\": null,\n      \"ok\": true,\n      \"data\": {\n        \"ok\": true\n      }\n    },\n    {\n      \"ts\": 1783574771560,\n      \"kind\": \"response\",\n      \"method\": \"sessions.messages.subscribe\",\n      \"event\": null,\n      \"ok\": true,\n      \"data\": {}\n    },\n    {\n      \"ts\": 1783574772071,\n      \"kind\": \"response\",\n      \"method\": \"sessions.send\",\n      \"event\": null,\n      \"ok\": true,\n      \"data\": {\n        \"runId\": \"R-CONFIG-INTERSESSION-R-CONFIG-INTERSESSION-1783574771068-8owxy9kz\",\n        \"status\": \"started\"\n      }\n    },\n    {\n      \"ts\": 1783574774186,\n      \"kind\": \"event\",\n      \"method\": null,\n      \"event\": \"agent\",\n      \"ok\": null,\n      \"data\": null\n    },\n    {\n      \"ts\": 1783574774186,\n      \"kind\": \"event\",\n      \"method\": null,\n      \"event\": \"chat\",\n      \"ok\": null,\n      \"data\": null\n    },\n    {\n      \"ts\": 1783574774508,\n      \"kind\": \"event\",\n      \"method\": null,\n      \"event\": \"agent\",\n      \"ok\": null,\n      \"data\": null\n    },\n    {\n      \"ts\": 1783574774558,\n      \"kind\": \"event\",\n      \"method\": null,\n      \"event\": \"task\",\n      \"ok\": null,\n      \"data\": null\n    },\n    {\n      \"ts\": 1783574774558,\n      \"kind\": \"event\",\n      \"method\": null,\n      \"event\": \"task\",\n      \"ok\": null,\n      \"data\": null\n    },\n    {\n      \"ts\": 1783574774560,\n      \"kind\": \"event\",\n      \"method\": null,\n      \"event\": \"agent\",\n      \"ok\": null,\n      \"data\": null\n    },\n    {\n      \"ts\": 1783574777357,\n      \"kind\": \"event\",\n      \"method\": null,\n      \"event\": \"agent\",\n      \"ok\": null,\n      \"data\": null\n    },\n    {\n      \"ts\": 1783574778248,\n      \"kind\": \"event\",\n      \"method\": null,\n      \"event\": \"agent\",\n      \"ok\": null,\n      \"data\": null\n    },\n    {\n      \"ts\": 1783574778972,\n      \"kind\": \"event\",\n      \"method\": null,\n      \"event\": \"health\",\n      \"ok\": null,\n      \"data\": null\n    },\n    {\n      \"ts\": 1783574779039,\n      \"kind\": \"event\",\n      \"method\": null,\n      \"event\": \"presence\",\n      \"ok\": null,\n      \"data\": null\n    },\n    {\n      \"ts\": 1783574779357,\n      \"kind\": \"event\",\n      \"method\": null,\n      \"event\": \"health\",\n      \"ok\": null,\n      \"data\": null\n    },\n    {\n      \"ts\": 1783574779431,\n      \"kind\": \"event\",\n      \"method\": null,\n      \"event\": \"agent\",\n      \"ok\": null,\n      \"data\": null\n    },\n    {\n      \"ts\": 1783574779431,\n      \"kind\": \"event\",\n      \"method\": null,\n      \"event\": \"chat\",\n      \"ok\": null,\n      \"data\": null\n    },\n    {\n      \"ts\": 1783574779590,\n      \"kind\": \"event\",\n      \"method\": null,\n      \"event\": \"task\",\n      \"ok\": null,\n      \"data\": null\n    },\n    {\n      \"ts\": 1783574779591,\n      \"kind\": \"event\",\n      \"method\": null,\n      \"event\": \"task\",\n      \"ok\": null,\n      \"data\": null\n    },\n    {\n      \"ts\": 1783574779591,\n      \"kind\": \"event\",\n      \"method\": null,\n      \"event\": \"agent\",\n      \"ok\": null,\n      \"data\": null\n    },\n    {\n      \"ts\": 1783574779591,\n      \"kind\": \"event\",\n      \"method\": null,\n      \"event\": \"chat\",\n      \"ok\": null,\n      \"data\": null\n    },\n    {\n      \"ts\": 1783574779592,\n      \"kind\": \"event\",\n      \"method\": null,\n      \"event\": \"task\",\n      \"ok\": null,\n      \"data\": null\n    },\n    {\n      \"ts\": 1783574779592,\n      \"kind\": \"event\",\n      \"method\": null,\n      \"event\": \"task\",\n      \"ok\": null,\n      \"data\": null\n    },\n    {\n      \"ts\": 1783574779593,\n      \"kind\": \"event\",\n      \"method\": null,\n      \"event\": \"task\",\n      \"ok\": null,\n      \"data\": null\n    },\n    {\n      \"ts\": 1783574779593,\n      \"kind\": \"event\",\n      \"method\": null,\n      \"event\": \"task\",\n      \"ok\": null,\n      \"data\": null\n    },\n    {\n      \"ts\": 1783574779594,\n      \"kind\": \"event\",\n      \"method\": null,\n      \"event\": \"task\",\n      \"ok\": null,\n      \"data\": null\n    },\n    {\n      \"ts\": 1783574779594,\n      \"kind\": \"event\",\n      \"method\": null,\n      \"event\": \"task\",\n      \"ok\": null,\n      \"data\": null\n    },\n    {\n      \"ts\": 1783574779678,\n      \"kind\": \"event\",\n      \"method\": null,\n      \"event\": \"health\",\n      \"ok\": null,\n      \"data\": null\n    },\n    {\n      \"ts\": 1783574779684,\n      \"kind\": \"event\",\n      \"method\": null,\n      \"event\": \"task\",\n      \"ok\": null,\n      \"data\": null\n    },\n    {\n      \"ts\": 1783574779684,\n      \"kind\": \"event\",\n      \"method\": null,\n      \"event\": \"task\",\n      \"ok\": null,\n      \"data\": null\n    },\n    {\n      \"ts\": 1783574779685,\n      \"kind\": \"event\",\n      \"method\": null,\n      \"event\": \"task\",\n      \"ok\": null,\n      \"data\": null\n    },\n    {\n      \"ts\": 1783574779685,\n      \"kind\": \"event\",\n      \"method\": null,\n      \"event\": \"task\",\n      \"ok\": null,\n      \"data\": null\n    },\n    {\n      \"ts\": 1783574779686,\n      \"kind\": \"event\",\n      \"method\": null,\n      \"event\": \"task\",\n      \"ok\": null,\n      \"data\": null\n    },\n    {\n      \"ts\": 1783574779687,\n      \"kind\": \"event\",\n      \"method\": null,\n      \"event\": \"task\",\n      \"ok\": null,\n      \"data\": null\n    },\n    {\n      \"ts\": 1783574779687,\n      \"kind\": \"event\",\n      \"method\": null,\n      \"event\": \"task\",\n      \"ok\": null,\n      \"data\": null\n    },\n    {\n      \"ts\": 1783574779688,\n      \"kind\": \"event\",\n      \"method\": null,\n      \"event\": \"task\",\n      \"ok\": null,\n      \"data\": null\n    },\n    {\n      \"ts\": 1783574779688,\n      \"kind\": \"event\",\n      \"method\": null,\n      \"event\": \"task\",\n      \"ok\": null,\n      \"data\": null\n    },\n    {\n      \"ts\": 1783574779689,\n      \"kind\": \"event\",\n      \"method\": null,\n      \"event\": \"task\",\n      \"ok\": null,\n      \"data\": null\n    },\n    {\n      \"ts\": 1783574779712,\n      \"kind\": \"event\",\n      \"method\": null,\n      \"event\": \"task\",\n      \"ok\": null,\n      \"data\": null\n    },\n    {\n      \"ts\": 1783574779713,\n      \"kind\": \"event\",\n      \"method\": null,\n      \"event\": \"task\",\n      \"ok\": null,\n      \"data\": null\n    },\n    {\n      \"ts\": 1783574779714,\n      \"kind\": \"event\",\n      \"method\": null,\n      \"event\": \"task\",\n      \"ok\": null,\n      \"data\": null\n    },\n    {\n      \"ts\": 1783574779714,\n      \"kind\": \"event\",\n      \"method\": null,\n      \"event\": \"task\",\n      \"ok\": null,\n      \"data\": null\n    },\n    {\n      \"ts\": 1783574779715,\n      \"kind\": \"event\",\n      \"method\": null,\n      \"event\": \"task\",\n      \"ok\": null,\n      \"data\": null\n    },\n    {\n      \"ts\": 1783574779715,\n      \"kind\": \"event\",\n      \"method\": null,\n      \"event\": \"task\",\n      \"ok\": null,\n      \"data\": null\n    },\n    {\n      \"ts\": 1783574779716,\n      \"kind\": \"event\",\n      \"method\": null,\n      \"event\": \"task\",\n      \"ok\": null,\n      \"data\": null\n    },\n    {\n      \"ts\": 1783574779716,\n      \"kind\": \"event\",\n      \"method\": null,\n      \"event\": \"task\",\n      \"ok\": null,\n      \"data\": null\n    },\n    {\n      \"ts\": 1783574779717,\n      \"kind\": \"event\",\n      \"method\": null,\n      \"event\": \"task\",\n      \"ok\": null,\n      \"data\": null\n    },\n    {\n      \"ts\": 1783574779717,\n      \"kind\": \"event\",\n      \"method\": null,\n      \"event\": \"task\",\n      \"ok\": null,\n      \"data\": null\n    },\n    {\n      \"ts\": 1783574779718,\n      \"kind\": \"event\",\n      \"method\": null,\n      \"event\": \"task\",\n      \"ok\": null,\n      \"data\": null\n    },\n    {\n      \"ts\": 1783574779718,\n      \"kind\": \"event\",\n      \"method\": null,\n      \"event\": \"task\",\n      \"ok\": null,\n      \"data\": null\n    },\n    {\n      \"ts\": 1783574779719,\n      \"kind\": \"event\",\n      \"method\": null,\n      \"event\": \"task\",\n      \"ok\": null,\n      \"data\": null\n    },\n    {\n      \"ts\": 1783574779719,\n      \"kind\": \"event\",\n      \"method\": null,\n      \"event\": \"task\",\n      \"ok\": null,\n      \"data\": null\n    },\n    {\n      \"ts\": 1783574779719,\n      \"kind\": \"event\",\n      \"method\": null,\n      \"event\": \"task\",\n      \"ok\": null,\n      \"data\": null\n    },\n    {\n      \"ts\": 1783574779720,\n      \"kind\": \"event\",\n      \"method\": null,\n      \"event\": \"task\",\n      \"ok\": null,\n      \"data\": null\n    },\n    {\n      \"ts\": 1783574779756,\n      \"kind\": \"event\",\n      \"method\": null,\n      \"event\": \"tick\",\n      \"ok\": null,\n      \"data\": null\n    },\n    {\n      \"ts\": 1783574779761,\n      \"kind\": \"event\",\n      \"method\": null,\n      \"event\": \"task\",\n      \"ok\": null,\n      \"data\": null\n    },\n    {\n      \"ts\": 1783574779762,\n      \"kind\": \"event\",\n      \"method\": null,\n      \"event\": \"task\",\n      \"ok\": null,\n      \"data\": null\n    },\n    {\n      \"ts\": 1783574779762,\n      \"kind\": \"event\",\n      \"method\": null,\n      \"event\": \"agent\",\n      \"ok\": null,\n      \"data\": null\n    },\n    {\n      \"ts\": 1783574779762,\n      \"kind\": \"event\",\n      \"method\": null,\n      \"event\": \"agent\",\n      \"ok\": null,\n      \"data\": null\n    },\n    {\n      \"ts\": 1783574779762,\n      \"kind\": \"event\",\n      \"method\": null,\n      \"event\": \"chat\",\n      \"ok\": null,\n      \"data\": null\n    },\n    {\n      \"ts\": 1783574779763,\n      \"kind\": \"event\",\n      \"method\": null,\n      \"event\": \"task\",\n      \"ok\": null,\n      \"data\": null\n    },\n    {\n      \"ts\": 1783574779763,\n      \"kind\": \"event\",\n      \"method\": null,\n      \"event\": \"task\",\n      \"ok\": null,\n      \"data\": null\n    },\n    {\n      \"ts\": 1783574779764,\n      \"kind\": \"event\",\n      \"method\": null,\n      \"event\": \"task\",\n      \"ok\": null,\n      \"data\": null\n    },\n    {\n      \"ts\": 1783574779764,\n      \"kind\": \"event\",\n      \"method\": null,\n      \"event\": \"task\",\n      \"ok\": null,\n      \"data\": null\n    },\n    {\n      \"ts\": 1783574779765,\n      \"kind\": \"event\",\n      \"method\": null,\n      \"event\": \"task\",\n      \"ok\": null,\n      \"data\": null\n    },\n    {\n      \"ts\": 1783574779765,\n      \"kind\": \"event\",\n      \"method\": null,\n      \"event\": \"task\",\n      \"ok\": null,\n      \"data\": null\n    },\n    {\n      \"ts\": 1783574779853,\n      \"kind\": \"event\",\n      \"method\": null,\n      \"event\": \"task\",\n      \"ok\": null,\n      \"data\": null\n    },\n    {\n      \"ts\": 1783574779854,\n      \"kind\": \"event\",\n      \"method\": null,\n      \"event\": \"task\",\n      \"ok\": null,\n      \"data\": null\n    },\n    {\n      \"ts\": 1783574779894,\n      \"kind\": \"event\",\n      \"method\": null,\n      \"event\": \"task\",\n      \"ok\": null,\n      \"data\": null\n    },\n    {\n      \"ts\": 1783574779894,\n      \"kind\": \"event\",\n      \"method\": null,\n      \"event\": \"task\",\n      \"ok\": null,\n      \"data\": null\n    },\n    {\n      \"ts\": 1783574779895,\n      \"kind\": \"event\",\n      \"method\": null,\n      \"event\": \"task\",\n      \"ok\": null,\n      \"data\": null\n    },\n    {\n      \"ts\": 1783574779895,\n      \"kind\": \"event\",\n      \"method\": null,\n      \"event\": \"task\",\n      \"ok\": null,\n      \"data\": null\n    },\n    {\n      \"ts\": 1783574779914,\n      \"kind\": \"event\",\n      \"method\": null,\n      \"event\": \"task\",\n      \"ok\": null,\n      \"data\": null\n    },\n    {\n      \"ts\": 1783574779914,\n      \"kind\": \"event\",\n      \"method\": null,\n      \"event\": \"task\",\n      \"ok\": null,\n      \"data\": null\n    },\n    {\n      \"ts\": 1783574779915,\n      \"kind\": \"event\",\n      \"method\": null,\n      \"event\": \"agent\",\n      \"ok\": null,\n      \"data\": null\n    },\n    {\n      \"ts\": 1783574779915,\n      \"kind\": \"event\",\n      \"method\": null,\n      \"event\": \"agent\",\n      \"ok\": null,\n      \"data\": null\n    },\n    {\n      \"ts\": 1783574781787,\n      \"kind\": \"event\",\n      \"method\": null,\n      \"event\": \"presence\",\n      \"ok\": null,\n      \"data\": null\n    },\n    {\n      \"ts\": 1783574781856,\n      \"kind\": \"event\",\n      \"method\": null,\n      \"event\": \"agent\",\n      \"ok\": null,\n      \"data\": null\n    },\n    {\n      \"ts\": 1783574781916,\n      \"kind\": \"event\",\n      \"method\": null,\n      \"event\": \"health\",\n      \"ok\": null,\n      \"data\": null\n    },\n    {\n      \"ts\": 1783574782130,\n      \"kind\": \"event\",\n      \"method\": null,\n      \"event\": \"presence\",\n      \"ok\": null,\n      \"data\": null\n    },\n    {\n      \"ts\": 1783574782209,\n      \"kind\": \"event\",\n      \"method\": null,\n      \"event\": \"health\",\n      \"ok\": null,\n      \"data\": null\n    },\n    {\n      \"ts\": 1783574782227,\n      \"kind\": \"event\",\n      \"method\": null,\n      \"event\": \"presence\",\n      \"ok\": null,\n      \"data\": null\n    },\n    {\n      \"ts\": 1783574782368,\n      \"kind\": \"event\",\n      \"method\": null,\n      \"event\": \"task\",\n      \"ok\": null,\n      \"data\": null\n    },\n    {\n      \"ts\": 1783574782368,\n      \"kind\": \"event\",\n      \"method\": null,\n      \"event\": \"task\",\n      \"ok\": null,\n      \"data\": null\n    },\n    {\n      \"ts\": 1783574782408,\n      \"kind\": \"event\",\n      \"method\": null,\n      \"event\": \"agent\",\n      \"ok\": null,\n      \"data\": null\n    },\n    {\n      \"ts\": 1783574782408,\n      \"kind\": \"event\",\n      \"method\": null,\n      \"event\": \"chat\",\n      \"ok\": null,\n      \"data\": null\n    },\n    {\n      \"ts\": 1783574782408,\n      \"kind\": \"event\",\n      \"method\": null,\n      \"event\": \"chat\",\n      \"ok\": null,\n      \"data\": null\n    },\n    {\n      \"ts\": 1783574782413,\n      \"kind\": \"event\",\n      \"method\": null,\n      \"event\": \"task\",\n      \"ok\": null,\n      \"data\": null\n    },\n    {\n      \"ts\": 1783574782467,\n      \"kind\": \"event\",\n      \"method\": null,\n      \"event\": \"presence\",\n      \"ok\": null,\n      \"data\": null\n    },\n    {\n      \"ts\": 1783574782588,\n      \"kind\": \"event\",\n      \"method\": null,\n      \"event\": \"health\",\n      \"ok\": null,\n      \"data\": null\n    },\n    {\n      \"ts\": 1783574782609,\n      \"kind\": \"event\",\n      \"method\": null,\n      \"event\": \"presence\",\n      \"ok\": null,\n      \"data\": null\n    },\n    {\n      \"ts\": 1783574782639,\n      \"kind\": \"event\",\n      \"method\": null,\n      \"event\": \"task\",\n      \"ok\": null,\n      \"data\": null\n    },\n    {\n      \"ts\": 1783574782675,\n      \"kind\": \"event\",\n      \"method\": null,\n      \"event\": \"task\",\n      \"ok\": null,\n      \"data\": null\n    },\n    {\n      \"ts\": 1783574783438,\n      \"kind\": \"event\",\n      \"method\": null,\n      \"event\": \"agent\",\n      \"ok\": null,\n      \"data\": null\n    },\n    {\n      \"ts\": 1783574783439,\n      \"kind\": \"event\",\n      \"method\": null,\n      \"event\": \"chat\",\n      \"ok\": null,\n      \"data\": null\n    },\n    {\n      \"ts\": 1783574783896,\n      \"kind\": \"event\",\n      \"method\": null,\n      \"event\": \"agent\",\n      \"ok\": null,\n      \"data\": null\n    },\n    {\n      \"ts\": 1783574783944,\n      \"kind\": \"event\",\n      \"method\": null,\n      \"event\": \"session.message\",\n      \"ok\": null,\n      \"data\": null\n    },\n    {\n      \"ts\": 1783574784049,\n      \"kind\": \"event\",\n      \"method\": null,\n      \"event\": \"agent\",\n      \"ok\": null,\n      \"data\": null\n    },\n    {\n      \"ts\": 1783574787120,\n      \"kind\": \"event\",\n      \"method\": null,\n      \"event\": \"agent\",\n      \"ok\": null,\n      \"data\": null\n    },\n    {\n      \"ts\": 1783574787597,\n      \"kind\": \"event\",\n      \"method\": null,\n      \"event\": \"agent\",\n      \"ok\": null,\n      \"data\": null\n    },\n    {\n      \"ts\": 1783574787597,\n      \"kind\": \"event\",\n      \"method\": null,\n      \"event\": \"chat\",\n      \"ok\": null,\n      \"data\": null\n    },\n    {\n      \"ts\": 1783574787699,\n      \"kind\": \"event\",\n      \"method\": null,\n      \"event\": \"session.message\",\n      \"ok\": null,\n      \"data\": null\n    }\n  ],\n  \"ended\": \"2026-07-09T05:26:27.699Z\",\n  \"duration_ms\": 16631\n}" source=console
project81 k6 proof on cael	Run Project 81 k6 proof wrapper	2026-07-09T05:26:27.7098010Z time="2026-07-08T22:26:27-07:00" level=info msg="--- END EVIDENCE ---" source=console
project81 k6 proof on cael	Run Project 81 k6 proof wrapper	2026-07-09T05:26:27.7098716Z time="2026-07-08T22:26:27-07:00" level=info msg="\n[R-CONFIG-INTERSESSION] VERDICT: PARTIAL-candidate" source=console
project81 k6 proof on cael	Run Project 81 k6 proof wrapper	2026-07-09T05:26:27.7099192Z 
project81 k6 proof on cael	Run Project 81 k6 proof wrapper	2026-07-09T05:26:27.7119956Z [R-CONFIG-INTERSESSION] Summary: PARTIAL-candidate | SHA: 5292af40d0ad5303b85a678f6e629503a8725848 | Seat: cael
project81 k6 proof on cael	Run Project 81 k6 proof wrapper	2026-07-09T05:26:27.7120477Z 
project81 k6 proof on cael	Run Project 81 k6 proof wrapper	2026-07-09T05:26:27.7120659Z running (0m16.6s), 0/1 VUs, 1 complete and 0 interrupted iterations
project81 k6 proof on cael	Run Project 81 k6 proof wrapper	2026-07-09T05:26:27.7121245Z r_config_intersession ✓ [ 100% ] 1 VUs  0m16.6s/1m30s  1/1 shared iters
project81 k6 proof on cael	Run Project 81 k6 proof wrapper	2026-07-09T05:26:27.7841687Z time="2026-07-08T22:26:27-07:00" level=error msg="thresholds on metrics 'proof_failures' have been crossed"
project81 k6 proof on cael	Run Project 81 k6 proof wrapper	2026-07-09T05:26:27.7891262Z ./r-config-intersession-summary.json
project81 k6 proof on cael	Run Project 81 k6 proof wrapper	2026-07-09T05:26:27.9049271Z [R-CONFIG-INTERSESSION] METRICS: /home/figs/actions-runner/_work/openclaw-bootstrap/openclaw-bootstrap/openclaw-bootstrap/PROOFS/d29ba41eb2c7a26a8ce51fe7a36d8962f46cc067/project81-k6/20260709T052430Z-cael-dgx-4083595/5292af40d0ad5303b85a678f6e629503a8725848/R-CONFIG-INTERSESSION/cael/20260709T052611Z-r-config-intersession/openclaw-proofs-k6.prom
project81 k6 proof on cael	Run Project 81 k6 proof wrapper	2026-07-09T05:26:27.9058223Z [R-CONFIG-INTERSESSION] ARTIFACTS: /home/figs/actions-runner/_work/openclaw-bootstrap/openclaw-bootstrap/openclaw-bootstrap/PROOFS/d29ba41eb2c7a26a8ce51fe7a36d8962f46cc067/project81-k6/20260709T052430Z-cael-dgx-4083595/5292af40d0ad5303b85a678f6e629503a8725848/R-CONFIG-INTERSESSION/cael/20260709T052611Z-r-config-intersession
project81 k6 proof on cael	Run Project 81 k6 proof wrapper	2026-07-09T05:26:27.9059811Z [R-CONFIG-INTERSESSION] FAILED with k6 exit code 99. Artifacts preserved.
project81 k6 proof on cael	Run Project 81 k6 proof wrapper	2026-07-09T05:26:27.9076495Z ##[error]Process completed with exit code 99.
project81 k6 proof on cael	Post Checkout proof catalog	﻿2026-07-09T05:26:27.9155394Z Node 20 is being deprecated. This workflow is running with Node 24 by default. If you need to temporarily use Node 20, you can set the ACTIONS_ALLOW_USE_UNSECURE_NODE_VERSION=true environment variable. For more information see: https://github.blog/changelog/2025-09-19-deprecation-of-node-20-on-github-actions-runners/
project81 k6 proof on cael	Post Checkout proof catalog	2026-07-09T05:26:27.9156212Z Post job cleanup.
project81 k6 proof on cael	Post Checkout proof catalog	2026-07-09T05:26:27.9627159Z [command]/usr/bin/git version
project81 k6 proof on cael	Post Checkout proof catalog	2026-07-09T05:26:27.9657301Z git version 2.43.0
project81 k6 proof on cael	Post Checkout proof catalog	2026-07-09T05:26:27.9673328Z Copying '/home/figs/.gitconfig' to '/home/figs/actions-runner/_work/_temp/b6f12788-acd8-4746-9f32-86fa783ba595/.gitconfig'
project81 k6 proof on cael	Post Checkout proof catalog	2026-07-09T05:26:27.9681475Z Temporarily overriding HOME='/home/figs/actions-runner/_work/_temp/b6f12788-acd8-4746-9f32-86fa783ba595' before making global git config changes
project81 k6 proof on cael	Post Checkout proof catalog	2026-07-09T05:26:27.9682391Z Adding repository directory to the temporary git global config as a safe directory
project81 k6 proof on cael	Post Checkout proof catalog	2026-07-09T05:26:27.9683503Z [command]/usr/bin/git config --global --add safe.directory /home/figs/actions-runner/_work/openclaw-bootstrap/openclaw-bootstrap/karmaterminal-openclaw-docs
project81 k6 proof on cael	Post Checkout proof catalog	2026-07-09T05:26:27.9714422Z [command]/usr/bin/git config --local --name-only --get-regexp core\.sshCommand
project81 k6 proof on cael	Post Checkout proof catalog	2026-07-09T05:26:27.9739800Z [command]/usr/bin/git submodule foreach --recursive sh -c "git config --local --name-only --get-regexp 'core\.sshCommand' && git config --local --unset-all 'core.sshCommand' || :"
project81 k6 proof on cael	Post Checkout proof catalog	2026-07-09T05:26:27.9989121Z [command]/usr/bin/git config --local --name-only --get-regexp http\.https\:\/\/github\.com\/\.extraheader
project81 k6 proof on cael	Post Checkout proof catalog	2026-07-09T05:26:28.0014634Z http.https://github.com/.extraheader
project81 k6 proof on cael	Post Checkout proof catalog	2026-07-09T05:26:28.0018568Z [command]/usr/bin/git config --local --unset-all http.https://github.com/.extraheader
project81 k6 proof on cael	Post Checkout proof catalog	2026-07-09T05:26:28.0047450Z [command]/usr/bin/git submodule foreach --recursive sh -c "git config --local --name-only --get-regexp 'http\.https\:\/\/github\.com\/\.extraheader' && git config --local --unset-all 'http.https://github.com/.extraheader' || :"
project81 k6 proof on cael	Post Checkout proof catalog	2026-07-09T05:26:28.0258518Z [command]/usr/bin/git config --local --name-only --get-regexp ^includeIf\.gitdir:
project81 k6 proof on cael	Post Checkout proof catalog	2026-07-09T05:26:28.0291850Z [command]/usr/bin/git submodule foreach --recursive git config --local --show-origin --name-only --get-regexp remote.origin.url
project81 k6 proof on cael	Post Checkout bootstrap	﻿2026-07-09T05:26:28.0675061Z Node 20 is being deprecated. This workflow is running with Node 24 by default. If you need to temporarily use Node 20, you can set the ACTIONS_ALLOW_USE_UNSECURE_NODE_VERSION=true environment variable. For more information see: https://github.blog/changelog/2025-09-19-deprecation-of-node-20-on-github-actions-runners/
project81 k6 proof on cael	Post Checkout bootstrap	2026-07-09T05:26:28.0675762Z Post job cleanup.
project81 k6 proof on cael	Post Checkout bootstrap	2026-07-09T05:26:28.1131570Z [command]/usr/bin/git version
project81 k6 proof on cael	Post Checkout bootstrap	2026-07-09T05:26:28.1159976Z git version 2.43.0
project81 k6 proof on cael	Post Checkout bootstrap	2026-07-09T05:26:28.1177900Z Copying '/home/figs/.gitconfig' to '/home/figs/actions-runner/_work/_temp/a345325b-8351-497c-9ab3-6f96c97be2a5/.gitconfig'
project81 k6 proof on cael	Post Checkout bootstrap	2026-07-09T05:26:28.1189098Z Temporarily overriding HOME='/home/figs/actions-runner/_work/_temp/a345325b-8351-497c-9ab3-6f96c97be2a5' before making global git config changes
project81 k6 proof on cael	Post Checkout bootstrap	2026-07-09T05:26:28.1190094Z Adding repository directory to the temporary git global config as a safe directory
project81 k6 proof on cael	Post Checkout bootstrap	2026-07-09T05:26:28.1190940Z [command]/usr/bin/git config --global --add safe.directory /home/figs/actions-runner/_work/openclaw-bootstrap/openclaw-bootstrap/openclaw-bootstrap
project81 k6 proof on cael	Post Checkout bootstrap	2026-07-09T05:26:28.1229365Z [command]/usr/bin/git config --local --name-only --get-regexp core\.sshCommand
project81 k6 proof on cael	Post Checkout bootstrap	2026-07-09T05:26:28.1259431Z [command]/usr/bin/git submodule foreach --recursive sh -c "git config --local --name-only --get-regexp 'core\.sshCommand' && git config --local --unset-all 'core.sshCommand' || :"
project81 k6 proof on cael	Post Checkout bootstrap	2026-07-09T05:26:28.1458047Z [command]/usr/bin/git config --local --name-only --get-regexp http\.https\:\/\/github\.com\/\.extraheader
project81 k6 proof on cael	Post Checkout bootstrap	2026-07-09T05:26:28.1482568Z http.https://github.com/.extraheader
project81 k6 proof on cael	Post Checkout bootstrap	2026-07-09T05:26:28.1487084Z [command]/usr/bin/git config --local --unset-all http.https://github.com/.extraheader
project81 k6 proof on cael	Post Checkout bootstrap	2026-07-09T05:26:28.1519052Z [command]/usr/bin/git submodule foreach --recursive sh -c "git config --local --name-only --get-regexp 'http\.https\:\/\/github\.com\/\.extraheader' && git config --local --unset-all 'http.https://github.com/.extraheader' || :"
project81 k6 proof on cael	Post Checkout bootstrap	2026-07-09T05:26:28.1734276Z [command]/usr/bin/git config --local --name-only --get-regexp ^includeIf\.gitdir:
project81 k6 proof on cael	Post Checkout bootstrap	2026-07-09T05:26:28.1765733Z [command]/usr/bin/git submodule foreach --recursive git config --local --show-origin --name-only --get-regexp remote.origin.url
project81 k6 proof on cael	Complete job	﻿2026-07-09T05:26:28.2079943Z Cleaning up orphan processes
project81 k6 proof on cael	Complete job	2026-07-09T05:26:28.2622483Z ##[warning]Node.js 20 is deprecated. The following actions target Node.js 20 but are being forced to run on Node.js 24: actions/checkout@v4. For more information see: https://github.blog/changelog/2025-09-19-deprecation-of-node-20-on-github-actions-runners/
