RUN_ID=p81-cael-live-resume2-20260709T031258Z
STARTED_AT=2026-07-09T03:12:58Z
DOCS_SHA=2a57cd8528e43da3bc0f8adad7c48cd8470a5252
TARGET_SHA=e08f696618da57e7267a2148578fa4ab0d8b0d01
OPENCLAW_VERSION=OpenClaw 2026.6.11 (e08f696)
OPENCLAW_CREATE_DISPOSABLE_SESSIONS=true
Resolving session key for selector: discord-channel:1466192485440164011
==========================================================
Project 81: Seat-Aware k6 Proof Runner
Seat: cael
Target Candidate SHA: e08f696618da57e7267a2148578fa4ab0d8b0d01
Deployed Runtime SHA: OpenClaw 2026.6.11 (e08f696)
Session: main
Artifact root: /tmp/p81-cael-live-resume2-20260709T031258Z/out
Rows: R-CD-RETURN-OVERLAP,R-CD-SILENT,R-CD-TOKEN,R-CONFIG-defaults,R-CONFIG-INTERSESSION,R-CW-1,R-CW-2,R-CW-3,R-CW-4,R-CW-5,R-CW-6,R-CW-7,R-CW-DELEGATE-CHILD-LIVE,R-CW-DELEGATE-SELF-CONTINUATION,R-CW-DELEGATE-TOKEN,R-CW-MULTI-COLLAPSE,R-CW-MULTI,R-CW-TOKEN,R-OBS-1,R-OBS-2,R-OBS-status,R-RC-1,R-RC-2,R-REGRESSION-TRAP-TESTS,R-TRACE-REDACTION-1121
Dry Run: false
==========================================================
Running seat-readiness preflight (k6/tooling/gateway/continuation config)...
SEAT READINESS: /tmp/p81-cael-live-resume2-20260709T031258Z/out/seat-readiness.json

----------------------------------------
Row: R-CD-RETURN-OVERLAP
Manifest: /tmp/oc-p81-current/tools/k6-proofs/manifests/r-cd-return-overlap.json
Scenario: scenarios/r-cd-return-overlap.js
Status: runnable
Live Safety: k6-runnable
[R-CD-RETURN-OVERLAP] RUNNING...

         /\      Grafana   /‾‾/  
    /\  /  \     |\  __   /  /   
   /  \/    \    | |/ /  /   ‾‾\ 
  /          \   |   (  |  (‾)  |
 / __________ \  |_|\_\  \_____/ 


     execution: local
        script: scenarios/r-cd-return-overlap.js
        output: -

     scenarios: (100.00%) 1 scenario, 1 max VUs, 45s max duration (incl. graceful stop):
              * r_cd_return_overlap_static: 1 iterations shared among 1 VUs (maxDuration: 15s, gracefulStop: 30s)

time="2026-07-08T20:13:01-07:00" level=info msg="R_CD_RETURN_OVERLAP_EVIDENCE {\"row\":\"R-CD-RETURN-OVERLAP\",\"manifest_loaded\":true,\"candidateSha\":\"e08f696618da57e7267a2148578fa4ab0d8b0d01\",\"currentProofSha\":\"1cc8f4e3d617ef6f173283ef83d7b739a4995734\",\"started\":\"2026-07-09T03:13:01.222Z\",\"pass_with_caveat_present\":true,\"silent_flow_present\":true,\"silent_wake_flow_present\":true,\"both_markers_in_tasks\":true,\"both_targeted_returns_in_journal\":true,\"no_duplicate_storm_claim_present\":true,\"tempo_trace_present\":true,\"source_files\":{\"evidence\":\"../../../PROOFS/1cc8f4e3d617ef6f173283ef83d7b739a4995734/R-CD-RETURN-OVERLAP/cael-dgx/EVIDENCE.md\",\"flowRows\":\"../../../PROOFS/1cc8f4e3d617ef6f173283ef83d7b739a4995734/R-CD-RETURN-OVERLAP/cael-dgx/db/flow-rows-concise.json\",\"taskRows\":\"../../../PROOFS/1cc8f4e3d617ef6f173283ef83d7b739a4995734/R-CD-RETURN-OVERLAP/cael-dgx/db/task-rows-concise.json\",\"journal\":\"../../../PROOFS/1cc8f4e3d617ef6f173283ef83d7b739a4995734/R-CD-RETURN-OVERLAP/cael-dgx/journal/journal-filtered.log\",\"tempo\":\"../../../PROOFS/1cc8f4e3d617ef6f173283ef83d7b739a4995734/R-CD-RETURN-OVERLAP/cael-dgx/tempo/trace-0d676f84623ebfe6499a324d039ee050-summary.json\"},\"ended\":\"2026-07-09T03:13:01.223Z\",\"duration_ms\":1,\"verdict\":\"PASS-candidate\"}" source=console

running (00.0s), 0/1 VUs, 1 complete and 0 interrupted iterations
r_cd_return_overlap_static ✓ [ 100% ] 1 VUs  00.0s/15s  1/1 shared iters
./r-cd-return-overlap-summary.json
[R-CD-RETURN-OVERLAP] METRICS: /tmp/p81-cael-live-resume2-20260709T031258Z/out/e08f696618da57e7267a2148578fa4ab0d8b0d01/R-CD-RETURN-OVERLAP/cael/20260709T031301Z-r-cd-return-overlap/openclaw-proofs-k6.prom
[R-CD-RETURN-OVERLAP] ARTIFACTS: /tmp/p81-cael-live-resume2-20260709T031258Z/out/e08f696618da57e7267a2148578fa4ab0d8b0d01/R-CD-RETURN-OVERLAP/cael/20260709T031301Z-r-cd-return-overlap
[R-CD-RETURN-OVERLAP] COMPLETED.
Observability check: query Grafana for run/nonce or review Tempo traces if trace ID was emitted.

----------------------------------------
Row: R-CD-SILENT
Manifest: /tmp/oc-p81-current/tools/k6-proofs/manifests/r-cd-silent.json
Scenario: scenarios/r-cd-silent.js
Status: runnable
Live Safety: k6-runnable
[R-CD-SILENT] RUNNING...

         /\      Grafana   /‾‾/  
    /\  /  \     |\  __   /  /   
   /  \/    \    | |/ /  /   ‾‾\ 
  /          \   |   (  |  (‾)  |
 / __________ \  |_|\_\  \_____/ 


     execution: local
        script: scenarios/r-cd-silent.js
        output: -

     scenarios: (100.00%) 1 scenario, 1 max VUs, 4m0s max duration (incl. graceful stop):
              * r_cd_silent: 1 iterations shared among 1 VUs (maxDuration: 3m30s, gracefulStop: 30s)

time="2026-07-08T20:13:01-07:00" level=info msg="✓ disposable session created: agent:main:r-cd-silent-r-cd-silent-1783566781450-yi86lv8x" source=console
time="2026-07-08T20:13:02-07:00" level=info msg="✓ dispatch sessions.send accepted for mode=silent" source=console

running (0m01.0s), 1/1 VUs, 0 complete and 0 interrupted iterations
r_cd_silent   [   0% ] 1 VUs  0m01.0s/3m30s  0/1 shared iters

running (0m02.0s), 1/1 VUs, 0 complete and 0 interrupted iterations
r_cd_silent   [   0% ] 1 VUs  0m02.0s/3m30s  0/1 shared iters

running (0m03.0s), 1/1 VUs, 0 complete and 0 interrupted iterations
r_cd_silent   [   0% ] 1 VUs  0m03.0s/3m30s  0/1 shared iters

running (0m04.0s), 1/1 VUs, 0 complete and 0 interrupted iterations
r_cd_silent   [   0% ] 1 VUs  0m04.0s/3m30s  0/1 shared iters

running (0m05.0s), 1/1 VUs, 0 complete and 0 interrupted iterations
r_cd_silent   [   0% ] 1 VUs  0m05.0s/3m30s  0/1 shared iters

running (0m06.0s), 1/1 VUs, 0 complete and 0 interrupted iterations
r_cd_silent   [   0% ] 1 VUs  0m06.0s/3m30s  0/1 shared iters

running (0m07.0s), 1/1 VUs, 0 complete and 0 interrupted iterations
r_cd_silent   [   0% ] 1 VUs  0m07.0s/3m30s  0/1 shared iters

running (0m08.0s), 1/1 VUs, 0 complete and 0 interrupted iterations
r_cd_silent   [   0% ] 1 VUs  0m08.0s/3m30s  0/1 shared iters

running (0m09.0s), 1/1 VUs, 0 complete and 0 interrupted iterations
r_cd_silent   [   0% ] 1 VUs  0m09.0s/3m30s  0/1 shared iters

running (0m10.0s), 1/1 VUs, 0 complete and 0 interrupted iterations
r_cd_silent   [   0% ] 1 VUs  0m10.0s/3m30s  0/1 shared iters

running (0m11.0s), 1/1 VUs, 0 complete and 0 interrupted iterations
r_cd_silent   [   0% ] 1 VUs  0m11.0s/3m30s  0/1 shared iters

running (0m12.0s), 1/1 VUs, 0 complete and 0 interrupted iterations
r_cd_silent   [   0% ] 1 VUs  0m12.0s/3m30s  0/1 shared iters

running (0m13.0s), 1/1 VUs, 0 complete and 0 interrupted iterations
r_cd_silent   [   0% ] 1 VUs  0m13.0s/3m30s  0/1 shared iters
time="2026-07-08T20:13:15-07:00" level=info msg="✓ scheduled sentinel observed" source=console
time="2026-07-08T20:13:15-07:00" level=info msg="✓ scheduled sentinel observed" source=console
time="2026-07-08T20:13:15-07:00" level=info msg="✓ scheduled sentinel observed" source=console
time="2026-07-08T20:13:15-07:00" level=info msg="✓ scheduled sentinel observed" source=console

running (0m14.0s), 1/1 VUs, 0 complete and 0 interrupted iterations
r_cd_silent   [   0% ] 1 VUs  0m14.0s/3m30s  0/1 shared iters

running (0m15.0s), 1/1 VUs, 0 complete and 0 interrupted iterations
r_cd_silent   [   0% ] 1 VUs  0m15.0s/3m30s  0/1 shared iters

running (0m16.0s), 1/1 VUs, 0 complete and 0 interrupted iterations
r_cd_silent   [   0% ] 1 VUs  0m16.0s/3m30s  0/1 shared iters

running (0m17.0s), 1/1 VUs, 0 complete and 0 interrupted iterations
r_cd_silent   [   0% ] 1 VUs  0m17.0s/3m30s  0/1 shared iters

running (0m18.0s), 1/1 VUs, 0 complete and 0 interrupted iterations
r_cd_silent   [   0% ] 1 VUs  0m18.0s/3m30s  0/1 shared iters

running (0m19.0s), 1/1 VUs, 0 complete and 0 interrupted iterations
r_cd_silent   [   0% ] 1 VUs  0m19.0s/3m30s  0/1 shared iters

running (0m20.0s), 1/1 VUs, 0 complete and 0 interrupted iterations
r_cd_silent   [   0% ] 1 VUs  0m20.0s/3m30s  0/1 shared iters

running (0m21.0s), 1/1 VUs, 0 complete and 0 interrupted iterations
r_cd_silent   [   0% ] 1 VUs  0m21.0s/3m30s  0/1 shared iters

running (0m22.0s), 1/1 VUs, 0 complete and 0 interrupted iterations
r_cd_silent   [   0% ] 1 VUs  0m22.0s/3m30s  0/1 shared iters

running (0m23.0s), 1/1 VUs, 0 complete and 0 interrupted iterations
r_cd_silent   [   0% ] 1 VUs  0m23.0s/3m30s  0/1 shared iters

running (0m24.0s), 1/1 VUs, 0 complete and 0 interrupted iterations
r_cd_silent   [   0% ] 1 VUs  0m24.0s/3m30s  0/1 shared iters

running (0m25.0s), 1/1 VUs, 0 complete and 0 interrupted iterations
r_cd_silent   [   0% ] 1 VUs  0m25.0s/3m30s  0/1 shared iters

running (0m26.0s), 1/1 VUs, 0 complete and 0 interrupted iterations
r_cd_silent   [   0% ] 1 VUs  0m26.0s/3m30s  0/1 shared iters

running (0m27.0s), 1/1 VUs, 0 complete and 0 interrupted iterations
r_cd_silent   [   0% ] 1 VUs  0m27.0s/3m30s  0/1 shared iters

running (0m28.0s), 1/1 VUs, 0 complete and 0 interrupted iterations
r_cd_silent   [   0% ] 1 VUs  0m28.0s/3m30s  0/1 shared iters

running (0m29.0s), 1/1 VUs, 0 complete and 0 interrupted iterations
r_cd_silent   [   0% ] 1 VUs  0m29.0s/3m30s  0/1 shared iters
time="2026-07-08T20:13:30-07:00" level=info msg="✓ silent child completion observed on internal stream" source=console

running (0m30.0s), 1/1 VUs, 0 complete and 0 interrupted iterations
r_cd_silent   [   0% ] 1 VUs  0m30.0s/3m30s  0/1 shared iters

running (0m31.0s), 1/1 VUs, 0 complete and 0 interrupted iterations
r_cd_silent   [   0% ] 1 VUs  0m31.0s/3m30s  0/1 shared iters

running (0m32.0s), 1/1 VUs, 0 complete and 0 interrupted iterations
r_cd_silent   [   0% ] 1 VUs  0m32.0s/3m30s  0/1 shared iters

running (0m33.0s), 1/1 VUs, 0 complete and 0 interrupted iterations
r_cd_silent   [   0% ] 1 VUs  0m33.0s/3m30s  0/1 shared iters

running (0m34.0s), 1/1 VUs, 0 complete and 0 interrupted iterations
r_cd_silent   [   0% ] 1 VUs  0m34.0s/3m30s  0/1 shared iters
time="2026-07-08T20:13:35-07:00" level=info msg="✓ follow-up sessions.send accepted" source=console

running (0m35.0s), 1/1 VUs, 0 complete and 0 interrupted iterations
r_cd_silent   [   0% ] 1 VUs  0m35.0s/3m30s  0/1 shared iters

running (0m36.0s), 1/1 VUs, 0 complete and 0 interrupted iterations
r_cd_silent   [   0% ] 1 VUs  0m36.0s/3m30s  0/1 shared iters

running (0m37.0s), 1/1 VUs, 0 complete and 0 interrupted iterations
r_cd_silent   [   0% ] 1 VUs  0m37.0s/3m30s  0/1 shared iters

running (0m38.0s), 1/1 VUs, 0 complete and 0 interrupted iterations
r_cd_silent   [   0% ] 1 VUs  0m38.0s/3m30s  0/1 shared iters

running (0m39.0s), 1/1 VUs, 0 complete and 0 interrupted iterations
r_cd_silent   [   0% ] 1 VUs  0m39.0s/3m30s  0/1 shared iters

running (0m40.0s), 1/1 VUs, 0 complete and 0 interrupted iterations
r_cd_silent   [   0% ] 1 VUs  0m40.0s/3m30s  0/1 shared iters

running (0m41.0s), 1/1 VUs, 0 complete and 0 interrupted iterations
r_cd_silent   [   0% ] 1 VUs  0m41.0s/3m30s  0/1 shared iters

running (0m42.0s), 1/1 VUs, 0 complete and 0 interrupted iterations
r_cd_silent   [   0% ] 1 VUs  0m42.0s/3m30s  0/1 shared iters

running (0m43.0s), 1/1 VUs, 0 complete and 0 interrupted iterations
r_cd_silent   [   0% ] 1 VUs  0m43.0s/3m30s  0/1 shared iters

running (0m44.0s), 1/1 VUs, 0 complete and 0 interrupted iterations
r_cd_silent   [   0% ] 1 VUs  0m44.0s/3m30s  0/1 shared iters

running (0m45.0s), 1/1 VUs, 0 complete and 0 interrupted iterations
r_cd_silent   [   0% ] 1 VUs  0m45.0s/3m30s  0/1 shared iters

running (0m46.0s), 1/1 VUs, 0 complete and 0 interrupted iterations
r_cd_silent   [   0% ] 1 VUs  0m46.0s/3m30s  0/1 shared iters
time="2026-07-08T20:13:47-07:00" level=info msg="✓ parent reported silent child token from internal context" source=console
time="2026-07-08T20:13:47-07:00" level=info msg="All required R-CD-SILENT evidence gathered, closing early" source=console
time="2026-07-08T20:13:47-07:00" level=info msg="R_CD_SILENT_EVIDENCE {\"row\":\"R-CD-SILENT\",\"manifest_loaded\":true,\"nonce\":\"R-CD-SILENT-1783566781450-yi86lv8x\",\"seat\":\"cael\",\"requestedSessionKey\":\"main\",\"sessionKey\":\"agent:main:r-cd-silent-r-cd-silent-1783566781450-yi86lv8x\",\"session_created\":true,\"created_session_key\":\"agent:main:r-cd-silent-r-cd-silent-1783566781450-yi86lv8x\",\"candidateSha\":\"e08f696618da57e7267a2148578fa4ab0d8b0d01\",\"started\":\"2026-07-09T03:13:01.450Z\",\"dispatch_accepted\":true,\"scheduled_sentinel\":true,\"child_completion_observed\":true,\"followup_accepted\":true,\"parent_internal_context_observed\":true,\"no_channel_delivery\":true,\"child_channel_delivery_observed\":false,\"dispatch_accepted_at_ms\":1783566782377,\"followup_sent_at_ms\":1783566815550,\"trace_id\":null,\"redacted_events\":[{\"ts\":1783566781452,\"kind\":\"event\",\"method\":null,\"event\":\"connect.challenge\",\"ok\":null,\"data\":{\"ts\":1783566781452}},{\"ts\":1783566781455,\"kind\":\"other\",\"method\":null,\"event\":null,\"ok\":null,\"data\":{}},{\"ts\":1783566781538,\"kind\":\"event\",\"method\":null,\"event\":\"health\",\"ok\":null,\"data\":{\"ok\":true,\"ts\":1783566781537}},{\"ts\":1783566781836,\"kind\":\"response\",\"method\":\"sessions.create\",\"event\":null,\"ok\":true,\"data\":{\"ok\":true}},{\"ts\":1783566781862,\"kind\":\"response\",\"method\":\"sessions.messages.subscribe\",\"event\":null,\"ok\":true,\"data\":{}},{\"ts\":1783566782377,\"kind\":\"response\",\"method\":\"sessions.send\",\"event\":null,\"ok\":true,\"data\":{\"runId\":\"R-CD-SILENT-DISPATCH-R-CD-SILENT-1783566781450-yi86lv8x\",\"status\":\"started\"}},{\"ts\":1783566783107,\"kind\":\"event\",\"method\":null,\"event\":\"agent\",\"ok\":null,\"data\":{\"runId\":\"active-memory-mrcxm1hl-c973f3d3\",\"sessionKey\":\"agent:main:r-cd-silent-r-cd-silent-1783566781450-yi86lv8x:active-memory:179cdf073392\",\"ts\":1783566783107}},{\"ts\":1783566785717,\"kind\":\"event\",\"method\":null,\"event\":\"agent\",\"ok\":null,\"data\":{\"runId\":\"active-memory-mrcxm1hl-c973f3d3\",\"sessionKey\":\"agent:main:r-cd-silent-r-cd-silent-1783566781450-yi86lv8x:active-memory:179cdf073392\",\"ts\":1783566785706}},{\"ts\":1783566787163,\"kind\":\"event\",\"method\":null,\"event\":\"health\",\"ok\":null,\"data\":{\"ok\":true,\"ts\":1783566787163}},{\"ts\":1783566787173,\"kind\":\"event\",\"method\":null,\"event\":\"presence\",\"ok\":null,\"data\":{}},{\"ts\":1783566787208,\"kind\":\"event\",\"method\":null,\"event\":\"agent\",\"ok\":null,\"data\":{\"runId\":\"active-memory-mrcxm1hl-c973f3d3\",\"sessionKey\":\"agent:main:r-cd-silent-r-cd-silent-1783566781450-yi86lv8x:active-memory:179cdf073392\",\"ts\":1783566787196}},{\"ts\":1783566788390,\"kind\":\"event\",\"method\":null,\"event\":\"agent\",\"ok\":null,\"data\":{\"runId\":\"active-memory-mrcxm1hl-c973f3d3\",\"sessionKey\":\"agent:main:r-cd-silent-r-cd-silent-1783566781450-yi86lv8x:active-memory:179cdf073392\",\"ts\":1783566788389}},{\"ts\":1783566788390,\"kind\":\"event\",\"method\":null,\"event\":\"chat\",\"ok\":null,\"data\":{\"runId\":\"active-memory-mrcxm1hl-c973f3d3\",\"sessionKey\":\"agent:main:r-cd-silent-r-cd-silent-1783566781450-yi86lv8x:active-memory:179cdf073392\",\"state\":\"error\"}},{\"ts\":1783566788557,\"kind\":\"event\",\"method\":null,\"event\":\"agent\",\"ok\":null,\"data\":{\"runId\":\"R-CD-SILENT-DISPATCH-R-CD-SILENT-1783566781450-yi86lv8x\",\"sessionKey\":\"agent:main:r-cd-silent-r-cd-silent-1783566781450-yi86lv8x\",\"ts\":1783566788556}},{\"ts\":1783566788594,\"kind\":\"event\",\"method\":null,\"event\":\"session.message\",\"ok\":null,\"data\":{\"sessionKey\":\"agent:main:r-cd-silent-r-cd-silent-1783566781450-yi86lv8x\"}},{\"ts\":1783566791860,\"kind\":\"event\",\"method\":null,\"event\":\"session.message\",\"ok\":null,\"data\":{\"sessionKey\":\"agent:main:r-cd-silent-r-cd-silent-1783566781450-yi86lv8x\",\"status\":\"running\",\"startedAt\":1783566788556}},{\"ts\":1783566791871,\"kind\":\"event\",\"method\":null,\"event\":\"agent\",\"ok\":null,\"data\":{\"runId\":\"R-CD-SILENT-DISPATCH-R-CD-SILENT-1783566781450-yi86lv8x\",\"sessionKey\":\"agent:main:r-cd-silent-r-cd-silent-1783566781450-yi86lv8x\",\"ts\":1783566791861}},{\"ts\":1783566791924,\"kind\":\"event\",\"method\":null,\"event\":\"agent\",\"ok\":null,\"data\":{\"runId\":\"R-CD-SILENT-DISPATCH-R-CD-SILENT-1783566781450-yi86lv8x\",\"sessionKey\":\"agent:main:r-cd-silent-r-cd-silent-1783566781450-yi86lv8x\",\"ts\":1783566791913}},{\"ts\":1783566795089,\"kind\":\"event\",\"method\":null,\"event\":\"agent\",\"ok\":null,\"data\":{\"runId\":\"R-CD-SILENT-DISPATCH-R-CD-SILENT-1783566781450-yi86lv8x\",\"sessionKey\":\"agent:main:r-cd-silent-r-cd-silent-1783566781450-yi86lv8x\",\"ts\":1783566795088}},{\"ts\":1783566795089,\"kind\":\"event\",\"method\":null,\"event\":\"chat\",\"ok\":null,\"data\":{\"runId\":\"R-CD-SILENT-DISPATCH-R-CD-SILENT-1783566781450-yi86lv8x\",\"sessionKey\":\"agent:main:r-cd-silent-r-cd-silent-1783566781450-yi86lv8x\",\"state\":\"delta\"}},{\"ts\":1783566795284,\"kind\":\"event\",\"method\":null,\"event\":\"agent\",\"ok\":null,\"data\":{\"runId\":\"R-CD-SILENT-DISPATCH-R-CD-SILENT-1783566781450-yi86lv8x\",\"sessionKey\":\"agent:main:r-cd-silent-r-cd-silent-1783566781450-yi86lv8x\",\"ts\":1783566795091}},{\"ts\":1783566795284,\"kind\":\"event\",\"method\":null,\"event\":\"agent\",\"ok\":null,\"data\":{\"runId\":\"R-CD-SILENT-DISPATCH-R-CD-SILENT-1783566781450-yi86lv8x\",\"sessionKey\":\"agent:main:r-cd-silent-r-cd-silent-1783566781450-yi86lv8x\",\"ts\":1783566795283}},{\"ts\":1783566795284,\"kind\":\"event\",\"method\":null,\"event\":\"chat\",\"ok\":null,\"data\":{\"runId\":\"R-CD-SILENT-DISPATCH-R-CD-SILENT-1783566781450-yi86lv8x\",\"sessionKey\":\"agent:main:r-cd-silent-r-cd-silent-1783566781450-yi86lv8x\",\"state\":\"delta\"}},{\"ts\":1783566795343,\"kind\":\"event\",\"method\":null,\"event\":\"session.message\",\"ok\":null,\"data\":{\"sessionKey\":\"agent:main:r-cd-silent-r-cd-silent-1783566781450-yi86lv8x\",\"status\":\"running\",\"startedAt\":1783566788556}},{\"ts\":1783566795347,\"kind\":\"event\",\"method\":null,\"event\":\"agent\",\"ok\":null,\"data\":{\"runId\":\"R-CD-SILENT-DISPATCH-R-CD-SILENT-1783566781450-yi86lv8x\",\"sessionKey\":\"agent:main:r-cd-silent-r-cd-silent-1783566781450-yi86lv8x\",\"ts\":1783566795325}},{\"ts\":1783566795347,\"kind\":\"event\",\"method\":null,\"event\":\"agent\",\"ok\":null,\"data\":{\"runId\":\"R-CD-SILENT-DISPATCH-R-CD-SILENT-1783566781450-yi86lv8x\",\"sessionKey\":\"agent:main:r-cd-silent-r-cd-silent-1783566781450-yi86lv8x\",\"ts\":1783566795346}},{\"ts\":1783566795445,\"kind\":\"event\",\"method\":null,\"event\":\"agent\",\"ok\":null,\"data\":{\"runId\":\"R-CD-SILENT-DISPATCH-R-CD-SILENT-1783566781450-yi86lv8x\",\"sessionKey\":\"agent:main:r-cd-silent-r-cd-silent-1783566781450-yi86lv8x\",\"ts\":1783566795444}},{\"ts\":1783566795445,\"kind\":\"event\",\"method\":null,\"event\":\"chat\",\"ok\":null,\"data\":{\"runId\":\"R-CD-SILENT-DISPATCH-R-CD-SILENT-1783566781450-yi86lv8x\",\"sessionKey\":\"agent:main:r-cd-silent-r-cd-silent-1783566781450-yi86lv8x\",\"state\":\"delta\"}},{\"ts\":1783566795445,\"kind\":\"event\",\"method\":null,\"event\":\"chat\",\"ok\":null,\"data\":{\"runId\":\"R-CD-SILENT-DISPATCH-R-CD-SILENT-1783566781450-yi86lv8x\",\"sessionKey\":\"agent:main:r-cd-silent-r-cd-silent-1783566781450-yi86lv8x\",\"state\":\"final\"}},{\"ts\":1783566797427,\"kind\":\"event\",\"method\":null,\"event\":\"task\",\"ok\":null,\"data\":{}},{\"ts\":1783566797428,\"kind\":\"event\",\"method\":null,\"event\":\"task\",\"ok\":null,\"data\":{}},{\"ts\":1783566797457,\"kind\":\"event\",\"method\":null,\"event\":\"task\",\"ok\":null,\"data\":{}},{\"ts\":1783566797626,\"kind\":\"event\",\"method\":null,\"event\":\"health\",\"ok\":null,\"data\":{\"ok\":true,\"ts\":1783566797624}},{\"ts\":1783566798052,\"kind\":\"event\",\"method\":null,\"event\":\"health\",\"ok\":null,\"data\":{\"ok\":true,\"ts\":1783566798052}},{\"ts\":1783566798232,\"kind\":\"event\",\"method\":null,\"event\":\"tick\",\"ok\":null,\"data\":{\"ts\":1783566798232}},{\"ts\":1783566798304,\"kind\":\"event\",\"method\":null,\"event\":\"agent\",\"ok\":null,\"data\":{\"runId\":\"active-memory-mrcxmd5t-07a8577b\",\"sessionKey\":\"agent:main:subagent:continuation-2ca0f4c52a8345184d1524614da281bb:active-memory:b70e44c4cd9c\",\"ts\":1783566798304}},{\"ts\":1783566800647,\"kind\":\"event\",\"method\":null,\"event\":\"agent\",\"ok\":null,\"data\":{\"runId\":\"active-memory-mrcxmd5t-07a8577b\",\"sessionKey\":\"agent:main:subagent:continuation-2ca0f4c52a8345184d1524614da281bb:active-memory:b70e44c4cd9c\",\"ts\":1783566800635}},{\"ts\":1783566801939,\"kind\":\"event\",\"method\":null,\"event\":\"health\",\"ok\":null,\"data\":{\"ok\":true,\"ts\":1783566801939}},{\"ts\":1783566801955,\"kind\":\"event\",\"method\":null,\"event\":\"presence\",\"ok\":null,\"data\":{}},{\"ts\":1783566802176,\"kind\":\"event\",\"method\":null,\"event\":\"agent\",\"ok\":null,\"data\":{\"runId\":\"active-memory-mrcxmd5t-07a8577b\",\"sessionKey\":\"agent:main:subagent:continuation-2ca0f4c52a8345184d1524614da281bb:active-memory:b70e44c4cd9c\",\"ts\":1783566802165}},{\"ts\":1783566803617,\"kind\":\"event\",\"method\":null,\"event\":\"agent\",\"ok\":null,\"data\":{\"runId\":\"active-memory-mrcxmd5t-07a8577b\",\"sessionKey\":\"agent:main:subagent:continuation-2ca0f4c52a8345184d1524614da281bb:active-memory:b70e44c4cd9c\",\"ts\":1783566803616}},{\"ts\":1783566803617,\"kind\":\"event\",\"method\":null,\"event\":\"chat\",\"ok\":null,\"data\":{\"runId\":\"active-memory-mrcxmd5t-07a8577b\",\"sessionKey\":\"agent:main:subagent:continuation-2ca0f4c52a8345184d1524614da281bb:active-memory:b70e44c4cd9c\",\"state\":\"error\"}},{\"ts\":1783566803771,\"kind\":\"event\",\"method\":null,\"event\":\"task\",\"ok\":null,\"data\":{}},{\"ts\":1783566803771,\"kind\":\"event\",\"method\":null,\"event\":\"task\",\"ok\":null,\"data\":{}},{\"ts\":1783566803773,\"kind\":\"event\",\"method\":null,\"event\":\"agent\",\"ok\":null,\"data\":{\"runId\":\"continuation-delegate-2ca0f4c52a8345184d1524614da281bb\",\"sessionKey\":\"agent:main:subagent:continuation-2ca0f4c52a8345184d1524614da281bb\",\"ts\":1783566803743}},{\"ts\":1783566810307,\"kind\":\"event\",\"method\":null,\"event\":\"task\",\"ok\":null,\"data\":{}},{\"ts\":1783566810307,\"kind\":\"event\",\"method\":null,\"event\":\"task\",\"ok\":null,\"data\":{}},{\"ts\":1783566810308,\"kind\":\"event\",\"method\":null,\"event\":\"agent\",\"ok\":null,\"data\":{\"runId\":\"continuation-delegate-2ca0f4c52a8345184d1524614da281bb\",\"sessionKey\":\"agent:main:subagent:continuation-2ca0f4c52a8345184d1524614da281bb\",\"ts\":1783566810305}},{\"ts\":1783566810308,\"kind\":\"event\",\"method\":null,\"event\":\"chat\",\"ok\":null,\"data\":{\"runId\":\"continuation-delegate-2ca0f4c52a8345184d1524614da281bb\",\"sessionKey\":\"agent:main:subagent:continuation-2ca0f4c52a8345184d1524614da281bb\",\"state\":\"delta\"}},{\"ts\":1783566810308,\"kind\":\"event\",\"method\":null,\"event\":\"task\",\"ok\":null,\"data\":{}},{\"ts\":1783566810308,\"kind\":\"event\",\"method\":null,\"event\":\"task\",\"ok\":null,\"data\":{}},{\"ts\":1783566810309,\"kind\":\"event\",\"method\":null,\"event\":\"task\",\"ok\":null,\"data\":{}},{\"ts\":1783566810309,\"kind\":\"event\",\"method\":null,\"event\":\"task\",\"ok\":null,\"data\":{}},{\"ts\":1783566810310,\"kind\":\"event\",\"method\":null,\"event\":\"task\",\"ok\":null,\"data\":{}},{\"ts\":1783566810310,\"kind\":\"event\",\"method\":null,\"event\":\"task\",\"ok\":null,\"data\":{}},{\"ts\":1783566810311,\"kind\":\"event\",\"method\":null,\"event\":\"task\",\"ok\":null,\"data\":{}},{\"ts\":1783566810311,\"kind\":\"event\",\"method\":null,\"event\":\"task\",\"ok\":null,\"data\":{}},{\"ts\":1783566810312,\"kind\":\"event\",\"method\":null,\"event\":\"task\",\"ok\":null,\"data\":{}},{\"ts\":1783566810312,\"kind\":\"event\",\"method\":null,\"event\":\"task\",\"ok\":null,\"data\":{}},{\"ts\":1783566810313,\"kind\":\"event\",\"method\":null,\"event\":\"task\",\"ok\":null,\"data\":{}},{\"ts\":1783566810313,\"kind\":\"event\",\"method\":null,\"event\":\"task\",\"ok\":null,\"data\":{}},{\"ts\":1783566810314,\"kind\":\"event\",\"method\":null,\"event\":\"task\",\"ok\":null,\"data\":{}},{\"ts\":1783566810314,\"kind\":\"event\",\"method\":null,\"event\":\"task\",\"ok\":null,\"data\":{}},{\"ts\":1783566810315,\"kind\":\"event\",\"method\":null,\"event\":\"task\",\"ok\":null,\"data\":{}},{\"ts\":1783566810315,\"kind\":\"event\",\"method\":null,\"event\":\"task\",\"ok\":null,\"data\":{}},{\"ts\":1783566810315,\"kind\":\"event\",\"method\":null,\"event\":\"task\",\"ok\":null,\"data\":{}},{\"ts\":1783566810316,\"kind\":\"event\",\"method\":null,\"event\":\"task\",\"ok\":null,\"data\":{}},{\"ts\":1783566810316,\"kind\":\"event\",\"method\":null,\"event\":\"task\",\"ok\":null,\"data\":{}},{\"ts\":1783566810316,\"kind\":\"event\",\"method\":null,\"event\":\"task\",\"ok\":null,\"data\":{}},{\"ts\":1783566810317,\"kind\":\"event\",\"method\":null,\"event\":\"task\",\"ok\":null,\"data\":{}},{\"ts\":1783566810317,\"kind\":\"event\",\"method\":null,\"event\":\"task\",\"ok\":null,\"data\":{}},{\"ts\":1783566810318,\"kind\":\"event\",\"method\":null,\"event\":\"task\",\"ok\":null,\"data\":{}},{\"ts\":1783566810318,\"kind\":\"event\",\"method\":null,\"event\":\"task\",\"ok\":null,\"data\":{}},{\"ts\":1783566810319,\"kind\":\"event\",\"method\":null,\"event\":\"task\",\"ok\":null,\"data\":{}},{\"ts\":1783566810319,\"kind\":\"event\",\"method\":null,\"event\":\"task\",\"ok\":null,\"data\":{}},{\"ts\":1783566810319,\"kind\":\"event\",\"method\":null,\"event\":\"task\",\"ok\":null,\"data\":{}},{\"ts\":1783566810320,\"kind\":\"event\",\"method\":null,\"event\":\"task\",\"ok\":null,\"data\":{}},{\"ts\":1783566810321,\"kind\":\"event\",\"method\":null,\"event\":\"task\",\"ok\":null,\"data\":{}},{\"ts\":1783566810321,\"kind\":\"event\",\"method\":null,\"event\":\"task\",\"ok\":null,\"data\":{}},{\"ts\":1783566810321,\"kind\":\"event\",\"method\":null,\"event\":\"task\",\"ok\":null,\"data\":{}},{\"ts\":1783566810322,\"kind\":\"event\",\"method\":null,\"event\":\"task\",\"ok\":null,\"data\":{}},{\"ts\":1783566810322,\"kind\":\"event\",\"method\":null,\"event\":\"task\",\"ok\":null,\"data\":{}},{\"ts\":1783566810322,\"kind\":\"event\",\"method\":null,\"event\":\"task\",\"ok\":null,\"data\":{}},{\"ts\":1783566810323,\"kind\":\"event\",\"method\":null,\"event\":\"task\",\"ok\":null,\"data\":{}},{\"ts\":1783566810323,\"kind\":\"event\",\"method\":null,\"event\":\"task\",\"ok\":null,\"data\":{}},{\"ts\":1783566810324,\"kind\":\"event\",\"method\":null,\"event\":\"task\",\"ok\":null,\"data\":{}},{\"ts\":1783566810324,\"kind\":\"event\",\"method\":null,\"event\":\"task\",\"ok\":null,\"data\":{}},{\"ts\":1783566810325,\"kind\":\"event\",\"method\":null,\"event\":\"task\",\"ok\":null,\"data\":{}},{\"ts\":1783566810325,\"kind\":\"event\",\"method\":null,\"event\":\"task\",\"ok\":null,\"data\":{}},{\"ts\":1783566810325,\"kind\":\"event\",\"method\":null,\"event\":\"task\",\"ok\":null,\"data\":{}},{\"ts\":1783566810325,\"kind\":\"event\",\"method\":null,\"event\":\"task\",\"ok\":null,\"data\":{}},{\"ts\":1783566810342,\"kind\":\"event\",\"method\":null,\"event\":\"task\",\"ok\":null,\"data\":{}},{\"ts\":1783566810343,\"kind\":\"event\",\"method\":null,\"event\":\"task\",\"ok\":null,\"data\":{}},{\"ts\":1783566810343,\"kind\":\"event\",\"method\":null,\"event\":\"task\",\"ok\":null,\"data\":{}},{\"ts\":1783566810344,\"kind\":\"event\",\"method\":null,\"event\":\"task\",\"ok\":null,\"data\":{}},{\"ts\":1783566810344,\"kind\":\"event\",\"method\":null,\"event\":\"task\",\"ok\":null,\"data\":{}},{\"ts\":1783566810345,\"kind\":\"event\",\"method\":null,\"event\":\"task\",\"ok\":null,\"data\":{}},{\"ts\":1783566810345,\"kind\":\"event\",\"method\":null,\"event\":\"task\",\"ok\":null,\"data\":{}},{\"ts\":1783566810345,\"kind\":\"event\",\"method\":null,\"event\":\"task\",\"ok\":null,\"data\":{}},{\"ts\":1783566810346,\"kind\":\"event\",\"method\":null,\"event\":\"task\",\"ok\":null,\"data\":{}},{\"ts\":1783566810346,\"kind\":\"event\",\"method\":null,\"event\":\"task\",\"ok\":null,\"data\":{}},{\"ts\":1783566810387,\"kind\":\"event\",\"method\":null,\"event\":\"task\",\"ok\":null,\"data\":{}},{\"ts\":1783566810387,\"kind\":\"event\",\"method\":null,\"event\":\"task\",\"ok\":null,\"data\":{}},{\"ts\":1783566810388,\"kind\":\"event\",\"method\":null,\"event\":\"agent\",\"ok\":null,\"data\":{\"runId\":\"continuation-delegate-2ca0f4c52a8345184d1524614da281bb\",\"sessionKey\":\"agent:main:subagent:continuation-2ca0f4c52a8345184d1524614da281bb\",\"ts\":1783566810345}},{\"ts\":1783566810388,\"kind\":\"event\",\"method\":null,\"event\":\"agent\",\"ok\":null,\"data\":{\"runId\":\"continuation-delegate-2ca0f4c52a8345184d1524614da281bb\",\"sessionKey\":\"agent:main:subagent:continuation-2ca0f4c52a8345184d1524614da281bb\",\"ts\":1783566810386}},{\"ts\":1783566810512,\"kind\":\"event\",\"method\":null,\"event\":\"task\",\"ok\":null,\"data\":{}},{\"ts\":1783566810513,\"kind\":\"event\",\"method\":null,\"event\":\"task\",\"ok\":null,\"data\":{}},{\"ts\":1783566810550,\"kind\":\"event\",\"method\":null,\"event\":\"agent\",\"ok\":null,\"data\":{\"runId\":\"continuation-delegate-2ca0f4c52a8345184d1524614da281bb\",\"sessionKey\":\"agent:main:subagent:continuation-2ca0f4c52a8345184d1524614da281bb\",\"ts\":1783566810511}},{\"ts\":1783566810550,\"kind\":\"event\",\"method\":null,\"event\":\"chat\",\"ok\":null,\"data\":{\"runId\":\"continuation-delegate-2ca0f4c52a8345184d1524614da281bb\",\"sessionKey\":\"agent:main:subagent:continuation-2ca0f4c52a8345184d1524614da281bb\",\"state\":\"delta\"}},{\"ts\":1783566810550,\"kind\":\"event\",\"method\":null,\"event\":\"chat\",\"ok\":null,\"data\":{\"runId\":\"continuation-delegate-2ca0f4c52a8345184d1524614da281bb\",\"sessionKey\":\"agent:main:subagent:continuation-2ca0f4c52a8345184d1524614da281bb\",\"state\":\"final\"}},{\"ts\":1783566810555,\"kind\":\"event\",\"method\":null,\"event\":\"task\",\"ok\":null,\"data\":{}},{\"ts\":1783566810591,\"kind\":\"event\",\"method\":null,\"event\":\"presence\",\"ok\":null,\"data\":{}},{\"ts\":1783566810711,\"kind\":\"event\",\"method\":null,\"event\":\"health\",\"ok\":null,\"data\":{\"ok\":true,\"ts\":1783566810710}},{\"ts\":1783566810724,\"kind\":\"event\",\"method\":null,\"event\":\"presence\",\"ok\":null,\"data\":{}},{\"ts\":1783566810755,\"kind\":\"event\",\"method\":null,\"event\":\"task\",\"ok\":null,\"data\":{}},{\"ts\":1783566810791,\"kind\":\"event\",\"method\":null,\"event\":\"task\",\"ok\":null,\"data\":{}},{\"ts\":1783566811131,\"kind\":\"event\",\"method\":null,\"event\":\"task\",\"ok\":null,\"data\":{}},{\"ts\":1783566815603,\"kind\":\"response\",\"method\":\"sessions.send\",\"event\":null,\"ok\":true,\"data\":{\"runId\":\"R-CD-SILENT-FOLLOWUP-R-CD-SILENT-1783566781450-yi86lv8x\",\"status\":\"started\"}},{\"ts\":1783566816182,\"kind\":\"event\",\"method\":null,\"event\":\"agent\",\"ok\":null,\"data\":{\"runId\":\"active-memory-mrcxmr0e-0505dd77\",\"sessionKey\":\"agent:main:r-cd-silent-r-cd-silent-1783566781450-yi86lv8x:active-memory:2d35355a824f\",\"ts\":1783566816181}},{\"ts\":1783566819108,\"kind\":\"event\",\"method\":null,\"event\":\"agent\",\"ok\":null,\"data\":{\"runId\":\"active-memory-mrcxmr0e-0505dd77\",\"sessionKey\":\"agent:main:r-cd-silent-r-cd-silent-1783566781450-yi86lv8x:active-memory:2d35355a824f\",\"ts\":1783566819098}},{\"ts\":1783566820329,\"kind\":\"event\",\"method\":null,\"event\":\"health\",\"ok\":null,\"data\":{\"ok\":true,\"ts\":1783566820328}},{\"ts\":1783566820338,\"kind\":\"event\",\"method\":null,\"event\":\"presence\",\"ok\":null,\"data\":{}},{\"ts\":1783566820540,\"kind\":\"event\",\"method\":null,\"event\":\"agent\",\"ok\":null,\"data\":{\"runId\":\"active-memory-mrcxmr0e-0505dd77\",\"sessionKey\":\"agent:main:r-cd-silent-r-cd-silent-1783566781450-yi86lv8x:active-memory:2d35355a824f\",\"ts\":1783566820529}},{\"ts\":1783566823305,\"kind\":\"event\",\"method\":null,\"event\":\"agent\",\"ok\":null,\"data\":{\"runId\":\"active-memory-mrcxmr0e-0505dd77\",\"sessionKey\":\"agent:main:r-cd-silent-r-cd-silent-1783566781450-yi86lv8x:active-memory:2d35355a824f\",\"ts\":1783566823304}},{\"ts\":1783566823305,\"kind\":\"event\",\"method\":null,\"event\":\"chat\",\"ok\":null,\"data\":{\"runId\":\"active-memory-mrcxmr0e-0505dd77\",\"sessionKey\":\"agent:main:r-cd-silent-r-cd-silent-1783566781450-yi86lv8x:active-memory:2d35355a824f\",\"state\":\"error\"}},{\"ts\":1783566823481,\"kind\":\"event\",\"method\":null,\"event\":\"agent\",\"ok\":null,\"data\":{\"runId\":\"R-CD-SILENT-FOLLOWUP-R-CD-SILENT-1783566781450-yi86lv8x\",\"sessionKey\":\"agent:main:r-cd-silent-r-cd-silent-1783566781450-yi86lv8x\",\"ts\":1783566823481}},{\"ts\":1783566823522,\"kind\":\"event\",\"method\":null,\"event\":\"session.message\",\"ok\":null,\"data\":{\"sessionKey\":\"agent:main:r-cd-silent-r-cd-silent-1783566781450-yi86lv8x\",\"status\":\"done\",\"startedAt\":1783566788556}},{\"ts\":1783566827478,\"kind\":\"event\",\"method\":null,\"event\":\"agent\",\"ok\":null,\"data\":{\"runId\":\"R-CD-SILENT-FOLLOWUP-R-CD-SILENT-1783566781450-yi86lv8x\",\"sessionKey\":\"agent:main:r-cd-silent-r-cd-silent-1783566781450-yi86lv8x\",\"ts\":1783566827477}},{\"ts\":1783566827478,\"kind\":\"event\",\"method\":null,\"event\":\"chat\",\"ok\":null,\"data\":{\"runId\":\"R-CD-SILENT-FOLLOWUP-R-CD-SILENT-1783566781450-yi86lv8x\",\"sessionKey\":\"agent:main:r-cd-silent-r-cd-silent-1783566781450-yi86lv8x\",\"state\":\"delta\"}},{\"ts\":1783566827633,\"kind\":\"event\",\"method\":null,\"event\":\"agent\",\"ok\":null,\"data\":{\"runId\":\"R-CD-SILENT-FOLLOWUP-R-CD-SILENT-1783566781450-yi86lv8x\",\"sessionKey\":\"agent:main:r-cd-silent-r-cd-silent-1783566781450-yi86lv8x\",\"ts\":1783566827480}},{\"ts\":1783566827633,\"kind\":\"event\",\"method\":null,\"event\":\"agent\",\"ok\":null,\"data\":{\"runId\":\"R-CD-SILENT-FOLLOWUP-R-CD-SILENT-1783566781450-yi86lv8x\",\"sessionKey\":\"agent:main:r-cd-silent-r-cd-silent-1783566781450-yi86lv8x\",\"ts\":1783566827632}},{\"ts\":1783566827633,\"kind\":\"event\",\"method\":null,\"event\":\"chat\",\"ok\":null,\"data\":{\"runId\":\"R-CD-SILENT-FOLLOWUP-R-CD-SILENT-1783566781450-yi86lv8x\",\"sessionKey\":\"agent:main:r-cd-silent-r-cd-silent-1783566781450-yi86lv8x\",\"state\":\"delta\"}},{\"ts\":1783566827686,\"kind\":\"event\",\"method\":null,\"event\":\"session.message\",\"ok\":null,\"data\":{\"sessionKey\":\"agent:main:r-cd-silent-r-cd-silent-1783566781450-yi86lv8x\",\"status\":\"running\",\"startedAt\":1783566823481}}],\"ended\":\"2026-07-09T03:13:47.687Z\",\"duration_ms\":46237}" source=console
time="2026-07-08T20:13:47-07:00" level=info msg="\n--- R-CD-SILENT EVIDENCE SUMMARY ---" source=console
time="2026-07-08T20:13:47-07:00" level=info msg="{\n  \"row\": \"R-CD-SILENT\",\n  \"manifest_loaded\": true,\n  \"nonce\": \"R-CD-SILENT-1783566781450-yi86lv8x\",\n  \"seat\": \"cael\",\n  \"requestedSessionKey\": \"main\",\n  \"sessionKey\": \"agent:main:r-cd-silent-r-cd-silent-1783566781450-yi86lv8x\",\n  \"session_created\": true,\n  \"created_session_key\": \"agent:main:r-cd-silent-r-cd-silent-1783566781450-yi86lv8x\",\n  \"candidateSha\": \"e08f696618da57e7267a2148578fa4ab0d8b0d01\",\n  \"started\": \"2026-07-09T03:13:01.450Z\",\n  \"dispatch_accepted\": true,\n  \"scheduled_sentinel\": true,\n  \"child_completion_observed\": true,\n  \"followup_accepted\": true,\n  \"parent_internal_context_observed\": true,\n  \"no_channel_delivery\": true,\n  \"child_channel_delivery_observed\": false,\n  \"dispatch_accepted_at_ms\": 1783566782377,\n  \"followup_sent_at_ms\": 1783566815550,\n  \"trace_id\": null,\n  \"redacted_events\": [\n    {\n      \"ts\": 1783566781452,\n      \"kind\": \"event\",\n      \"method\": null,\n      \"event\": \"connect.challenge\",\n      \"ok\": null,\n      \"data\": {\n        \"ts\": 1783566781452\n      }\n    },\n    {\n      \"ts\": 1783566781455,\n      \"kind\": \"other\",\n      \"method\": null,\n      \"event\": null,\n      \"ok\": null,\n      \"data\": {}\n    },\n    {\n      \"ts\": 1783566781538,\n      \"kind\": \"event\",\n      \"method\": null,\n      \"event\": \"health\",\n      \"ok\": null,\n      \"data\": {\n        \"ok\": true,\n        \"ts\": 1783566781537\n      }\n    },\n    {\n      \"ts\": 1783566781836,\n      \"kind\": \"response\",\n      \"method\": \"sessions.create\",\n      \"event\": null,\n      \"ok\": true,\n      \"data\": {\n        \"ok\": true\n      }\n    },\n    {\n      \"ts\": 1783566781862,\n      \"kind\": \"response\",\n      \"method\": \"sessions.messages.subscribe\",\n      \"event\": null,\n      \"ok\": true,\n      \"data\": {}\n    },\n    {\n      \"ts\": 1783566782377,\n      \"kind\": \"response\",\n      \"method\": \"sessions.send\",\n      \"event\": null,\n      \"ok\": true,\n      \"data\": {\n        \"runId\": \"R-CD-SILENT-DISPATCH-R-CD-SILENT-1783566781450-yi86lv8x\",\n        \"status\": \"started\"\n      }\n    },\n    {\n      \"ts\": 1783566783107,\n      \"kind\": \"event\",\n      \"method\": null,\n      \"event\": \"agent\",\n      \"ok\": null,\n      \"data\": {\n        \"runId\": \"active-memory-mrcxm1hl-c973f3d3\",\n        \"sessionKey\": \"agent:main:r-cd-silent-r-cd-silent-1783566781450-yi86lv8x:active-memory:179cdf073392\",\n        \"ts\": 1783566783107\n      }\n    },\n    {\n      \"ts\": 1783566785717,\n      \"kind\": \"event\",\n      \"method\": null,\n      \"event\": \"agent\",\n      \"ok\": null,\n      \"data\": {\n        \"runId\": \"active-memory-mrcxm1hl-c973f3d3\",\n        \"sessionKey\": \"agent:main:r-cd-silent-r-cd-silent-1783566781450-yi86lv8x:active-memory:179cdf073392\",\n        \"ts\": 1783566785706\n      }\n    },\n    {\n      \"ts\": 1783566787163,\n      \"kind\": \"event\",\n      \"method\": null,\n      \"event\": \"health\",\n      \"ok\": null,\n      \"data\": {\n        \"ok\": true,\n        \"ts\": 1783566787163\n      }\n    },\n    {\n      \"ts\": 1783566787173,\n      \"kind\": \"event\",\n      \"method\": null,\n      \"event\": \"presence\",\n      \"ok\": null,\n      \"data\": {}\n    },\n    {\n      \"ts\": 1783566787208,\n      \"kind\": \"event\",\n      \"method\": null,\n      \"event\": \"agent\",\n      \"ok\": null,\n      \"data\": {\n        \"runId\": \"active-memory-mrcxm1hl-c973f3d3\",\n        \"sessionKey\": \"agent:main:r-cd-silent-r-cd-silent-1783566781450-yi86lv8x:active-memory:179cdf073392\",\n        \"ts\": 1783566787196\n      }\n    },\n    {\n      \"ts\": 1783566788390,\n      \"kind\": \"event\",\n      \"method\": null,\n      \"event\": \"agent\",\n      \"ok\": null,\n      \"data\": {\n        \"runId\": \"active-memory-mrcxm1hl-c973f3d3\",\n        \"sessionKey\": \"agent:main:r-cd-silent-r-cd-silent-1783566781450-yi86lv8x:active-memory:179cdf073392\",\n        \"ts\": 1783566788389\n      }\n    },\n    {\n      \"ts\": 1783566788390,\n      \"kind\": \"event\",\n      \"method\": null,\n      \"event\": \"chat\",\n      \"ok\": null,\n      \"data\": {\n        \"runId\": \"active-memory-mrcxm1hl-c973f3d3\",\n        \"sessionKey\": \"agent:main:r-cd-silent-r-cd-silent-1783566781450-yi86lv8x:active-memory:179cdf073392\",\n        \"state\": \"error\"\n      }\n    },\n    {\n      \"ts\": 1783566788557,\n      \"kind\": \"event\",\n      \"method\": null,\n      \"event\": \"agent\",\n      \"ok\": null,\n      \"data\": {\n        \"runId\": \"R-CD-SILENT-DISPATCH-R-CD-SILENT-1783566781450-yi86lv8x\",\n        \"sessionKey\": \"agent:main:r-cd-silent-r-cd-silent-1783566781450-yi86lv8x\",\n        \"ts\": 1783566788556\n      }\n    },\n    {\n      \"ts\": 1783566788594,\n      \"kind\": \"event\",\n      \"method\": null,\n      \"event\": \"session.message\",\n      \"ok\": null,\n      \"data\": {\n        \"sessionKey\": \"agent:main:r-cd-silent-r-cd-silent-1783566781450-yi86lv8x\"\n      }\n    },\n    {\n      \"ts\": 1783566791860,\n      \"kind\": \"event\",\n      \"method\": null,\n      \"event\": \"session.message\",\n      \"ok\": null,\n      \"data\": {\n        \"sessionKey\": \"agent:main:r-cd-silent-r-cd-silent-1783566781450-yi86lv8x\",\n        \"status\": \"running\",\n        \"startedAt\": 1783566788556\n      }\n    },\n    {\n      \"ts\": 1783566791871,\n      \"kind\": \"event\",\n      \"method\": null,\n      \"event\": \"agent\",\n      \"ok\": null,\n      \"data\": {\n        \"runId\": \"R-CD-SILENT-DISPATCH-R-CD-SILENT-1783566781450-yi86lv8x\",\n        \"sessionKey\": \"agent:main:r-cd-silent-r-cd-silent-1783566781450-yi86lv8x\",\n        \"ts\": 1783566791861\n      }\n    },\n    {\n      \"ts\": 1783566791924,\n      \"kind\": \"event\",\n      \"method\": null,\n      \"event\": \"agent\",\n      \"ok\": null,\n      \"data\": {\n        \"runId\": \"R-CD-SILENT-DISPATCH-R-CD-SILENT-1783566781450-yi86lv8x\",\n        \"sessionKey\": \"agent:main:r-cd-silent-r-cd-silent-1783566781450-yi86lv8x\",\n        \"ts\": 1783566791913\n      }\n    },\n    {\n      \"ts\": 1783566795089,\n      \"kind\": \"event\",\n      \"method\": null,\n      \"event\": \"agent\",\n      \"ok\": null,\n      \"data\": {\n        \"runId\": \"R-CD-SILENT-DISPATCH-R-CD-SILENT-1783566781450-yi86lv8x\",\n        \"sessionKey\": \"agent:main:r-cd-silent-r-cd-silent-1783566781450-yi86lv8x\",\n        \"ts\": 1783566795088\n      }\n    },\n    {\n      \"ts\": 1783566795089,\n      \"kind\": \"event\",\n      \"method\": null,\n      \"event\": \"chat\",\n      \"ok\": null,\n      \"data\": {\n        \"runId\": \"R-CD-SILENT-DISPATCH-R-CD-SILENT-1783566781450-yi86lv8x\",\n        \"sessionKey\": \"agent:main:r-cd-silent-r-cd-silent-1783566781450-yi86lv8x\",\n        \"state\": \"delta\"\n      }\n    },\n    {\n      \"ts\": 1783566795284,\n      \"kind\": \"event\",\n      \"method\": null,\n      \"event\": \"agent\",\n      \"ok\": null,\n      \"data\": {\n        \"runId\": \"R-CD-SILENT-DISPATCH-R-CD-SILENT-1783566781450-yi86lv8x\",\n        \"sessionKey\": \"agent:main:r-cd-silent-r-cd-silent-1783566781450-yi86lv8x\",\n        \"ts\": 1783566795091\n      }\n    },\n    {\n      \"ts\": 1783566795284,\n      \"kind\": \"event\",\n      \"method\": null,\n      \"event\": \"agent\",\n      \"ok\": null,\n      \"data\": {\n        \"runId\": \"R-CD-SILENT-DISPATCH-R-CD-SILENT-1783566781450-yi86lv8x\",\n        \"sessionKey\": \"agent:main:r-cd-silent-r-cd-silent-1783566781450-yi86lv8x\",\n        \"ts\": 1783566795283\n      }\n    },\n    {\n      \"ts\": 1783566795284,\n      \"kind\": \"event\",\n      \"method\": null,\n      \"event\": \"chat\",\n      \"ok\": null,\n      \"data\": {\n        \"runId\": \"R-CD-SILENT-DISPATCH-R-CD-SILENT-1783566781450-yi86lv8x\",\n        \"sessionKey\": \"agent:main:r-cd-silent-r-cd-silent-1783566781450-yi86lv8x\",\n        \"state\": \"delta\"\n      }\n    },\n    {\n      \"ts\": 1783566795343,\n      \"kind\": \"event\",\n      \"method\": null,\n      \"event\": \"session.message\",\n      \"ok\": null,\n      \"data\": {\n        \"sessionKey\": \"agent:main:r-cd-silent-r-cd-silent-1783566781450-yi86lv8x\",\n        \"status\": \"running\",\n        \"startedAt\": 1783566788556\n      }\n    },\n    {\n      \"ts\": 1783566795347,\n      \"kind\": \"event\",\n      \"method\": null,\n      \"event\": \"agent\",\n      \"ok\": null,\n      \"data\": {\n        \"runId\": \"R-CD-SILENT-DISPATCH-R-CD-SILENT-1783566781450-yi86lv8x\",\n        \"sessionKey\": \"agent:main:r-cd-silent-r-cd-silent-1783566781450-yi86lv8x\",\n        \"ts\": 1783566795325\n      }\n    },\n    {\n      \"ts\": 1783566795347,\n      \"kind\": \"event\",\n      \"method\": null,\n      \"event\": \"agent\",\n      \"ok\": null,\n      \"data\": {\n        \"runId\": \"R-CD-SILENT-DISPATCH-R-CD-SILENT-1783566781450-yi86lv8x\",\n        \"sessionKey\": \"agent:main:r-cd-silent-r-cd-silent-1783566781450-yi86lv8x\",\n        \"ts\": 1783566795346\n      }\n    },\n    {\n      \"ts\": 1783566795445,\n      \"kind\": \"event\",\n      \"method\": null,\n      \"event\": \"agent\",\n      \"ok\": null,\n      \"data\": {\n        \"runId\": \"R-CD-SILENT-DISPATCH-R-CD-SILENT-1783566781450-yi86lv8x\",\n        \"sessionKey\": \"agent:main:r-cd-silent-r-cd-silent-1783566781450-yi86lv8x\",\n        \"ts\": 1783566795444\n      }\n    },\n    {\n      \"ts\": 1783566795445,\n      \"kind\": \"event\",\n      \"method\": null,\n      \"event\": \"chat\",\n      \"ok\": null,\n      \"data\": {\n        \"runId\": \"R-CD-SILENT-DISPATCH-R-CD-SILENT-1783566781450-yi86lv8x\",\n        \"sessionKey\": \"agent:main:r-cd-silent-r-cd-silent-1783566781450-yi86lv8x\",\n        \"state\": \"delta\"\n      }\n    },\n    {\n      \"ts\": 1783566795445,\n      \"kind\": \"event\",\n      \"method\": null,\n      \"event\": \"chat\",\n      \"ok\": null,\n      \"data\": {\n        \"runId\": \"R-CD-SILENT-DISPATCH-R-CD-SILENT-1783566781450-yi86lv8x\",\n        \"sessionKey\": \"agent:main:r-cd-silent-r-cd-silent-1783566781450-yi86lv8x\",\n        \"state\": \"final\"\n      }\n    },\n    {\n      \"ts\": 1783566797427,\n      \"kind\": \"event\",\n      \"method\": null,\n      \"event\": \"task\",\n      \"ok\": null,\n      \"data\": {}\n    },\n    {\n      \"ts\": 1783566797428,\n      \"kind\": \"event\",\n      \"method\": null,\n      \"event\": \"task\",\n      \"ok\": null,\n      \"data\": {}\n    },\n    {\n      \"ts\": 1783566797457,\n      \"kind\": \"event\",\n      \"method\": null,\n      \"event\": \"task\",\n      \"ok\": null,\n      \"data\": {}\n    },\n    {\n      \"ts\": 1783566797626,\n      \"kind\": \"event\",\n      \"method\": null,\n      \"event\": \"health\",\n      \"ok\": null,\n      \"data\": {\n        \"ok\": true,\n        \"ts\": 1783566797624\n      }\n    },\n    {\n      \"ts\": 1783566798052,\n      \"kind\": \"event\",\n      \"method\": null,\n      \"event\": \"health\",\n      \"ok\": null,\n      \"data\": {\n        \"ok\": true,\n        \"ts\": 1783566798052\n      }\n    },\n    {\n      \"ts\": 1783566798232,\n      \"kind\": \"event\",\n      \"method\": null,\n      \"event\": \"tick\",\n      \"ok\": null,\n      \"data\": {\n        \"ts\": 1783566798232\n      }\n    },\n    {\n      \"ts\": 1783566798304,\n      \"kind\": \"event\",\n      \"method\": null,\n      \"event\": \"agent\",\n      \"ok\": null,\n      \"data\": {\n        \"runId\": \"active-memory-mrcxmd5t-07a8577b\",\n        \"sessionKey\": \"agent:main:subagent:continuation-2ca0f4c52a8345184d1524614da281bb:active-memory:b70e44c4cd9c\",\n        \"ts\": 1783566798304\n      }\n    },\n    {\n      \"ts\": 1783566800647,\n      \"kind\": \"event\",\n      \"method\": null,\n      \"event\": \"agent\",\n      \"ok\": null,\n      \"data\": {\n        \"runId\": \"active-memory-mrcxmd5t-07a8577b\",\n        \"sessionKey\": \"agent:main:subagent:continuation-2ca0f4c52a8345184d1524614da281bb:active-memory:b70e44c4cd9c\",\n        \"ts\": 1783566800635\n      }\n    },\n    {\n      \"ts\": 1783566801939,\n      \"kind\": \"event\",\n      \"method\": null,\n      \"event\": \"health\",\n      \"ok\": null,\n      \"data\": {\n        \"ok\": true,\n        \"ts\": 1783566801939\n      }\n    },\n    {\n      \"ts\": 1783566801955,\n      \"kind\": \"event\",\n      \"method\": null,\n      \"event\": \"presence\",\n      \"ok\": null,\n      \"data\": {}\n    },\n    {\n      \"ts\": 1783566802176,\n      \"kind\": \"event\",\n      \"method\": null,\n      \"event\": \"agent\",\n      \"ok\": null,\n      \"data\": {\n        \"runId\": \"active-memory-mrcxmd5t-07a8577b\",\n        \"sessionKey\": \"agent:main:subagent:continuation-2ca0f4c52a8345184d1524614da281bb:active-memory:b70e44c4cd9c\",\n        \"ts\": 1783566802165\n      }\n    },\n    {\n      \"ts\": 1783566803617,\n      \"kind\": \"event\",\n      \"method\": null,\n      \"event\": \"agent\",\n      \"ok\": null,\n      \"data\": {\n        \"runId\": \"active-memory-mrcxmd5t-07a8577b\",\n        \"sessionKey\": \"agent:main:subagent:continuation-2ca0f4c52a8345184d1524614da281bb:active-memory:b70e44c4cd9c\",\n        \"ts\": 1783566803616\n      }\n    },\n    {\n      \"ts\": 1783566803617,\n      \"kind\": \"event\",\n      \"method\": null,\n      \"event\": \"chat\",\n      \"ok\": null,\n      \"data\": {\n        \"runId\": \"active-memory-mrcxmd5t-07a8577b\",\n        \"sessionKey\": \"agent:main:subagent:continuation-2ca0f4c52a8345184d1524614da281bb:active-memory:b70e44c4cd9c\",\n        \"state\": \"error\"\n      }\n    },\n    {\n      \"ts\": 1783566803771,\n      \"kind\": \"event\",\n      \"method\": null,\n      \"event\": \"task\",\n      \"ok\": null,\n      \"data\": {}\n    },\n    {\n      \"ts\": 1783566803771,\n      \"kind\": \"event\",\n      \"method\": null,\n      \"event\": \"task\",\n      \"ok\": null,\n      \"data\": {}\n    },\n    {\n      \"ts\": 1783566803773,\n      \"kind\": \"event\",\n      \"method\": null,\n      \"event\": \"agent\",\n      \"ok\": null,\n      \"data\": {\n        \"runId\": \"continuation-delegate-2ca0f4c52a8345184d1524614da281bb\",\n        \"sessionKey\": \"agent:main:subagent:continuation-2ca0f4c52a8345184d1524614da281bb\",\n        \"ts\": 1783566803743\n      }\n    },\n    {\n      \"ts\": 1783566810307,\n      \"kind\": \"event\",\n      \"method\": null,\n      \"event\": \"task\",\n      \"ok\": null,\n      \"data\": {}\n    },\n    {\n      \"ts\": 1783566810307,\n      \"kind\": \"event\",\n      \"method\": null,\n      \"event\": \"task\",\n      \"ok\": null,\n      \"data\": {}\n    },\n    {\n      \"ts\": 1783566810308,\n      \"kind\": \"event\",\n      \"method\": null,\n      \"event\": \"agent\",\n      \"ok\": null,\n      \"data\": {\n        \"runId\": \"continuation-delegate-2ca0f4c52a8345184d1524614da281bb\",\n        \"sessionKey\": \"agent:main:subagent:continuation-2ca0f4c52a8345184d1524614da281bb\",\n        \"ts\": 1783566810305\n      }\n    },\n    {\n      \"ts\": 1783566810308,\n      \"kind\": \"event\",\n      \"method\": null,\n      \"event\": \"chat\",\n      \"ok\": null,\n      \"data\": {\n        \"runId\": \"continuation-delegate-2ca0f4c52a8345184d1524614da281bb\",\n        \"sessionKey\": \"agent:main:subagent:continuation-2ca0f4c52a8345184d1524614da281bb\",\n        \"state\": \"delta\"\n      }\n    },\n    {\n      \"ts\": 1783566810308,\n      \"kind\": \"event\",\n      \"method\": null,\n      \"event\": \"task\",\n      \"ok\": null,\n      \"data\": {}\n    },\n    {\n      \"ts\": 1783566810308,\n      \"kind\": \"event\",\n      \"method\": null,\n      \"event\": \"task\",\n      \"ok\": null,\n      \"data\": {}\n    },\n    {\n      \"ts\": 1783566810309,\n      \"kind\": \"event\",\n      \"method\": null,\n      \"event\": \"task\",\n      \"ok\": null,\n      \"data\": {}\n    },\n    {\n      \"ts\": 1783566810309,\n      \"kind\": \"event\",\n      \"method\": null,\n      \"event\": \"task\",\n      \"ok\": null,\n      \"data\": {}\n    },\n    {\n      \"ts\": 1783566810310,\n      \"kind\": \"event\",\n      \"method\": null,\n      \"event\": \"task\",\n      \"ok\": null,\n      \"data\": {}\n    },\n    {\n      \"ts\": 1783566810310,\n      \"kind\": \"event\",\n      \"method\": null,\n      \"event\": \"task\",\n      \"ok\": null,\n      \"data\": {}\n    },\n    {\n      \"ts\": 1783566810311,\n      \"kind\": \"event\",\n      \"method\": null,\n      \"event\": \"task\",\n      \"ok\": null,\n      \"data\": {}\n    },\n    {\n      \"ts\": 1783566810311,\n      \"kind\": \"event\",\n      \"method\": null,\n      \"event\": \"task\",\n      \"ok\": null,\n      \"data\": {}\n    },\n    {\n      \"ts\": 1783566810312,\n      \"kind\": \"event\",\n      \"method\": null,\n      \"event\": \"task\",\n      \"ok\": null,\n      \"data\": {}\n    },\n    {\n      \"ts\": 1783566810312,\n      \"kind\": \"event\",\n      \"method\": null,\n      \"event\": \"task\",\n      \"ok\": null,\n      \"data\": {}\n    },\n    {\n      \"ts\": 1783566810313,\n      \"kind\": \"event\",\n      \"method\": null,\n      \"event\": \"task\",\n      \"ok\": null,\n      \"data\": {}\n    },\n    {\n      \"ts\": 1783566810313,\n      \"kind\": \"event\",\n      \"method\": null,\n      \"event\": \"task\",\n      \"ok\": null,\n      \"data\": {}\n    },\n    {\n      \"ts\": 1783566810314,\n      \"kind\": \"event\",\n      \"method\": null,\n      \"event\": \"task\",\n      \"ok\": null,\n      \"data\": {}\n    },\n    {\n      \"ts\": 1783566810314,\n      \"kind\": \"event\",\n      \"method\": null,\n      \"event\": \"task\",\n      \"ok\": null,\n      \"data\": {}\n    },\n    {\n      \"ts\": 1783566810315,\n      \"kind\": \"event\",\n      \"method\": null,\n      \"event\": \"task\",\n      \"ok\": null,\n      \"data\": {}\n    },\n    {\n      \"ts\": 1783566810315,\n      \"kind\": \"event\",\n      \"method\": null,\n      \"event\": \"task\",\n      \"ok\": null,\n      \"data\": {}\n    },\n    {\n      \"ts\": 1783566810315,\n      \"kind\": \"event\",\n      \"method\": null,\n      \"event\": \"task\",\n      \"ok\": null,\n      \"data\": {}\n    },\n    {\n      \"ts\": 1783566810316,\n      \"kind\": \"event\",\n      \"method\": null,\n      \"event\": \"task\",\n      \"ok\": null,\n      \"data\": {}\n    },\n    {\n      \"ts\": 1783566810316,\n      \"kind\": \"event\",\n      \"method\": null,\n      \"event\": \"task\",\n      \"ok\": null,\n      \"data\": {}\n    },\n    {\n      \"ts\": 1783566810316,\n      \"kind\": \"event\",\n      \"method\": null,\n      \"event\": \"task\",\n      \"ok\": null,\n      \"data\": {}\n    },\n    {\n      \"ts\": 1783566810317,\n      \"kind\": \"event\",\n      \"method\": null,\n      \"event\": \"task\",\n      \"ok\": null,\n      \"data\": {}\n    },\n    {\n      \"ts\": 1783566810317,\n      \"kind\": \"event\",\n      \"method\": null,\n      \"event\": \"task\",\n      \"ok\": null,\n      \"data\": {}\n    },\n    {\n      \"ts\": 1783566810318,\n      \"kind\": \"event\",\n      \"method\": null,\n      \"event\": \"task\",\n      \"ok\": null,\n      \"data\": {}\n    },\n    {\n      \"ts\": 1783566810318,\n      \"kind\": \"event\",\n      \"method\": null,\n      \"event\": \"task\",\n      \"ok\": null,\n      \"data\": {}\n    },\n    {\n      \"ts\": 1783566810319,\n      \"kind\": \"event\",\n      \"method\": null,\n      \"event\": \"task\",\n      \"ok\": null,\n      \"data\": {}\n    },\n    {\n      \"ts\": 1783566810319,\n      \"kind\": \"event\",\n      \"method\": null,\n      \"event\": \"task\",\n      \"ok\": null,\n      \"data\": {}\n    },\n    {\n      \"ts\": 1783566810319,\n      \"kind\": \"event\",\n      \"method\": null,\n      \"event\": \"task\",\n      \"ok\": null,\n      \"data\": {}\n    },\n    {\n      \"ts\": 1783566810320,\n      \"kind\": \"event\",\n      \"method\": null,\n      \"event\": \"task\",\n      \"ok\": null,\n      \"data\": {}\n    },\n    {\n      \"ts\": 1783566810321,\n      \"kind\": \"event\",\n      \"method\": null,\n      \"event\": \"task\",\n      \"ok\": null,\n      \"data\": {}\n    },\n    {\n      \"ts\": 1783566810321,\n      \"kind\": \"event\",\n      \"method\": null,\n      \"event\": \"task\",\n      \"ok\": null,\n      \"data\": {}\n    },\n    {\n      \"ts\": 1783566810321,\n      \"kind\": \"event\",\n      \"method\": null,\n      \"event\": \"task\",\n      \"ok\": null,\n      \"data\": {}\n    },\n    {\n      \"ts\": 1783566810322,\n      \"kind\": \"event\",\n      \"method\": null,\n      \"event\": \"task\",\n      \"ok\": null,\n      \"data\": {}\n    },\n    {\n      \"ts\": 1783566810322,\n      \"kind\": \"event\",\n      \"method\": null,\n      \"event\": \"task\",\n      \"ok\": null,\n      \"data\": {}\n    },\n    {\n      \"ts\": 1783566810322,\n      \"kind\": \"event\",\n      \"method\": null,\n      \"event\": \"task\",\n      \"ok\": null,\n      \"data\": {}\n    },\n    {\n      \"ts\": 1783566810323,\n      \"kind\": \"event\",\n      \"method\": null,\n      \"event\": \"task\",\n      \"ok\": null,\n      \"data\": {}\n    },\n    {\n      \"ts\": 1783566810323,\n      \"kind\": \"event\",\n      \"method\": null,\n      \"event\": \"task\",\n      \"ok\": null,\n      \"data\": {}\n    },\n    {\n      \"ts\": 1783566810324,\n      \"kind\": \"event\",\n      \"method\": null,\n      \"event\": \"task\",\n      \"ok\": null,\n      \"data\": {}\n    },\n    {\n      \"ts\": 1783566810324,\n      \"kind\": \"event\",\n      \"method\": null,\n      \"event\": \"task\",\n      \"ok\": null,\n      \"data\": {}\n    },\n    {\n      \"ts\": 1783566810325,\n      \"kind\": \"event\",\n      \"method\": null,\n      \"event\": \"task\",\n      \"ok\": null,\n      \"data\": {}\n    },\n    {\n      \"ts\": 1783566810325,\n      \"kind\": \"event\",\n      \"method\": null,\n      \"event\": \"task\",\n      \"ok\": null,\n      \"data\": {}\n    },\n    {\n      \"ts\": 1783566810325,\n      \"kind\": \"event\",\n      \"method\": null,\n      \"event\": \"task\",\n      \"ok\": null,\n      \"data\": {}\n    },\n    {\n      \"ts\": 1783566810325,\n      \"kind\": \"event\",\n      \"method\": null,\n      \"event\": \"task\",\n      \"ok\": null,\n      \"data\": {}\n    },\n    {\n      \"ts\": 1783566810342,\n      \"kind\": \"event\",\n      \"method\": null,\n      \"event\": \"task\",\n      \"ok\": null,\n      \"data\": {}\n    },\n    {\n      \"ts\": 1783566810343,\n      \"kind\": \"event\",\n      \"method\": null,\n      \"event\": \"task\",\n      \"ok\": null,\n      \"data\": {}\n    },\n    {\n      \"ts\": 1783566810343,\n      \"kind\": \"event\",\n      \"method\": null,\n      \"event\": \"task\",\n      \"ok\": null,\n      \"data\": {}\n    },\n    {\n      \"ts\": 1783566810344,\n      \"kind\": \"event\",\n      \"method\": null,\n      \"event\": \"task\",\n      \"ok\": null,\n      \"data\": {}\n    },\n    {\n      \"ts\": 1783566810344,\n      \"kind\": \"event\",\n      \"method\": null,\n      \"event\": \"task\",\n      \"ok\": null,\n      \"data\": {}\n    },\n    {\n      \"ts\": 1783566810345,\n      \"kind\": \"event\",\n      \"method\": null,\n      \"event\": \"task\",\n      \"ok\": null,\n      \"data\": {}\n    },\n    {\n      \"ts\": 1783566810345,\n      \"kind\": \"event\",\n      \"method\": null,\n      \"event\": \"task\",\n      \"ok\": null,\n      \"data\": {}\n    },\n    {\n      \"ts\": 1783566810345,\n      \"kind\": \"event\",\n      \"method\": null,\n      \"event\": \"task\",\n      \"ok\": null,\n      \"data\": {}\n    },\n    {\n      \"ts\": 1783566810346,\n      \"kind\": \"event\",\n      \"method\": null,\n      \"event\": \"task\",\n      \"ok\": null,\n      \"data\": {}\n    },\n    {\n      \"ts\": 1783566810346,\n      \"kind\": \"event\",\n      \"method\": null,\n      \"event\": \"task\",\n      \"ok\": null,\n      \"data\": {}\n    },\n    {\n      \"ts\": 1783566810387,\n      \"kind\": \"event\",\n      \"method\": null,\n      \"event\": \"task\",\n      \"ok\": null,\n      \"data\": {}\n    },\n    {\n      \"ts\": 1783566810387,\n      \"kind\": \"event\",\n      \"method\": null,\n      \"event\": \"task\",\n      \"ok\": null,\n      \"data\": {}\n    },\n    {\n      \"ts\": 1783566810388,\n      \"kind\": \"event\",\n      \"method\": null,\n      \"event\": \"agent\",\n      \"ok\": null,\n      \"data\": {\n        \"runId\": \"continuation-delegate-2ca0f4c52a8345184d1524614da281bb\",\n        \"sessionKey\": \"agent:main:subagent:continuation-2ca0f4c52a8345184d1524614da281bb\",\n        \"ts\": 1783566810345\n      }\n    },\n    {\n      \"ts\": 1783566810388,\n      \"kind\": \"event\",\n      \"method\": null,\n      \"event\": \"agent\",\n      \"ok\": null,\n      \"data\": {\n        \"runId\": \"continuation-delegate-2ca0f4c52a8345184d1524614da281bb\",\n        \"sessionKey\": \"agent:main:subagent:continuation-2ca0f4c52a8345184d1524614da281bb\",\n        \"ts\": 1783566810386\n      }\n    },\n    {\n      \"ts\": 1783566810512,\n      \"kind\": \"event\",\n      \"method\": null,\n      \"event\": \"task\",\n      \"ok\": null,\n      \"data\": {}\n    },\n    {\n      \"ts\": 1783566810513,\n      \"kind\": \"event\",\n      \"method\": null,\n      \"event\": \"task\",\n      \"ok\": null,\n      \"data\": {}\n    },\n    {\n      \"ts\": 1783566810550,\n      \"kind\": \"event\",\n      \"method\": null,\n      \"event\": \"agent\",\n      \"ok\": null,\n      \"data\": {\n        \"runId\": \"continuation-delegate-2ca0f4c52a8345184d1524614da281bb\",\n        \"sessionKey\": \"agent:main:subagent:continuation-2ca0f4c52a8345184d1524614da281bb\",\n        \"ts\": 1783566810511\n      }\n    },\n    {\n      \"ts\": 1783566810550,\n      \"kind\": \"event\",\n      \"method\": null,\n      \"event\": \"chat\",\n      \"ok\": null,\n      \"data\": {\n        \"runId\": \"continuation-delegate-2ca0f4c52a8345184d1524614da281bb\",\n        \"sessionKey\": \"agent:main:subagent:continuation-2ca0f4c52a8345184d1524614da281bb\",\n        \"state\": \"delta\"\n      }\n    },\n    {\n      \"ts\": 1783566810550,\n      \"kind\": \"event\",\n      \"method\": null,\n      \"event\": \"chat\",\n      \"ok\": null,\n      \"data\": {\n        \"runId\": \"continuation-delegate-2ca0f4c52a8345184d1524614da281bb\",\n        \"sessionKey\": \"agent:main:subagent:continuation-2ca0f4c52a8345184d1524614da281bb\",\n        \"state\": \"final\"\n      }\n    },\n    {\n      \"ts\": 1783566810555,\n      \"kind\": \"event\",\n      \"method\": null,\n      \"event\": \"task\",\n      \"ok\": null,\n      \"data\": {}\n    },\n    {\n      \"ts\": 1783566810591,\n      \"kind\": \"event\",\n      \"method\": null,\n      \"event\": \"presence\",\n      \"ok\": null,\n      \"data\": {}\n    },\n    {\n      \"ts\": 1783566810711,\n      \"kind\": \"event\",\n      \"method\": null,\n      \"event\": \"health\",\n      \"ok\": null,\n      \"data\": {\n        \"ok\": true,\n        \"ts\": 1783566810710\n      }\n    },\n    {\n      \"ts\": 1783566810724,\n      \"kind\": \"event\",\n      \"method\": null,\n      \"event\": \"presence\",\n      \"ok\": null,\n      \"data\": {}\n    },\n    {\n      \"ts\": 1783566810755,\n      \"kind\": \"event\",\n      \"method\": null,\n      \"event\": \"task\",\n      \"ok\": null,\n      \"data\": {}\n    },\n    {\n      \"ts\": 1783566810791,\n      \"kind\": \"event\",\n      \"method\": null,\n      \"event\": \"task\",\n      \"ok\": null,\n      \"data\": {}\n    },\n    {\n      \"ts\": 1783566811131,\n      \"kind\": \"event\",\n      \"method\": null,\n      \"event\": \"task\",\n      \"ok\": null,\n      \"data\": {}\n    },\n    {\n      \"ts\": 1783566815603,\n      \"kind\": \"response\",\n      \"method\": \"sessions.send\",\n      \"event\": null,\n      \"ok\": true,\n      \"data\": {\n        \"runId\": \"R-CD-SILENT-FOLLOWUP-R-CD-SILENT-1783566781450-yi86lv8x\",\n        \"status\": \"started\"\n      }\n    },\n    {\n      \"ts\": 1783566816182,\n      \"kind\": \"event\",\n      \"method\": null,\n      \"event\": \"agent\",\n      \"ok\": null,\n      \"data\": {\n        \"runId\": \"active-memory-mrcxmr0e-0505dd77\",\n        \"sessionKey\": \"agent:main:r-cd-silent-r-cd-silent-1783566781450-yi86lv8x:active-memory:2d35355a824f\",\n        \"ts\": 1783566816181\n      }\n    },\n    {\n      \"ts\": 1783566819108,\n      \"kind\": \"event\",\n      \"method\": null,\n      \"event\": \"agent\",\n      \"ok\": null,\n      \"data\": {\n        \"runId\": \"active-memory-mrcxmr0e-0505dd77\",\n        \"sessionKey\": \"agent:main:r-cd-silent-r-cd-silent-1783566781450-yi86lv8x:active-memory:2d35355a824f\",\n        \"ts\": 1783566819098\n      }\n    },\n    {\n      \"ts\": 1783566820329,\n      \"kind\": \"event\",\n      \"method\": null,\n      \"event\": \"health\",\n      \"ok\": null,\n      \"data\": {\n        \"ok\": true,\n        \"ts\": 1783566820328\n      }\n    },\n    {\n      \"ts\": 1783566820338,\n      \"kind\": \"event\",\n      \"method\": null,\n      \"event\": \"presence\",\n      \"ok\": null,\n      \"data\": {}\n    },\n    {\n      \"ts\": 1783566820540,\n      \"kind\": \"event\",\n      \"method\": null,\n      \"event\": \"agent\",\n      \"ok\": null,\n      \"data\": {\n        \"runId\": \"active-memory-mrcxmr0e-0505dd77\",\n        \"sessionKey\": \"agent:main:r-cd-silent-r-cd-silent-1783566781450-yi86lv8x:active-memory:2d35355a824f\",\n        \"ts\": 1783566820529\n      }\n    },\n    {\n      \"ts\": 1783566823305,\n      \"kind\": \"event\",\n      \"method\": null,\n      \"event\": \"agent\",\n      \"ok\": null,\n      \"data\": {\n        \"runId\": \"active-memory-mrcxmr0e-0505dd77\",\n        \"sessionKey\": \"agent:main:r-cd-silent-r-cd-silent-1783566781450-yi86lv8x:active-memory:2d35355a824f\",\n        \"ts\": 1783566823304\n      }\n    },\n    {\n      \"ts\": 1783566823305,\n      \"kind\": \"event\",\n      \"method\": null,\n      \"event\": \"chat\",\n      \"ok\": null,\n      \"data\": {\n        \"runId\": \"active-memory-mrcxmr0e-0505dd77\",\n        \"sessionKey\": \"agent:main:r-cd-silent-r-cd-silent-1783566781450-yi86lv8x:active-memory:2d35355a824f\",\n        \"state\": \"error\"\n      }\n    },\n    {\n      \"ts\": 1783566823481,\n      \"kind\": \"event\",\n      \"method\": null,\n      \"event\": \"agent\",\n      \"ok\": null,\n      \"data\": {\n        \"runId\": \"R-CD-SILENT-FOLLOWUP-R-CD-SILENT-1783566781450-yi86lv8x\",\n        \"sessionKey\": \"agent:main:r-cd-silent-r-cd-silent-1783566781450-yi86lv8x\",\n        \"ts\": 1783566823481\n      }\n    },\n    {\n      \"ts\": 1783566823522,\n      \"kind\": \"event\",\n      \"method\": null,\n      \"event\": \"session.message\",\n      \"ok\": null,\n      \"data\": {\n        \"sessionKey\": \"agent:main:r-cd-silent-r-cd-silent-1783566781450-yi86lv8x\",\n        \"status\": \"done\",\n        \"startedAt\": 1783566788556\n      }\n    },\n    {\n      \"ts\": 1783566827478,\n      \"kind\": \"event\",\n      \"method\": null,\n      \"event\": \"agent\",\n      \"ok\": null,\n      \"data\": {\n        \"runId\": \"R-CD-SILENT-FOLLOWUP-R-CD-SILENT-1783566781450-yi86lv8x\",\n        \"sessionKey\": \"agent:main:r-cd-silent-r-cd-silent-1783566781450-yi86lv8x\",\n        \"ts\": 1783566827477\n      }\n    },\n    {\n      \"ts\": 1783566827478,\n      \"kind\": \"event\",\n      \"method\": null,\n      \"event\": \"chat\",\n      \"ok\": null,\n      \"data\": {\n        \"runId\": \"R-CD-SILENT-FOLLOWUP-R-CD-SILENT-1783566781450-yi86lv8x\",\n        \"sessionKey\": \"agent:main:r-cd-silent-r-cd-silent-1783566781450-yi86lv8x\",\n        \"state\": \"delta\"\n      }\n    },\n    {\n      \"ts\": 1783566827633,\n      \"kind\": \"event\",\n      \"method\": null,\n      \"event\": \"agent\",\n      \"ok\": null,\n      \"data\": {\n        \"runId\": \"R-CD-SILENT-FOLLOWUP-R-CD-SILENT-1783566781450-yi86lv8x\",\n        \"sessionKey\": \"agent:main:r-cd-silent-r-cd-silent-1783566781450-yi86lv8x\",\n        \"ts\": 1783566827480\n      }\n    },\n    {\n      \"ts\": 1783566827633,\n      \"kind\": \"event\",\n      \"method\": null,\n      \"event\": \"agent\",\n      \"ok\": null,\n      \"data\": {\n        \"runId\": \"R-CD-SILENT-FOLLOWUP-R-CD-SILENT-1783566781450-yi86lv8x\",\n        \"sessionKey\": \"agent:main:r-cd-silent-r-cd-silent-1783566781450-yi86lv8x\",\n        \"ts\": 1783566827632\n      }\n    },\n    {\n      \"ts\": 1783566827633,\n      \"kind\": \"event\",\n      \"method\": null,\n      \"event\": \"chat\",\n      \"ok\": null,\n      \"data\": {\n        \"runId\": \"R-CD-SILENT-FOLLOWUP-R-CD-SILENT-1783566781450-yi86lv8x\",\n        \"sessionKey\": \"agent:main:r-cd-silent-r-cd-silent-1783566781450-yi86lv8x\",\n        \"state\": \"delta\"\n      }\n    },\n    {\n      \"ts\": 1783566827686,\n      \"kind\": \"event\",\n      \"method\": null,\n      \"event\": \"session.message\",\n      \"ok\": null,\n      \"data\": {\n        \"sessionKey\": \"agent:main:r-cd-silent-r-cd-silent-1783566781450-yi86lv8x\",\n        \"status\": \"running\",\n        \"startedAt\": 1783566823481\n      }\n    }\n  ],\n  \"ended\": \"2026-07-09T03:13:47.687Z\",\n  \"duration_ms\": 46237\n}" source=console
time="2026-07-08T20:13:47-07:00" level=info msg="--- END EVIDENCE ---" source=console
time="2026-07-08T20:13:47-07:00" level=info msg="\n[R-CD-SILENT] VERDICT: PASS-candidate" source=console

[R-CD-SILENT] Summary: PASS-candidate | SHA: e08f696618da57e7267a2148578fa4ab0d8b0d01 | Seat: cael

running (0m46.2s), 0/1 VUs, 1 complete and 0 interrupted iterations
r_cd_silent ✓ [ 100% ] 1 VUs  0m46.2s/3m30s  1/1 shared iters
./r-cd-silent-summary.json
[R-CD-SILENT] METRICS: /tmp/p81-cael-live-resume2-20260709T031258Z/out/e08f696618da57e7267a2148578fa4ab0d8b0d01/R-CD-SILENT/cael/20260709T031301Z-r-cd-silent/openclaw-proofs-k6.prom
[R-CD-SILENT] ARTIFACTS: /tmp/p81-cael-live-resume2-20260709T031258Z/out/e08f696618da57e7267a2148578fa4ab0d8b0d01/R-CD-SILENT/cael/20260709T031301Z-r-cd-silent
[R-CD-SILENT] COMPLETED.
Observability check: query Grafana for run/nonce or review Tempo traces if trace ID was emitted.

----------------------------------------
Row: R-CD-TOKEN
Manifest: /tmp/oc-p81-current/tools/k6-proofs/manifests/r-cd-token.json
Scenario: scenarios/r-cd-token-bracket-delegate.js
Status: runnable
Live Safety: k6-runnable
[R-CD-TOKEN] RUNNING...

         /\      Grafana   /‾‾/  
    /\  /  \     |\  __   /  /   
   /  \/    \    | |/ /  /   ‾‾\ 
  /          \   |   (  |  (‾)  |
 / __________ \  |_|\_\  \_____/ 


     execution: local
        script: scenarios/r-cd-token-bracket-delegate.js
        output: -

     scenarios: (100.00%) 1 scenario, 1 max VUs, 4m0s max duration (incl. graceful stop):
              * r_cd_token_bracket_delegate: 1 iterations shared among 1 VUs (maxDuration: 3m30s, gracefulStop: 30s)

time="2026-07-08T20:13:48-07:00" level=info msg="✓ disposable session created: agent:main:r-cd-token-r-cd-token-1783566827910-h9tn5r1j" source=console
time="2026-07-08T20:13:48-07:00" level=info msg="✓ sessions.send accepted — parent agent turn triggered" source=console

running (0m01.0s), 1/1 VUs, 0 complete and 0 interrupted iterations
r_cd_token_bracket_delegate   [   0% ] 1 VUs  0m01.0s/3m30s  0/1 shared iters

running (0m02.0s), 1/1 VUs, 0 complete and 0 interrupted iterations
r_cd_token_bracket_delegate   [   0% ] 1 VUs  0m02.0s/3m30s  0/1 shared iters

running (0m03.0s), 1/1 VUs, 0 complete and 0 interrupted iterations
r_cd_token_bracket_delegate   [   0% ] 1 VUs  0m03.0s/3m30s  0/1 shared iters

running (0m04.0s), 1/1 VUs, 0 complete and 0 interrupted iterations
r_cd_token_bracket_delegate   [   0% ] 1 VUs  0m04.0s/3m30s  0/1 shared iters

running (0m05.0s), 1/1 VUs, 0 complete and 0 interrupted iterations
r_cd_token_bracket_delegate   [   0% ] 1 VUs  0m05.0s/3m30s  0/1 shared iters

running (0m06.0s), 1/1 VUs, 0 complete and 0 interrupted iterations
r_cd_token_bracket_delegate   [   0% ] 1 VUs  0m06.0s/3m30s  0/1 shared iters

running (0m07.0s), 1/1 VUs, 0 complete and 0 interrupted iterations
r_cd_token_bracket_delegate   [   0% ] 1 VUs  0m07.0s/3m30s  0/1 shared iters

running (0m08.0s), 1/1 VUs, 0 complete and 0 interrupted iterations
r_cd_token_bracket_delegate   [   0% ] 1 VUs  0m08.0s/3m30s  0/1 shared iters

running (0m09.0s), 1/1 VUs, 0 complete and 0 interrupted iterations
r_cd_token_bracket_delegate   [   0% ] 1 VUs  0m09.0s/3m30s  0/1 shared iters

running (0m10.0s), 1/1 VUs, 0 complete and 0 interrupted iterations
r_cd_token_bracket_delegate   [   0% ] 1 VUs  0m10.0s/3m30s  0/1 shared iters

running (0m11.0s), 1/1 VUs, 0 complete and 0 interrupted iterations
r_cd_token_bracket_delegate   [   0% ] 1 VUs  0m11.0s/3m30s  0/1 shared iters
time="2026-07-08T20:13:59-07:00" level=info msg="ℹ Ignoring harness prompt echo event" source=console

running (0m12.0s), 1/1 VUs, 0 complete and 0 interrupted iterations
r_cd_token_bracket_delegate   [   0% ] 1 VUs  0m12.0s/3m30s  0/1 shared iters

running (0m13.0s), 1/1 VUs, 0 complete and 0 interrupted iterations
r_cd_token_bracket_delegate   [   0% ] 1 VUs  0m13.0s/3m30s  0/1 shared iters

running (0m14.0s), 1/1 VUs, 0 complete and 0 interrupted iterations
r_cd_token_bracket_delegate   [   0% ] 1 VUs  0m14.0s/3m30s  0/1 shared iters

running (0m15.0s), 1/1 VUs, 0 complete and 0 interrupted iterations
r_cd_token_bracket_delegate   [   0% ] 1 VUs  0m15.0s/3m30s  0/1 shared iters

running (0m16.0s), 1/1 VUs, 0 complete and 0 interrupted iterations
r_cd_token_bracket_delegate   [   0% ] 1 VUs  0m16.0s/3m30s  0/1 shared iters

running (0m17.0s), 1/1 VUs, 0 complete and 0 interrupted iterations
r_cd_token_bracket_delegate   [   0% ] 1 VUs  0m17.0s/3m30s  0/1 shared iters
time="2026-07-08T20:14:05-07:00" level=info msg="✓ parent sessions_spawn acceptance signal observed" source=console
time="2026-07-08T20:14:05-07:00" level=info msg="✓ bracket-token child turn observed" source=console
time="2026-07-08T20:14:05-07:00" level=info msg="✓ CD-TOKEN-DELEGATE-DONE return sentinel observed" source=console
time="2026-07-08T20:14:05-07:00" level=info msg="All required R-CD-TOKEN evidence gathered, closing early" source=console
time="2026-07-08T20:14:05-07:00" level=info msg="\n--- R-CD-TOKEN EVIDENCE SUMMARY ---" source=console
time="2026-07-08T20:14:05-07:00" level=info msg="{\n  \"row\": \"R-CD-TOKEN\",\n  \"manifest_loaded\": true,\n  \"nonce\": \"R-CD-TOKEN-1783566827910-h9tn5r1j\",\n  \"seat\": \"cael\",\n  \"requestedSessionKey\": \"main\",\n  \"sessionKey\": \"agent:main:r-cd-token-r-cd-token-1783566827910-h9tn5r1j\",\n  \"session_created\": true,\n  \"created_session_key\": \"agent:main:r-cd-token-r-cd-token-1783566827910-h9tn5r1j\",\n  \"candidateSha\": \"e08f696618da57e7267a2148578fa4ab0d8b0d01\",\n  \"started\": \"2026-07-09T03:13:47.910Z\",\n  \"prompt_injected\": true,\n  \"subagent_spawn_requested\": true,\n  \"subagent_spawn_accepted\": true,\n  \"bracket_token_observed\": true,\n  \"delegate_spawn_or_return_observed\": true,\n  \"child_spawned\": true,\n  \"parent_return_event\": true,\n  \"dispatch_accepted_at_ms\": 1783566828817,\n  \"child_session_key\": null,\n  \"trace_id\": null,\n  \"redacted_events\": [\n    {\n      \"ts\": 1783566827913,\n      \"kind\": \"event\",\n      \"method\": null,\n      \"event\": \"connect.challenge\",\n      \"ok\": null,\n      \"data\": null\n    },\n    {\n      \"ts\": 1783566827914,\n      \"kind\": \"other\",\n      \"method\": null,\n      \"event\": null,\n      \"ok\": null,\n      \"data\": null\n    },\n    {\n      \"ts\": 1783566828015,\n      \"kind\": \"event\",\n      \"method\": null,\n      \"event\": \"health\",\n      \"ok\": null,\n      \"data\": null\n    },\n    {\n      \"ts\": 1783566828243,\n      \"kind\": \"event\",\n      \"method\": null,\n      \"event\": \"tick\",\n      \"ok\": null,\n      \"data\": null\n    },\n    {\n      \"ts\": 1783566828286,\n      \"kind\": \"response\",\n      \"method\": \"sessions.create\",\n      \"event\": null,\n      \"ok\": true,\n      \"data\": {\n        \"ok\": true\n      }\n    },\n    {\n      \"ts\": 1783566828310,\n      \"kind\": \"response\",\n      \"method\": \"sessions.messages.subscribe\",\n      \"event\": null,\n      \"ok\": true,\n      \"data\": {}\n    },\n    {\n      \"ts\": 1783566828817,\n      \"kind\": \"response\",\n      \"method\": \"sessions.send\",\n      \"event\": null,\n      \"ok\": true,\n      \"data\": {\n        \"runId\": \"R-CD-TOKEN-DISPATCH-R-CD-TOKEN-1783566827910-h9tn5r1j\",\n        \"status\": \"started\"\n      }\n    },\n    {\n      \"ts\": 1783566829406,\n      \"kind\": \"event\",\n      \"method\": null,\n      \"event\": \"agent\",\n      \"ok\": null,\n      \"data\": null\n    },\n    {\n      \"ts\": 1783566832434,\n      \"kind\": \"event\",\n      \"method\": null,\n      \"event\": \"agent\",\n      \"ok\": null,\n      \"data\": null\n    },\n    {\n      \"ts\": 1783566834134,\n      \"kind\": \"event\",\n      \"method\": null,\n      \"event\": \"health\",\n      \"ok\": null,\n      \"data\": null\n    },\n    {\n      \"ts\": 1783566834146,\n      \"kind\": \"event\",\n      \"method\": null,\n      \"event\": \"presence\",\n      \"ok\": null,\n      \"data\": null\n    },\n    {\n      \"ts\": 1783566834179,\n      \"kind\": \"event\",\n      \"method\": null,\n      \"event\": \"agent\",\n      \"ok\": null,\n      \"data\": null\n    },\n    {\n      \"ts\": 1783566838899,\n      \"kind\": \"event\",\n      \"method\": null,\n      \"event\": \"agent\",\n      \"ok\": null,\n      \"data\": null\n    },\n    {\n      \"ts\": 1783566838899,\n      \"kind\": \"event\",\n      \"method\": null,\n      \"event\": \"chat\",\n      \"ok\": null,\n      \"data\": null\n    },\n    {\n      \"ts\": 1783566839054,\n      \"kind\": \"event\",\n      \"method\": null,\n      \"event\": \"agent\",\n      \"ok\": null,\n      \"data\": null\n    },\n    {\n      \"ts\": 1783566839134,\n      \"kind\": \"event\",\n      \"method\": null,\n      \"event\": \"session.message\",\n      \"ok\": null,\n      \"data\": null\n    },\n    {\n      \"ts\": 1783566845067,\n      \"kind\": \"event\",\n      \"method\": null,\n      \"event\": \"session.message\",\n      \"ok\": null,\n      \"data\": null\n    }\n  ],\n  \"ended\": \"2026-07-09T03:14:05.067Z\",\n  \"duration_ms\": 17157\n}" source=console
time="2026-07-08T20:14:05-07:00" level=info msg="--- END EVIDENCE ---" source=console
time="2026-07-08T20:14:05-07:00" level=info msg="\n[R-CD-TOKEN] VERDICT: PASS-candidate" source=console

[R-CD-TOKEN] Summary: PASS-candidate | SHA: e08f696618da57e7267a2148578fa4ab0d8b0d01 | Seat: cael

running (0m17.2s), 0/1 VUs, 1 complete and 0 interrupted iterations
r_cd_token_bracket_delegate ✓ [ 100% ] 1 VUs  0m17.2s/3m30s  1/1 shared iters
./r-cd-token-bracket-delegate-summary.json
[R-CD-TOKEN] METRICS: /tmp/p81-cael-live-resume2-20260709T031258Z/out/e08f696618da57e7267a2148578fa4ab0d8b0d01/R-CD-TOKEN/cael/20260709T031347Z-r-cd-token/openclaw-proofs-k6.prom
[R-CD-TOKEN] ARTIFACTS: /tmp/p81-cael-live-resume2-20260709T031258Z/out/e08f696618da57e7267a2148578fa4ab0d8b0d01/R-CD-TOKEN/cael/20260709T031347Z-r-cd-token
[R-CD-TOKEN] COMPLETED.
Observability check: query Grafana for run/nonce or review Tempo traces if trace ID was emitted.

----------------------------------------
Row: R-CONFIG-DEFAULTS
Manifest: /tmp/oc-p81-current/tools/k6-proofs/manifests/r-config-defaults.json
Scenario: scenarios/r-config-defaults.js
Status: runnable
Live Safety: k6-runnable
[R-CONFIG-DEFAULTS] RUNNING...

         /\      Grafana   /‾‾/  
    /\  /  \     |\  __   /  /   
   /  \/    \    | |/ /  /   ‾‾\ 
  /          \   |   (  |  (‾)  |
 / __________ \  |_|\_\  \_____/ 


     execution: local
        script: scenarios/r-config-defaults.js
        output: -

     scenarios: (100.00%) 1 scenario, 1 max VUs, 2m0s max duration (incl. graceful stop):
              * r_config_defaults: 1 iterations shared among 1 VUs (maxDuration: 1m30s, gracefulStop: 30s)

time="2026-07-08T20:14:05-07:00" level=info msg="✓ disposable session created: agent:main:r-config-defaults-r-config-defaults-1783566845296-ovxizh7t" source=console

running (0m01.0s), 1/1 VUs, 0 complete and 0 interrupted iterations
r_config_defaults   [   0% ] 1 VUs  0m01.0s/1m30s  0/1 shared iters
time="2026-07-08T20:14:06-07:00" level=info msg="✓ sessions.send accepted — agent turn triggered for config defaults read" source=console

running (0m02.0s), 1/1 VUs, 0 complete and 0 interrupted iterations
r_config_defaults   [   0% ] 1 VUs  0m02.0s/1m30s  0/1 shared iters

running (0m03.0s), 1/1 VUs, 0 complete and 0 interrupted iterations
r_config_defaults   [   0% ] 1 VUs  0m03.0s/1m30s  0/1 shared iters

running (0m04.0s), 1/1 VUs, 0 complete and 0 interrupted iterations
r_config_defaults   [   0% ] 1 VUs  0m04.0s/1m30s  0/1 shared iters

running (0m05.0s), 1/1 VUs, 0 complete and 0 interrupted iterations
r_config_defaults   [   0% ] 1 VUs  0m05.0s/1m30s  0/1 shared iters

running (0m06.0s), 1/1 VUs, 0 complete and 0 interrupted iterations
r_config_defaults   [   0% ] 1 VUs  0m06.0s/1m30s  0/1 shared iters

running (0m07.0s), 1/1 VUs, 0 complete and 0 interrupted iterations
r_config_defaults   [   0% ] 1 VUs  0m07.0s/1m30s  0/1 shared iters

running (0m08.0s), 1/1 VUs, 0 complete and 0 interrupted iterations
r_config_defaults   [   0% ] 1 VUs  0m08.0s/1m30s  0/1 shared iters

running (0m09.0s), 1/1 VUs, 0 complete and 0 interrupted iterations
r_config_defaults   [   0% ] 1 VUs  0m09.0s/1m30s  0/1 shared iters

running (0m10.0s), 1/1 VUs, 0 complete and 0 interrupted iterations
r_config_defaults   [   0% ] 1 VUs  0m10.0s/1m30s  0/1 shared iters

running (0m11.0s), 1/1 VUs, 0 complete and 0 interrupted iterations
r_config_defaults   [   0% ] 1 VUs  0m11.0s/1m30s  0/1 shared iters

running (0m12.0s), 1/1 VUs, 0 complete and 0 interrupted iterations
r_config_defaults   [   0% ] 1 VUs  0m12.0s/1m30s  0/1 shared iters

running (0m13.0s), 1/1 VUs, 0 complete and 0 interrupted iterations
r_config_defaults   [   0% ] 1 VUs  0m13.0s/1m30s  0/1 shared iters

running (0m14.0s), 1/1 VUs, 0 complete and 0 interrupted iterations
r_config_defaults   [   0% ] 1 VUs  0m14.0s/1m30s  0/1 shared iters

running (0m15.0s), 1/1 VUs, 0 complete and 0 interrupted iterations
r_config_defaults   [   0% ] 1 VUs  0m15.0s/1m30s  0/1 shared iters

running (0m16.0s), 1/1 VUs, 0 complete and 0 interrupted iterations
r_config_defaults   [   0% ] 1 VUs  0m16.0s/1m30s  0/1 shared iters
time="2026-07-08T20:14:21-07:00" level=info msg="ℹ Ignoring harness prompt echo event" source=console

running (0m17.0s), 1/1 VUs, 0 complete and 0 interrupted iterations
r_config_defaults   [   0% ] 1 VUs  0m17.0s/1m30s  0/1 shared iters

running (0m18.0s), 1/1 VUs, 0 complete and 0 interrupted iterations
r_config_defaults   [   0% ] 1 VUs  0m18.0s/1m30s  0/1 shared iters

running (0m19.0s), 1/1 VUs, 0 complete and 0 interrupted iterations
r_config_defaults   [   0% ] 1 VUs  0m19.0s/1m30s  0/1 shared iters

running (0m20.0s), 1/1 VUs, 0 complete and 0 interrupted iterations
r_config_defaults   [   0% ] 1 VUs  0m20.0s/1m30s  0/1 shared iters

running (0m21.0s), 1/1 VUs, 0 complete and 0 interrupted iterations
r_config_defaults   [   0% ] 1 VUs  0m21.0s/1m30s  0/1 shared iters

running (0m22.0s), 1/1 VUs, 0 complete and 0 interrupted iterations
r_config_defaults   [   0% ] 1 VUs  0m22.0s/1m30s  0/1 shared iters
time="2026-07-08T20:14:27-07:00" level=error msg="✗ CONFIG-DEFAULTS-FAIL sentinel observed" source=console
time="2026-07-08T20:14:27-07:00" level=info msg="\n--- R-CONFIG-defaults EVIDENCE SUMMARY ---" source=console
time="2026-07-08T20:14:27-07:00" level=info msg="{\n  \"row\": \"R-CONFIG-defaults\",\n  \"manifest_loaded\": true,\n  \"nonce\": \"R-CONFIG-defaults-1783566845296-ovxizh7t\",\n  \"seat\": \"cael\",\n  \"requestedSessionKey\": \"main\",\n  \"sessionKey\": \"agent:main:r-config-defaults-r-config-defaults-1783566845296-ovxizh7t\",\n  \"session_created\": true,\n  \"created_session_key\": \"agent:main:r-config-defaults-r-config-defaults-1783566845296-ovxizh7t\",\n  \"candidateSha\": \"e08f696618da57e7267a2148578fa4ab0d8b0d01\",\n  \"started\": \"2026-07-09T03:14:05.296Z\",\n  \"dispatch_accepted\": true,\n  \"config_read\": false,\n  \"enabled\": null,\n  \"max_chain_length\": null,\n  \"max_delegates_per_turn\": null,\n  \"max_delegates_per_turn_observed\": false,\n  \"cost_cap_tokens\": null,\n  \"cost_cap_tokens_observed\": false,\n  \"trace_id\": null,\n  \"redacted_events\": [\n    {\n      \"ts\": 1783566845305,\n      \"kind\": \"event\",\n      \"method\": null,\n      \"event\": \"connect.challenge\",\n      \"ok\": null,\n      \"data\": null\n    },\n    {\n      \"ts\": 1783566845306,\n      \"kind\": \"other\",\n      \"method\": null,\n      \"event\": null,\n      \"ok\": null,\n      \"data\": null\n    },\n    {\n      \"ts\": 1783566845386,\n      \"kind\": \"event\",\n      \"method\": null,\n      \"event\": \"health\",\n      \"ok\": null,\n      \"data\": null\n    },\n    {\n      \"ts\": 1783566845735,\n      \"kind\": \"event\",\n      \"method\": null,\n      \"event\": \"task\",\n      \"ok\": null,\n      \"data\": null\n    },\n    {\n      \"ts\": 1783566845736,\n      \"kind\": \"event\",\n      \"method\": null,\n      \"event\": \"task\",\n      \"ok\": null,\n      \"data\": null\n    },\n    {\n      \"ts\": 1783566845771,\n      \"kind\": \"event\",\n      \"method\": null,\n      \"event\": \"task\",\n      \"ok\": null,\n      \"data\": null\n    },\n    {\n      \"ts\": 1783566845921,\n      \"kind\": \"event\",\n      \"method\": null,\n      \"event\": \"health\",\n      \"ok\": null,\n      \"data\": null\n    },\n    {\n      \"ts\": 1783566845940,\n      \"kind\": \"event\",\n      \"method\": null,\n      \"event\": \"agent\",\n      \"ok\": null,\n      \"data\": null\n    },\n    {\n      \"ts\": 1783566845968,\n      \"kind\": \"response\",\n      \"method\": \"sessions.create\",\n      \"event\": null,\n      \"ok\": true,\n      \"data\": {\n        \"ok\": true\n      }\n    },\n    {\n      \"ts\": 1783566845993,\n      \"kind\": \"response\",\n      \"method\": \"sessions.messages.subscribe\",\n      \"event\": null,\n      \"ok\": true,\n      \"data\": {}\n    },\n    {\n      \"ts\": 1783566846505,\n      \"kind\": \"response\",\n      \"method\": \"sessions.send\",\n      \"event\": null,\n      \"ok\": true,\n      \"data\": {\n        \"runId\": \"R-CONFIG-defaults-R-CONFIG-defaults-1783566845296-ovxizh7t\",\n        \"status\": \"started\"\n      }\n    },\n    {\n      \"ts\": 1783566846633,\n      \"kind\": \"event\",\n      \"method\": null,\n      \"event\": \"agent\",\n      \"ok\": null,\n      \"data\": null\n    },\n    {\n      \"ts\": 1783566849044,\n      \"kind\": \"event\",\n      \"method\": null,\n      \"event\": \"agent\",\n      \"ok\": null,\n      \"data\": null\n    },\n    {\n      \"ts\": 1783566849045,\n      \"kind\": \"event\",\n      \"method\": null,\n      \"event\": \"chat\",\n      \"ok\": null,\n      \"data\": null\n    },\n    {\n      \"ts\": 1783566849342,\n      \"kind\": \"event\",\n      \"method\": null,\n      \"event\": \"agent\",\n      \"ok\": null,\n      \"data\": null\n    },\n    {\n      \"ts\": 1783566849449,\n      \"kind\": \"event\",\n      \"method\": null,\n      \"event\": \"agent\",\n      \"ok\": null,\n      \"data\": null\n    },\n    {\n      \"ts\": 1783566849450,\n      \"kind\": \"event\",\n      \"method\": null,\n      \"event\": \"agent\",\n      \"ok\": null,\n      \"data\": null\n    },\n    {\n      \"ts\": 1783566849450,\n      \"kind\": \"event\",\n      \"method\": null,\n      \"event\": \"chat\",\n      \"ok\": null,\n      \"data\": null\n    },\n    {\n      \"ts\": 1783566849460,\n      \"kind\": \"event\",\n      \"method\": null,\n      \"event\": \"agent\",\n      \"ok\": null,\n      \"data\": null\n    },\n    {\n      \"ts\": 1783566849460,\n      \"kind\": \"event\",\n      \"method\": null,\n      \"event\": \"agent\",\n      \"ok\": null,\n      \"data\": null\n    },\n    {\n      \"ts\": 1783566849587,\n      \"kind\": \"event\",\n      \"method\": null,\n      \"event\": \"agent\",\n      \"ok\": null,\n      \"data\": null\n    },\n    {\n      \"ts\": 1783566849587,\n      \"kind\": \"event\",\n      \"method\": null,\n      \"event\": \"chat\",\n      \"ok\": null,\n      \"data\": null\n    },\n    {\n      \"ts\": 1783566849587,\n      \"kind\": \"event\",\n      \"method\": null,\n      \"event\": \"chat\",\n      \"ok\": null,\n      \"data\": null\n    },\n    {\n      \"ts\": 1783566850630,\n      \"kind\": \"event\",\n      \"method\": null,\n      \"event\": \"health\",\n      \"ok\": null,\n      \"data\": null\n    },\n    {\n      \"ts\": 1783566850639,\n      \"kind\": \"event\",\n      \"method\": null,\n      \"event\": \"presence\",\n      \"ok\": null,\n      \"data\": null\n    },\n    {\n      \"ts\": 1783566850669,\n      \"kind\": \"event\",\n      \"method\": null,\n      \"event\": \"agent\",\n      \"ok\": null,\n      \"data\": null\n    },\n    {\n      \"ts\": 1783566854725,\n      \"kind\": \"event\",\n      \"method\": null,\n      \"event\": \"agent\",\n      \"ok\": null,\n      \"data\": null\n    },\n    {\n      \"ts\": 1783566854725,\n      \"kind\": \"event\",\n      \"method\": null,\n      \"event\": \"chat\",\n      \"ok\": null,\n      \"data\": null\n    },\n    {\n      \"ts\": 1783566855062,\n      \"kind\": \"event\",\n      \"method\": null,\n      \"event\": \"agent\",\n      \"ok\": null,\n      \"data\": null\n    },\n    {\n      \"ts\": 1783566855121,\n      \"kind\": \"event\",\n      \"method\": null,\n      \"event\": \"task\",\n      \"ok\": null,\n      \"data\": null\n    },\n    {\n      \"ts\": 1783566855121,\n      \"kind\": \"event\",\n      \"method\": null,\n      \"event\": \"task\",\n      \"ok\": null,\n      \"data\": null\n    },\n    {\n      \"ts\": 1783566855123,\n      \"kind\": \"event\",\n      \"method\": null,\n      \"event\": \"agent\",\n      \"ok\": null,\n      \"data\": null\n    },\n    {\n      \"ts\": 1783566857747,\n      \"kind\": \"event\",\n      \"method\": null,\n      \"event\": \"agent\",\n      \"ok\": null,\n      \"data\": null\n    },\n    {\n      \"ts\": 1783566858031,\n      \"kind\": \"event\",\n      \"method\": null,\n      \"event\": \"health\",\n      \"ok\": null,\n      \"data\": null\n    },\n    {\n      \"ts\": 1783566858053,\n      \"kind\": \"event\",\n      \"method\": null,\n      \"event\": \"task\",\n      \"ok\": null,\n      \"data\": null\n    },\n    {\n      \"ts\": 1783566858053,\n      \"kind\": \"event\",\n      \"method\": null,\n      \"event\": \"task\",\n      \"ok\": null,\n      \"data\": null\n    },\n    {\n      \"ts\": 1783566858053,\n      \"kind\": \"event\",\n      \"method\": null,\n      \"event\": \"agent\",\n      \"ok\": null,\n      \"data\": null\n    },\n    {\n      \"ts\": 1783566858053,\n      \"kind\": \"event\",\n      \"method\": null,\n      \"event\": \"chat\",\n      \"ok\": null,\n      \"data\": null\n    },\n    {\n      \"ts\": 1783566858054,\n      \"kind\": \"event\",\n      \"method\": null,\n      \"event\": \"task\",\n      \"ok\": null,\n      \"data\": null\n    },\n    {\n      \"ts\": 1783566858054,\n      \"kind\": \"event\",\n      \"method\": null,\n      \"event\": \"task\",\n      \"ok\": null,\n      \"data\": null\n    },\n    {\n      \"ts\": 1783566858055,\n      \"kind\": \"event\",\n      \"method\": null,\n      \"event\": \"task\",\n      \"ok\": null,\n      \"data\": null\n    },\n    {\n      \"ts\": 1783566858055,\n      \"kind\": \"event\",\n      \"method\": null,\n      \"event\": \"task\",\n      \"ok\": null,\n      \"data\": null\n    },\n    {\n      \"ts\": 1783566858055,\n      \"kind\": \"event\",\n      \"method\": null,\n      \"event\": \"task\",\n      \"ok\": null,\n      \"data\": null\n    },\n    {\n      \"ts\": 1783566858055,\n      \"kind\": \"event\",\n      \"method\": null,\n      \"event\": \"task\",\n      \"ok\": null,\n      \"data\": null\n    },\n    {\n      \"ts\": 1783566858056,\n      \"kind\": \"event\",\n      \"method\": null,\n      \"event\": \"task\",\n      \"ok\": null,\n      \"data\": null\n    },\n    {\n      \"ts\": 1783566858056,\n      \"kind\": \"event\",\n      \"method\": null,\n      \"event\": \"task\",\n      \"ok\": null,\n      \"data\": null\n    },\n    {\n      \"ts\": 1783566858057,\n      \"kind\": \"event\",\n      \"method\": null,\n      \"event\": \"task\",\n      \"ok\": null,\n      \"data\": null\n    },\n    {\n      \"ts\": 1783566858057,\n      \"kind\": \"event\",\n      \"method\": null,\n      \"event\": \"task\",\n      \"ok\": null,\n      \"data\": null\n    },\n    {\n      \"ts\": 1783566858058,\n      \"kind\": \"event\",\n      \"method\": null,\n      \"event\": \"task\",\n      \"ok\": null,\n      \"data\": null\n    },\n    {\n      \"ts\": 1783566858058,\n      \"kind\": \"event\",\n      \"method\": null,\n      \"event\": \"task\",\n      \"ok\": null,\n      \"data\": null\n    },\n    {\n      \"ts\": 1783566858058,\n      \"kind\": \"event\",\n      \"method\": null,\n      \"event\": \"task\",\n      \"ok\": null,\n      \"data\": null\n    },\n    {\n      \"ts\": 1783566858058,\n      \"kind\": \"event\",\n      \"method\": null,\n      \"event\": \"task\",\n      \"ok\": null,\n      \"data\": null\n    },\n    {\n      \"ts\": 1783566858059,\n      \"kind\": \"event\",\n      \"method\": null,\n      \"event\": \"task\",\n      \"ok\": null,\n      \"data\": null\n    },\n    {\n      \"ts\": 1783566858059,\n      \"kind\": \"event\",\n      \"method\": null,\n      \"event\": \"task\",\n      \"ok\": null,\n      \"data\": null\n    },\n    {\n      \"ts\": 1783566858060,\n      \"kind\": \"event\",\n      \"method\": null,\n      \"event\": \"task\",\n      \"ok\": null,\n      \"data\": null\n    },\n    {\n      \"ts\": 1783566858060,\n      \"kind\": \"event\",\n      \"method\": null,\n      \"event\": \"task\",\n      \"ok\": null,\n      \"data\": null\n    },\n    {\n      \"ts\": 1783566858061,\n      \"kind\": \"event\",\n      \"method\": null,\n      \"event\": \"task\",\n      \"ok\": null,\n      \"data\": null\n    },\n    {\n      \"ts\": 1783566858061,\n      \"kind\": \"event\",\n      \"method\": null,\n      \"event\": \"task\",\n      \"ok\": null,\n      \"data\": null\n    },\n    {\n      \"ts\": 1783566858061,\n      \"kind\": \"event\",\n      \"method\": null,\n      \"event\": \"task\",\n      \"ok\": null,\n      \"data\": null\n    },\n    {\n      \"ts\": 1783566858062,\n      \"kind\": \"event\",\n      \"method\": null,\n      \"event\": \"task\",\n      \"ok\": null,\n      \"data\": null\n    },\n    {\n      \"ts\": 1783566858062,\n      \"kind\": \"event\",\n      \"method\": null,\n      \"event\": \"task\",\n      \"ok\": null,\n      \"data\": null\n    },\n    {\n      \"ts\": 1783566858062,\n      \"kind\": \"event\",\n      \"method\": null,\n      \"event\": \"task\",\n      \"ok\": null,\n      \"data\": null\n    },\n    {\n      \"ts\": 1783566858063,\n      \"kind\": \"event\",\n      \"method\": null,\n      \"event\": \"task\",\n      \"ok\": null,\n      \"data\": null\n    },\n    {\n      \"ts\": 1783566858063,\n      \"kind\": \"event\",\n      \"method\": null,\n      \"event\": \"task\",\n      \"ok\": null,\n      \"data\": null\n    },\n    {\n      \"ts\": 1783566858064,\n      \"kind\": \"event\",\n      \"method\": null,\n      \"event\": \"task\",\n      \"ok\": null,\n      \"data\": null\n    },\n    {\n      \"ts\": 1783566858064,\n      \"kind\": \"event\",\n      \"method\": null,\n      \"event\": \"task\",\n      \"ok\": null,\n      \"data\": null\n    },\n    {\n      \"ts\": 1783566858064,\n      \"kind\": \"event\",\n      \"method\": null,\n      \"event\": \"task\",\n      \"ok\": null,\n      \"data\": null\n    },\n    {\n      \"ts\": 1783566858065,\n      \"kind\": \"event\",\n      \"method\": null,\n      \"event\": \"task\",\n      \"ok\": null,\n      \"data\": null\n    },\n    {\n      \"ts\": 1783566858065,\n      \"kind\": \"event\",\n      \"method\": null,\n      \"event\": \"task\",\n      \"ok\": null,\n      \"data\": null\n    },\n    {\n      \"ts\": 1783566858065,\n      \"kind\": \"event\",\n      \"method\": null,\n      \"event\": \"task\",\n      \"ok\": null,\n      \"data\": null\n    },\n    {\n      \"ts\": 1783566858066,\n      \"kind\": \"event\",\n      \"method\": null,\n      \"event\": \"task\",\n      \"ok\": null,\n      \"data\": null\n    },\n    {\n      \"ts\": 1783566858066,\n      \"kind\": \"event\",\n      \"method\": null,\n      \"event\": \"task\",\n      \"ok\": null,\n      \"data\": null\n    },\n    {\n      \"ts\": 1783566858067,\n      \"kind\": \"event\",\n      \"method\": null,\n      \"event\": \"task\",\n      \"ok\": null,\n      \"data\": null\n    },\n    {\n      \"ts\": 1783566858067,\n      \"kind\": \"event\",\n      \"method\": null,\n      \"event\": \"task\",\n      \"ok\": null,\n      \"data\": null\n    },\n    {\n      \"ts\": 1783566858068,\n      \"kind\": \"event\",\n      \"method\": null,\n      \"event\": \"task\",\n      \"ok\": null,\n      \"data\": null\n    },\n    {\n      \"ts\": 1783566858068,\n      \"kind\": \"event\",\n      \"method\": null,\n      \"event\": \"task\",\n      \"ok\": null,\n      \"data\": null\n    },\n    {\n      \"ts\": 1783566858068,\n      \"kind\": \"event\",\n      \"method\": null,\n      \"event\": \"task\",\n      \"ok\": null,\n      \"data\": null\n    },\n    {\n      \"ts\": 1783566858068,\n      \"kind\": \"event\",\n      \"method\": null,\n      \"event\": \"task\",\n      \"ok\": null,\n      \"data\": null\n    },\n    {\n      \"ts\": 1783566858069,\n      \"kind\": \"event\",\n      \"method\": null,\n      \"event\": \"task\",\n      \"ok\": null,\n      \"data\": null\n    },\n    {\n      \"ts\": 1783566858070,\n      \"kind\": \"event\",\n      \"method\": null,\n      \"event\": \"task\",\n      \"ok\": null,\n      \"data\": null\n    },\n    {\n      \"ts\": 1783566858074,\n      \"kind\": \"event\",\n      \"method\": null,\n      \"event\": \"task\",\n      \"ok\": null,\n      \"data\": null\n    },\n    {\n      \"ts\": 1783566858075,\n      \"kind\": \"event\",\n      \"method\": null,\n      \"event\": \"task\",\n      \"ok\": null,\n      \"data\": null\n    },\n    {\n      \"ts\": 1783566858244,\n      \"kind\": \"event\",\n      \"method\": null,\n      \"event\": \"tick\",\n      \"ok\": null,\n      \"data\": null\n    },\n    {\n      \"ts\": 1783566858586,\n      \"kind\": \"event\",\n      \"method\": null,\n      \"event\": \"task\",\n      \"ok\": null,\n      \"data\": null\n    },\n    {\n      \"ts\": 1783566858586,\n      \"kind\": \"event\",\n      \"method\": null,\n      \"event\": \"task\",\n      \"ok\": null,\n      \"data\": null\n    },\n    {\n      \"ts\": 1783566858586,\n      \"kind\": \"event\",\n      \"method\": null,\n      \"event\": \"agent\",\n      \"ok\": null,\n      \"data\": null\n    },\n    {\n      \"ts\": 1783566858586,\n      \"kind\": \"event\",\n      \"method\": null,\n      \"event\": \"agent\",\n      \"ok\": null,\n      \"data\": null\n    },\n    {\n      \"ts\": 1783566858587,\n      \"kind\": \"event\",\n      \"method\": null,\n      \"event\": \"chat\",\n      \"ok\": null,\n      \"data\": null\n    },\n    {\n      \"ts\": 1783566858625,\n      \"kind\": \"event\",\n      \"method\": null,\n      \"event\": \"task\",\n      \"ok\": null,\n      \"data\": null\n    },\n    {\n      \"ts\": 1783566858625,\n      \"kind\": \"event\",\n      \"method\": null,\n      \"event\": \"task\",\n      \"ok\": null,\n      \"data\": null\n    },\n    {\n      \"ts\": 1783566858626,\n      \"kind\": \"event\",\n      \"method\": null,\n      \"event\": \"agent\",\n      \"ok\": null,\n      \"data\": null\n    },\n    {\n      \"ts\": 1783566859280,\n      \"kind\": \"event\",\n      \"method\": null,\n      \"event\": \"health\",\n      \"ok\": null,\n      \"data\": null\n    },\n    {\n      \"ts\": 1783566859326,\n      \"kind\": \"event\",\n      \"method\": null,\n      \"event\": \"presence\",\n      \"ok\": null,\n      \"data\": null\n    },\n    {\n      \"ts\": 1783566859554,\n      \"kind\": \"event\",\n      \"method\": null,\n      \"event\": \"agent\",\n      \"ok\": null,\n      \"data\": null\n    },\n    {\n      \"ts\": 1783566859577,\n      \"kind\": \"event\",\n      \"method\": null,\n      \"event\": \"task\",\n      \"ok\": null,\n      \"data\": null\n    },\n    {\n      \"ts\": 1783566859577,\n      \"kind\": \"event\",\n      \"method\": null,\n      \"event\": \"task\",\n      \"ok\": null,\n      \"data\": null\n    },\n    {\n      \"ts\": 1783566859610,\n      \"kind\": \"event\",\n      \"method\": null,\n      \"event\": \"agent\",\n      \"ok\": null,\n      \"data\": null\n    },\n    {\n      \"ts\": 1783566859610,\n      \"kind\": \"event\",\n      \"method\": null,\n      \"event\": \"chat\",\n      \"ok\": null,\n      \"data\": null\n    },\n    {\n      \"ts\": 1783566859615,\n      \"kind\": \"event\",\n      \"method\": null,\n      \"event\": \"task\",\n      \"ok\": null,\n      \"data\": null\n    },\n    {\n      \"ts\": 1783566859661,\n      \"kind\": \"event\",\n      \"method\": null,\n      \"event\": \"presence\",\n      \"ok\": null,\n      \"data\": null\n    },\n    {\n      \"ts\": 1783566859766,\n      \"kind\": \"event\",\n      \"method\": null,\n      \"event\": \"health\",\n      \"ok\": null,\n      \"data\": null\n    },\n    {\n      \"ts\": 1783566859781,\n      \"kind\": \"event\",\n      \"method\": null,\n      \"event\": \"presence\",\n      \"ok\": null,\n      \"data\": null\n    },\n    {\n      \"ts\": 1783566859809,\n      \"kind\": \"event\",\n      \"method\": null,\n      \"event\": \"task\",\n      \"ok\": null,\n      \"data\": null\n    },\n    {\n      \"ts\": 1783566859843,\n      \"kind\": \"event\",\n      \"method\": null,\n      \"event\": \"task\",\n      \"ok\": null,\n      \"data\": null\n    },\n    {\n      \"ts\": 1783566861735,\n      \"kind\": \"event\",\n      \"method\": null,\n      \"event\": \"agent\",\n      \"ok\": null,\n      \"data\": null\n    },\n    {\n      \"ts\": 1783566861735,\n      \"kind\": \"event\",\n      \"method\": null,\n      \"event\": \"chat\",\n      \"ok\": null,\n      \"data\": null\n    },\n    {\n      \"ts\": 1783566861929,\n      \"kind\": \"event\",\n      \"method\": null,\n      \"event\": \"agent\",\n      \"ok\": null,\n      \"data\": null\n    },\n    {\n      \"ts\": 1783566861968,\n      \"kind\": \"event\",\n      \"method\": null,\n      \"event\": \"session.message\",\n      \"ok\": null,\n      \"data\": null\n    },\n    {\n      \"ts\": 1783566862061,\n      \"kind\": \"event\",\n      \"method\": null,\n      \"event\": \"agent\",\n      \"ok\": null,\n      \"data\": null\n    },\n    {\n      \"ts\": 1783566864781,\n      \"kind\": \"event\",\n      \"method\": null,\n      \"event\": \"agent\",\n      \"ok\": null,\n      \"data\": null\n    },\n    {\n      \"ts\": 1783566865445,\n      \"kind\": \"event\",\n      \"method\": null,\n      \"event\": \"task\",\n      \"ok\": null,\n      \"data\": null\n    },\n    {\n      \"ts\": 1783566865457,\n      \"kind\": \"event\",\n      \"method\": null,\n      \"event\": \"task\",\n      \"ok\": null,\n      \"data\": null\n    },\n    {\n      \"ts\": 1783566865499,\n      \"kind\": \"event\",\n      \"method\": null,\n      \"event\": \"task\",\n      \"ok\": null,\n      \"data\": null\n    },\n    {\n      \"ts\": 1783566865664,\n      \"kind\": \"event\",\n      \"method\": null,\n      \"event\": \"health\",\n      \"ok\": null,\n      \"data\": null\n    },\n    {\n      \"ts\": 1783566866175,\n      \"kind\": \"event\",\n      \"method\": null,\n      \"event\": \"health\",\n      \"ok\": null,\n      \"data\": null\n    },\n    {\n      \"ts\": 1783566866252,\n      \"kind\": \"event\",\n      \"method\": null,\n      \"event\": \"presence\",\n      \"ok\": null,\n      \"data\": null\n    },\n    {\n      \"ts\": 1783566866544,\n      \"kind\": \"event\",\n      \"method\": null,\n      \"event\": \"agent\",\n      \"ok\": null,\n      \"data\": null\n    },\n    {\n      \"ts\": 1783566867424,\n      \"kind\": \"event\",\n      \"method\": null,\n      \"event\": \"agent\",\n      \"ok\": null,\n      \"data\": null\n    },\n    {\n      \"ts\": 1783566867424,\n      \"kind\": \"event\",\n      \"method\": null,\n      \"event\": \"chat\",\n      \"ok\": null,\n      \"data\": null\n    },\n    {\n      \"ts\": 1783566867573,\n      \"kind\": \"event\",\n      \"method\": null,\n      \"event\": \"session.message\",\n      \"ok\": null,\n      \"data\": null\n    }\n  ],\n  \"ended\": \"2026-07-09T03:14:27.573Z\",\n  \"duration_ms\": 22277\n}" source=console
time="2026-07-08T20:14:27-07:00" level=info msg="--- END EVIDENCE ---" source=console
time="2026-07-08T20:14:27-07:00" level=info msg="\n[R-CONFIG-defaults] VERDICT: PARTIAL-candidate" source=console

[R-CONFIG-defaults] Summary: PARTIAL-candidate | SHA: e08f696618da57e7267a2148578fa4ab0d8b0d01 | Seat: cael

running (0m22.3s), 0/1 VUs, 1 complete and 0 interrupted iterations
r_config_defaults ✓ [ 100% ] 1 VUs  0m22.3s/1m30s  1/1 shared iters
time="2026-07-08T20:14:27-07:00" level=error msg="thresholds on metrics 'proof_failures' have been crossed"
./r-config-defaults-summary.json
[R-CONFIG-DEFAULTS] METRICS: /tmp/p81-cael-live-resume2-20260709T031258Z/out/e08f696618da57e7267a2148578fa4ab0d8b0d01/R-CONFIG-DEFAULTS/cael/20260709T031405Z-r-config-defaults/openclaw-proofs-k6.prom
[R-CONFIG-DEFAULTS] ARTIFACTS: /tmp/p81-cael-live-resume2-20260709T031258Z/out/e08f696618da57e7267a2148578fa4ab0d8b0d01/R-CONFIG-DEFAULTS/cael/20260709T031405Z-r-config-defaults
[R-CONFIG-DEFAULTS] FAILED with k6 exit code 99. Artifacts preserved.
